{
  "type": "FeatureCollection",
  "name": "valvole",
  "crs": {
    "type": "name",
    "properties": {
      "name": "urn:ogc:def:crs:EPSG::32632"
    }
  },
  "features": [
    {
      "type": "Feature",
      "properties": {
        "stato": "CHIUSA",
        "tipologia": "Valvola a 2 vie",
        "id": null,
        "comune": "Pozzolo Formigaro",
        "distretto": null
      },
      "geometry": {
        "type": "Point",
        "coordinates": [
          8.78090069711911,
          44.79143794643715
        ]
      }
    },
    {
      "type": "Feature",
      "properties": {
        "stato": "APERTA",
        "tipologia": "Valvola a 2 vie",
        "id": 378,
        "comune": "Pozzolo Formigaro",
        "distretto": "DNL03"
      },
      "geometry": {
        "type": "Point",
        "coordinates": [
          8.828912286984044,
          44.802525987095486
        ]
      }
    },
    {
      "type": "Feature",
      "properties": {
        "stato": "APERTA",
        "tipologia": "Valvola a 2 vie",
        "id": 379,
        "comune": "Pozzolo Formigaro",
        "distretto": "DNL03"
      },
      "geometry": {
        "type": "Point",
        "coordinates": [
          8.823580887696348,
          44.80178500017413
        ]
      }
    },
    {
      "type": "Feature",
      "properties": {
        "stato": "APERTA",
        "tipologia": "Valvola a 2 vie",
        "id": 380,
        "comune": "Pozzolo Formigaro",
        "distretto": null
      },
      "geometry": {
        "type": "Point",
        "coordinates": [
          8.817184101965076,
          44.80095879924331
        ]
      }
    },
    {
      "type": "Feature",
      "properties": {
        "stato": "APERTA",
        "tipologia": "Valvola a 2 vie",
        "id": 381,
        "comune": "Pozzolo Formigaro",
        "distretto": "DNL03"
      },
      "geometry": {
        "type": "Point",
        "coordinates": [
          8.823495434340627,
          44.80177267952906
        ]
      }
    },
    {
      "type": "Feature",
      "properties": {
        "stato": "APERTA",
        "tipologia": "Valvola a 2 vie",
        "id": 382,
        "comune": "Pozzolo Formigaro",
        "distretto": null
      },
      "geometry": {
        "type": "Point",
        "coordinates": [
          8.817142271338374,
          44.80094092255338
        ]
      }
    },
    {
      "type": "Feature",
      "properties": {
        "stato": "APERTA",
        "tipologia": "Valvola a 2 vie",
        "id": 383,
        "comune": "Pozzolo Formigaro",
        "distretto": null
      },
      "geometry": {
        "type": "Point",
        "coordinates": [
          8.817157056988957,
          44.80099138659424
        ]
      }
    },
    {
      "type": "Feature",
      "properties": {
        "stato": "APERTA",
        "tipologia": "Valvola a 2 vie",
        "id": 408,
        "comune": "Pozzolo Formigaro",
        "distretto": "DNL03"
      },
      "geometry": {
        "type": "Point",
        "coordinates": [
          8.813608347910886,
          44.788721274223306
        ]
      }
    },
    {
      "type": "Feature",
      "properties": {
        "stato": "APERTA",
        "tipologia": "Valvola a 2 vie",
        "id": 1490,
        "comune": "Pozzolo Formigaro",
        "distretto": null
      },
      "geometry": {
        "type": "Point",
        "coordinates": [
          8.78445853304274,
          44.79134760369482
        ]
      }
    },
    {
      "type": "Feature",
      "properties": {
        "stato": "APERTA",
        "tipologia": "Valvola a 2 vie",
        "id": 1491,
        "comune": "Pozzolo Formigaro",
        "distretto": null
      },
      "geometry": {
        "type": "Point",
        "coordinates": [
          8.786036624069428,
          44.793019495551135
        ]
      }
    },
    {
      "type": "Feature",
      "properties": {
        "stato": "APERTA",
        "tipologia": "Valvola a 2 vie",
        "id": 1492,
        "comune": "Pozzolo Formigaro",
        "distretto": null
      },
      "geometry": {
        "type": "Point",
        "coordinates": [
          8.786111324012825,
          44.79305378575231
        ]
      }
    },
    {
      "type": "Feature",
      "properties": {
        "stato": "APERTA",
        "tipologia": "Valvola a 2 vie",
        "id": 1493,
        "comune": "Pozzolo Formigaro",
        "distretto": null
      },
      "geometry": {
        "type": "Point",
        "coordinates": [
          8.785239866580472,
          44.79204672485803
        ]
      }
    },
    {
      "type": "Feature",
      "properties": {
        "stato": "APERTA",
        "tipologia": "Valvola a 2 vie",
        "id": 1494,
        "comune": "Pozzolo Formigaro",
        "distretto": null
      },
      "geometry": {
        "type": "Point",
        "coordinates": [
          8.784797868240656,
          44.79246768428498
        ]
      }
    },
    {
      "type": "Feature",
      "properties": {
        "stato": "APERTA",
        "tipologia": "Valvola a 2 vie",
        "id": 1495,
        "comune": "Pozzolo Formigaro",
        "distretto": null
      },
      "geometry": {
        "type": "Point",
        "coordinates": [
          8.783977917613933,
          44.791566098481006
        ]
      }
    },
    {
      "type": "Feature",
      "properties": {
        "stato": "APERTA",
        "tipologia": "Valvola a 2 vie",
        "id": 1496,
        "comune": "Pozzolo Formigaro",
        "distretto": null
      },
      "geometry": {
        "type": "Point",
        "coordinates": [
          8.78382544618407,
          44.791614867398735
        ]
      }
    },
    {
      "type": "Feature",
      "properties": {
        "stato": "APERTA",
        "tipologia": "Valvola a 2 vie",
        "id": 1497,
        "comune": "Pozzolo Formigaro",
        "distretto": null
      },
      "geometry": {
        "type": "Point",
        "coordinates": [
          8.783804811242021,
          44.791606049642006
        ]
      }
    },
    {
      "type": "Feature",
      "properties": {
        "stato": "APERTA",
        "tipologia": "Valvola a 2 vie",
        "id": 1498,
        "comune": "Pozzolo Formigaro",
        "distretto": null
      },
      "geometry": {
        "type": "Point",
        "coordinates": [
          8.782897133902626,
          44.79256886542998
        ]
      }
    },
    {
      "type": "Feature",
      "properties": {
        "stato": "APERTA",
        "tipologia": "Valvola a 2 vie",
        "id": 1499,
        "comune": "Pozzolo Formigaro",
        "distretto": null
      },
      "geometry": {
        "type": "Point",
        "coordinates": [
          8.784121065631348,
          44.79199052612906
        ]
      }
    },
    {
      "type": "Feature",
      "properties": {
        "stato": "APERTA",
        "tipologia": "Valvola a 2 vie",
        "id": 1500,
        "comune": "Pozzolo Formigaro",
        "distretto": null
      },
      "geometry": {
        "type": "Point",
        "coordinates": [
          8.783660813705087,
          44.79312121509282
        ]
      }
    },
    {
      "type": "Feature",
      "properties": {
        "stato": "APERTA",
        "tipologia": "Valvola a 2 vie",
        "id": 1501,
        "comune": "Pozzolo Formigaro",
        "distretto": null
      },
      "geometry": {
        "type": "Point",
        "coordinates": [
          8.784180324881552,
          44.793740103283284
        ]
      }
    },
    {
      "type": "Feature",
      "properties": {
        "stato": "APERTA",
        "tipologia": "Valvola a 2 vie",
        "id": 1502,
        "comune": "Pozzolo Formigaro",
        "distretto": null
      },
      "geometry": {
        "type": "Point",
        "coordinates": [
          8.782942452990529,
          44.79260268929984
        ]
      }
    },
    {
      "type": "Feature",
      "properties": {
        "stato": "APERTA",
        "tipologia": "Valvola a 2 vie",
        "id": 1503,
        "comune": "Pozzolo Formigaro",
        "distretto": null
      },
      "geometry": {
        "type": "Point",
        "coordinates": [
          8.782904331455748,
          44.792642167784855
        ]
      }
    },
    {
      "type": "Feature",
      "properties": {
        "stato": "APERTA",
        "tipologia": "Valvola a 2 vie",
        "id": 1504,
        "comune": "Pozzolo Formigaro",
        "distretto": null
      },
      "geometry": {
        "type": "Point",
        "coordinates": [
          8.78281611693378,
          44.79270744919164
        ]
      }
    },
    {
      "type": "Feature",
      "properties": {
        "stato": "APERTA",
        "tipologia": "Valvola a 2 vie",
        "id": 1505,
        "comune": "Pozzolo Formigaro",
        "distretto": null
      },
      "geometry": {
        "type": "Point",
        "coordinates": [
          8.78252401044323,
          44.792317253053454
        ]
      }
    },
    {
      "type": "Feature",
      "properties": {
        "stato": "APERTA",
        "tipologia": "Valvola a 2 vie",
        "id": 1506,
        "comune": "Pozzolo Formigaro",
        "distretto": null
      },
      "geometry": {
        "type": "Point",
        "coordinates": [
          8.781552786192881,
          44.79256504659426
        ]
      }
    },
    {
      "type": "Feature",
      "properties": {
        "stato": "APERTA",
        "tipologia": "Valvola a 2 vie",
        "id": 1507,
        "comune": "Pozzolo Formigaro",
        "distretto": null
      },
      "geometry": {
        "type": "Point",
        "coordinates": [
          8.781030063877827,
          44.7926553655085
        ]
      }
    },
    {
      "type": "Feature",
      "properties": {
        "stato": "APERTA",
        "tipologia": "Valvola a 2 vie",
        "id": 1508,
        "comune": "Pozzolo Formigaro",
        "distretto": null
      },
      "geometry": {
        "type": "Point",
        "coordinates": [
          8.780986978650485,
          44.792656081410016
        ]
      }
    },
    {
      "type": "Feature",
      "properties": {
        "stato": "APERTA",
        "tipologia": "Valvola a 2 vie",
        "id": 1509,
        "comune": "Pozzolo Formigaro",
        "distretto": null
      },
      "geometry": {
        "type": "Point",
        "coordinates": [
          8.781017060179426,
          44.793110243563184
        ]
      }
    },
    {
      "type": "Feature",
      "properties": {
        "stato": "APERTA",
        "tipologia": "Valvola a 2 vie",
        "id": 1510,
        "comune": "Pozzolo Formigaro",
        "distretto": null
      },
      "geometry": {
        "type": "Point",
        "coordinates": [
          8.781098366698387,
          44.79347187505276
        ]
      }
    },
    {
      "type": "Feature",
      "properties": {
        "stato": "APERTA",
        "tipologia": "Valvola a 2 vie",
        "id": 1511,
        "comune": "Pozzolo Formigaro",
        "distretto": null
      },
      "geometry": {
        "type": "Point",
        "coordinates": [
          8.782477303386681,
          44.795393591669196
        ]
      }
    },
    {
      "type": "Feature",
      "properties": {
        "stato": "APERTA",
        "tipologia": "Valvola a 2 vie",
        "id": 1512,
        "comune": "Pozzolo Formigaro",
        "distretto": null
      },
      "geometry": {
        "type": "Point",
        "coordinates": [
          8.782462131409595,
          44.795439607769985
        ]
      }
    },
    {
      "type": "Feature",
      "properties": {
        "stato": "APERTA",
        "tipologia": "Valvola a 2 vie",
        "id": 1513,
        "comune": "Pozzolo Formigaro",
        "distretto": null
      },
      "geometry": {
        "type": "Point",
        "coordinates": [
          8.781660290019401,
          44.79613100073273
        ]
      }
    },
    {
      "type": "Feature",
      "properties": {
        "stato": "APERTA",
        "tipologia": "Valvola a 2 vie",
        "id": 1514,
        "comune": "Pozzolo Formigaro",
        "distretto": null
      },
      "geometry": {
        "type": "Point",
        "coordinates": [
          8.784015699691158,
          44.79434777253144
        ]
      }
    },
    {
      "type": "Feature",
      "properties": {
        "stato": "APERTA",
        "tipologia": "Valvola a 2 vie",
        "id": 1515,
        "comune": "Pozzolo Formigaro",
        "distretto": null
      },
      "geometry": {
        "type": "Point",
        "coordinates": [
          8.78350378060525,
          44.794625470272074
        ]
      }
    },
    {
      "type": "Feature",
      "properties": {
        "stato": "APERTA",
        "tipologia": "Valvola a 2 vie",
        "id": 1516,
        "comune": "Pozzolo Formigaro",
        "distretto": null
      },
      "geometry": {
        "type": "Point",
        "coordinates": [
          8.782506074574407,
          44.79544771160513
        ]
      }
    },
    {
      "type": "Feature",
      "properties": {
        "stato": "APERTA",
        "tipologia": "Valvola a 2 vie",
        "id": 1517,
        "comune": "Pozzolo Formigaro",
        "distretto": null
      },
      "geometry": {
        "type": "Point",
        "coordinates": [
          8.782719466974614,
          44.791751202097615
        ]
      }
    },
    {
      "type": "Feature",
      "properties": {
        "stato": "APERTA",
        "tipologia": "Valvola a 2 vie",
        "id": 1518,
        "comune": "Pozzolo Formigaro",
        "distretto": null
      },
      "geometry": {
        "type": "Point",
        "coordinates": [
          8.782790625461406,
          44.7917068973641
        ]
      }
    },
    {
      "type": "Feature",
      "properties": {
        "stato": "APERTA",
        "tipologia": "Valvola a 2 vie",
        "id": 1519,
        "comune": "Pozzolo Formigaro",
        "distretto": null
      },
      "geometry": {
        "type": "Point",
        "coordinates": [
          8.783266404112373,
          44.79159697960764
        ]
      }
    },
    {
      "type": "Feature",
      "properties": {
        "stato": "APERTA",
        "tipologia": "Valvola a 2 vie",
        "id": 1520,
        "comune": "Pozzolo Formigaro",
        "distretto": null
      },
      "geometry": {
        "type": "Point",
        "coordinates": [
          8.784449372858841,
          44.7912963203545
        ]
      }
    },
    {
      "type": "Feature",
      "properties": {
        "stato": "APERTA",
        "tipologia": "Valvola a 2 vie",
        "id": 1521,
        "comune": "Pozzolo Formigaro",
        "distretto": null
      },
      "geometry": {
        "type": "Point",
        "coordinates": [
          8.783131849821016,
          44.790546533342386
        ]
      }
    },
    {
      "type": "Feature",
      "properties": {
        "stato": "APERTA",
        "tipologia": "Valvola a 2 vie",
        "id": 1522,
        "comune": "Pozzolo Formigaro",
        "distretto": null
      },
      "geometry": {
        "type": "Point",
        "coordinates": [
          8.782980042182723,
          44.79050822317706
        ]
      }
    },
    {
      "type": "Feature",
      "properties": {
        "stato": "APERTA",
        "tipologia": "Valvola a 2 vie",
        "id": 1523,
        "comune": "Pozzolo Formigaro",
        "distretto": null
      },
      "geometry": {
        "type": "Point",
        "coordinates": [
          8.780971938026612,
          44.79142295603035
        ]
      }
    },
    {
      "type": "Feature",
      "properties": {
        "stato": "APERTA",
        "tipologia": "Valvola a 2 vie",
        "id": 1525,
        "comune": "Pozzolo Formigaro",
        "distretto": null
      },
      "geometry": {
        "type": "Point",
        "coordinates": [
          8.783202090973395,
          44.790503637058656
        ]
      }
    },
    {
      "type": "Feature",
      "properties": {
        "stato": "APERTA",
        "tipologia": "Valvola a 2 vie",
        "id": 1527,
        "comune": "Pozzolo Formigaro",
        "distretto": null
      },
      "geometry": {
        "type": "Point",
        "coordinates": [
          8.783702096800562,
          44.789788406552724
        ]
      }
    },
    {
      "type": "Feature",
      "properties": {
        "stato": "APERTA",
        "tipologia": "Valvola a 2 vie",
        "id": 1528,
        "comune": "Pozzolo Formigaro",
        "distretto": null
      },
      "geometry": {
        "type": "Point",
        "coordinates": [
          8.782860176806542,
          44.794140860141844
        ]
      }
    },
    {
      "type": "Feature",
      "properties": {
        "stato": "APERTA",
        "tipologia": "Valvola a 2 vie",
        "id": 1529,
        "comune": "Pozzolo Formigaro",
        "distretto": null
      },
      "geometry": {
        "type": "Point",
        "coordinates": [
          8.784444517816773,
          44.79365362920946
        ]
      }
    },
    {
      "type": "Feature",
      "properties": {
        "stato": "APERTA",
        "tipologia": "Valvola a 2 vie",
        "id": 1530,
        "comune": "Pozzolo Formigaro",
        "distretto": null
      },
      "geometry": {
        "type": "Point",
        "coordinates": [
          8.784435843871021,
          44.79517299628137
        ]
      }
    },
    {
      "type": "Feature",
      "properties": {
        "stato": "APERTA",
        "tipologia": "Valvola a 2 vie",
        "id": 1531,
        "comune": "Pozzolo Formigaro",
        "distretto": null
      },
      "geometry": {
        "type": "Point",
        "coordinates": [
          8.784643028458577,
          44.7955921644594
        ]
      }
    },
    {
      "type": "Feature",
      "properties": {
        "stato": "APERTA",
        "tipologia": "Valvola a 2 vie",
        "id": 1532,
        "comune": "Pozzolo Formigaro",
        "distretto": null
      },
      "geometry": {
        "type": "Point",
        "coordinates": [
          8.784828999860421,
          44.795896808271465
        ]
      }
    },
    {
      "type": "Feature",
      "properties": {
        "stato": "APERTA",
        "tipologia": "Valvola a 2 vie",
        "id": 1533,
        "comune": "Pozzolo Formigaro",
        "distretto": null
      },
      "geometry": {
        "type": "Point",
        "coordinates": [
          8.78495215671263,
          44.79609989618673
        ]
      }
    },
    {
      "type": "Feature",
      "properties": {
        "stato": "APERTA",
        "tipologia": "Valvola a 2 vie",
        "id": 1534,
        "comune": "Pozzolo Formigaro",
        "distretto": null
      },
      "geometry": {
        "type": "Point",
        "coordinates": [
          8.785127918375712,
          44.796296356868254
        ]
      }
    },
    {
      "type": "Feature",
      "properties": {
        "stato": "APERTA",
        "tipologia": "Valvola a 2 vie",
        "id": 1535,
        "comune": "Pozzolo Formigaro",
        "distretto": null
      },
      "geometry": {
        "type": "Point",
        "coordinates": [
          8.785357444023237,
          44.79664905313888
        ]
      }
    },
    {
      "type": "Feature",
      "properties": {
        "stato": "APERTA",
        "tipologia": "Valvola a 2 vie",
        "id": 1536,
        "comune": "Pozzolo Formigaro",
        "distretto": null
      },
      "geometry": {
        "type": "Point",
        "coordinates": [
          8.78494095319019,
          44.795985234244064
        ]
      }
    },
    {
      "type": "Feature",
      "properties": {
        "stato": "APERTA",
        "tipologia": "Valvola a 2 vie",
        "id": 1537,
        "comune": "Pozzolo Formigaro",
        "distretto": null
      },
      "geometry": {
        "type": "Point",
        "coordinates": [
          8.785553350927229,
          44.79702724423845
        ]
      }
    },
    {
      "type": "Feature",
      "properties": {
        "stato": "APERTA",
        "tipologia": "Valvola a 2 vie",
        "id": 1538,
        "comune": "Pozzolo Formigaro",
        "distretto": null
      },
      "geometry": {
        "type": "Point",
        "coordinates": [
          8.786468223266363,
          44.79855945051795
        ]
      }
    },
    {
      "type": "Feature",
      "properties": {
        "stato": "APERTA",
        "tipologia": "Valvola a 2 vie",
        "id": 1539,
        "comune": "Pozzolo Formigaro",
        "distretto": null
      },
      "geometry": {
        "type": "Point",
        "coordinates": [
          8.787527967302728,
          44.79864585352277
        ]
      }
    },
    {
      "type": "Feature",
      "properties": {
        "stato": "APERTA",
        "tipologia": "Valvola a 2 vie",
        "id": 1540,
        "comune": "Pozzolo Formigaro",
        "distretto": null
      },
      "geometry": {
        "type": "Point",
        "coordinates": [
          8.78667534865908,
          44.79891915210341
        ]
      }
    },
    {
      "type": "Feature",
      "properties": {
        "stato": "APERTA",
        "tipologia": "Valvola a 2 vie",
        "id": 1541,
        "comune": "Pozzolo Formigaro",
        "distretto": null
      },
      "geometry": {
        "type": "Point",
        "coordinates": [
          8.787521830864048,
          44.79868375202838
        ]
      }
    },
    {
      "type": "Feature",
      "properties": {
        "stato": "APERTA",
        "tipologia": "Valvola a 2 vie",
        "id": 1542,
        "comune": "Pozzolo Formigaro",
        "distretto": null
      },
      "geometry": {
        "type": "Point",
        "coordinates": [
          8.787825098149685,
          44.799154084879575
        ]
      }
    },
    {
      "type": "Feature",
      "properties": {
        "stato": "APERTA",
        "tipologia": "Valvola a 2 vie",
        "id": 1543,
        "comune": "Pozzolo Formigaro",
        "distretto": null
      },
      "geometry": {
        "type": "Point",
        "coordinates": [
          8.786711181941008,
          44.79926614693447
        ]
      }
    },
    {
      "type": "Feature",
      "properties": {
        "stato": "APERTA",
        "tipologia": "Valvola a 2 vie",
        "id": 1544,
        "comune": "Pozzolo Formigaro",
        "distretto": null
      },
      "geometry": {
        "type": "Point",
        "coordinates": [
          8.78675046532871,
          44.79928199338902
        ]
      }
    },
    {
      "type": "Feature",
      "properties": {
        "stato": "APERTA",
        "tipologia": "Valvola a 2 vie",
        "id": 1545,
        "comune": "Pozzolo Formigaro",
        "distretto": null
      },
      "geometry": {
        "type": "Point",
        "coordinates": [
          8.786795103169672,
          44.79924551341603
        ]
      }
    },
    {
      "type": "Feature",
      "properties": {
        "stato": "APERTA",
        "tipologia": "Valvola a 2 vie",
        "id": 1546,
        "comune": "Pozzolo Formigaro",
        "distretto": null
      },
      "geometry": {
        "type": "Point",
        "coordinates": [
          8.78706979178975,
          44.79927959774949
        ]
      }
    },
    {
      "type": "Feature",
      "properties": {
        "stato": "APERTA",
        "tipologia": "Valvola a 2 vie",
        "id": 1547,
        "comune": "Pozzolo Formigaro",
        "distretto": null
      },
      "geometry": {
        "type": "Point",
        "coordinates": [
          8.788763529073536,
          44.799008005617445
        ]
      }
    },
    {
      "type": "Feature",
      "properties": {
        "stato": "APERTA",
        "tipologia": "Valvola a 2 vie",
        "id": 1548,
        "comune": "Pozzolo Formigaro",
        "distretto": null
      },
      "geometry": {
        "type": "Point",
        "coordinates": [
          8.78851809619653,
          44.79684506137842
        ]
      }
    },
    {
      "type": "Feature",
      "properties": {
        "stato": "APERTA",
        "tipologia": "Valvola a 2 vie",
        "id": 1549,
        "comune": "Pozzolo Formigaro",
        "distretto": null
      },
      "geometry": {
        "type": "Point",
        "coordinates": [
          8.790269577251024,
          44.80048595153158
        ]
      }
    },
    {
      "type": "Feature",
      "properties": {
        "stato": "APERTA",
        "tipologia": "Valvola a 2 vie",
        "id": 1550,
        "comune": "Pozzolo Formigaro",
        "distretto": null
      },
      "geometry": {
        "type": "Point",
        "coordinates": [
          8.78961265344785,
          44.79888633047968
        ]
      }
    },
    {
      "type": "Feature",
      "properties": {
        "stato": "APERTA",
        "tipologia": "Valvola a 2 vie",
        "id": 1551,
        "comune": "Pozzolo Formigaro",
        "distretto": null
      },
      "geometry": {
        "type": "Point",
        "coordinates": [
          8.791309141822156,
          44.8003394123893
        ]
      }
    },
    {
      "type": "Feature",
      "properties": {
        "stato": "CHIUSA",
        "tipologia": "Valvola a 2 vie",
        "id": 1552,
        "comune": "Pozzolo Formigaro",
        "distretto": null
      },
      "geometry": {
        "type": "Point",
        "coordinates": [
          8.791379310880819,
          44.800451355461234
        ]
      }
    },
    {
      "type": "Feature",
      "properties": {
        "stato": "APERTA",
        "tipologia": "Valvola a 2 vie",
        "id": 1555,
        "comune": "Pozzolo Formigaro",
        "distretto": null
      },
      "geometry": {
        "type": "Point",
        "coordinates": [
          8.784810949744843,
          44.79740797159536
        ]
      }
    },
    {
      "type": "Feature",
      "properties": {
        "stato": "APERTA",
        "tipologia": "Valvola a 2 vie",
        "id": 1556,
        "comune": "Pozzolo Formigaro",
        "distretto": null
      },
      "geometry": {
        "type": "Point",
        "coordinates": [
          8.78356158572251,
          44.79759622744595
        ]
      }
    },
    {
      "type": "Feature",
      "properties": {
        "stato": "CHIUSA",
        "tipologia": "Valvola a 2 vie",
        "id": 1557,
        "comune": "Pozzolo Formigaro",
        "distretto": null
      },
      "geometry": {
        "type": "Point",
        "coordinates": [
          8.78398161509631,
          44.79963539942792
        ]
      }
    },
    {
      "type": "Feature",
      "properties": {
        "stato": "APERTA",
        "tipologia": "Valvola a 2 vie",
        "id": 1558,
        "comune": "Pozzolo Formigaro",
        "distretto": null
      },
      "geometry": {
        "type": "Point",
        "coordinates": [
          8.783352851344956,
          44.797034798749635
        ]
      }
    },
    {
      "type": "Feature",
      "properties": {
        "stato": "APERTA",
        "tipologia": "Valvola a 2 vie",
        "id": 1559,
        "comune": "Pozzolo Formigaro",
        "distretto": null
      },
      "geometry": {
        "type": "Point",
        "coordinates": [
          8.783362159375972,
          44.79699701534956
        ]
      }
    },
    {
      "type": "Feature",
      "properties": {
        "stato": "APERTA",
        "tipologia": "Valvola a 2 vie",
        "id": 1560,
        "comune": "Pozzolo Formigaro",
        "distretto": null
      },
      "geometry": {
        "type": "Point",
        "coordinates": [
          8.783303020588507,
          44.79698031420085
        ]
      }
    },
    {
      "type": "Feature",
      "properties": {
        "stato": "CHIUSA",
        "tipologia": "Valvola a 2 vie",
        "id": 1561,
        "comune": "Pozzolo Formigaro",
        "distretto": null
      },
      "geometry": {
        "type": "Point",
        "coordinates": [
          8.782836354631243,
          44.797544834364516
        ]
      }
    },
    {
      "type": "Feature",
      "properties": {
        "stato": "CHIUSA",
        "tipologia": "Valvola a 2 vie",
        "id": 1562,
        "comune": "Pozzolo Formigaro",
        "distretto": null
      },
      "geometry": {
        "type": "Point",
        "coordinates": [
          8.78244571869026,
          44.797641368163575
        ]
      }
    },
    {
      "type": "Feature",
      "properties": {
        "stato": "APERTA",
        "tipologia": "Valvola a 2 vie",
        "id": 1563,
        "comune": "Pozzolo Formigaro",
        "distretto": null
      },
      "geometry": {
        "type": "Point",
        "coordinates": [
          8.78239967446733,
          44.79762537560676
        ]
      }
    },
    {
      "type": "Feature",
      "properties": {
        "stato": "APERTA",
        "tipologia": "Valvola a 2 vie",
        "id": 1564,
        "comune": "Pozzolo Formigaro",
        "distretto": null
      },
      "geometry": {
        "type": "Point",
        "coordinates": [
          8.780118771307501,
          44.797461008788474
        ]
      }
    },
    {
      "type": "Feature",
      "properties": {
        "stato": "APERTA",
        "tipologia": "Valvola a 2 vie",
        "id": 1565,
        "comune": "Pozzolo Formigaro",
        "distretto": null
      },
      "geometry": {
        "type": "Point",
        "coordinates": [
          8.781205446712239,
          44.796481277815374
        ]
      }
    },
    {
      "type": "Feature",
      "properties": {
        "stato": "APERTA",
        "tipologia": "Valvola a 2 vie",
        "id": 1566,
        "comune": "Pozzolo Formigaro",
        "distretto": null
      },
      "geometry": {
        "type": "Point",
        "coordinates": [
          8.780728197897545,
          44.79687351004726
        ]
      }
    },
    {
      "type": "Feature",
      "properties": {
        "stato": "APERTA",
        "tipologia": "Valvola a 2 vie",
        "id": 1568,
        "comune": "Pozzolo Formigaro",
        "distretto": null
      },
      "geometry": {
        "type": "Point",
        "coordinates": [
          8.779842311175422,
          44.79766533023627
        ]
      }
    },
    {
      "type": "Feature",
      "properties": {
        "stato": "APERTA",
        "tipologia": "Valvola a 2 vie",
        "id": 1569,
        "comune": "Pozzolo Formigaro",
        "distretto": null
      },
      "geometry": {
        "type": "Point",
        "coordinates": [
          8.780052387529146,
          44.797349358013705
        ]
      }
    },
    {
      "type": "Feature",
      "properties": {
        "stato": "APERTA",
        "tipologia": "Valvola a 2 vie",
        "id": 1570,
        "comune": "Pozzolo Formigaro",
        "distretto": null
      },
      "geometry": {
        "type": "Point",
        "coordinates": [
          8.779393249535275,
          44.798014922627225
        ]
      }
    },
    {
      "type": "Feature",
      "properties": {
        "stato": "APERTA",
        "tipologia": "Valvola a 2 vie",
        "id": 1571,
        "comune": "Pozzolo Formigaro",
        "distretto": null
      },
      "geometry": {
        "type": "Point",
        "coordinates": [
          8.77765634792357,
          44.79507303653079
        ]
      }
    },
    {
      "type": "Feature",
      "properties": {
        "stato": "APERTA",
        "tipologia": "Valvola a 2 vie",
        "id": 1572,
        "comune": "Pozzolo Formigaro",
        "distretto": null
      },
      "geometry": {
        "type": "Point",
        "coordinates": [
          8.778788515767257,
          44.79287518373383
        ]
      }
    },
    {
      "type": "Feature",
      "properties": {
        "stato": "APERTA",
        "tipologia": "Valvola a 2 vie",
        "id": 1573,
        "comune": "Pozzolo Formigaro",
        "distretto": null
      },
      "geometry": {
        "type": "Point",
        "coordinates": [
          8.776419524250663,
          44.79124183165588
        ]
      }
    },
    {
      "type": "Feature",
      "properties": {
        "stato": "APERTA",
        "tipologia": "Valvola a 2 vie",
        "id": 1574,
        "comune": "Pozzolo Formigaro",
        "distretto": null
      },
      "geometry": {
        "type": "Point",
        "coordinates": [
          8.778803624672314,
          44.792814877012546
        ]
      }
    },
    {
      "type": "Feature",
      "properties": {
        "stato": "APERTA",
        "tipologia": "Valvola a 2 vie",
        "id": 1575,
        "comune": "Pozzolo Formigaro",
        "distretto": null
      },
      "geometry": {
        "type": "Point",
        "coordinates": [
          8.778849920214352,
          44.79280047261362
        ]
      }
    },
    {
      "type": "Feature",
      "properties": {
        "stato": "APERTA",
        "tipologia": "Valvola a 2 vie",
        "id": 1576,
        "comune": "Pozzolo Formigaro",
        "distretto": null
      },
      "geometry": {
        "type": "Point",
        "coordinates": [
          8.779271100229169,
          44.79275707838037
        ]
      }
    },
    {
      "type": "Feature",
      "properties": {
        "stato": "APERTA",
        "tipologia": "Valvola a 2 vie",
        "id": 1577,
        "comune": "Pozzolo Formigaro",
        "distretto": null
      },
      "geometry": {
        "type": "Point",
        "coordinates": [
          8.782911340055206,
          44.789923775179844
        ]
      }
    },
    {
      "type": "Feature",
      "properties": {
        "stato": "APERTA",
        "tipologia": "Valvola a 2 vie",
        "id": 1578,
        "comune": "Pozzolo Formigaro",
        "distretto": null
      },
      "geometry": {
        "type": "Point",
        "coordinates": [
          8.782354695105498,
          44.78785268678356
        ]
      }
    },
    {
      "type": "Feature",
      "properties": {
        "stato": "APERTA",
        "tipologia": "Valvola a 2 vie",
        "id": 1579,
        "comune": "Pozzolo Formigaro",
        "distretto": null
      },
      "geometry": {
        "type": "Point",
        "coordinates": [
          8.783337783271662,
          44.789817858867934
        ]
      }
    },
    {
      "type": "Feature",
      "properties": {
        "stato": "APERTA",
        "tipologia": "Valvola a 2 vie",
        "id": 1580,
        "comune": "Pozzolo Formigaro",
        "distretto": null
      },
      "geometry": {
        "type": "Point",
        "coordinates": [
          8.783681874679575,
          44.78973538832617
        ]
      }
    },
    {
      "type": "Feature",
      "properties": {
        "stato": "APERTA",
        "tipologia": "Valvola a 2 vie",
        "id": 1581,
        "comune": "Pozzolo Formigaro",
        "distretto": null
      },
      "geometry": {
        "type": "Point",
        "coordinates": [
          8.784636376784025,
          44.789521807364196
        ]
      }
    },
    {
      "type": "Feature",
      "properties": {
        "stato": "APERTA",
        "tipologia": "Valvola a 2 vie",
        "id": 1582,
        "comune": "Pozzolo Formigaro",
        "distretto": null
      },
      "geometry": {
        "type": "Point",
        "coordinates": [
          8.784736292137353,
          44.78949877003415
        ]
      }
    },
    {
      "type": "Feature",
      "properties": {
        "stato": "APERTA",
        "tipologia": "Valvola a 2 vie",
        "id": 1583,
        "comune": "Pozzolo Formigaro",
        "distretto": null
      },
      "geometry": {
        "type": "Point",
        "coordinates": [
          8.782340503131515,
          44.78765930855246
        ]
      }
    },
    {
      "type": "Feature",
      "properties": {
        "stato": "APERTA",
        "tipologia": "Valvola a 2 vie",
        "id": 1585,
        "comune": "Pozzolo Formigaro",
        "distretto": null
      },
      "geometry": {
        "type": "Point",
        "coordinates": [
          8.784679344225458,
          44.79127097531246
        ]
      }
    },
    {
      "type": "Feature",
      "properties": {
        "stato": "CHIUSA",
        "tipologia": "Valvola a 2 vie",
        "id": 1586,
        "comune": "Pozzolo Formigaro",
        "distretto": null
      },
      "geometry": {
        "type": "Point",
        "coordinates": [
          8.7856275734197,
          44.790250092149414
        ]
      }
    },
    {
      "type": "Feature",
      "properties": {
        "stato": "APERTA",
        "tipologia": "Valvola a 2 vie",
        "id": 1587,
        "comune": "Pozzolo Formigaro",
        "distretto": null
      },
      "geometry": {
        "type": "Point",
        "coordinates": [
          8.786158789643393,
          44.79056192730668
        ]
      }
    },
    {
      "type": "Feature",
      "properties": {
        "stato": "APERTA",
        "tipologia": "Valvola a 2 vie",
        "id": 1588,
        "comune": "Pozzolo Formigaro",
        "distretto": null
      },
      "geometry": {
        "type": "Point",
        "coordinates": [
          8.786292245938009,
          44.789459724419736
        ]
      }
    },
    {
      "type": "Feature",
      "properties": {
        "stato": "APERTA",
        "tipologia": "Valvola a 2 vie",
        "id": 1589,
        "comune": "Pozzolo Formigaro",
        "distretto": null
      },
      "geometry": {
        "type": "Point",
        "coordinates": [
          8.785514785908685,
          44.790882771278206
        ]
      }
    },
    {
      "type": "Feature",
      "properties": {
        "stato": "APERTA",
        "tipologia": "Valvola a 2 vie",
        "id": 1590,
        "comune": "Pozzolo Formigaro",
        "distretto": null
      },
      "geometry": {
        "type": "Point",
        "coordinates": [
          8.78621336301613,
          44.790572363590954
        ]
      }
    },
    {
      "type": "Feature",
      "properties": {
        "stato": "APERTA",
        "tipologia": "Valvola a 2 vie",
        "id": 1591,
        "comune": "Pozzolo Formigaro",
        "distretto": null
      },
      "geometry": {
        "type": "Point",
        "coordinates": [
          8.786648014545868,
          44.79035643762868
        ]
      }
    },
    {
      "type": "Feature",
      "properties": {
        "stato": "APERTA",
        "tipologia": "Valvola a 2 vie",
        "id": 1592,
        "comune": "Pozzolo Formigaro",
        "distretto": null
      },
      "geometry": {
        "type": "Point",
        "coordinates": [
          8.786301669037766,
          44.78946080711511
        ]
      }
    },
    {
      "type": "Feature",
      "properties": {
        "stato": "CHIUSA",
        "tipologia": "Valvola a 2 vie",
        "id": 1593,
        "comune": "Pozzolo Formigaro",
        "distretto": null
      },
      "geometry": {
        "type": "Point",
        "coordinates": [
          8.786333008235706,
          44.789472082209706
        ]
      }
    },
    {
      "type": "Feature",
      "properties": {
        "stato": "APERTA",
        "tipologia": "Valvola a 2 vie",
        "id": 1594,
        "comune": "Pozzolo Formigaro",
        "distretto": null
      },
      "geometry": {
        "type": "Point",
        "coordinates": [
          8.786463047263641,
          44.78973597765765
        ]
      }
    },
    {
      "type": "Feature",
      "properties": {
        "stato": "APERTA",
        "tipologia": "Valvola a 2 vie",
        "id": 1595,
        "comune": "Pozzolo Formigaro",
        "distretto": null
      },
      "geometry": {
        "type": "Point",
        "coordinates": [
          8.788941246701382,
          44.79095569808947
        ]
      }
    },
    {
      "type": "Feature",
      "properties": {
        "stato": "APERTA",
        "tipologia": "Valvola a 2 vie",
        "id": 1597,
        "comune": "Pozzolo Formigaro",
        "distretto": null
      },
      "geometry": {
        "type": "Point",
        "coordinates": [
          8.788935853151294,
          44.791759228412346
        ]
      }
    },
    {
      "type": "Feature",
      "properties": {
        "stato": "APERTA",
        "tipologia": "Valvola a 2 vie",
        "id": 1598,
        "comune": "Pozzolo Formigaro",
        "distretto": null
      },
      "geometry": {
        "type": "Point",
        "coordinates": [
          8.788925811020047,
          44.79222618699703
        ]
      }
    },
    {
      "type": "Feature",
      "properties": {
        "stato": "APERTA",
        "tipologia": "Valvola a 2 vie",
        "id": 1599,
        "comune": "Pozzolo Formigaro",
        "distretto": null
      },
      "geometry": {
        "type": "Point",
        "coordinates": [
          8.788931491599644,
          44.79223126417369
        ]
      }
    },
    {
      "type": "Feature",
      "properties": {
        "stato": "APERTA",
        "tipologia": "Valvola a 2 vie",
        "id": 1600,
        "comune": "Pozzolo Formigaro",
        "distretto": null
      },
      "geometry": {
        "type": "Point",
        "coordinates": [
          8.787900250248668,
          44.792371280228856
        ]
      }
    },
    {
      "type": "Feature",
      "properties": {
        "stato": "APERTA",
        "tipologia": "Valvola a 2 vie",
        "id": 1601,
        "comune": "Pozzolo Formigaro",
        "distretto": null
      },
      "geometry": {
        "type": "Point",
        "coordinates": [
          8.78818680341979,
          44.7930291983167
        ]
      }
    },
    {
      "type": "Feature",
      "properties": {
        "stato": "APERTA",
        "tipologia": "Valvola a 2 vie",
        "id": 1602,
        "comune": "Pozzolo Formigaro",
        "distretto": null
      },
      "geometry": {
        "type": "Point",
        "coordinates": [
          8.78809898608589,
          44.78944986658552
        ]
      }
    },
    {
      "type": "Feature",
      "properties": {
        "stato": "APERTA",
        "tipologia": "Valvola a 2 vie",
        "id": 1603,
        "comune": "Pozzolo Formigaro",
        "distretto": null
      },
      "geometry": {
        "type": "Point",
        "coordinates": [
          8.78873830621668,
          44.789664558471756
        ]
      }
    },
    {
      "type": "Feature",
      "properties": {
        "stato": "APERTA",
        "tipologia": "Valvola a 2 vie",
        "id": 1604,
        "comune": "Pozzolo Formigaro",
        "distretto": null
      },
      "geometry": {
        "type": "Point",
        "coordinates": [
          8.788245969911605,
          44.789072754722795
        ]
      }
    },
    {
      "type": "Feature",
      "properties": {
        "stato": "APERTA",
        "tipologia": "Valvola a 2 vie",
        "id": 1605,
        "comune": "Pozzolo Formigaro",
        "distretto": null
      },
      "geometry": {
        "type": "Point",
        "coordinates": [
          8.78967857365395,
          44.78956669524942
        ]
      }
    },
    {
      "type": "Feature",
      "properties": {
        "stato": "APERTA",
        "tipologia": "Valvola a 2 vie",
        "id": 1606,
        "comune": "Pozzolo Formigaro",
        "distretto": null
      },
      "geometry": {
        "type": "Point",
        "coordinates": [
          8.789689586899467,
          44.789524185719436
        ]
      }
    },
    {
      "type": "Feature",
      "properties": {
        "stato": "APERTA",
        "tipologia": "Valvola a 2 vie",
        "id": 1607,
        "comune": "Pozzolo Formigaro",
        "distretto": null
      },
      "geometry": {
        "type": "Point",
        "coordinates": [
          8.790007374464397,
          44.78952141501419
        ]
      }
    },
    {
      "type": "Feature",
      "properties": {
        "stato": "APERTA",
        "tipologia": "Valvola a 2 vie",
        "id": 1608,
        "comune": "Pozzolo Formigaro",
        "distretto": null
      },
      "geometry": {
        "type": "Point",
        "coordinates": [
          8.788364620711397,
          44.78936610586311
        ]
      }
    },
    {
      "type": "Feature",
      "properties": {
        "stato": "APERTA",
        "tipologia": "Valvola a 2 vie",
        "id": 1609,
        "comune": "Pozzolo Formigaro",
        "distretto": null
      },
      "geometry": {
        "type": "Point",
        "coordinates": [
          8.789942323422503,
          44.789247317823566
        ]
      }
    },
    {
      "type": "Feature",
      "properties": {
        "stato": "APERTA",
        "tipologia": "Valvola a 2 vie",
        "id": 1610,
        "comune": "Pozzolo Formigaro",
        "distretto": null
      },
      "geometry": {
        "type": "Point",
        "coordinates": [
          8.789877049302834,
          44.78877274280217
        ]
      }
    },
    {
      "type": "Feature",
      "properties": {
        "stato": "APERTA",
        "tipologia": "Valvola a 2 vie",
        "id": 1611,
        "comune": "Pozzolo Formigaro",
        "distretto": null
      },
      "geometry": {
        "type": "Point",
        "coordinates": [
          8.789982784533052,
          44.78921731369817
        ]
      }
    },
    {
      "type": "Feature",
      "properties": {
        "stato": "APERTA",
        "tipologia": "Valvola a 2 vie",
        "id": 1612,
        "comune": "Pozzolo Formigaro",
        "distretto": null
      },
      "geometry": {
        "type": "Point",
        "coordinates": [
          8.789916358442854,
          44.788737977769
        ]
      }
    },
    {
      "type": "Feature",
      "properties": {
        "stato": "APERTA",
        "tipologia": "Valvola a 2 vie",
        "id": 1613,
        "comune": "Pozzolo Formigaro",
        "distretto": null
      },
      "geometry": {
        "type": "Point",
        "coordinates": [
          8.78821597837563,
          44.787334440674066
        ]
      }
    },
    {
      "type": "Feature",
      "properties": {
        "stato": "APERTA",
        "tipologia": "Valvola a 2 vie",
        "id": 1614,
        "comune": "Pozzolo Formigaro",
        "distretto": null
      },
      "geometry": {
        "type": "Point",
        "coordinates": [
          8.788761956594373,
          44.78738693259689
        ]
      }
    },
    {
      "type": "Feature",
      "properties": {
        "stato": "APERTA",
        "tipologia": "Valvola a 2 vie",
        "id": 1615,
        "comune": "Pozzolo Formigaro",
        "distretto": null
      },
      "geometry": {
        "type": "Point",
        "coordinates": [
          8.791458112686676,
          44.78948548001418
        ]
      }
    },
    {
      "type": "Feature",
      "properties": {
        "stato": "APERTA",
        "tipologia": "Valvola a 2 vie",
        "id": 1616,
        "comune": "Pozzolo Formigaro",
        "distretto": null
      },
      "geometry": {
        "type": "Point",
        "coordinates": [
          8.787691504623492,
          44.78796819956103
        ]
      }
    },
    {
      "type": "Feature",
      "properties": {
        "stato": "CHIUSA",
        "tipologia": "Valvola a 2 vie",
        "id": 1618,
        "comune": "Pozzolo Formigaro",
        "distretto": null
      },
      "geometry": {
        "type": "Point",
        "coordinates": [
          8.788850800994771,
          44.785404042977085
        ]
      }
    },
    {
      "type": "Feature",
      "properties": {
        "stato": "APERTA",
        "tipologia": "Valvola a 2 vie",
        "id": 1619,
        "comune": "Pozzolo Formigaro",
        "distretto": null
      },
      "geometry": {
        "type": "Point",
        "coordinates": [
          8.788840364149431,
          44.78538285150774
        ]
      }
    },
    {
      "type": "Feature",
      "properties": {
        "stato": "APERTA",
        "tipologia": "Valvola a 2 vie",
        "id": 1620,
        "comune": "Pozzolo Formigaro",
        "distretto": null
      },
      "geometry": {
        "type": "Point",
        "coordinates": [
          8.78887449209119,
          44.785369746543985
        ]
      }
    },
    {
      "type": "Feature",
      "properties": {
        "stato": "CHIUSA",
        "tipologia": "Valvola a 2 vie",
        "id": 1621,
        "comune": "Pozzolo Formigaro",
        "distretto": null
      },
      "geometry": {
        "type": "Point",
        "coordinates": [
          8.780201030794563,
          44.792791497298396
        ]
      }
    },
    {
      "type": "Feature",
      "properties": {
        "stato": "CHIUSA",
        "tipologia": "Valvola a 2 vie",
        "id": 1622,
        "comune": "Pozzolo Formigaro",
        "distretto": null
      },
      "geometry": {
        "type": "Point",
        "coordinates": [
          8.780200157614543,
          44.79277351154943
        ]
      }
    },
    {
      "type": "Feature",
      "properties": {
        "stato": "APERTA",
        "tipologia": "Valvola a 2 vie",
        "id": 1625,
        "comune": "Pozzolo Formigaro",
        "distretto": "DNL01"
      },
      "geometry": {
        "type": "Point",
        "coordinates": [
          8.78045764858081,
          44.79274012256634
        ]
      }
    },
    {
      "type": "Feature",
      "properties": {
        "stato": "APERTA",
        "tipologia": "Valvola a 2 vie",
        "id": 1626,
        "comune": "Pozzolo Formigaro",
        "distretto": null
      },
      "geometry": {
        "type": "Point",
        "coordinates": [
          8.783370525541185,
          44.795814953301445
        ]
      }
    },
    {
      "type": "Feature",
      "properties": {
        "stato": "APERTA",
        "tipologia": "Valvola a 2 vie",
        "id": 1627,
        "comune": "Pozzolo Formigaro",
        "distretto": null
      },
      "geometry": {
        "type": "Point",
        "coordinates": [
          8.783284422498609,
          44.79603062925413
        ]
      }
    },
    {
      "type": "Feature",
      "properties": {
        "stato": "APERTA",
        "tipologia": "Valvola a 2 vie",
        "id": 1628,
        "comune": "Pozzolo Formigaro",
        "distretto": null
      },
      "geometry": {
        "type": "Point",
        "coordinates": [
          8.783339024703182,
          44.796463226168115
        ]
      }
    },
    {
      "type": "Feature",
      "properties": {
        "stato": "APERTA",
        "tipologia": "Valvola a 2 vie",
        "id": 1629,
        "comune": "Pozzolo Formigaro",
        "distretto": null
      },
      "geometry": {
        "type": "Point",
        "coordinates": [
          8.78348892932002,
          44.79691101450329
        ]
      }
    },
    {
      "type": "Feature",
      "properties": {
        "stato": "APERTA",
        "tipologia": "Valvola a 2 vie",
        "id": 1630,
        "comune": "Pozzolo Formigaro",
        "distretto": null
      },
      "geometry": {
        "type": "Point",
        "coordinates": [
          8.786132801105122,
          44.7952756584259
        ]
      }
    },
    {
      "type": "Feature",
      "properties": {
        "stato": "APERTA",
        "tipologia": "Valvola a 2 vie",
        "id": 1631,
        "comune": "Pozzolo Formigaro",
        "distretto": null
      },
      "geometry": {
        "type": "Point",
        "coordinates": [
          8.786824291551296,
          44.79524876374804
        ]
      }
    },
    {
      "type": "Feature",
      "properties": {
        "stato": "APERTA",
        "tipologia": "Valvola a 2 vie",
        "id": 1632,
        "comune": "Pozzolo Formigaro",
        "distretto": null
      },
      "geometry": {
        "type": "Point",
        "coordinates": [
          8.786165553416623,
          44.7953244410275
        ]
      }
    },
    {
      "type": "Feature",
      "properties": {
        "stato": "APERTA",
        "tipologia": "Valvola a 2 vie",
        "id": 1633,
        "comune": "Pozzolo Formigaro",
        "distretto": null
      },
      "geometry": {
        "type": "Point",
        "coordinates": [
          8.787595580780614,
          44.79703101857025
        ]
      }
    },
    {
      "type": "Feature",
      "properties": {
        "stato": "APERTA",
        "tipologia": "Valvola a 2 vie",
        "id": 1634,
        "comune": "Pozzolo Formigaro",
        "distretto": null
      },
      "geometry": {
        "type": "Point",
        "coordinates": [
          8.7876334435288,
          44.79697911880339
        ]
      }
    },
    {
      "type": "Feature",
      "properties": {
        "stato": "APERTA",
        "tipologia": "Valvola a 2 vie",
        "id": 1635,
        "comune": "Pozzolo Formigaro",
        "distretto": null
      },
      "geometry": {
        "type": "Point",
        "coordinates": [
          8.78774574138742,
          44.79713294448108
        ]
      }
    },
    {
      "type": "Feature",
      "properties": {
        "stato": "APERTA",
        "tipologia": "Valvola a 2 vie",
        "id": 1636,
        "comune": "Pozzolo Formigaro",
        "distretto": null
      },
      "geometry": {
        "type": "Point",
        "coordinates": [
          8.787781316583315,
          44.7971573220608
        ]
      }
    },
    {
      "type": "Feature",
      "properties": {
        "stato": "APERTA",
        "tipologia": "Valvola a 2 vie",
        "id": 1637,
        "comune": "Pozzolo Formigaro",
        "distretto": null
      },
      "geometry": {
        "type": "Point",
        "coordinates": [
          8.787756211680364,
          44.79710360089044
        ]
      }
    },
    {
      "type": "Feature",
      "properties": {
        "stato": "APERTA",
        "tipologia": "Valvola a 2 vie",
        "id": 1638,
        "comune": "Pozzolo Formigaro",
        "distretto": null
      },
      "geometry": {
        "type": "Point",
        "coordinates": [
          8.78971348552862,
          44.79647613639091
        ]
      }
    },
    {
      "type": "Feature",
      "properties": {
        "stato": "APERTA",
        "tipologia": "Valvola a 2 vie",
        "id": 1639,
        "comune": "Pozzolo Formigaro",
        "distretto": null
      },
      "geometry": {
        "type": "Point",
        "coordinates": [
          8.788540907898616,
          44.796796631975326
        ]
      }
    },
    {
      "type": "Feature",
      "properties": {
        "stato": "APERTA",
        "tipologia": "Valvola a 2 vie",
        "id": 1640,
        "comune": "Pozzolo Formigaro",
        "distretto": null
      },
      "geometry": {
        "type": "Point",
        "coordinates": [
          8.78696778346068,
          44.795180241364676
        ]
      }
    },
    {
      "type": "Feature",
      "properties": {
        "stato": "APERTA",
        "tipologia": "Valvola a 2 vie",
        "id": 1641,
        "comune": "Pozzolo Formigaro",
        "distretto": null
      },
      "geometry": {
        "type": "Point",
        "coordinates": [
          8.81859017942693,
          44.80634800844622
        ]
      }
    },
    {
      "type": "Feature",
      "properties": {
        "stato": "APERTA",
        "tipologia": "Valvola a 2 vie",
        "id": 1642,
        "comune": "Pozzolo Formigaro",
        "distretto": null
      },
      "geometry": {
        "type": "Point",
        "coordinates": [
          8.818646063621735,
          44.80638197795434
        ]
      }
    },
    {
      "type": "Feature",
      "properties": {
        "stato": "APERTA",
        "tipologia": "Valvola a 2 vie",
        "id": 1643,
        "comune": "Pozzolo Formigaro",
        "distretto": null
      },
      "geometry": {
        "type": "Point",
        "coordinates": [
          8.821009123363519,
          44.80759317028409
        ]
      }
    },
    {
      "type": "Feature",
      "properties": {
        "stato": "APERTA",
        "tipologia": "Valvola a 2 vie",
        "id": 1644,
        "comune": "Pozzolo Formigaro",
        "distretto": null
      },
      "geometry": {
        "type": "Point",
        "coordinates": [
          8.821260021457226,
          44.80666634752135
        ]
      }
    },
    {
      "type": "Feature",
      "properties": {
        "stato": "APERTA",
        "tipologia": "Valvola a 2 vie",
        "id": 1645,
        "comune": "Pozzolo Formigaro",
        "distretto": null
      },
      "geometry": {
        "type": "Point",
        "coordinates": [
          8.820608181143324,
          44.80791597419352
        ]
      }
    },
    {
      "type": "Feature",
      "properties": {
        "stato": "APERTA",
        "tipologia": "Valvola a 2 vie",
        "id": 1646,
        "comune": "Pozzolo Formigaro",
        "distretto": null
      },
      "geometry": {
        "type": "Point",
        "coordinates": [
          8.820257090700894,
          44.808271156065146
        ]
      }
    },
    {
      "type": "Feature",
      "properties": {
        "stato": "APERTA",
        "tipologia": "Valvola a 2 vie",
        "id": 1647,
        "comune": "Pozzolo Formigaro",
        "distretto": null
      },
      "geometry": {
        "type": "Point",
        "coordinates": [
          8.819084131252948,
          44.808128243038354
        ]
      }
    },
    {
      "type": "Feature",
      "properties": {
        "stato": "APERTA",
        "tipologia": "Valvola a 2 vie",
        "id": 1648,
        "comune": "Pozzolo Formigaro",
        "distretto": null
      },
      "geometry": {
        "type": "Point",
        "coordinates": [
          8.818906061362759,
          44.807519246264604
        ]
      }
    },
    {
      "type": "Feature",
      "properties": {
        "stato": "APERTA",
        "tipologia": "Valvola a 2 vie",
        "id": 1649,
        "comune": "Pozzolo Formigaro",
        "distretto": null
      },
      "geometry": {
        "type": "Point",
        "coordinates": [
          8.818885581698327,
          44.807417856261125
        ]
      }
    },
    {
      "type": "Feature",
      "properties": {
        "stato": "APERTA",
        "tipologia": "Valvola a 2 vie",
        "id": 1650,
        "comune": "Pozzolo Formigaro",
        "distretto": null
      },
      "geometry": {
        "type": "Point",
        "coordinates": [
          8.81884226001682,
          44.80745878610181
        ]
      }
    },
    {
      "type": "Feature",
      "properties": {
        "stato": "CHIUSA",
        "tipologia": "Valvola a 2 vie",
        "id": 1651,
        "comune": "Pozzolo Formigaro",
        "distretto": null
      },
      "geometry": {
        "type": "Point",
        "coordinates": [
          8.818744571529104,
          44.80749165771349
        ]
      }
    },
    {
      "type": "Feature",
      "properties": {
        "stato": "APERTA",
        "tipologia": "Valvola a 2 vie",
        "id": 1653,
        "comune": "Pozzolo Formigaro",
        "distretto": null
      },
      "geometry": {
        "type": "Point",
        "coordinates": [
          8.781951307696458,
          44.7944680945678
        ]
      }
    },
    {
      "type": "Feature",
      "properties": {
        "stato": "APERTA",
        "tipologia": "Valvola a 2 vie",
        "id": 1654,
        "comune": "Pozzolo Formigaro",
        "distretto": null
      },
      "geometry": {
        "type": "Point",
        "coordinates": [
          8.780734681335051,
          44.80569657383701
        ]
      }
    },
    {
      "type": "Feature",
      "properties": {
        "stato": "APERTA",
        "tipologia": "Valvola a 2 vie",
        "id": 1655,
        "comune": "Pozzolo Formigaro",
        "distretto": null
      },
      "geometry": {
        "type": "Point",
        "coordinates": [
          8.777822652243431,
          44.806230810940434
        ]
      }
    },
    {
      "type": "Feature",
      "properties": {
        "stato": "APERTA",
        "tipologia": "Valvola a 2 vie",
        "id": 1656,
        "comune": "Pozzolo Formigaro",
        "distretto": null
      },
      "geometry": {
        "type": "Point",
        "coordinates": [
          8.775447769272965,
          44.80666671032494
        ]
      }
    },
    {
      "type": "Feature",
      "properties": {
        "stato": "APERTA",
        "tipologia": "Valvola a 2 vie",
        "id": 1657,
        "comune": "Pozzolo Formigaro",
        "distretto": null
      },
      "geometry": {
        "type": "Point",
        "coordinates": [
          8.777755612421899,
          44.80624234001624
        ]
      }
    },
    {
      "type": "Feature",
      "properties": {
        "stato": "APERTA",
        "tipologia": "Valvola a 2 vie",
        "id": 1658,
        "comune": "Pozzolo Formigaro",
        "distretto": null
      },
      "geometry": {
        "type": "Point",
        "coordinates": [
          8.777779820056274,
          44.80621084824669
        ]
      }
    },
    {
      "type": "Feature",
      "properties": {
        "stato": "APERTA",
        "tipologia": "Valvola a 2 vie",
        "id": 1659,
        "comune": "Pozzolo Formigaro",
        "distretto": null
      },
      "geometry": {
        "type": "Point",
        "coordinates": [
          8.779736369768187,
          44.80581551579368
        ]
      }
    },
    {
      "type": "Feature",
      "properties": {
        "stato": "APERTA",
        "tipologia": "Valvola a 2 vie",
        "id": 1660,
        "comune": "Pozzolo Formigaro",
        "distretto": null
      },
      "geometry": {
        "type": "Point",
        "coordinates": [
          8.780087570326296,
          44.80764038117634
        ]
      }
    },
    {
      "type": "Feature",
      "properties": {
        "stato": "APERTA",
        "tipologia": "Valvola a 2 vie",
        "id": 1661,
        "comune": "Pozzolo Formigaro",
        "distretto": null
      },
      "geometry": {
        "type": "Point",
        "coordinates": [
          8.776018465275541,
          44.80824190520507
        ]
      }
    },
    {
      "type": "Feature",
      "properties": {
        "stato": "APERTA",
        "tipologia": "Valvola a 2 vie",
        "id": 1662,
        "comune": "Pozzolo Formigaro",
        "distretto": null
      },
      "geometry": {
        "type": "Point",
        "coordinates": [
          8.776042073477564,
          44.808210351038355
        ]
      }
    },
    {
      "type": "Feature",
      "properties": {
        "stato": "APERTA",
        "tipologia": "Valvola a 2 vie",
        "id": 1663,
        "comune": "Pozzolo Formigaro",
        "distretto": null
      },
      "geometry": {
        "type": "Point",
        "coordinates": [
          8.773695746476202,
          44.80873277045196
        ]
      }
    },
    {
      "type": "Feature",
      "properties": {
        "stato": "APERTA",
        "tipologia": "Valvola a 2 vie",
        "id": 1664,
        "comune": "Pozzolo Formigaro",
        "distretto": null
      },
      "geometry": {
        "type": "Point",
        "coordinates": [
          8.769449192260172,
          44.81131770750941
        ]
      }
    },
    {
      "type": "Feature",
      "properties": {
        "stato": "APERTA",
        "tipologia": "Valvola a 2 vie",
        "id": 1665,
        "comune": "Pozzolo Formigaro",
        "distretto": null
      },
      "geometry": {
        "type": "Point",
        "coordinates": [
          8.774299492143893,
          44.803956915866806
        ]
      }
    },
    {
      "type": "Feature",
      "properties": {
        "stato": "APERTA",
        "tipologia": "Valvola a 2 vie",
        "id": 1666,
        "comune": "Pozzolo Formigaro",
        "distretto": null
      },
      "geometry": {
        "type": "Point",
        "coordinates": [
          8.778901914626621,
          44.80215396325643
        ]
      }
    },
    {
      "type": "Feature",
      "properties": {
        "stato": "APERTA",
        "tipologia": "Valvola a 2 vie",
        "id": 1667,
        "comune": "Pozzolo Formigaro",
        "distretto": null
      },
      "geometry": {
        "type": "Point",
        "coordinates": [
          8.76892967201692,
          44.81197831712406
        ]
      }
    },
    {
      "type": "Feature",
      "properties": {
        "stato": "APERTA",
        "tipologia": "Valvola a 2 vie",
        "id": 1668,
        "comune": "Pozzolo Formigaro",
        "distretto": null
      },
      "geometry": {
        "type": "Point",
        "coordinates": [
          8.767416137352384,
          44.814028419189334
        ]
      }
    },
    {
      "type": "Feature",
      "properties": {
        "stato": "APERTA",
        "tipologia": "Valvola a 2 vie",
        "id": 1669,
        "comune": "Pozzolo Formigaro",
        "distretto": null
      },
      "geometry": {
        "type": "Point",
        "coordinates": [
          8.779992571033473,
          44.80265404857643
        ]
      }
    },
    {
      "type": "Feature",
      "properties": {
        "stato": "APERTA",
        "tipologia": "Valvola a 2 vie",
        "id": 1671,
        "comune": "Pozzolo Formigaro",
        "distretto": null
      },
      "geometry": {
        "type": "Point",
        "coordinates": [
          8.779086077503617,
          44.80020624592238
        ]
      }
    },
    {
      "type": "Feature",
      "properties": {
        "stato": "APERTA",
        "tipologia": "Valvola a 2 vie",
        "id": 1672,
        "comune": "Pozzolo Formigaro",
        "distretto": null
      },
      "geometry": {
        "type": "Point",
        "coordinates": [
          8.776750615300255,
          44.800906994638375
        ]
      }
    },
    {
      "type": "Feature",
      "properties": {
        "stato": "APERTA",
        "tipologia": "Valvola a 2 vie",
        "id": 1673,
        "comune": "Pozzolo Formigaro",
        "distretto": null
      },
      "geometry": {
        "type": "Point",
        "coordinates": [
          8.784570104560474,
          44.79532345365183
        ]
      }
    },
    {
      "type": "Feature",
      "properties": {
        "stato": "APERTA",
        "tipologia": "Valvola a 2 vie",
        "id": 1674,
        "comune": "Pozzolo Formigaro",
        "distretto": null
      },
      "geometry": {
        "type": "Point",
        "coordinates": [
          8.783407036458303,
          44.795443100290335
        ]
      }
    },
    {
      "type": "Feature",
      "properties": {
        "stato": "APERTA",
        "tipologia": "Valvola a 2 vie",
        "id": 1675,
        "comune": "Pozzolo Formigaro",
        "distretto": null
      },
      "geometry": {
        "type": "Point",
        "coordinates": [
          8.772201138692775,
          44.81665703051118
        ]
      }
    },
    {
      "type": "Feature",
      "properties": {
        "stato": "APERTA",
        "tipologia": "Valvola a 2 vie",
        "id": 1677,
        "comune": "Pozzolo Formigaro",
        "distretto": null
      },
      "geometry": {
        "type": "Point",
        "coordinates": [
          8.82349308038122,
          44.806914759154346
        ]
      }
    },
    {
      "type": "Feature",
      "properties": {
        "stato": "APERTA",
        "tipologia": "Valvola a 2 vie",
        "id": 1678,
        "comune": "Pozzolo Formigaro",
        "distretto": null
      },
      "geometry": {
        "type": "Point",
        "coordinates": [
          8.823759082672337,
          44.80944494391731
        ]
      }
    },
    {
      "type": "Feature",
      "properties": {
        "stato": "CHIUSA",
        "tipologia": "Valvola a 2 vie",
        "id": 1679,
        "comune": "Pozzolo Formigaro",
        "distretto": null
      },
      "geometry": {
        "type": "Point",
        "coordinates": [
          8.793339196245592,
          44.81116578477448
        ]
      }
    },
    {
      "type": "Feature",
      "properties": {
        "stato": "APERTA",
        "tipologia": "Valvola a 2 vie",
        "id": 1686,
        "comune": "Pozzolo Formigaro",
        "distretto": null
      },
      "geometry": {
        "type": "Point",
        "coordinates": [
          8.787895699018245,
          44.79236399991985
        ]
      }
    },
    {
      "type": "Feature",
      "properties": {
        "stato": "APERTA",
        "tipologia": "Valvola a 2 vie",
        "id": 1687,
        "comune": "Pozzolo Formigaro",
        "distretto": null
      },
      "geometry": {
        "type": "Point",
        "coordinates": [
          8.782993082910291,
          44.79257313902312
        ]
      }
    },
    {
      "type": "Feature",
      "properties": {
        "stato": "APERTA",
        "tipologia": "Valvola a 2 vie",
        "id": 1688,
        "comune": "Pozzolo Formigaro",
        "distretto": null
      },
      "geometry": {
        "type": "Point",
        "coordinates": [
          8.784008567552076,
          44.792943136019296
        ]
      }
    },
    {
      "type": "Feature",
      "properties": {
        "stato": "APERTA",
        "tipologia": "Valvola a 2 vie",
        "id": 1689,
        "comune": "Pozzolo Formigaro",
        "distretto": null
      },
      "geometry": {
        "type": "Point",
        "coordinates": [
          8.784253342194408,
          44.792795611060264
        ]
      }
    },
    {
      "type": "Feature",
      "properties": {
        "stato": "APERTA",
        "tipologia": "Valvola a 2 vie",
        "id": 1690,
        "comune": "Pozzolo Formigaro",
        "distretto": null
      },
      "geometry": {
        "type": "Point",
        "coordinates": [
          8.786338221236859,
          44.793613309363025
        ]
      }
    },
    {
      "type": "Feature",
      "properties": {
        "stato": "APERTA",
        "tipologia": "Valvola a 2 vie",
        "id": 1692,
        "comune": "Pozzolo Formigaro",
        "distretto": null
      },
      "geometry": {
        "type": "Point",
        "coordinates": [
          8.785588291609715,
          44.79719703642343
        ]
      }
    },
    {
      "type": "Feature",
      "properties": {
        "stato": "APERTA",
        "tipologia": "Valvola a 2 vie",
        "id": 1693,
        "comune": "Pozzolo Formigaro",
        "distretto": null
      },
      "geometry": {
        "type": "Point",
        "coordinates": [
          8.783543245195341,
          44.798110998297574
        ]
      }
    },
    {
      "type": "Feature",
      "properties": {
        "stato": "APERTA",
        "tipologia": "Valvola a 2 vie",
        "id": 1694,
        "comune": "Pozzolo Formigaro",
        "distretto": null
      },
      "geometry": {
        "type": "Point",
        "coordinates": [
          8.7835656373575,
          44.798328210246865
        ]
      }
    },
    {
      "type": "Feature",
      "properties": {
        "stato": "APERTA",
        "tipologia": "Valvola a 2 vie",
        "id": 1695,
        "comune": "Pozzolo Formigaro",
        "distretto": null
      },
      "geometry": {
        "type": "Point",
        "coordinates": [
          8.79113362832233,
          44.80718581419563
        ]
      }
    },
    {
      "type": "Feature",
      "properties": {
        "stato": "APERTA",
        "tipologia": "Valvola a 2 vie",
        "id": 1696,
        "comune": "Pozzolo Formigaro",
        "distretto": null
      },
      "geometry": {
        "type": "Point",
        "coordinates": [
          8.789852825199524,
          44.80451842685073
        ]
      }
    },
    {
      "type": "Feature",
      "properties": {
        "stato": "APERTA",
        "tipologia": "Valvola a 2 vie",
        "id": 1697,
        "comune": "Pozzolo Formigaro",
        "distretto": null
      },
      "geometry": {
        "type": "Point",
        "coordinates": [
          8.789904577004558,
          44.80450328335756
        ]
      }
    },
    {
      "type": "Feature",
      "properties": {
        "stato": "APERTA",
        "tipologia": "Valvola a 2 vie",
        "id": 1698,
        "comune": "Pozzolo Formigaro",
        "distretto": null
      },
      "geometry": {
        "type": "Point",
        "coordinates": [
          8.78871073624569,
          44.800471962847624
        ]
      }
    },
    {
      "type": "Feature",
      "properties": {
        "stato": "APERTA",
        "tipologia": "Valvola a 2 vie",
        "id": 1699,
        "comune": "Pozzolo Formigaro",
        "distretto": null
      },
      "geometry": {
        "type": "Point",
        "coordinates": [
          8.790317349528085,
          44.8004954912735
        ]
      }
    },
    {
      "type": "Feature",
      "properties": {
        "stato": "APERTA",
        "tipologia": "Valvola a 2 vie",
        "id": 1700,
        "comune": "Pozzolo Formigaro",
        "distretto": null
      },
      "geometry": {
        "type": "Point",
        "coordinates": [
          8.788767797156884,
          44.79900011464547
        ]
      }
    },
    {
      "type": "Feature",
      "properties": {
        "stato": "APERTA",
        "tipologia": "Valvola a 2 vie",
        "id": 1701,
        "comune": "Pozzolo Formigaro",
        "distretto": null
      },
      "geometry": {
        "type": "Point",
        "coordinates": [
          8.785158550793263,
          44.7940432034275
        ]
      }
    },
    {
      "type": "Feature",
      "properties": {
        "stato": "APERTA",
        "tipologia": "Valvola a 2 vie",
        "id": 1702,
        "comune": "Pozzolo Formigaro",
        "distretto": null
      },
      "geometry": {
        "type": "Point",
        "coordinates": [
          8.785967108426032,
          44.795047243545326
        ]
      }
    },
    {
      "type": "Feature",
      "properties": {
        "stato": "APERTA",
        "tipologia": "Valvola a 2 vie",
        "id": 1703,
        "comune": "Pozzolo Formigaro",
        "distretto": null
      },
      "geometry": {
        "type": "Point",
        "coordinates": [
          8.790624706658578,
          44.798700296016335
        ]
      }
    },
    {
      "type": "Feature",
      "properties": {
        "stato": "CHIUSA",
        "tipologia": "Valvola a 2 vie",
        "id": 1704,
        "comune": "Pozzolo Formigaro",
        "distretto": null
      },
      "geometry": {
        "type": "Point",
        "coordinates": [
          8.794252713880923,
          44.81117450246383
        ]
      }
    },
    {
      "type": "Feature",
      "properties": {
        "stato": "APERTA",
        "tipologia": "Valvola a 2 vie",
        "id": 1705,
        "comune": "Pozzolo Formigaro",
        "distretto": null
      },
      "geometry": {
        "type": "Point",
        "coordinates": [
          8.793390614488372,
          44.81117393868528
        ]
      }
    },
    {
      "type": "Feature",
      "properties": {
        "stato": "APERTA",
        "tipologia": "Valvola a 2 vie",
        "id": 1706,
        "comune": "Pozzolo Formigaro",
        "distretto": null
      },
      "geometry": {
        "type": "Point",
        "coordinates": [
          8.796984406658806,
          44.81061386113029
        ]
      }
    },
    {
      "type": "Feature",
      "properties": {
        "stato": "CHIUSA",
        "tipologia": "Valvola a 2 vie",
        "id": 1707,
        "comune": "Pozzolo Formigaro",
        "distretto": null
      },
      "geometry": {
        "type": "Point",
        "coordinates": [
          8.801483235631672,
          44.810122509448746
        ]
      }
    },
    {
      "type": "Feature",
      "properties": {
        "stato": "APERTA",
        "tipologia": "Valvola a 2 vie",
        "id": 1708,
        "comune": "Pozzolo Formigaro",
        "distretto": null
      },
      "geometry": {
        "type": "Point",
        "coordinates": [
          8.8175338499251,
          44.80217924059557
        ]
      }
    },
    {
      "type": "Feature",
      "properties": {
        "stato": "APERTA",
        "tipologia": "Valvola a 2 vie",
        "id": 1709,
        "comune": "Pozzolo Formigaro",
        "distretto": null
      },
      "geometry": {
        "type": "Point",
        "coordinates": [
          8.818314689662524,
          44.80532140120423
        ]
      }
    },
    {
      "type": "Feature",
      "properties": {
        "stato": "APERTA",
        "tipologia": "Valvola a 2 vie",
        "id": 1710,
        "comune": "Pozzolo Formigaro",
        "distretto": null
      },
      "geometry": {
        "type": "Point",
        "coordinates": [
          8.818682967006863,
          44.8063470169471
        ]
      }
    },
    {
      "type": "Feature",
      "properties": {
        "stato": "APERTA",
        "tipologia": "Valvola a 2 vie",
        "id": 1712,
        "comune": "Pozzolo Formigaro",
        "distretto": null
      },
      "geometry": {
        "type": "Point",
        "coordinates": [
          8.82980913218987,
          44.807927298063014
        ]
      }
    },
    {
      "type": "Feature",
      "properties": {
        "stato": "APERTA",
        "tipologia": "Valvola a 2 vie",
        "id": 1713,
        "comune": "Pozzolo Formigaro",
        "distretto": null
      },
      "geometry": {
        "type": "Point",
        "coordinates": [
          8.830191396954952,
          44.80797712911344
        ]
      }
    },
    {
      "type": "Feature",
      "properties": {
        "stato": "APERTA",
        "tipologia": "Valvola a 2 vie",
        "id": 1714,
        "comune": "Pozzolo Formigaro",
        "distretto": null
      },
      "geometry": {
        "type": "Point",
        "coordinates": [
          8.78927343335495,
          44.79548914032543
        ]
      }
    },
    {
      "type": "Feature",
      "properties": {
        "stato": "APERTA",
        "tipologia": "Valvola a 2 vie",
        "id": 1715,
        "comune": "Pozzolo Formigaro",
        "distretto": null
      },
      "geometry": {
        "type": "Point",
        "coordinates": [
          8.787979721482401,
          44.795604704133346
        ]
      }
    },
    {
      "type": "Feature",
      "properties": {
        "stato": "APERTA",
        "tipologia": "Valvola a 2 vie",
        "id": 1716,
        "comune": "Pozzolo Formigaro",
        "distretto": null
      },
      "geometry": {
        "type": "Point",
        "coordinates": [
          8.772368781314437,
          44.785000751507475
        ]
      }
    },
    {
      "type": "Feature",
      "properties": {
        "stato": "CHIUSA",
        "tipologia": "Valvola a 2 vie",
        "id": 1717,
        "comune": "Pozzolo Formigaro",
        "distretto": null
      },
      "geometry": {
        "type": "Point",
        "coordinates": [
          8.773339884915837,
          44.78731507611404
        ]
      }
    },
    {
      "type": "Feature",
      "properties": {
        "stato": "APERTA",
        "tipologia": "Valvola a 2 vie",
        "id": 1718,
        "comune": "Pozzolo Formigaro",
        "distretto": null
      },
      "geometry": {
        "type": "Point",
        "coordinates": [
          8.776755216562593,
          44.79414516524178
        ]
      }
    },
    {
      "type": "Feature",
      "properties": {
        "stato": "APERTA",
        "tipologia": "Valvola a 2 vie",
        "id": 1720,
        "comune": "Pozzolo Formigaro",
        "distretto": null
      },
      "geometry": {
        "type": "Point",
        "coordinates": [
          8.777678363886833,
          44.79512574549175
        ]
      }
    },
    {
      "type": "Feature",
      "properties": {
        "stato": "APERTA",
        "tipologia": "Valvola a 2 vie",
        "id": 1721,
        "comune": "Pozzolo Formigaro",
        "distretto": null
      },
      "geometry": {
        "type": "Point",
        "coordinates": [
          8.777653861085346,
          44.795108318718476
        ]
      }
    },
    {
      "type": "Feature",
      "properties": {
        "stato": "APERTA",
        "tipologia": "Valvola a 2 vie",
        "id": 1722,
        "comune": "Pozzolo Formigaro",
        "distretto": null
      },
      "geometry": {
        "type": "Point",
        "coordinates": [
          8.77771508587947,
          44.79176838321091
        ]
      }
    },
    {
      "type": "Feature",
      "properties": {
        "stato": "APERTA",
        "tipologia": "Valvola a 2 vie",
        "id": 1723,
        "comune": "Pozzolo Formigaro",
        "distretto": null
      },
      "geometry": {
        "type": "Point",
        "coordinates": [
          8.778357129324208,
          44.79196156014334
        ]
      }
    },
    {
      "type": "Feature",
      "properties": {
        "stato": "APERTA",
        "tipologia": "Valvola a 2 vie",
        "id": 1724,
        "comune": "Pozzolo Formigaro",
        "distretto": null
      },
      "geometry": {
        "type": "Point",
        "coordinates": [
          8.778281067434614,
          44.79195431377209
        ]
      }
    },
    {
      "type": "Feature",
      "properties": {
        "stato": "APERTA",
        "tipologia": "Valvola a 2 vie",
        "id": 1725,
        "comune": "Pozzolo Formigaro",
        "distretto": null
      },
      "geometry": {
        "type": "Point",
        "coordinates": [
          8.779654798878692,
          44.79533405082475
        ]
      }
    },
    {
      "type": "Feature",
      "properties": {
        "stato": "APERTA",
        "tipologia": "Valvola a 2 vie",
        "id": 1726,
        "comune": "Pozzolo Formigaro",
        "distretto": null
      },
      "geometry": {
        "type": "Point",
        "coordinates": [
          8.77879095745036,
          44.80032674514715
        ]
      }
    },
    {
      "type": "Feature",
      "properties": {
        "stato": "CHIUSA",
        "tipologia": "Valvola a 2 vie",
        "id": 1727,
        "comune": "Pozzolo Formigaro",
        "distretto": null
      },
      "geometry": {
        "type": "Point",
        "coordinates": [
          8.774880698398217,
          44.80197649145749
        ]
      }
    },
    {
      "type": "Feature",
      "properties": {
        "stato": "APERTA",
        "tipologia": "Valvola a 2 vie",
        "id": 1728,
        "comune": "Pozzolo Formigaro",
        "distretto": null
      },
      "geometry": {
        "type": "Point",
        "coordinates": [
          8.774927427720328,
          44.802005586909466
        ]
      }
    },
    {
      "type": "Feature",
      "properties": {
        "stato": "APERTA",
        "tipologia": "Valvola a 2 vie",
        "id": 1729,
        "comune": "Pozzolo Formigaro",
        "distretto": null
      },
      "geometry": {
        "type": "Point",
        "coordinates": [
          8.779956057692063,
          44.80247427748443
        ]
      }
    },
    {
      "type": "Feature",
      "properties": {
        "stato": "APERTA",
        "tipologia": "Valvola a 2 vie",
        "id": 1730,
        "comune": "Pozzolo Formigaro",
        "distretto": null
      },
      "geometry": {
        "type": "Point",
        "coordinates": [
          8.780612851477228,
          44.80566751419003
        ]
      }
    },
    {
      "type": "Feature",
      "properties": {
        "stato": "APERTA",
        "tipologia": "Valvola a 2 vie",
        "id": 1731,
        "comune": "Pozzolo Formigaro",
        "distretto": null
      },
      "geometry": {
        "type": "Point",
        "coordinates": [
          8.78004293164801,
          44.80998882731209
        ]
      }
    },
    {
      "type": "Feature",
      "properties": {
        "stato": "APERTA",
        "tipologia": "Valvola a 2 vie",
        "id": 1732,
        "comune": "Pozzolo Formigaro",
        "distretto": null
      },
      "geometry": {
        "type": "Point",
        "coordinates": [
          8.7740255391272,
          44.82247591014244
        ]
      }
    },
    {
      "type": "Feature",
      "properties": {
        "stato": "APERTA",
        "tipologia": "Valvola a 2 vie",
        "id": 1733,
        "comune": "Pozzolo Formigaro",
        "distretto": null
      },
      "geometry": {
        "type": "Point",
        "coordinates": [
          8.773971372702814,
          44.82247339312766
        ]
      }
    },
    {
      "type": "Feature",
      "properties": {
        "stato": "APERTA",
        "tipologia": "Valvola a 2 vie",
        "id": 1734,
        "comune": "Pozzolo Formigaro",
        "distretto": null
      },
      "geometry": {
        "type": "Point",
        "coordinates": [
          8.778494530797413,
          44.82705176447338
        ]
      }
    },
    {
      "type": "Feature",
      "properties": {
        "stato": "APERTA",
        "tipologia": "Valvola a 2 vie",
        "id": 1735,
        "comune": "Pozzolo Formigaro",
        "distretto": null
      },
      "geometry": {
        "type": "Point",
        "coordinates": [
          8.77871767111808,
          44.827164890239004
        ]
      }
    },
    {
      "type": "Feature",
      "properties": {
        "stato": "APERTA",
        "tipologia": "Valvola a 2 vie",
        "id": 1736,
        "comune": "Pozzolo Formigaro",
        "distretto": null
      },
      "geometry": {
        "type": "Point",
        "coordinates": [
          8.77876002161238,
          44.827190791821735
        ]
      }
    },
    {
      "type": "Feature",
      "properties": {
        "stato": "APERTA",
        "tipologia": "Valvola a 2 vie",
        "id": 1737,
        "comune": "Pozzolo Formigaro",
        "distretto": null
      },
      "geometry": {
        "type": "Point",
        "coordinates": [
          8.778764509700704,
          44.82715568595053
        ]
      }
    },
    {
      "type": "Feature",
      "properties": {
        "stato": "APERTA",
        "tipologia": "Valvola a 2 vie",
        "id": 1738,
        "comune": "Pozzolo Formigaro",
        "distretto": null
      },
      "geometry": {
        "type": "Point",
        "coordinates": [
          8.7799177314275,
          44.82551872648871
        ]
      }
    },
    {
      "type": "Feature",
      "properties": {
        "stato": "APERTA",
        "tipologia": "Valvola a 2 vie",
        "id": 1739,
        "comune": "Pozzolo Formigaro",
        "distretto": null
      },
      "geometry": {
        "type": "Point",
        "coordinates": [
          8.777941295188496,
          44.82810344517321
        ]
      }
    },
    {
      "type": "Feature",
      "properties": {
        "stato": "APERTA",
        "tipologia": "Valvola a 2 vie",
        "id": 1745,
        "comune": "Pozzolo Formigaro",
        "distretto": null
      },
      "geometry": {
        "type": "Point",
        "coordinates": [
          8.77251741830118,
          44.82751808836394
        ]
      }
    },
    {
      "type": "Feature",
      "properties": {
        "stato": "APERTA",
        "tipologia": "Valvola a 2 vie",
        "id": 1746,
        "comune": "Pozzolo Formigaro",
        "distretto": null
      },
      "geometry": {
        "type": "Point",
        "coordinates": [
          8.77252744100927,
          44.827480962281264
        ]
      }
    },
    {
      "type": "Feature",
      "properties": {
        "stato": "APERTA",
        "tipologia": "Valvola a 2 vie",
        "id": 1976,
        "comune": "Pozzolo Formigaro",
        "distretto": null
      },
      "geometry": {
        "type": "Point",
        "coordinates": [
          8.780750157929125,
          44.790263115413055
        ]
      }
    },
    {
      "type": "Feature",
      "properties": {
        "stato": "CHIUSA",
        "tipologia": "Valvola a 2 vie",
        "id": 1977,
        "comune": "Pozzolo Formigaro",
        "distretto": "DNL01"
      },
      "geometry": {
        "type": "Point",
        "coordinates": [
          8.779493893834879,
          44.79064980705753
        ]
      }
    },
    {
      "type": "Feature",
      "properties": {
        "stato": "APERTA",
        "tipologia": "Valvola a 2 vie",
        "id": 1985,
        "comune": "Pozzolo Formigaro",
        "distretto": null
      },
      "geometry": {
        "type": "Point",
        "coordinates": [
          8.789820631769722,
          44.79128584807997
        ]
      }
    },
    {
      "type": "Feature",
      "properties": {
        "stato": "APERTA",
        "tipologia": "Valvola a 2 vie",
        "id": 1986,
        "comune": "Pozzolo Formigaro",
        "distretto": null
      },
      "geometry": {
        "type": "Point",
        "coordinates": [
          8.789836469553569,
          44.79077694260505
        ]
      }
    },
    {
      "type": "Feature",
      "properties": {
        "stato": "APERTA",
        "tipologia": "Valvola a 2 vie",
        "id": 1987,
        "comune": "Pozzolo Formigaro",
        "distretto": null
      },
      "geometry": {
        "type": "Point",
        "coordinates": [
          8.789003520636772,
          44.7917438067187
        ]
      }
    },
    {
      "type": "Feature",
      "properties": {
        "stato": "APERTA",
        "tipologia": "Valvola a 2 vie",
        "id": 2002,
        "comune": "Pozzolo Formigaro",
        "distretto": null
      },
      "geometry": {
        "type": "Point",
        "coordinates": [
          8.784111436432005,
          44.793811488983195
        ]
      }
    },
    {
      "type": "Feature",
      "properties": {
        "stato": "APERTA",
        "tipologia": "Valvola a 2 vie",
        "id": 2003,
        "comune": "Pozzolo Formigaro",
        "distretto": null
      },
      "geometry": {
        "type": "Point",
        "coordinates": [
          8.782858540527684,
          44.79325559578073
        ]
      }
    },
    {
      "type": "Feature",
      "properties": {
        "stato": "APERTA",
        "tipologia": "Valvola a 2 vie",
        "id": 2004,
        "comune": "Pozzolo Formigaro",
        "distretto": null
      },
      "geometry": {
        "type": "Point",
        "coordinates": [
          8.782781879067704,
          44.79327061504119
        ]
      }
    },
    {
      "type": "Feature",
      "properties": {
        "stato": "APERTA",
        "tipologia": "Valvola a 2 vie",
        "id": 2005,
        "comune": "Pozzolo Formigaro",
        "distretto": null
      },
      "geometry": {
        "type": "Point",
        "coordinates": [
          8.782515481000178,
          44.792841809537464
        ]
      }
    },
    {
      "type": "Feature",
      "properties": {
        "stato": "APERTA",
        "tipologia": "Valvola a 2 vie",
        "id": 2216,
        "comune": "Pozzolo Formigaro",
        "distretto": null
      },
      "geometry": {
        "type": "Point",
        "coordinates": [
          8.779272785222794,
          44.79278359735461
        ]
      }
    },
    {
      "type": "Feature",
      "properties": {
        "stato": "APERTA",
        "tipologia": "Valvola a 2 vie",
        "id": 2224,
        "comune": "Pozzolo Formigaro",
        "distretto": null
      },
      "geometry": {
        "type": "Point",
        "coordinates": [
          8.77941070391936,
          44.802342370056834
        ]
      }
    },
    {
      "type": "Feature",
      "properties": {
        "stato": "APERTA",
        "tipologia": "Valvola a 2 vie",
        "id": 2225,
        "comune": "Pozzolo Formigaro",
        "distretto": null
      },
      "geometry": {
        "type": "Point",
        "coordinates": [
          8.780592519766822,
          44.8029682839505
        ]
      }
    },
    {
      "type": "Feature",
      "properties": {
        "stato": "APERTA",
        "tipologia": "Valvola a 2 vie",
        "id": 2226,
        "comune": "Pozzolo Formigaro",
        "distretto": null
      },
      "geometry": {
        "type": "Point",
        "coordinates": [
          8.781649409987997,
          44.80362332022072
        ]
      }
    },
    {
      "type": "Feature",
      "properties": {
        "stato": "APERTA",
        "tipologia": "Valvola a 2 vie",
        "id": 2228,
        "comune": "Pozzolo Formigaro",
        "distretto": null
      },
      "geometry": {
        "type": "Point",
        "coordinates": [
          8.781674747601507,
          44.80365510913273
        ]
      }
    },
    {
      "type": "Feature",
      "properties": {
        "stato": "APERTA",
        "tipologia": "Valvola a 2 vie",
        "id": 2229,
        "comune": "Pozzolo Formigaro",
        "distretto": null
      },
      "geometry": {
        "type": "Point",
        "coordinates": [
          8.781491610144508,
          44.80421376592229
        ]
      }
    },
    {
      "type": "Feature",
      "properties": {
        "stato": "APERTA",
        "tipologia": "Valvola a 2 vie",
        "id": 2230,
        "comune": "Pozzolo Formigaro",
        "distretto": null
      },
      "geometry": {
        "type": "Point",
        "coordinates": [
          8.781687957621475,
          44.803600506323974
        ]
      }
    },
    {
      "type": "Feature",
      "properties": {
        "stato": "APERTA",
        "tipologia": "Valvola a 2 vie",
        "id": 2231,
        "comune": "Pozzolo Formigaro",
        "distretto": null
      },
      "geometry": {
        "type": "Point",
        "coordinates": [
          8.781516609841638,
          44.8042482256513
        ]
      }
    },
    {
      "type": "Feature",
      "properties": {
        "stato": "CHIUSA",
        "tipologia": "Valvola a 2 vie",
        "id": 2232,
        "comune": "Pozzolo Formigaro",
        "distretto": null
      },
      "geometry": {
        "type": "Point",
        "coordinates": [
          8.783182185168318,
          44.79979650276313
        ]
      }
    },
    {
      "type": "Feature",
      "properties": {
        "stato": "APERTA",
        "tipologia": "Valvola a 2 vie",
        "id": 2233,
        "comune": "Pozzolo Formigaro",
        "distretto": null
      },
      "geometry": {
        "type": "Point",
        "coordinates": [
          8.78313640550641,
          44.79977552602513
        ]
      }
    },
    {
      "type": "Feature",
      "properties": {
        "stato": "APERTA",
        "tipologia": "Valvola a 2 vie",
        "id": 2235,
        "comune": "Pozzolo Formigaro",
        "distretto": null
      },
      "geometry": {
        "type": "Point",
        "coordinates": [
          8.786914268252263,
          44.790751127871694
        ]
      }
    },
    {
      "type": "Feature",
      "properties": {
        "stato": "APERTA",
        "tipologia": "Valvola a 2 vie",
        "id": 2236,
        "comune": "Pozzolo Formigaro",
        "distretto": null
      },
      "geometry": {
        "type": "Point",
        "coordinates": [
          8.787953246781333,
          44.7905925318014
        ]
      }
    },
    {
      "type": "Feature",
      "properties": {
        "stato": "APERTA",
        "tipologia": "Valvola a 2 vie",
        "id": 2239,
        "comune": "Pozzolo Formigaro",
        "distretto": null
      },
      "geometry": {
        "type": "Point",
        "coordinates": [
          8.787751060134184,
          44.79060920747816
        ]
      }
    },
    {
      "type": "Feature",
      "properties": {
        "stato": "APERTA",
        "tipologia": "Valvola a 2 vie",
        "id": 2240,
        "comune": "Pozzolo Formigaro",
        "distretto": null
      },
      "geometry": {
        "type": "Point",
        "coordinates": [
          8.78882866586667,
          44.79041722996146
        ]
      }
    },
    {
      "type": "Feature",
      "properties": {
        "stato": "APERTA",
        "tipologia": "Valvola a 2 vie",
        "id": 2241,
        "comune": "Pozzolo Formigaro",
        "distretto": null
      },
      "geometry": {
        "type": "Point",
        "coordinates": [
          8.787319178414728,
          44.789645608400235
        ]
      }
    },
    {
      "type": "Feature",
      "properties": {
        "stato": "APERTA",
        "tipologia": "Valvola a 2 vie",
        "id": 2273,
        "comune": "Pozzolo Formigaro",
        "distretto": null
      },
      "geometry": {
        "type": "Point",
        "coordinates": [
          8.78689593680504,
          44.79927655178542
        ]
      }
    },
    {
      "type": "Feature",
      "properties": {
        "stato": "APERTA",
        "tipologia": "Valvola a 2 vie",
        "id": 2274,
        "comune": "Pozzolo Formigaro",
        "distretto": null
      },
      "geometry": {
        "type": "Point",
        "coordinates": [
          8.787567126438022,
          44.79947203861298
        ]
      }
    },
    {
      "type": "Feature",
      "properties": {
        "stato": "APERTA",
        "tipologia": "Valvola a 2 vie",
        "id": 2275,
        "comune": "Pozzolo Formigaro",
        "distretto": null
      },
      "geometry": {
        "type": "Point",
        "coordinates": [
          8.787915355532347,
          44.7996656688926
        ]
      }
    },
    {
      "type": "Feature",
      "properties": {
        "stato": "APERTA",
        "tipologia": "Valvola a 2 vie",
        "id": 2276,
        "comune": "Pozzolo Formigaro",
        "distretto": null
      },
      "geometry": {
        "type": "Point",
        "coordinates": [
          8.788182509348196,
          44.799854078190435
        ]
      }
    },
    {
      "type": "Feature",
      "properties": {
        "stato": "APERTA",
        "tipologia": "Valvola a 2 vie",
        "id": 2277,
        "comune": "Pozzolo Formigaro",
        "distretto": null
      },
      "geometry": {
        "type": "Point",
        "coordinates": [
          8.78817369876128,
          44.799871484519066
        ]
      }
    },
    {
      "type": "Feature",
      "properties": {
        "stato": "APERTA",
        "tipologia": "Valvola a 2 vie",
        "id": 2766,
        "comune": "Pozzolo Formigaro",
        "distretto": null
      },
      "geometry": {
        "type": "Point",
        "coordinates": [
          8.785144097550303,
          44.79048208133818
        ]
      }
    },
    {
      "type": "Feature",
      "properties": {
        "stato": "APERTA",
        "tipologia": "Valvola a 2 vie",
        "id": 2767,
        "comune": "Pozzolo Formigaro",
        "distretto": null
      },
      "geometry": {
        "type": "Point",
        "coordinates": [
          8.776088116405086,
          44.80823437393803
        ]
      }
    },
    {
      "type": "Feature",
      "properties": {
        "stato": "APERTA",
        "tipologia": "Valvola a 2 vie",
        "id": 2768,
        "comune": "Pozzolo Formigaro",
        "distretto": null
      },
      "geometry": {
        "type": "Point",
        "coordinates": [
          8.7754230535756,
          44.806699533576854
        ]
      }
    },
    {
      "type": "Feature",
      "properties": {
        "stato": "APERTA",
        "tipologia": "Valvola a 2 vie",
        "id": 2769,
        "comune": "Pozzolo Formigaro",
        "distretto": null
      },
      "geometry": {
        "type": "Point",
        "coordinates": [
          8.77663741307121,
          44.80325081505823
        ]
      }
    },
    {
      "type": "Feature",
      "properties": {
        "stato": "APERTA",
        "tipologia": "Valvola a 2 vie",
        "id": 5776,
        "comune": "Pozzolo Formigaro",
        "distretto": null
      },
      "geometry": {
        "type": "Point",
        "coordinates": [
          8.79556227939713,
          44.810854584813534
        ]
      }
    },
    {
      "type": "Feature",
      "properties": {
        "stato": "APERTA",
        "tipologia": "Valvola a 2 vie",
        "id": 5777,
        "comune": "Pozzolo Formigaro",
        "distretto": null
      },
      "geometry": {
        "type": "Point",
        "coordinates": [
          8.780104602985967,
          44.80992429718289
        ]
      }
    },
    {
      "type": "Feature",
      "properties": {
        "stato": "APERTA",
        "tipologia": "Valvola a 2 vie",
        "id": 6087,
        "comune": "Pozzolo Formigaro",
        "distretto": null
      },
      "geometry": {
        "type": "Point",
        "coordinates": [
          8.788495571481569,
          44.79679797769356
        ]
      }
    },
    {
      "type": "Feature",
      "properties": {
        "stato": "APERTA",
        "tipologia": "Valvola a 2 vie",
        "id": 6088,
        "comune": "Pozzolo Formigaro",
        "distretto": null
      },
      "geometry": {
        "type": "Point",
        "coordinates": [
          8.788383703064628,
          44.79645487139565
        ]
      }
    },
    {
      "type": "Feature",
      "properties": {
        "stato": "APERTA",
        "tipologia": "Valvola a 2 vie",
        "id": 6089,
        "comune": "Pozzolo Formigaro",
        "distretto": null
      },
      "geometry": {
        "type": "Point",
        "coordinates": [
          8.788283758298016,
          44.796240314933506
        ]
      }
    },
    {
      "type": "Feature",
      "properties": {
        "stato": "APERTA",
        "tipologia": "Valvola a 2 vie",
        "id": 6303,
        "comune": "Pozzolo Formigaro",
        "distretto": null
      },
      "geometry": {
        "type": "Point",
        "coordinates": [
          8.794228683992031,
          44.81109605946379
        ]
      }
    },
    {
      "type": "Feature",
      "properties": {
        "stato": "APERTA",
        "tipologia": "Valvola a 2 vie",
        "id": 6304,
        "comune": "Pozzolo Formigaro",
        "distretto": null
      },
      "geometry": {
        "type": "Point",
        "coordinates": [
          8.794757587658724,
          44.811018222685924
        ]
      }
    },
    {
      "type": "Feature",
      "properties": {
        "stato": "APERTA",
        "tipologia": "Valvola a 2 vie",
        "id": 6312,
        "comune": "Pozzolo Formigaro",
        "distretto": null
      },
      "geometry": {
        "type": "Point",
        "coordinates": [
          8.789144700214072,
          44.79509740834889
        ]
      }
    },
    {
      "type": "Feature",
      "properties": {
        "stato": "CHIUSA",
        "tipologia": "Valvola a 2 vie",
        "id": 6313,
        "comune": "Pozzolo Formigaro",
        "distretto": null
      },
      "geometry": {
        "type": "Point",
        "coordinates": [
          8.78859360320726,
          44.792933334923454
        ]
      }
    },
    {
      "type": "Feature",
      "properties": {
        "stato": "APERTA",
        "tipologia": "Valvola a 2 vie",
        "id": 6317,
        "comune": "Pozzolo Formigaro",
        "distretto": null
      },
      "geometry": {
        "type": "Point",
        "coordinates": [
          8.789589195212173,
          44.798834488252005
        ]
      }
    },
    {
      "type": "Feature",
      "properties": {
        "stato": "APERTA",
        "tipologia": "Valvola a 2 vie",
        "id": 6318,
        "comune": "Pozzolo Formigaro",
        "distretto": null
      },
      "geometry": {
        "type": "Point",
        "coordinates": [
          8.789578817969794,
          44.79884191204678
        ]
      }
    },
    {
      "type": "Feature",
      "properties": {
        "stato": "APERTA",
        "tipologia": "Valvola a 2 vie",
        "id": 6319,
        "comune": "Pozzolo Formigaro",
        "distretto": null
      },
      "geometry": {
        "type": "Point",
        "coordinates": [
          8.789624264299457,
          44.79887502058297
        ]
      }
    },
    {
      "type": "Feature",
      "properties": {
        "stato": "CHIUSA",
        "tipologia": "Valvola a 2 vie",
        "id": 6320,
        "comune": "Pozzolo Formigaro",
        "distretto": null
      },
      "geometry": {
        "type": "Point",
        "coordinates": [
          8.791387931995777,
          44.8004375958169
        ]
      }
    },
    {
      "type": "Feature",
      "properties": {
        "stato": "CHIUSA",
        "tipologia": "Valvola a 2 vie",
        "id": 6321,
        "comune": "Pozzolo Formigaro",
        "distretto": null
      },
      "geometry": {
        "type": "Point",
        "coordinates": [
          8.7915684575189,
          44.801173235406445
        ]
      }
    },
    {
      "type": "Feature",
      "properties": {
        "stato": "APERTA",
        "tipologia": "Valvola a 2 vie",
        "id": 6322,
        "comune": "Pozzolo Formigaro",
        "distretto": null
      },
      "geometry": {
        "type": "Point",
        "coordinates": [
          8.789179433547401,
          44.79505538379331
        ]
      }
    },
    {
      "type": "Feature",
      "properties": {
        "stato": "APERTA",
        "tipologia": "Valvola a 2 vie",
        "id": 6323,
        "comune": "Pozzolo Formigaro",
        "distretto": null
      },
      "geometry": {
        "type": "Point",
        "coordinates": [
          8.78892368976963,
          44.79494492279326
        ]
      }
    },
    {
      "type": "Feature",
      "properties": {
        "stato": "APERTA",
        "tipologia": "Valvola a 2 vie",
        "id": 6346,
        "comune": "Pozzolo Formigaro",
        "distretto": null
      },
      "geometry": {
        "type": "Point",
        "coordinates": [
          8.79174597694478,
          44.80694980527336
        ]
      }
    },
    {
      "type": "Feature",
      "properties": {
        "stato": "APERTA",
        "tipologia": "Valvola a 2 vie",
        "id": 6347,
        "comune": "Pozzolo Formigaro",
        "distretto": null
      },
      "geometry": {
        "type": "Point",
        "coordinates": [
          8.791767914290402,
          44.806956662121515
        ]
      }
    },
    {
      "type": "Feature",
      "properties": {
        "stato": "APERTA",
        "tipologia": "Valvola a 2 vie",
        "id": 6396,
        "comune": "Pozzolo Formigaro",
        "distretto": null
      },
      "geometry": {
        "type": "Point",
        "coordinates": [
          8.78104962944732,
          44.79305924014961
        ]
      }
    },
    {
      "type": "Feature",
      "properties": {
        "stato": "APERTA",
        "tipologia": "Valvola a 2 vie",
        "id": 6448,
        "comune": "Pozzolo Formigaro",
        "distretto": null
      },
      "geometry": {
        "type": "Point",
        "coordinates": [
          8.791162429436275,
          44.80690394435171
        ]
      }
    },
    {
      "type": "Feature",
      "properties": {
        "stato": "APERTA",
        "tipologia": "Valvola a 2 vie",
        "id": 6983,
        "comune": "Pozzolo Formigaro",
        "distretto": null
      },
      "geometry": {
        "type": "Point",
        "coordinates": [
          8.798132685325529,
          44.79643276001582
        ]
      }
    },
    {
      "type": "Feature",
      "properties": {
        "stato": "APERTA",
        "tipologia": "Valvola a 2 vie",
        "id": 6984,
        "comune": "Pozzolo Formigaro",
        "distretto": null
      },
      "geometry": {
        "type": "Point",
        "coordinates": [
          8.798597966103323,
          44.79640552357138
        ]
      }
    },
    {
      "type": "Feature",
      "properties": {
        "stato": "CHIUSA",
        "tipologia": "Valvola a 2 vie",
        "id": 7661,
        "comune": "Pozzolo Formigaro",
        "distretto": null
      },
      "geometry": {
        "type": "Point",
        "coordinates": [
          8.829688329832214,
          44.80775718266819
        ]
      }
    },
    {
      "type": "Feature",
      "properties": {
        "stato": "APERTA",
        "tipologia": "Valvola a 2 vie",
        "id": 7662,
        "comune": "Pozzolo Formigaro",
        "distretto": null
      },
      "geometry": {
        "type": "Point",
        "coordinates": [
          8.823525571543987,
          44.80691333024861
        ]
      }
    },
    {
      "type": "Feature",
      "properties": {
        "stato": "APERTA",
        "tipologia": "Valvola a 2 vie",
        "id": 7740,
        "comune": "Pozzolo Formigaro",
        "distretto": null
      },
      "geometry": {
        "type": "Point",
        "coordinates": [
          8.83360218368829,
          44.803671933017576
        ]
      }
    },
    {
      "type": "Feature",
      "properties": {
        "stato": "APERTA",
        "tipologia": "Valvola a 2 vie",
        "id": 7741,
        "comune": "Pozzolo Formigaro",
        "distretto": null
      },
      "geometry": {
        "type": "Point",
        "coordinates": [
          8.833593088132725,
          44.80376644690646
        ]
      }
    },
    {
      "type": "Feature",
      "properties": {
        "stato": "APERTA",
        "tipologia": "Valvola a 2 vie",
        "id": 7742,
        "comune": "Pozzolo Formigaro",
        "distretto": null
      },
      "geometry": {
        "type": "Point",
        "coordinates": [
          8.83352903376095,
          44.80464772578562
        ]
      }
    },
    {
      "type": "Feature",
      "properties": {
        "stato": "APERTA",
        "tipologia": "Valvola a 2 vie",
        "id": 7743,
        "comune": "Pozzolo Formigaro",
        "distretto": null
      },
      "geometry": {
        "type": "Point",
        "coordinates": [
          8.833120729799372,
          44.808751471463225
        ]
      }
    },
    {
      "type": "Feature",
      "properties": {
        "stato": "CHIUSA",
        "tipologia": "Valvola a 2 vie",
        "id": 8022,
        "comune": "Pozzolo Formigaro",
        "distretto": null
      },
      "geometry": {
        "type": "Point",
        "coordinates": [
          8.792958431859002,
          44.78945836859194
        ]
      }
    },
    {
      "type": "Feature",
      "properties": {
        "stato": "APERTA",
        "tipologia": "Valvola a 2 vie",
        "id": 8048,
        "comune": "Pozzolo Formigaro",
        "distretto": null
      },
      "geometry": {
        "type": "Point",
        "coordinates": [
          8.778049488748193,
          44.79594418452603
        ]
      }
    },
    {
      "type": "Feature",
      "properties": {
        "stato": "APERTA",
        "tipologia": "Valvola a 2 vie",
        "id": 8049,
        "comune": "Pozzolo Formigaro",
        "distretto": null
      },
      "geometry": {
        "type": "Point",
        "coordinates": [
          8.7780056152282,
          44.79595756161063
        ]
      }
    },
    {
      "type": "Feature",
      "properties": {
        "stato": "APERTA",
        "tipologia": "Valvola a 2 vie",
        "id": 8061,
        "comune": "Pozzolo Formigaro",
        "distretto": null
      },
      "geometry": {
        "type": "Point",
        "coordinates": [
          8.787865186658472,
          44.79244551879266
        ]
      }
    },
    {
      "type": "Feature",
      "properties": {
        "stato": "CHIUSA",
        "tipologia": "Valvola a 2 vie",
        "id": 8062,
        "comune": "Pozzolo Formigaro",
        "distretto": null
      },
      "geometry": {
        "type": "Point",
        "coordinates": [
          8.780710867649502,
          44.7903424733621
        ]
      }
    },
    {
      "type": "Feature",
      "properties": {
        "stato": "APERTA",
        "tipologia": "Valvola a 2 vie",
        "id": 8073,
        "comune": "Pozzolo Formigaro",
        "distretto": null
      },
      "geometry": {
        "type": "Point",
        "coordinates": [
          8.78515137835207,
          44.79049843982053
        ]
      }
    },
    {
      "type": "Feature",
      "properties": {
        "stato": "CHIUSA",
        "tipologia": "Valvola a 2 vie",
        "id": 8074,
        "comune": "Pozzolo Formigaro",
        "distretto": null
      },
      "geometry": {
        "type": "Point",
        "coordinates": [
          8.78515950624414,
          44.7905079393795
        ]
      }
    },
    {
      "type": "Feature",
      "properties": {
        "stato": "APERTA",
        "tipologia": "Valvola a 2 vie",
        "id": 8075,
        "comune": "Pozzolo Formigaro",
        "distretto": null
      },
      "geometry": {
        "type": "Point",
        "coordinates": [
          8.785164832697943,
          44.790514296639216
        ]
      }
    },
    {
      "type": "Feature",
      "properties": {
        "stato": "APERTA",
        "tipologia": "Valvola a 2 vie",
        "id": 8076,
        "comune": "Pozzolo Formigaro",
        "distretto": null
      },
      "geometry": {
        "type": "Point",
        "coordinates": [
          8.785551369304708,
          44.7902026297192
        ]
      }
    },
    {
      "type": "Feature",
      "properties": {
        "stato": "APERTA",
        "tipologia": "Valvola a 2 vie",
        "id": 8077,
        "comune": "Pozzolo Formigaro",
        "distretto": null
      },
      "geometry": {
        "type": "Point",
        "coordinates": [
          8.786470438142036,
          44.7893319257104
        ]
      }
    },
    {
      "type": "Feature",
      "properties": {
        "stato": "APERTA",
        "tipologia": "Valvola a 2 vie",
        "id": 8078,
        "comune": "Pozzolo Formigaro",
        "distretto": null
      },
      "geometry": {
        "type": "Point",
        "coordinates": [
          8.78659318894403,
          44.789188825235364
        ]
      }
    },
    {
      "type": "Feature",
      "properties": {
        "stato": "APERTA",
        "tipologia": "Valvola a 2 vie",
        "id": 8079,
        "comune": "Pozzolo Formigaro",
        "distretto": null
      },
      "geometry": {
        "type": "Point",
        "coordinates": [
          8.78722453411126,
          44.78842115688572
        ]
      }
    },
    {
      "type": "Feature",
      "properties": {
        "stato": "CHIUSA",
        "tipologia": "Valvola a 2 vie",
        "id": 8080,
        "comune": "Pozzolo Formigaro",
        "distretto": null
      },
      "geometry": {
        "type": "Point",
        "coordinates": [
          8.787230433698925,
          44.78842058693349
        ]
      }
    },
    {
      "type": "Feature",
      "properties": {
        "stato": "APERTA",
        "tipologia": "Valvola a 2 vie",
        "id": 8081,
        "comune": "Pozzolo Formigaro",
        "distretto": null
      },
      "geometry": {
        "type": "Point",
        "coordinates": [
          8.78790752966468,
          44.7860012720384
        ]
      }
    },
    {
      "type": "Feature",
      "properties": {
        "stato": "APERTA",
        "tipologia": "Valvola a 2 vie",
        "id": 8082,
        "comune": "Pozzolo Formigaro",
        "distretto": null
      },
      "geometry": {
        "type": "Point",
        "coordinates": [
          8.787939455408297,
          44.786003153525485
        ]
      }
    },
    {
      "type": "Feature",
      "properties": {
        "stato": "APERTA",
        "tipologia": "Valvola a 2 vie",
        "id": 8083,
        "comune": "Pozzolo Formigaro",
        "distretto": null
      },
      "geometry": {
        "type": "Point",
        "coordinates": [
          8.786366476550587,
          44.78906677178581
        ]
      }
    },
    {
      "type": "Feature",
      "properties": {
        "stato": "APERTA",
        "tipologia": "Valvola a 2 vie",
        "id": 8084,
        "comune": "Pozzolo Formigaro",
        "distretto": null
      },
      "geometry": {
        "type": "Point",
        "coordinates": [
          8.786373923141872,
          44.78906493255953
        ]
      }
    },
    {
      "type": "Feature",
      "properties": {
        "stato": "APERTA",
        "tipologia": "Valvola a 2 vie",
        "id": 8122,
        "comune": "Pozzolo Formigaro",
        "distretto": null
      },
      "geometry": {
        "type": "Point",
        "coordinates": [
          8.777795065556049,
          44.80272344878455
        ]
      }
    },
    {
      "type": "Feature",
      "properties": {
        "stato": "APERTA",
        "tipologia": "Valvola a 2 vie",
        "id": 8123,
        "comune": "Pozzolo Formigaro",
        "distretto": null
      },
      "geometry": {
        "type": "Point",
        "coordinates": [
          8.77664414775359,
          44.8032536931771
        ]
      }
    },
    {
      "type": "Feature",
      "properties": {
        "stato": "APERTA",
        "tipologia": "Valvola a 2 vie",
        "id": 8135,
        "comune": "Pozzolo Formigaro",
        "distretto": null
      },
      "geometry": {
        "type": "Point",
        "coordinates": [
          8.788089814421864,
          44.78728230902081
        ]
      }
    },
    {
      "type": "Feature",
      "properties": {
        "stato": "APERTA",
        "tipologia": "Valvola a 2 vie",
        "id": 8136,
        "comune": "Pozzolo Formigaro",
        "distretto": null
      },
      "geometry": {
        "type": "Point",
        "coordinates": [
          8.788210334464322,
          44.787331366347
        ]
      }
    },
    {
      "type": "Feature",
      "properties": {
        "stato": "APERTA",
        "tipologia": "Valvola a 2 vie",
        "id": 8430,
        "comune": "Pozzolo Formigaro",
        "distretto": null
      },
      "geometry": {
        "type": "Point",
        "coordinates": [
          8.798137466032255,
          44.816998977468536
        ]
      }
    },
    {
      "type": "Feature",
      "properties": {
        "stato": "APERTA",
        "tipologia": "Valvola a 2 vie",
        "id": 8966,
        "comune": "Pozzolo Formigaro",
        "distretto": null
      },
      "geometry": {
        "type": "Point",
        "coordinates": [
          8.789735151954005,
          44.791590200550345
        ]
      }
    },
    {
      "type": "Feature",
      "properties": {
        "stato": "APERTA",
        "tipologia": "Valvola a 2 vie",
        "id": 8970,
        "comune": "Pozzolo Formigaro",
        "distretto": null
      },
      "geometry": {
        "type": "Point",
        "coordinates": [
          8.779832890122286,
          44.79576500806748
        ]
      }
    },
    {
      "type": "Feature",
      "properties": {
        "stato": "APERTA",
        "tipologia": "Valvola a 2 vie",
        "id": 8971,
        "comune": "Pozzolo Formigaro",
        "distretto": null
      },
      "geometry": {
        "type": "Point",
        "coordinates": [
          8.779840979405156,
          44.79576778195046
        ]
      }
    },
    {
      "type": "Feature",
      "properties": {
        "stato": "CHIUSA",
        "tipologia": "Valvola a 2 vie",
        "id": 8972,
        "comune": "Pozzolo Formigaro",
        "distretto": null
      },
      "geometry": {
        "type": "Point",
        "coordinates": [
          8.779834612329104,
          44.79577516690275
        ]
      }
    },
    {
      "type": "Feature",
      "properties": {
        "stato": "APERTA",
        "tipologia": "Valvola a 2 vie",
        "id": 8991,
        "comune": "Pozzolo Formigaro",
        "distretto": null
      },
      "geometry": {
        "type": "Point",
        "coordinates": [
          8.779761683813044,
          44.80582475457414
        ]
      }
    },
    {
      "type": "Feature",
      "properties": {
        "stato": "APERTA",
        "tipologia": "Valvola a 2 vie",
        "id": 9046,
        "comune": "Pozzolo Formigaro",
        "distretto": null
      },
      "geometry": {
        "type": "Point",
        "coordinates": [
          8.77336689693157,
          44.787325311067555
        ]
      }
    },
    {
      "type": "Feature",
      "properties": {
        "stato": "APERTA",
        "tipologia": "Valvola a 2 vie",
        "id": 9047,
        "comune": "Pozzolo Formigaro",
        "distretto": null
      },
      "geometry": {
        "type": "Point",
        "coordinates": [
          8.773346235763878,
          44.78729433313524
        ]
      }
    },
    {
      "type": "Feature",
      "properties": {
        "stato": "APERTA",
        "tipologia": "Valvola a 2 vie",
        "id": 9060,
        "comune": "Pozzolo Formigaro",
        "distretto": "DNL03"
      },
      "geometry": {
        "type": "Point",
        "coordinates": [
          8.823485689901167,
          44.801763825641935
        ]
      }
    },
    {
      "type": "Feature",
      "properties": {
        "stato": "APERTA",
        "tipologia": "Valvola a 2 vie",
        "id": 9248,
        "comune": "Pozzolo Formigaro",
        "distretto": null
      },
      "geometry": {
        "type": "Point",
        "coordinates": [
          8.788201442987498,
          44.7929916395512
        ]
      }
    },
    {
      "type": "Feature",
      "properties": {
        "stato": "APERTA",
        "tipologia": "Valvola a 2 vie",
        "id": 9282,
        "comune": "Pozzolo Formigaro",
        "distretto": null
      },
      "geometry": {
        "type": "Point",
        "coordinates": [
          8.789416735372427,
          44.795151715628535
        ]
      }
    },
    {
      "type": "Feature",
      "properties": {
        "stato": "APERTA",
        "tipologia": "Valvola a 2 vie",
        "id": 9283,
        "comune": "Pozzolo Formigaro",
        "distretto": null
      },
      "geometry": {
        "type": "Point",
        "coordinates": [
          8.789434493486025,
          44.795158894847255
        ]
      }
    },
    {
      "type": "Feature",
      "properties": {
        "stato": "CHIUSA",
        "tipologia": "Valvola a 2 vie",
        "id": 9284,
        "comune": "Pozzolo Formigaro",
        "distretto": null
      },
      "geometry": {
        "type": "Point",
        "coordinates": [
          8.789428996576328,
          44.79515171715478
        ]
      }
    },
    {
      "type": "Feature",
      "properties": {
        "stato": "APERTA",
        "tipologia": "Valvola a 2 vie",
        "id": 9285,
        "comune": "Pozzolo Formigaro",
        "distretto": null
      },
      "geometry": {
        "type": "Point",
        "coordinates": [
          8.787928682907246,
          44.79259472344194
        ]
      }
    },
    {
      "type": "Feature",
      "properties": {
        "stato": "APERTA",
        "tipologia": "Valvola a 2 vie",
        "id": 9286,
        "comune": "Pozzolo Formigaro",
        "distretto": null
      },
      "geometry": {
        "type": "Point",
        "coordinates": [
          8.787919755416246,
          44.79257866075111
        ]
      }
    },
    {
      "type": "Feature",
      "properties": {
        "stato": "CHIUSA",
        "tipologia": "Valvola a 2 vie",
        "id": 9287,
        "comune": "Pozzolo Formigaro",
        "distretto": null
      },
      "geometry": {
        "type": "Point",
        "coordinates": [
          8.787943870735221,
          44.79258053278407
        ]
      }
    },
    {
      "type": "Feature",
      "properties": {
        "stato": "CHIUSA",
        "tipologia": "Valvola a 2 vie",
        "id": 9288,
        "comune": "Pozzolo Formigaro",
        "distretto": null
      },
      "geometry": {
        "type": "Point",
        "coordinates": [
          8.780929247296324,
          44.79138516551902
        ]
      }
    },
    {
      "type": "Feature",
      "properties": {
        "stato": "APERTA",
        "tipologia": "Valvola a 2 vie",
        "id": 9289,
        "comune": "Pozzolo Formigaro",
        "distretto": null
      },
      "geometry": {
        "type": "Point",
        "coordinates": [
          8.780942336134606,
          44.79136939314116
        ]
      }
    },
    {
      "type": "Feature",
      "properties": {
        "stato": "APERTA",
        "tipologia": "Valvola a 2 vie",
        "id": 9290,
        "comune": "Pozzolo Formigaro",
        "distretto": null
      },
      "geometry": {
        "type": "Point",
        "coordinates": [
          8.780943276827015,
          44.79139998689883
        ]
      }
    }
  ]
}
