{
  "type": "FeatureCollection",
  "name": "condotte",
  "crs": {
    "type": "name",
    "properties": {
      "name": "urn:ogc:def:crs:EPSG::32632"
    }
  },
  "features": [
    {
      "type": "Feature",
      "properties": {
        "materiale": "PE",
        "dn": "DE75",
        "classe_pre": null,
        "lunghezza": 429.69,
        "prof": null,
        "anno_posa": 1980,
        "comune": "Pozzolo Formigaro",
        "localita": "CAPOLUOGO",
        "via": "Strada Provinciale Molino - Bettole",
        "comune_posa": "Pozzolo Formigaro",
        "tipologia": "DISTRIBUZIONE",
        "tip_rete": "DISTRIBUZIONE",
        "id": 1195,
        "etichetta": "PE DE75",
        "n_distretto": "03",
        "note_etichetta": null,
        "id_distretto": "DNL03",
        "distretto_modello": "DNL03"
      },
      "geometry": {
        "type": "LineString",
        "coordinates": [
          [
            8.828912286984044,
            44.802525987095486
          ],
          [
            8.828569499335897,
            44.80247126758113
          ],
          [
            8.82703640195565,
            44.802244198099885
          ],
          [
            8.825983713284595,
            44.80209793926374
          ],
          [
            8.824954560834152,
            44.80197448796159
          ],
          [
            8.82438204879316,
            44.801908759820364
          ],
          [
            8.823580887696348,
            44.80178500017413
          ]
        ]
      }
    },
    {
      "type": "Feature",
      "properties": {
        "materiale": "PE",
        "dn": "DE75",
        "classe_pre": null,
        "lunghezza": 2.52,
        "prof": null,
        "anno_posa": 1980,
        "comune": "Pozzolo Formigaro",
        "localita": "CAPOLUOGO",
        "via": "Strada Provinciale Molino - Bettole",
        "comune_posa": "Pozzolo Formigaro",
        "tipologia": "DISTRIBUZIONE",
        "tip_rete": "DISTRIBUZIONE",
        "id": 1196,
        "etichetta": "PE DE75",
        "n_distretto": "03",
        "note_etichetta": null,
        "id_distretto": "DNL03",
        "distretto_modello": "DNL03"
      },
      "geometry": {
        "type": "LineString",
        "coordinates": [
          [
            8.823580887696348,
            44.80178500017413
          ],
          [
            8.823552455924462,
            44.80178028966596
          ],
          [
            8.823549822346854,
            44.801779806312304
          ]
        ]
      }
    },
    {
      "type": "Feature",
      "properties": {
        "materiale": "PE",
        "dn": "DE75",
        "classe_pre": null,
        "lunghezza": 1.03,
        "prof": null,
        "anno_posa": 1980,
        "comune": "Pozzolo Formigaro",
        "localita": "CAPOLUOGO",
        "via": "Strada Provinciale Molino - Bettole",
        "comune_posa": "Pozzolo Formigaro",
        "tipologia": "DISTRIBUZIONE",
        "tip_rete": "DISTRIBUZIONE",
        "id": 1197,
        "etichetta": "PE DE75",
        "n_distretto": "03",
        "note_etichetta": null,
        "id_distretto": "DNL03",
        "distretto_modello": "DNL03"
      },
      "geometry": {
        "type": "LineString",
        "coordinates": [
          [
            8.823495434340627,
            44.80177267952906
          ],
          [
            8.823482646057883,
            44.801770802279734
          ]
        ]
      }
    },
    {
      "type": "Feature",
      "properties": {
        "materiale": "PE",
        "dn": "DE75",
        "classe_pre": null,
        "lunghezza": 2.51,
        "prof": null,
        "anno_posa": 1980,
        "comune": "Pozzolo Formigaro",
        "localita": "CAPOLUOGO",
        "via": "Strada Provinciale Molino - Bettole",
        "comune_posa": "Pozzolo Formigaro",
        "tipologia": "DISTRIBUZIONE",
        "tip_rete": "DISTRIBUZIONE",
        "id": 1198,
        "etichetta": "PE DE75",
        "n_distretto": "04",
        "note_etichetta": null,
        "id_distretto": "POZ-DPZ04",
        "distretto_modello": "POZ-DPZ04"
      },
      "geometry": {
        "type": "LineString",
        "coordinates": [
          [
            8.817184101965088,
            44.80095879924331
          ],
          [
            8.817153064656596,
            44.80096354380829
          ]
        ]
      }
    },
    {
      "type": "Feature",
      "properties": {
        "materiale": "PVC",
        "dn": "DE160",
        "classe_pre": null,
        "lunghezza": 2.73,
        "prof": 80,
        "anno_posa": 1980,
        "comune": "Pozzolo Formigaro",
        "localita": "CAPOLUOGO",
        "via": "Via Giuseppe Garibaldi",
        "comune_posa": "Pozzolo Formigaro",
        "tipologia": "DISTRIBUZIONE",
        "tip_rete": "DISTRIBUZIONE",
        "id": 4208,
        "etichetta": "PVC DE160",
        "n_distretto": "02",
        "note_etichetta": null,
        "id_distretto": "POZ-DPZ02",
        "distretto_modello": "POZ-DPZ02"
      },
      "geometry": {
        "type": "LineString",
        "coordinates": [
          [
            8.78248926117337,
            44.795416620678324
          ],
          [
            8.782477303386681,
            44.795393591669196
          ]
        ]
      }
    },
    {
      "type": "Feature",
      "properties": {
        "materiale": "PVC",
        "dn": "DE50",
        "classe_pre": null,
        "lunghezza": 4.3,
        "prof": 80,
        "anno_posa": 1980,
        "comune": "Pozzolo Formigaro",
        "localita": "CAPOLUOGO",
        "via": "Strada Statale 35 Bis dei Giovi (SS35Bis)",
        "comune_posa": "Pozzolo Formigaro",
        "tipologia": "DISTRIBUZIONE",
        "tip_rete": "DISTRIBUZIONE",
        "id": 4209,
        "etichetta": "PVC DE50",
        "n_distretto": "01",
        "note_etichetta": null,
        "id_distretto": "POZ-DPZ01",
        "distretto_modello": "POZ-DPZ01"
      },
      "geometry": {
        "type": "LineString",
        "coordinates": [
          [
            8.78764404582333,
            44.78794930790085
          ],
          [
            8.787691504623492,
            44.78796819956103
          ]
        ]
      }
    },
    {
      "type": "Feature",
      "properties": {
        "materiale": "PE",
        "dn": "DE50",
        "classe_pre": null,
        "lunghezza": 2.38,
        "prof": 80,
        "anno_posa": 1980,
        "comune": "Pozzolo Formigaro",
        "localita": "CAPOLUOGO",
        "via": "Via della Battaglia 1799",
        "comune_posa": "Pozzolo Formigaro",
        "tipologia": "DISTRIBUZIONE",
        "tip_rete": "DISTRIBUZIONE",
        "id": 4210,
        "etichetta": "PE DE50",
        "n_distretto": "01",
        "note_etichetta": null,
        "id_distretto": "POZ-DPZ01",
        "distretto_modello": "POZ-DPZ01"
      },
      "geometry": {
        "type": "LineString",
        "coordinates": [
          [
            8.788758477541084,
            44.78736565878935
          ],
          [
            8.788761956594373,
            44.78738693259689
          ]
        ]
      }
    },
    {
      "type": "Feature",
      "properties": {
        "materiale": "PE",
        "dn": "DE160",
        "classe_pre": null,
        "lunghezza": 3.13,
        "prof": 80,
        "anno_posa": 1980,
        "comune": "Pozzolo Formigaro",
        "localita": "CAPOLUOGO",
        "via": "Strada Nuova di San Marziano",
        "comune_posa": "Pozzolo Formigaro",
        "tipologia": "DISTRIBUZIONE",
        "tip_rete": "DISTRIBUZIONE",
        "id": 4211,
        "etichetta": "PE DE160",
        "n_distretto": "01",
        "note_etichetta": null,
        "id_distretto": "POZ-DPZ01",
        "distretto_modello": "POZ-DPZ01"
      },
      "geometry": {
        "type": "LineString",
        "coordinates": [
          [
            8.789922058472888,
            44.78876587353848
          ],
          [
            8.789916358442854,
            44.788737977769
          ]
        ]
      }
    },
    {
      "type": "Feature",
      "properties": {
        "materiale": "PE",
        "dn": "DE110",
        "classe_pre": null,
        "lunghezza": 2.37,
        "prof": 80,
        "anno_posa": 1980,
        "comune": "Pozzolo Formigaro",
        "localita": "CAPOLUOGO",
        "via": "Via del Genovesato",
        "comune_posa": "Pozzolo Formigaro",
        "tipologia": "DISTRIBUZIONE",
        "tip_rete": "DISTRIBUZIONE",
        "id": 4212,
        "etichetta": "PE DE110",
        "n_distretto": "01",
        "note_etichetta": null,
        "id_distretto": "POZ-DPZ01",
        "distretto_modello": "POZ-DPZ01"
      },
      "geometry": {
        "type": "LineString",
        "coordinates": [
          [
            8.78824111719843,
            44.78905168240427
          ],
          [
            8.788245969911605,
            44.789072754722795
          ]
        ]
      }
    },
    {
      "type": "Feature",
      "properties": {
        "materiale": "PE",
        "dn": "DE110",
        "classe_pre": null,
        "lunghezza": 3.64,
        "prof": 80,
        "anno_posa": 1980,
        "comune": "Pozzolo Formigaro",
        "localita": "CAPOLUOGO",
        "via": "Via Goffredo Mameli",
        "comune_posa": "Pozzolo Formigaro",
        "tipologia": "DISTRIBUZIONE",
        "tip_rete": "DISTRIBUZIONE",
        "id": 4213,
        "etichetta": "PE DE110",
        "n_distretto": "01",
        "note_etichetta": null,
        "id_distretto": "POZ-DPZ01",
        "distretto_modello": "POZ-DPZ01"
      },
      "geometry": {
        "type": "LineString",
        "coordinates": [
          [
            8.789922058472888,
            44.78876587353848
          ],
          [
            8.789877049302834,
            44.78877274280217
          ]
        ]
      }
    },
    {
      "type": "Feature",
      "properties": {
        "materiale": "PVC",
        "dn": "DE63",
        "classe_pre": null,
        "lunghezza": 0.58,
        "prof": 80,
        "anno_posa": 1980,
        "comune": "Pozzolo Formigaro",
        "localita": "CAPOLUOGO",
        "via": "Via San Giorgio",
        "comune_posa": "Pozzolo Formigaro",
        "tipologia": "DISTRIBUZIONE",
        "tip_rete": "DISTRIBUZIONE",
        "id": 4214,
        "etichetta": "PVC DE63",
        "n_distretto": "01",
        "note_etichetta": null,
        "id_distretto": "POZ-DPZ01",
        "distretto_modello": "POZ-DPZ01"
      },
      "geometry": {
        "type": "LineString",
        "coordinates": [
          [
            8.788098124578886,
            44.789444724534846
          ],
          [
            8.78809898608589,
            44.78944986658552
          ]
        ]
      }
    },
    {
      "type": "Feature",
      "properties": {
        "materiale": "PVC",
        "dn": "DE160",
        "classe_pre": null,
        "lunghezza": 1,
        "prof": 80,
        "anno_posa": 1980,
        "comune": "Pozzolo Formigaro",
        "localita": "CAPOLUOGO",
        "via": null,
        "comune_posa": "Pozzolo Formigaro",
        "tipologia": "DISTRIBUZIONE",
        "tip_rete": "DISTRIBUZIONE",
        "id": 4215,
        "etichetta": "PVC DE160",
        "n_distretto": "01",
        "note_etichetta": null,
        "id_distretto": "POZ-DPZ01",
        "distretto_modello": "POZ-DPZ01"
      },
      "geometry": {
        "type": "LineString",
        "coordinates": [
          [
            8.78630095912519,
            44.789456674634046
          ],
          [
            8.786301669037766,
            44.78946080711511
          ],
          [
            8.786302393484956,
            44.789465604658524
          ]
        ]
      }
    },
    {
      "type": "Feature",
      "properties": {
        "materiale": "PE",
        "dn": "DE110",
        "classe_pre": null,
        "lunghezza": 128.18,
        "prof": 80,
        "anno_posa": 1980,
        "comune": "Pozzolo Formigaro",
        "localita": "CAPOLUOGO",
        "via": "Via Don Severino Ghezzi",
        "comune_posa": "Pozzolo Formigaro",
        "tipologia": "DISTRIBUZIONE",
        "tip_rete": "DISTRIBUZIONE",
        "id": 4216,
        "etichetta": "PE DE110",
        "n_distretto": "02",
        "note_etichetta": null,
        "id_distretto": "POZ-DPZ02",
        "distretto_modello": "POZ-DPZ02"
      },
      "geometry": {
        "type": "LineString",
        "coordinates": [
          [
            8.785211594439911,
            44.79402444304388
          ],
          [
            8.78535794343963,
            44.79424056218589
          ],
          [
            8.785510205929299,
            44.79444956729135
          ],
          [
            8.785646636197615,
            44.79464261612017
          ],
          [
            8.785734455128768,
            44.79477019172568
          ],
          [
            8.785954149781173,
            44.79504973394587
          ]
        ]
      }
    },
    {
      "type": "Feature",
      "properties": {
        "materiale": "PVC",
        "dn": "DE125",
        "classe_pre": null,
        "lunghezza": 3.48,
        "prof": 80,
        "anno_posa": 1980,
        "comune": "Pozzolo Formigaro",
        "localita": "CAPOLUOGO",
        "via": "Via della Liberta'",
        "comune_posa": "Pozzolo Formigaro",
        "tipologia": "DISTRIBUZIONE",
        "tip_rete": "DISTRIBUZIONE",
        "id": 4218,
        "etichetta": "PVC DE125",
        "n_distretto": "02",
        "note_etichetta": null,
        "id_distretto": "POZ-DPZ02",
        "distretto_modello": "POZ-DPZ02"
      },
      "geometry": {
        "type": "LineString",
        "coordinates": [
          [
            8.78350078706604,
            44.79459420748293
          ],
          [
            8.78350378060525,
            44.794625470272074
          ]
        ]
      }
    },
    {
      "type": "Feature",
      "properties": {
        "materiale": "AC",
        "dn": "DN40",
        "classe_pre": null,
        "lunghezza": 3.24,
        "prof": 80,
        "anno_posa": 1980,
        "comune": "Pozzolo Formigaro",
        "localita": "CAPOLUOGO",
        "via": "Vicolo Volturno",
        "comune_posa": "Pozzolo Formigaro",
        "tipologia": "DISTRIBUZIONE",
        "tip_rete": "DISTRIBUZIONE",
        "id": 4219,
        "etichetta": "AC DN40",
        "n_distretto": "02",
        "note_etichetta": null,
        "id_distretto": "POZ-DPZ02",
        "distretto_modello": "POZ-DPZ02"
      },
      "geometry": {
        "type": "LineString",
        "coordinates": [
          [
            8.783445795555146,
            44.795433725789216
          ],
          [
            8.783407036458303,
            44.795443100290335
          ]
        ]
      }
    },
    {
      "type": "Feature",
      "properties": {
        "materiale": "AC",
        "dn": "DN40",
        "classe_pre": null,
        "lunghezza": 1.46,
        "prof": 80,
        "anno_posa": 1980,
        "comune": "Pozzolo Formigaro",
        "localita": "CAPOLUOGO",
        "via": "Vicolo Marsala",
        "comune_posa": "Pozzolo Formigaro",
        "tipologia": "DISTRIBUZIONE",
        "tip_rete": "DISTRIBUZIONE",
        "id": 4220,
        "etichetta": "AC DN40",
        "n_distretto": "02",
        "note_etichetta": null,
        "id_distretto": "POZ-DPZ02",
        "distretto_modello": "POZ-DPZ02"
      },
      "geometry": {
        "type": "LineString",
        "coordinates": [
          [
            8.783352982708651,
            44.79581899945101
          ],
          [
            8.783370525541185,
            44.795814953301445
          ]
        ]
      }
    },
    {
      "type": "Feature",
      "properties": {
        "materiale": "PVC",
        "dn": "DE90",
        "classe_pre": null,
        "lunghezza": 39.42,
        "prof": 80,
        "anno_posa": 1980,
        "comune": "Pozzolo Formigaro",
        "localita": "CAPOLUOGO",
        "via": "Vicolo Melegnano",
        "comune_posa": "Pozzolo Formigaro",
        "tipologia": "DISTRIBUZIONE",
        "tip_rete": "DISTRIBUZIONE",
        "id": 4221,
        "etichetta": "PVC DE90",
        "n_distretto": "02",
        "note_etichetta": null,
        "id_distretto": "POZ-DPZ02",
        "distretto_modello": "POZ-DPZ02"
      },
      "geometry": {
        "type": "LineString",
        "coordinates": [
          [
            8.784174896249212,
            44.79571403192439
          ],
          [
            8.784643028458577,
            44.7955921644594
          ]
        ]
      }
    },
    {
      "type": "Feature",
      "properties": {
        "materiale": "AC",
        "dn": "DN45",
        "classe_pre": null,
        "lunghezza": 2.09,
        "prof": 80,
        "anno_posa": 1980,
        "comune": "Pozzolo Formigaro",
        "localita": "CAPOLUOGO",
        "via": "Vicolo Montebello",
        "comune_posa": "Pozzolo Formigaro",
        "tipologia": "DISTRIBUZIONE",
        "tip_rete": "DISTRIBUZIONE",
        "id": 4222,
        "etichetta": "AC DN45",
        "n_distretto": "02",
        "note_etichetta": null,
        "id_distretto": "POZ-DPZ02",
        "distretto_modello": "POZ-DPZ02"
      },
      "geometry": {
        "type": "LineString",
        "coordinates": [
          [
            8.784546052398488,
            44.795331311498515
          ],
          [
            8.784570104560474,
            44.79532345365183
          ]
        ]
      }
    },
    {
      "type": "Feature",
      "properties": {
        "materiale": "PVC",
        "dn": "DE90",
        "classe_pre": null,
        "lunghezza": 2,
        "prof": 80,
        "anno_posa": 1980,
        "comune": "Pozzolo Formigaro",
        "localita": "CAPOLUOGO",
        "via": "Vicolo Caniggia",
        "comune_posa": "Pozzolo Formigaro",
        "tipologia": "DISTRIBUZIONE",
        "tip_rete": "DISTRIBUZIONE",
        "id": 4223,
        "etichetta": "PVC DE90",
        "n_distretto": "02",
        "note_etichetta": null,
        "id_distretto": "POZ-DPZ02",
        "distretto_modello": "POZ-DPZ02"
      },
      "geometry": {
        "type": "LineString",
        "coordinates": [
          [
            8.78446008910595,
            44.79516793374483
          ],
          [
            8.784435843871021,
            44.79517299628137
          ]
        ]
      }
    },
    {
      "type": "Feature",
      "properties": {
        "materiale": "AC",
        "dn": "DN50",
        "classe_pre": null,
        "lunghezza": 180.65,
        "prof": 80,
        "anno_posa": 1980,
        "comune": "Pozzolo Formigaro",
        "localita": "CAPOLUOGO",
        "via": "Via Gramsci",
        "comune_posa": "Pozzolo Formigaro",
        "tipologia": "DISTRIBUZIONE",
        "tip_rete": "DISTRIBUZIONE",
        "id": 4224,
        "etichetta": "AC DN50",
        "n_distretto": "02",
        "note_etichetta": null,
        "id_distretto": "POZ-DPZ02",
        "distretto_modello": "POZ-DPZ02"
      },
      "geometry": {
        "type": "LineString",
        "coordinates": [
          [
            8.786937718758809,
            44.79518276402417
          ],
          [
            8.786808388007211,
            44.79482713367677
          ],
          [
            8.786766000120418,
            44.79469776627312
          ],
          [
            8.786372765221241,
            44.79360712372511
          ]
        ]
      }
    },
    {
      "type": "Feature",
      "properties": {
        "materiale": "AC",
        "dn": "DN50",
        "classe_pre": null,
        "lunghezza": 6.02,
        "prof": 80,
        "anno_posa": 1980,
        "comune": "Pozzolo Formigaro",
        "localita": "CAPOLUOGO",
        "via": "Via Gramsci",
        "comune_posa": "Pozzolo Formigaro",
        "tipologia": "DISTRIBUZIONE",
        "tip_rete": "DISTRIBUZIONE",
        "id": 4225,
        "etichetta": "AC DN50",
        "n_distretto": "02",
        "note_etichetta": null,
        "id_distretto": "POZ-DPZ02",
        "distretto_modello": "POZ-DPZ02"
      },
      "geometry": {
        "type": "LineString",
        "coordinates": [
          [
            8.7876332867286,
            44.797021868175115
          ],
          [
            8.787651550302712,
            44.79701750143416
          ],
          [
            8.7876334435288,
            44.79697911880339
          ]
        ]
      }
    },
    {
      "type": "Feature",
      "properties": {
        "materiale": "PVC",
        "dn": "DE200",
        "classe_pre": null,
        "lunghezza": 2.85,
        "prof": 80,
        "anno_posa": 1980,
        "comune": "Pozzolo Formigaro",
        "localita": "CAPOLUOGO",
        "via": "Piazza Stazione",
        "comune_posa": "Pozzolo Formigaro",
        "tipologia": "DISTRIBUZIONE",
        "tip_rete": "DISTRIBUZIONE",
        "id": 4226,
        "etichetta": "PVC DE200",
        "n_distretto": "03",
        "note_etichetta": null,
        "id_distretto": "POZ-DPZ03",
        "distretto_modello": "POZ-DPZ03"
      },
      "geometry": {
        "type": "LineString",
        "coordinates": [
          [
            8.782411762066328,
            44.79764986400015
          ],
          [
            8.78244571869026,
            44.797641368163575
          ]
        ]
      }
    },
    {
      "type": "Feature",
      "properties": {
        "materiale": "?",
        "dn": "?",
        "classe_pre": null,
        "lunghezza": 170.76,
        "prof": 80,
        "anno_posa": 1980,
        "comune": "Pozzolo Formigaro",
        "localita": "CAPOLUOGO",
        "via": "Via Gramsci",
        "comune_posa": "Pozzolo Formigaro",
        "tipologia": "DISTRIBUZIONE",
        "tip_rete": "DISTRIBUZIONE",
        "id": 4227,
        "etichetta": "? ?",
        "n_distretto": "02",
        "note_etichetta": null,
        "id_distretto": "POZ-DPZ02",
        "distretto_modello": "POZ-DPZ02"
      },
      "geometry": {
        "type": "LineString",
        "coordinates": [
          [
            8.789373995650488,
            44.80188136759809
          ],
          [
            8.789108075440632,
            44.801190176969925
          ],
          [
            8.788949974397122,
            44.80083845778134
          ],
          [
            8.788812088946132,
            44.800553205319126
          ],
          [
            8.788719569680643,
            44.80041891768822
          ]
        ]
      }
    },
    {
      "type": "Feature",
      "properties": {
        "materiale": "AC",
        "dn": "DN50",
        "classe_pre": null,
        "lunghezza": 1.87,
        "prof": 80,
        "anno_posa": 1980,
        "comune": "Pozzolo Formigaro",
        "localita": "CAPOLUOGO",
        "via": "Via Tortona ",
        "comune_posa": "Pozzolo Formigaro",
        "tipologia": "DISTRIBUZIONE",
        "tip_rete": "DISTRIBUZIONE",
        "id": 4228,
        "etichetta": "AC DN50",
        "n_distretto": "02",
        "note_etichetta": null,
        "id_distretto": "POZ-DPZ02",
        "distretto_modello": "POZ-DPZ02"
      },
      "geometry": {
        "type": "LineString",
        "coordinates": [
          [
            8.785531301910957,
            44.79703340351236
          ],
          [
            8.785553350927229,
            44.79702724423845
          ]
        ]
      }
    },
    {
      "type": "Feature",
      "properties": {
        "materiale": "PE",
        "dn": "DE50",
        "classe_pre": null,
        "lunghezza": 14.38,
        "prof": 80,
        "anno_posa": 1980,
        "comune": "Pozzolo Formigaro",
        "localita": "CAPOLUOGO",
        "via": "Vicolo Milazzo",
        "comune_posa": "Pozzolo Formigaro",
        "tipologia": "DISTRIBUZIONE",
        "tip_rete": "DISTRIBUZIONE",
        "id": 4229,
        "etichetta": "PE DE50",
        "n_distretto": "02",
        "note_etichetta": null,
        "id_distretto": "POZ-DPZ02",
        "distretto_modello": "POZ-DPZ02"
      },
      "geometry": {
        "type": "LineString",
        "coordinates": [
          [
            8.783212956918016,
            44.79604218747429
          ],
          [
            8.78315763651476,
            44.79591887803563
          ]
        ]
      }
    },
    {
      "type": "Feature",
      "properties": {
        "materiale": "PE",
        "dn": "DE50",
        "classe_pre": null,
        "lunghezza": 2.23,
        "prof": 80,
        "anno_posa": 1980,
        "comune": "Pozzolo Formigaro",
        "localita": "CAPOLUOGO",
        "via": "Vicolo Milazzo",
        "comune_posa": "Pozzolo Formigaro",
        "tipologia": "DISTRIBUZIONE",
        "tip_rete": "DISTRIBUZIONE",
        "id": 4230,
        "etichetta": "PE DE50",
        "n_distretto": "02",
        "note_etichetta": null,
        "id_distretto": "POZ-DPZ02",
        "distretto_modello": "POZ-DPZ02"
      },
      "geometry": {
        "type": "LineString",
        "coordinates": [
          [
            8.783312597560858,
            44.79603184507961
          ],
          [
            8.783284422498609,
            44.79603062925413
          ]
        ]
      }
    },
    {
      "type": "Feature",
      "properties": {
        "materiale": "AC",
        "dn": "DN40",
        "classe_pre": null,
        "lunghezza": 1.59,
        "prof": 80,
        "anno_posa": 1980,
        "comune": "Pozzolo Formigaro",
        "localita": "CAPOLUOGO",
        "via": "Vicolo Marengo",
        "comune_posa": "Pozzolo Formigaro",
        "tipologia": "DISTRIBUZIONE",
        "tip_rete": "DISTRIBUZIONE",
        "id": 4231,
        "etichetta": "AC DN40",
        "n_distretto": "02",
        "note_etichetta": null,
        "id_distretto": "POZ-DPZ02",
        "distretto_modello": "POZ-DPZ02"
      },
      "geometry": {
        "type": "LineString",
        "coordinates": [
          [
            8.783322304587003,
            44.79647112429595
          ],
          [
            8.783339024703182,
            44.796463226168115
          ]
        ]
      }
    },
    {
      "type": "Feature",
      "properties": {
        "materiale": "PVC",
        "dn": "DE90",
        "classe_pre": null,
        "lunghezza": 1.84,
        "prof": 80,
        "anno_posa": 1980,
        "comune": "Pozzolo Formigaro",
        "localita": "CAPOLUOGO",
        "via": "Vicolo Solferino",
        "comune_posa": "Pozzolo Formigaro",
        "tipologia": "DISTRIBUZIONE",
        "tip_rete": "DISTRIBUZIONE",
        "id": 4232,
        "etichetta": "PVC DE90",
        "n_distretto": "02",
        "note_etichetta": null,
        "id_distretto": "POZ-DPZ02",
        "distretto_modello": "POZ-DPZ02"
      },
      "geometry": {
        "type": "LineString",
        "coordinates": [
          [
            8.784848836950221,
            44.795888147416626
          ],
          [
            8.784828999860421,
            44.795896808271465
          ]
        ]
      }
    },
    {
      "type": "Feature",
      "properties": {
        "materiale": "PE",
        "dn": "DE63",
        "classe_pre": null,
        "lunghezza": 1.97,
        "prof": 80,
        "anno_posa": 1980,
        "comune": "Pozzolo Formigaro",
        "localita": "CAPOLUOGO",
        "via": "Via Giuseppe Garibaldi",
        "comune_posa": "Pozzolo Formigaro",
        "tipologia": "DISTRIBUZIONE",
        "tip_rete": "DISTRIBUZIONE",
        "id": 4233,
        "etichetta": "PE DE63",
        "n_distretto": "02",
        "note_etichetta": null,
        "id_distretto": "POZ-DPZ02",
        "distretto_modello": "POZ-DPZ02"
      },
      "geometry": {
        "type": "LineString",
        "coordinates": [
          [
            8.783590297257236,
            44.798325511922535
          ],
          [
            8.7835656373575,
            44.798328210246865
          ]
        ]
      }
    },
    {
      "type": "Feature",
      "properties": {
        "materiale": "PE",
        "dn": "DE63",
        "classe_pre": null,
        "lunghezza": 2.29,
        "prof": 80,
        "anno_posa": 1980,
        "comune": "Pozzolo Formigaro",
        "localita": "CAPOLUOGO",
        "via": "Vicolo Goito",
        "comune_posa": "Pozzolo Formigaro",
        "tipologia": "DISTRIBUZIONE",
        "tip_rete": "DISTRIBUZIONE",
        "id": 4234,
        "etichetta": "PE DE63",
        "n_distretto": "02",
        "note_etichetta": null,
        "id_distretto": "POZ-DPZ02",
        "distretto_modello": "POZ-DPZ02"
      },
      "geometry": {
        "type": "LineString",
        "coordinates": [
          [
            8.783571943264855,
            44.79810840173434
          ],
          [
            8.783543245195341,
            44.798110998297574
          ]
        ]
      }
    },
    {
      "type": "Feature",
      "properties": {
        "materiale": "PE",
        "dn": "DE110",
        "classe_pre": null,
        "lunghezza": 1.7,
        "prof": 80,
        "anno_posa": 1980,
        "comune": "Pozzolo Formigaro",
        "localita": "CAPOLUOGO",
        "via": "Via San Sebastiano",
        "comune_posa": "Pozzolo Formigaro",
        "tipologia": "DISTRIBUZIONE",
        "tip_rete": "DISTRIBUZIONE",
        "id": 4235,
        "etichetta": "PE DE110",
        "n_distretto": "02",
        "note_etichetta": null,
        "id_distretto": "POZ-DPZ02",
        "distretto_modello": "POZ-DPZ02"
      },
      "geometry": {
        "type": "LineString",
        "coordinates": [
          [
            8.7835402028982,
            44.79759455522009
          ],
          [
            8.78356158572251,
            44.79759622744595
          ]
        ]
      }
    },
    {
      "type": "Feature",
      "properties": {
        "materiale": "PVC",
        "dn": "DE125",
        "classe_pre": null,
        "lunghezza": 2.33,
        "prof": 80,
        "anno_posa": 1980,
        "comune": "Pozzolo Formigaro",
        "localita": "CAPOLUOGO",
        "via": "Via Sant' Alessandro Sauli",
        "comune_posa": "Pozzolo Formigaro",
        "tipologia": "DISTRIBUZIONE",
        "tip_rete": "DISTRIBUZIONE",
        "id": 4236,
        "etichetta": "PVC DE125",
        "n_distretto": "02",
        "note_etichetta": null,
        "id_distretto": "POZ-DPZ02",
        "distretto_modello": "POZ-DPZ02"
      },
      "geometry": {
        "type": "LineString",
        "coordinates": [
          [
            8.7849765327905,
            44.796088127859285
          ],
          [
            8.78495215671263,
            44.79609989618673
          ]
        ]
      }
    },
    {
      "type": "Feature",
      "properties": {
        "materiale": "PVC",
        "dn": "DE90",
        "classe_pre": null,
        "lunghezza": 1.88,
        "prof": 80,
        "anno_posa": 1980,
        "comune": "Pozzolo Formigaro",
        "localita": "CAPOLUOGO",
        "via": "Vicolo Argenti",
        "comune_posa": "Pozzolo Formigaro",
        "tipologia": "DISTRIBUZIONE",
        "tip_rete": "DISTRIBUZIONE",
        "id": 4237,
        "etichetta": "PVC DE90",
        "n_distretto": "02",
        "note_etichetta": null,
        "id_distretto": "POZ-DPZ02",
        "distretto_modello": "POZ-DPZ02"
      },
      "geometry": {
        "type": "LineString",
        "coordinates": [
          [
            8.785106586494683,
            44.79630380679007
          ],
          [
            8.785127918375712,
            44.796296356868254
          ]
        ]
      }
    },
    {
      "type": "Feature",
      "properties": {
        "materiale": "PVC",
        "dn": "DE63",
        "classe_pre": null,
        "lunghezza": 28.83,
        "prof": 80,
        "anno_posa": 1980,
        "comune": "Pozzolo Formigaro",
        "localita": "CAPOLUOGO",
        "via": "Vicolo Francesco Silvano",
        "comune_posa": "Pozzolo Formigaro",
        "tipologia": "DISTRIBUZIONE",
        "tip_rete": "DISTRIBUZIONE",
        "id": 4238,
        "etichetta": "PVC DE63",
        "n_distretto": "02",
        "note_etichetta": null,
        "id_distretto": "POZ-DPZ02",
        "distretto_modello": "POZ-DPZ02"
      },
      "geometry": {
        "type": "LineString",
        "coordinates": [
          [
            8.78566124550477,
            44.796554236851854
          ],
          [
            8.785810242312923,
            44.79679109662914
          ]
        ]
      }
    },
    {
      "type": "Feature",
      "properties": {
        "materiale": "PVC",
        "dn": "DE90",
        "classe_pre": null,
        "lunghezza": 2.15,
        "prof": 80,
        "anno_posa": 1980,
        "comune": "Pozzolo Formigaro",
        "localita": "CAPOLUOGO",
        "via": "Vicolo Francesco Silvano",
        "comune_posa": "Pozzolo Formigaro",
        "tipologia": "DISTRIBUZIONE",
        "tip_rete": "DISTRIBUZIONE",
        "id": 4239,
        "etichetta": "PVC DE90",
        "n_distretto": "02",
        "note_etichetta": null,
        "id_distretto": "POZ-DPZ02",
        "distretto_modello": "POZ-DPZ02"
      },
      "geometry": {
        "type": "LineString",
        "coordinates": [
          [
            8.785332274295099,
            44.79665630814642
          ],
          [
            8.785357444023237,
            44.79664905313888
          ]
        ]
      }
    },
    {
      "type": "Feature",
      "properties": {
        "materiale": "PE",
        "dn": "DE63",
        "classe_pre": null,
        "lunghezza": 3.81,
        "prof": 80,
        "anno_posa": 1980,
        "comune": "Pozzolo Formigaro",
        "localita": "CAPOLUOGO",
        "via": "Via Cristoforo Colombo",
        "comune_posa": "Pozzolo Formigaro",
        "tipologia": "DISTRIBUZIONE",
        "tip_rete": "DISTRIBUZIONE",
        "id": 4240,
        "etichetta": "PE DE63",
        "n_distretto": "02",
        "note_etichetta": null,
        "id_distretto": "POZ-DPZ02",
        "distretto_modello": "POZ-DPZ02"
      },
      "geometry": {
        "type": "LineString",
        "coordinates": [
          [
            8.786145712866835,
            44.79529323517123
          ],
          [
            8.786155098389383,
            44.79530837873521
          ],
          [
            8.786165553416623,
            44.7953244410275
          ]
        ]
      }
    },
    {
      "type": "Feature",
      "properties": {
        "materiale": "PE",
        "dn": "DE63",
        "classe_pre": null,
        "lunghezza": 2.21,
        "prof": 80,
        "anno_posa": 1980,
        "comune": "Pozzolo Formigaro",
        "localita": "CAPOLUOGO",
        "via": "Via Ghiaione",
        "comune_posa": "Pozzolo Formigaro",
        "tipologia": "DISTRIBUZIONE",
        "tip_rete": "DISTRIBUZIONE",
        "id": 4241,
        "etichetta": "PE DE63",
        "n_distretto": "02",
        "note_etichetta": null,
        "id_distretto": "POZ-DPZ02",
        "distretto_modello": "POZ-DPZ02"
      },
      "geometry": {
        "type": "LineString",
        "coordinates": [
          [
            8.786442202914143,
            44.798566750837566
          ],
          [
            8.786468223266363,
            44.79855945051795
          ]
        ]
      }
    },
    {
      "type": "Feature",
      "properties": {
        "materiale": "PE",
        "dn": "DE63",
        "classe_pre": null,
        "lunghezza": 3.58,
        "prof": 80,
        "anno_posa": 1980,
        "comune": "Pozzolo Formigaro",
        "localita": "CAPOLUOGO",
        "via": "Via dei Gelsi",
        "comune_posa": "Pozzolo Formigaro",
        "tipologia": "DISTRIBUZIONE",
        "tip_rete": "DISTRIBUZIONE",
        "id": 4242,
        "etichetta": "PE DE63",
        "n_distretto": "02",
        "note_etichetta": null,
        "id_distretto": "POZ-DPZ02",
        "distretto_modello": "POZ-DPZ02"
      },
      "geometry": {
        "type": "LineString",
        "coordinates": [
          [
            8.786633068491176,
            44.79893075468575
          ],
          [
            8.78667534865908,
            44.79891915210341
          ]
        ]
      }
    },
    {
      "type": "Feature",
      "properties": {
        "materiale": "PVC",
        "dn": "DE160",
        "classe_pre": null,
        "lunghezza": 2.57,
        "prof": 80,
        "anno_posa": 1980,
        "comune": "Pozzolo Formigaro",
        "localita": "CAPOLUOGO",
        "via": "Via Tortona ",
        "comune_posa": "Pozzolo Formigaro",
        "tipologia": "DISTRIBUZIONE",
        "tip_rete": "DISTRIBUZIONE",
        "id": 4243,
        "etichetta": "PVC DE160",
        "n_distretto": "02",
        "note_etichetta": null,
        "id_distretto": "POZ-DPZ02",
        "distretto_modello": "POZ-DPZ02"
      },
      "geometry": {
        "type": "LineString",
        "coordinates": [
          [
            8.786736027124558,
            44.79926129823305
          ],
          [
            8.78675046532871,
            44.79928199338902
          ]
        ]
      }
    },
    {
      "type": "Feature",
      "properties": {
        "materiale": "PVC",
        "dn": "DE63",
        "classe_pre": null,
        "lunghezza": 10.89,
        "prof": 80,
        "anno_posa": 1980,
        "comune": "Pozzolo Formigaro",
        "localita": "CAPOLUOGO",
        "via": "Via Gramsci",
        "comune_posa": "Pozzolo Formigaro",
        "tipologia": "DISTRIBUZIONE",
        "tip_rete": "DISTRIBUZIONE",
        "id": 4245,
        "etichetta": "PVC DE63",
        "n_distretto": "02",
        "note_etichetta": null,
        "id_distretto": "POZ-DPZ02",
        "distretto_modello": "POZ-DPZ02"
      },
      "geometry": {
        "type": "LineString",
        "coordinates": [
          [
            8.787710731121935,
            44.79701111518378
          ],
          [
            8.787756211680364,
            44.79710360089044
          ]
        ]
      }
    },
    {
      "type": "Feature",
      "properties": {
        "materiale": "PVC",
        "dn": "DE160",
        "classe_pre": null,
        "lunghezza": 4.65,
        "prof": 80,
        "anno_posa": 1980,
        "comune": "Pozzolo Formigaro",
        "localita": "CAPOLUOGO",
        "via": "Via Ca' Bianca",
        "comune_posa": "Pozzolo Formigaro",
        "tipologia": "DISTRIBUZIONE",
        "tip_rete": "DISTRIBUZIONE",
        "id": 4246,
        "etichetta": "PVC DE160",
        "n_distretto": "02",
        "note_etichetta": null,
        "id_distretto": "POZ-DPZ02",
        "distretto_modello": "POZ-DPZ02"
      },
      "geometry": {
        "type": "LineString",
        "coordinates": [
          [
            8.78850733355355,
            44.79682518533061
          ],
          [
            8.788532213951045,
            44.79681888087409
          ],
          [
            8.788540907898616,
            44.796796631975326
          ]
        ]
      }
    },
    {
      "type": "Feature",
      "properties": {
        "materiale": "PVC",
        "dn": "DE50",
        "classe_pre": null,
        "lunghezza": 2.37,
        "prof": 80,
        "anno_posa": 1980,
        "comune": "Pozzolo Formigaro",
        "localita": "CAPOLUOGO",
        "via": "Via della Badia",
        "comune_posa": "Pozzolo Formigaro",
        "tipologia": "DISTRIBUZIONE",
        "tip_rete": "DISTRIBUZIONE",
        "id": 4247,
        "etichetta": "PVC DE50",
        "n_distretto": "02",
        "note_etichetta": null,
        "id_distretto": "POZ-DPZ02",
        "distretto_modello": "POZ-DPZ02"
      },
      "geometry": {
        "type": "LineString",
        "coordinates": [
          [
            8.78850733355355,
            44.79682518533061
          ],
          [
            8.78851809619653,
            44.79684506137842
          ]
        ]
      }
    },
    {
      "type": "Feature",
      "properties": {
        "materiale": "PE",
        "dn": "DE32",
        "classe_pre": null,
        "lunghezza": 208.33,
        "prof": 80,
        "anno_posa": 1980,
        "comune": "Pozzolo Formigaro",
        "localita": "CAPOLUOGO",
        "via": "Strada dei Bandetti",
        "comune_posa": "Pozzolo Formigaro",
        "tipologia": "DISTRIBUZIONE",
        "tip_rete": "DISTRIBUZIONE",
        "id": 4248,
        "etichetta": "PE DE32",
        "n_distretto": "03",
        "note_etichetta": null,
        "id_distretto": "POZ-DPZ03",
        "distretto_modello": "POZ-DPZ03"
      },
      "geometry": {
        "type": "LineString",
        "coordinates": [
          [
            8.775909678841227,
            44.82124835619078
          ],
          [
            8.775466851882669,
            44.82130880506555
          ],
          [
            8.775329718196444,
            44.82142346670946
          ],
          [
            8.774533783604866,
            44.822050957611566
          ],
          [
            8.774143413909576,
            44.8223618073583
          ],
          [
            8.7740255391272,
            44.82247591014244
          ]
        ]
      }
    },
    {
      "type": "Feature",
      "properties": {
        "materiale": "PE",
        "dn": "DE32",
        "classe_pre": null,
        "lunghezza": 208.9,
        "prof": 80,
        "anno_posa": 1980,
        "comune": "Pozzolo Formigaro",
        "localita": "CAPOLUOGO",
        "via": "Strada dei Bandetti",
        "comune_posa": "Pozzolo Formigaro",
        "tipologia": "DISTRIBUZIONE",
        "tip_rete": "DISTRIBUZIONE",
        "id": 4249,
        "etichetta": "PE DE32",
        "n_distretto": "03",
        "note_etichetta": null,
        "id_distretto": "POZ-DPZ03",
        "distretto_modello": "POZ-DPZ03"
      },
      "geometry": {
        "type": "LineString",
        "coordinates": [
          [
            8.77269373380354,
            44.82690945668542
          ],
          [
            8.771559256779911,
            44.82704513946692
          ],
          [
            8.771167942375307,
            44.82709663825348
          ],
          [
            8.770661744352955,
            44.82716429932764
          ],
          [
            8.770274639001029,
            44.827217983015004
          ],
          [
            8.770184557374364,
            44.827211969642555
          ],
          [
            8.770143917253147,
            44.82719350003955
          ],
          [
            8.770114819045956,
            44.827168045830355
          ]
        ]
      }
    },
    {
      "type": "Feature",
      "properties": {
        "materiale": "PE",
        "dn": "DE32",
        "classe_pre": null,
        "lunghezza": 320.46,
        "prof": 80,
        "anno_posa": 1980,
        "comune": "Pozzolo Formigaro",
        "localita": "CAPOLUOGO",
        "via": "Strada dei Bandetti",
        "comune_posa": "Pozzolo Formigaro",
        "tipologia": "DISTRIBUZIONE",
        "tip_rete": "DISTRIBUZIONE",
        "id": 4250,
        "etichetta": "PE DE32",
        "n_distretto": "03",
        "note_etichetta": null,
        "id_distretto": "POZ-DPZ03",
        "distretto_modello": "POZ-DPZ03"
      },
      "geometry": {
        "type": "LineString",
        "coordinates": [
          [
            8.77098965951383,
            44.83001671670101
          ],
          [
            8.771120775866798,
            44.829956443099604
          ],
          [
            8.77120797941944,
            44.82992114803395
          ],
          [
            8.771295301528578,
            44.82988600177765
          ],
          [
            8.77138274169279,
            44.829851004532294
          ],
          [
            8.771470877266141,
            44.82981309267985
          ],
          [
            8.77159830941084,
            44.82974412952059
          ],
          [
            8.771711629775444,
            44.829684011311855
          ],
          [
            8.77180651243879,
            44.82962593559837
          ],
          [
            8.771862927711316,
            44.82957755309836
          ],
          [
            8.771934630647788,
            44.8295095966704
          ],
          [
            8.771958146194708,
            44.82945621889712
          ],
          [
            8.771992820048473,
            44.82934722604176
          ],
          [
            8.772052230233555,
            44.82913301644148
          ],
          [
            8.772119740092517,
            44.82891870461677
          ],
          [
            8.77216987310035,
            44.82873547222638
          ],
          [
            8.772215535484746,
            44.82854244601261
          ],
          [
            8.772265434083037,
            44.828370130554525
          ],
          [
            8.77229636291367,
            44.82827697107941
          ],
          [
            8.772334953387977,
            44.82814379735868
          ],
          [
            8.772373412086994,
            44.8280106043445
          ],
          [
            8.772411738992574,
            44.82787739210273
          ],
          [
            8.772452588474012,
            44.82773033502001
          ],
          [
            8.77250693447412,
            44.82756402443452
          ],
          [
            8.77251741830118,
            44.82751808836394
          ]
        ]
      }
    },
    {
      "type": "Feature",
      "properties": {
        "materiale": "PE",
        "dn": "DE50",
        "classe_pre": null,
        "lunghezza": 186.28,
        "prof": 80,
        "anno_posa": 1980,
        "comune": "Pozzolo Formigaro",
        "localita": "CAPOLUOGO",
        "via": "Strada Roveri",
        "comune_posa": "Pozzolo Formigaro",
        "tipologia": "DISTRIBUZIONE",
        "tip_rete": "DISTRIBUZIONE",
        "id": 4251,
        "etichetta": "PE DE50",
        "n_distretto": "03",
        "note_etichetta": null,
        "id_distretto": "POZ-DPZ03",
        "distretto_modello": "POZ-DPZ03"
      },
      "geometry": {
        "type": "LineString",
        "coordinates": [
          [
            8.77479687932985,
            44.827935315159955
          ],
          [
            8.774422042512821,
            44.82786634160359
          ],
          [
            8.77417659599737,
            44.827817943260165
          ],
          [
            8.773897190379891,
            44.82776737237066
          ],
          [
            8.773751060999766,
            44.82773741871204
          ],
          [
            8.773558010666854,
            44.82770075024229
          ],
          [
            8.773430786456071,
            44.82767408707026
          ],
          [
            8.773324682336515,
            44.827654102658194
          ],
          [
            8.773163953217562,
            44.82762567984463
          ],
          [
            8.772983175840974,
            44.82758920684879
          ],
          [
            8.772774913580198,
            44.8275524389533
          ],
          [
            8.772521592078254,
            44.82749980046825
          ]
        ]
      }
    },
    {
      "type": "Feature",
      "properties": {
        "materiale": "PE",
        "dn": "DE75",
        "classe_pre": null,
        "lunghezza": 1.58,
        "prof": 80,
        "anno_posa": 1980,
        "comune": "Pozzolo Formigaro",
        "localita": "CAPOLUOGO",
        "via": "Strada dei Bandetti",
        "comune_posa": "Pozzolo Formigaro",
        "tipologia": "DISTRIBUZIONE",
        "tip_rete": "DISTRIBUZIONE",
        "id": 4252,
        "etichetta": "PE DE75",
        "n_distretto": "03",
        "note_etichetta": null,
        "id_distretto": "POZ-DPZ03",
        "distretto_modello": "POZ-DPZ03"
      },
      "geometry": {
        "type": "LineString",
        "coordinates": [
          [
            8.778745546571733,
            44.827180952357054
          ],
          [
            8.77876002161238,
            44.827190791821735
          ]
        ]
      }
    },
    {
      "type": "Feature",
      "properties": {
        "materiale": "PE",
        "dn": "DE50",
        "classe_pre": null,
        "lunghezza": 5.54,
        "prof": 80,
        "anno_posa": 1980,
        "comune": "Pozzolo Formigaro",
        "localita": "CAPOLUOGO",
        "via": "Strada dei Bandetti",
        "comune_posa": "Pozzolo Formigaro",
        "tipologia": "DISTRIBUZIONE",
        "tip_rete": "DISTRIBUZIONE",
        "id": 4253,
        "etichetta": "PE DE50",
        "n_distretto": "03",
        "note_etichetta": null,
        "id_distretto": "POZ-DPZ03",
        "distretto_modello": "POZ-DPZ03"
      },
      "geometry": {
        "type": "LineString",
        "coordinates": [
          [
            8.778564288671705,
            44.827046855872474
          ],
          [
            8.778494530797413,
            44.82705176447338
          ]
        ]
      }
    },
    {
      "type": "Feature",
      "properties": {
        "materiale": "PE",
        "dn": "DE63",
        "classe_pre": null,
        "lunghezza": 6.43,
        "prof": 80,
        "anno_posa": 1980,
        "comune": "Pozzolo Formigaro",
        "localita": "CAPOLUOGO",
        "via": "Strada Roveri",
        "comune_posa": "Pozzolo Formigaro",
        "tipologia": "DISTRIBUZIONE",
        "tip_rete": "DISTRIBUZIONE",
        "id": 4254,
        "etichetta": "PE DE63",
        "n_distretto": "03",
        "note_etichetta": null,
        "id_distretto": "POZ-DPZ03",
        "distretto_modello": "POZ-DPZ03"
      },
      "geometry": {
        "type": "LineString",
        "coordinates": [
          [
            8.77804283168636,
            44.828110336285285
          ],
          [
            8.777961880161204,
            44.82810436607863
          ]
        ]
      }
    },
    {
      "type": "Feature",
      "properties": {
        "materiale": "PE",
        "dn": "DE90",
        "classe_pre": null,
        "lunghezza": 1405.27,
        "prof": 80,
        "anno_posa": 1980,
        "comune": "Pozzolo Formigaro",
        "localita": "CAPOLUOGO",
        "via": "Strada Roveri",
        "comune_posa": "Pozzolo Formigaro",
        "tipologia": "DISTRIBUZIONE",
        "tip_rete": "DISTRIBUZIONE",
        "id": 4255,
        "etichetta": "PE DE90",
        "n_distretto": "03",
        "note_etichetta": null,
        "id_distretto": "POZ-DPZ03",
        "distretto_modello": "POZ-DPZ03"
      },
      "geometry": {
        "type": "LineString",
        "coordinates": [
          [
            8.774068214760787,
            44.840324924195926
          ],
          [
            8.774014696994376,
            44.840295960598894
          ],
          [
            8.774360243566022,
            44.839607663576174
          ],
          [
            8.774547514830983,
            44.839220507486694
          ],
          [
            8.775120722766037,
            44.83807374485062
          ],
          [
            8.775645591815856,
            44.83696767637686
          ],
          [
            8.775733424391518,
            44.836789994801364
          ],
          [
            8.775843187464446,
            44.836574827353
          ],
          [
            8.775918374576811,
            44.836405279247494
          ],
          [
            8.775998169771908,
            44.83623002921404
          ],
          [
            8.77606308716405,
            44.83604740734677
          ],
          [
            8.776091082542067,
            44.83592426970834
          ],
          [
            8.77613155359137,
            44.83575787828598
          ],
          [
            8.776164817386528,
            44.83555387808154
          ],
          [
            8.776196150417608,
            44.835369817066535
          ],
          [
            8.776217665797741,
            44.83525408349804
          ],
          [
            8.776299936113746,
            44.83471743400653
          ],
          [
            8.77633693308967,
            44.834495568043586
          ],
          [
            8.776372502866577,
            44.834299658489954
          ],
          [
            8.776403485973816,
            44.83408049151597
          ],
          [
            8.77642256354833,
            44.8339511406552
          ],
          [
            8.776479531368787,
            44.83362377960303
          ],
          [
            8.776512885623676,
            44.833441264392974
          ],
          [
            8.776549769378013,
            44.83318228770585
          ],
          [
            8.776732574527779,
            44.832220774197566
          ],
          [
            8.776905803579602,
            44.831302471062855
          ],
          [
            8.777305403409903,
            44.82935664389848
          ],
          [
            8.777365735597495,
            44.82917074874689
          ],
          [
            8.777420121603171,
            44.829040319466934
          ],
          [
            8.777609555511654,
            44.82867274214595
          ],
          [
            8.77772596468589,
            44.82851224717998
          ],
          [
            8.777838952684036,
            44.828346850361854
          ],
          [
            8.777978350576733,
            44.828180946548876
          ],
          [
            8.77804283168636,
            44.828110336285285
          ]
        ]
      }
    },
    {
      "type": "Feature",
      "properties": {
        "materiale": "PE",
        "dn": "DE32",
        "classe_pre": null,
        "lunghezza": 174.1,
        "prof": 80,
        "anno_posa": 1980,
        "comune": "Pozzolo Formigaro",
        "localita": "CAPOLUOGO",
        "via": "Strada Leardina",
        "comune_posa": "Pozzolo Formigaro",
        "tipologia": "DISTRIBUZIONE",
        "tip_rete": "DISTRIBUZIONE",
        "id": 4256,
        "etichetta": "PE DE32",
        "n_distretto": "03",
        "note_etichetta": null,
        "id_distretto": "POZ-DPZ03",
        "distretto_modello": "POZ-DPZ03"
      },
      "geometry": {
        "type": "LineString",
        "coordinates": [
          [
            8.78715184086036,
            44.82967714368101
          ],
          [
            8.787150640983437,
            44.82972336728484
          ],
          [
            8.786937205378425,
            44.829747756039424
          ],
          [
            8.786674401759397,
            44.82977824887623
          ],
          [
            8.786363696550758,
            44.829810717074025
          ],
          [
            8.785923847871455,
            44.82985169014137
          ],
          [
            8.785764052974741,
            44.829870456330546
          ],
          [
            8.785637298368963,
            44.82988367596998
          ],
          [
            8.785523069852081,
            44.82989279673317
          ],
          [
            8.78539820984549,
            44.82990495554991
          ],
          [
            8.78525738519667,
            44.829917084212745
          ],
          [
            8.785034989113138,
            44.82993871480823
          ]
        ]
      }
    },
    {
      "type": "Feature",
      "properties": {
        "materiale": "PVC",
        "dn": "DE50",
        "classe_pre": null,
        "lunghezza": 4.69,
        "prof": 80,
        "anno_posa": 1980,
        "comune": "Pozzolo Formigaro",
        "localita": "CAPOLUOGO",
        "via": "Via del Priorato",
        "comune_posa": "Pozzolo Formigaro",
        "tipologia": "DISTRIBUZIONE",
        "tip_rete": "DISTRIBUZIONE",
        "id": 4257,
        "etichetta": "PVC DE50",
        "n_distretto": "01",
        "note_etichetta": null,
        "id_distretto": "POZ-DPZ01",
        "distretto_modello": "POZ-DPZ01"
      },
      "geometry": {
        "type": "LineString",
        "coordinates": [
          [
            8.789672572916057,
            44.78952466989989
          ],
          [
            8.78967857365395,
            44.78956669524942
          ]
        ]
      }
    },
    {
      "type": "Feature",
      "properties": {
        "materiale": "?",
        "dn": "?",
        "classe_pre": null,
        "lunghezza": 123.59,
        "prof": 80,
        "anno_posa": 1980,
        "comune": "Pozzolo Formigaro",
        "localita": "CAPOLUOGO",
        "via": "Via Cascinotti Lungotti",
        "comune_posa": "Pozzolo Formigaro",
        "tipologia": "DISTRIBUZIONE",
        "tip_rete": "DISTRIBUZIONE",
        "id": 4258,
        "etichetta": "? ?",
        "n_distretto": "04",
        "note_etichetta": null,
        "id_distretto": "POZ-DPZ04",
        "distretto_modello": "POZ-DPZ04"
      },
      "geometry": {
        "type": "LineString",
        "coordinates": [
          [
            8.8175338499251,
            44.80217924059557
          ],
          [
            8.818876518393694,
            44.80274853314385
          ]
        ]
      }
    },
    {
      "type": "Feature",
      "properties": {
        "materiale": "PVC",
        "dn": "DE50",
        "classe_pre": null,
        "lunghezza": 3.54,
        "prof": 80,
        "anno_posa": 1980,
        "comune": "Pozzolo Formigaro",
        "localita": "CAPOLUOGO",
        "via": "Via Cascinotti Maggiori",
        "comune_posa": "Pozzolo Formigaro",
        "tipologia": "DISTRIBUZIONE",
        "tip_rete": "DISTRIBUZIONE",
        "id": 4259,
        "etichetta": "PVC DE50",
        "n_distretto": "04",
        "note_etichetta": null,
        "id_distretto": "POZ-DPZ04",
        "distretto_modello": "POZ-DPZ04"
      },
      "geometry": {
        "type": "LineString",
        "coordinates": [
          [
            8.821263996774725,
            44.80663462326053
          ],
          [
            8.821260021457226,
            44.80666634752135
          ]
        ]
      }
    },
    {
      "type": "Feature",
      "properties": {
        "materiale": "PVC",
        "dn": "DE50",
        "classe_pre": null,
        "lunghezza": 0.32,
        "prof": 80,
        "anno_posa": 1980,
        "comune": "Pozzolo Formigaro",
        "localita": "CAPOLUOGO",
        "via": "Via Cascinotti Minori",
        "comune_posa": "Pozzolo Formigaro",
        "tipologia": "DISTRIBUZIONE",
        "tip_rete": "DISTRIBUZIONE",
        "id": 4260,
        "etichetta": "PVC DE50",
        "n_distretto": "04",
        "note_etichetta": null,
        "id_distretto": "POZ-DPZ04",
        "distretto_modello": "POZ-DPZ04"
      },
      "geometry": {
        "type": "LineString",
        "coordinates": [
          [
            8.823493888933932,
            44.806911913282114
          ],
          [
            8.82349308038122,
            44.806914759154346
          ]
        ]
      }
    },
    {
      "type": "Feature",
      "properties": {
        "materiale": "PVC",
        "dn": "DE40",
        "classe_pre": null,
        "lunghezza": 240.9,
        "prof": 80,
        "anno_posa": 1980,
        "comune": "Pozzolo Formigaro",
        "localita": "CAPOLUOGO",
        "via": "Strada Comunale Cimitero di Bettole",
        "comune_posa": "Pozzolo Formigaro",
        "tipologia": "DISTRIBUZIONE",
        "tip_rete": "DISTRIBUZIONE",
        "id": 4261,
        "etichetta": "PVC DE40",
        "n_distretto": "04",
        "note_etichetta": null,
        "id_distretto": "POZ-DPZ04",
        "distretto_modello": "POZ-DPZ04"
      },
      "geometry": {
        "type": "LineString",
        "coordinates": [
          [
            8.827829781891612,
            44.809634548040826
          ],
          [
            8.82858342510489,
            44.80753331656175
          ]
        ]
      }
    },
    {
      "type": "Feature",
      "properties": {
        "materiale": "AC",
        "dn": "DN40",
        "classe_pre": null,
        "lunghezza": 4.63,
        "prof": 80,
        "anno_posa": 1980,
        "comune": "Pozzolo Formigaro",
        "localita": "CAPOLUOGO",
        "via": "Via Vittorio Veneto",
        "comune_posa": "Pozzolo Formigaro",
        "tipologia": "DISTRIBUZIONE",
        "tip_rete": "DISTRIBUZIONE",
        "id": 4262,
        "etichetta": "AC DN40",
        "n_distretto": "02",
        "note_etichetta": null,
        "id_distretto": "POZ-DPZ02",
        "distretto_modello": "POZ-DPZ02"
      },
      "geometry": {
        "type": "LineString",
        "coordinates": [
          [
            8.78075803927163,
            44.79690937061442
          ],
          [
            8.780728197897545,
            44.79687351004726
          ]
        ]
      }
    },
    {
      "type": "Feature",
      "properties": {
        "materiale": "PVC",
        "dn": "DE50",
        "classe_pre": null,
        "lunghezza": 2.8,
        "prof": 80,
        "anno_posa": 1980,
        "comune": "Pozzolo Formigaro",
        "localita": "CAPOLUOGO",
        "via": "Via Vittorio Veneto",
        "comune_posa": "Pozzolo Formigaro",
        "tipologia": "DISTRIBUZIONE",
        "tip_rete": "DISTRIBUZIONE",
        "id": 4263,
        "etichetta": "PVC DE50",
        "n_distretto": "02",
        "note_etichetta": null,
        "id_distretto": "POZ-DPZ02",
        "distretto_modello": "POZ-DPZ02"
      },
      "geometry": {
        "type": "LineString",
        "coordinates": [
          [
            8.781220832726717,
            44.796504028602456
          ],
          [
            8.781205446712239,
            44.796481277815374
          ]
        ]
      }
    },
    {
      "type": "Feature",
      "properties": {
        "materiale": "PVC",
        "dn": "DE50",
        "classe_pre": null,
        "lunghezza": 5.48,
        "prof": 80,
        "anno_posa": 1980,
        "comune": "Pozzolo Formigaro",
        "localita": "CAPOLUOGO",
        "via": null,
        "comune_posa": "Pozzolo Formigaro",
        "tipologia": "DISTRIBUZIONE",
        "tip_rete": "DISTRIBUZIONE",
        "id": 4264,
        "etichetta": "PVC DE50",
        "n_distretto": "03",
        "note_etichetta": null,
        "id_distretto": "POZ-DPZ03",
        "distretto_modello": "POZ-DPZ03"
      },
      "geometry": {
        "type": "LineString",
        "coordinates": [
          [
            8.780098559318644,
            44.79741382396585
          ],
          [
            8.780106899998922,
            44.797433295266735
          ],
          [
            8.780118771307501,
            44.797461008788474
          ]
        ]
      }
    },
    {
      "type": "Feature",
      "properties": {
        "materiale": "PE",
        "dn": "DE63",
        "classe_pre": null,
        "lunghezza": 37.95,
        "prof": 80,
        "anno_posa": 2024,
        "comune": "Pozzolo Formigaro",
        "localita": "CAPOLUOGO",
        "via": "Via del Giardino",
        "comune_posa": "Pozzolo Formigaro",
        "tipologia": "DISTRIBUZIONE",
        "tip_rete": "DISTRIBUZIONE",
        "id": 4265,
        "etichetta": "PE DE63",
        "n_distretto": "02",
        "note_etichetta": null,
        "id_distretto": "POZ-DPZ02",
        "distretto_modello": "POZ-DPZ02"
      },
      "geometry": {
        "type": "LineString",
        "coordinates": [
          [
            8.781172214281849,
            44.79538305162462
          ],
          [
            8.781160933736503,
            44.79538603905219
          ],
          [
            8.781153703997148,
            44.79538878348747
          ],
          [
            8.780872186891317,
            44.795471744615355
          ],
          [
            8.780729748143306,
            44.79551510234424
          ]
        ]
      }
    },
    {
      "type": "Feature",
      "properties": {
        "materiale": "?",
        "dn": "?",
        "classe_pre": null,
        "lunghezza": 13.72,
        "prof": 80,
        "anno_posa": 1980,
        "comune": "Pozzolo Formigaro",
        "localita": "CAPOLUOGO",
        "via": "Via Vittorio Veneto",
        "comune_posa": "Pozzolo Formigaro",
        "tipologia": "DISTRIBUZIONE",
        "tip_rete": "DISTRIBUZIONE",
        "id": 4266,
        "etichetta": "? ?",
        "n_distretto": "03",
        "note_etichetta": null,
        "id_distretto": "POZ-DPZ03",
        "distretto_modello": "POZ-DPZ03"
      },
      "geometry": {
        "type": "LineString",
        "coordinates": [
          [
            8.780098559318644,
            44.79741382396585
          ],
          [
            8.780106899998922,
            44.797433295266735
          ],
          [
            8.780073724433564,
            44.79733287451609
          ]
        ]
      }
    },
    {
      "type": "Feature",
      "properties": {
        "materiale": "PVC",
        "dn": "DE160",
        "classe_pre": null,
        "lunghezza": 3.34,
        "prof": 80,
        "anno_posa": 1980,
        "comune": "Pozzolo Formigaro",
        "localita": "CAPOLUOGO",
        "via": "Via Vittorio Veneto",
        "comune_posa": "Pozzolo Formigaro",
        "tipologia": "DISTRIBUZIONE",
        "tip_rete": "DISTRIBUZIONE",
        "id": 4267,
        "etichetta": "PVC DE160",
        "n_distretto": "02",
        "note_etichetta": null,
        "id_distretto": "POZ-DPZ02",
        "distretto_modello": "POZ-DPZ02"
      },
      "geometry": {
        "type": "LineString",
        "coordinates": [
          [
            8.78248926117337,
            44.795416620678324
          ],
          [
            8.782462131409595,
            44.795439607769985
          ]
        ]
      }
    },
    {
      "type": "Feature",
      "properties": {
        "materiale": "PVC",
        "dn": "DE110",
        "classe_pre": null,
        "lunghezza": 2.88,
        "prof": 80,
        "anno_posa": 1980,
        "comune": "Pozzolo Formigaro",
        "localita": "CAPOLUOGO",
        "via": null,
        "comune_posa": "Pozzolo Formigaro",
        "tipologia": "DISTRIBUZIONE",
        "tip_rete": "DISTRIBUZIONE",
        "id": 4268,
        "etichetta": "PVC DE110",
        "n_distretto": "03",
        "note_etichetta": null,
        "id_distretto": "POZ-DPZ03",
        "distretto_modello": "POZ-DPZ03"
      },
      "geometry": {
        "type": "LineString",
        "coordinates": [
          [
            8.782411762066328,
            44.79764986400015
          ],
          [
            8.78239967446733,
            44.79762537560676
          ]
        ]
      }
    },
    {
      "type": "Feature",
      "properties": {
        "materiale": "PVC",
        "dn": "DE90",
        "classe_pre": null,
        "lunghezza": 1.15,
        "prof": 80,
        "anno_posa": 1980,
        "comune": "Pozzolo Formigaro",
        "localita": "CAPOLUOGO",
        "via": "Via Vittorio Veneto",
        "comune_posa": "Pozzolo Formigaro",
        "tipologia": "DISTRIBUZIONE",
        "tip_rete": "DISTRIBUZIONE",
        "id": 4269,
        "etichetta": "PVC DE90",
        "n_distretto": "03",
        "note_etichetta": null,
        "id_distretto": "POZ-DPZ03",
        "distretto_modello": "POZ-DPZ03"
      },
      "geometry": {
        "type": "LineString",
        "coordinates": [
          [
            8.779833639491159,
            44.79765705122584
          ],
          [
            8.779842311175422,
            44.79766533023627
          ]
        ]
      }
    },
    {
      "type": "Feature",
      "properties": {
        "materiale": "PVC",
        "dn": "DE160",
        "classe_pre": null,
        "lunghezza": 2.43,
        "prof": 80,
        "anno_posa": 1980,
        "comune": "Pozzolo Formigaro",
        "localita": "CAPOLUOGO",
        "via": null,
        "comune_posa": "Pozzolo Formigaro",
        "tipologia": "DISTRIBUZIONE",
        "tip_rete": "DISTRIBUZIONE",
        "id": 4270,
        "etichetta": "PVC DE160",
        "n_distretto": "03",
        "note_etichetta": null,
        "id_distretto": "POZ-DPZ03",
        "distretto_modello": "POZ-DPZ03"
      },
      "geometry": {
        "type": "LineString",
        "coordinates": [
          [
            8.77915894400823,
            44.80016992205297
          ],
          [
            8.779176042666435,
            44.80018807339254
          ]
        ]
      }
    },
    {
      "type": "Feature",
      "properties": {
        "materiale": "PVC",
        "dn": "DE110",
        "classe_pre": null,
        "lunghezza": 16.07,
        "prof": 80,
        "anno_posa": 1980,
        "comune": "Pozzolo Formigaro",
        "localita": "CAPOLUOGO",
        "via": "Via Belvedere",
        "comune_posa": "Pozzolo Formigaro",
        "tipologia": "DISTRIBUZIONE",
        "tip_rete": "DISTRIBUZIONE",
        "id": 4271,
        "etichetta": "PVC DE110",
        "n_distretto": "03",
        "note_etichetta": null,
        "id_distretto": "POZ-DPZ03",
        "distretto_modello": "POZ-DPZ03"
      },
      "geometry": {
        "type": "LineString",
        "coordinates": [
          [
            8.777653861085346,
            44.795108318718476
          ],
          [
            8.777516859922777,
            44.795215184341494
          ]
        ]
      }
    },
    {
      "type": "Feature",
      "properties": {
        "materiale": "PVC",
        "dn": "DE110",
        "classe_pre": null,
        "lunghezza": 134.19,
        "prof": 80,
        "anno_posa": 1980,
        "comune": "Pozzolo Formigaro",
        "localita": "CAPOLUOGO",
        "via": null,
        "comune_posa": "Pozzolo Formigaro",
        "tipologia": "DISTRIBUZIONE",
        "tip_rete": "DISTRIBUZIONE",
        "id": 4272,
        "etichetta": "PVC DE110",
        "n_distretto": "03",
        "note_etichetta": null,
        "id_distretto": "POZ-DPZ03",
        "distretto_modello": "POZ-DPZ03"
      },
      "geometry": {
        "type": "LineString",
        "coordinates": [
          [
            8.777516859922777,
            44.795215184341494
          ],
          [
            8.777382812936388,
            44.79486928369141
          ],
          [
            8.777136679823515,
            44.794502508446925
          ],
          [
            8.776815867593092,
            44.79417276814117
          ],
          [
            8.776780419236598,
            44.79413979119582
          ]
        ]
      }
    },
    {
      "type": "Feature",
      "properties": {
        "materiale": "AC",
        "dn": "DN50",
        "classe_pre": null,
        "lunghezza": 137.9,
        "prof": 80,
        "anno_posa": 1980,
        "comune": "Pozzolo Formigaro",
        "localita": "CAPOLUOGO",
        "via": "Via Marencana",
        "comune_posa": "Pozzolo Formigaro",
        "tipologia": "DISTRIBUZIONE",
        "tip_rete": "DISTRIBUZIONE",
        "id": 4273,
        "etichetta": "AC DN50",
        "n_distretto": "03",
        "note_etichetta": null,
        "id_distretto": "POZ-DPZ03",
        "distretto_modello": "POZ-DPZ03"
      },
      "geometry": {
        "type": "LineString",
        "coordinates": [
          [
            8.777820298229532,
            44.79375334829522
          ],
          [
            8.777867797439095,
            44.793722457069464
          ],
          [
            8.777989035196226,
            44.7936262993218
          ],
          [
            8.778046282818538,
            44.793574771222524
          ],
          [
            8.778169503967769,
            44.79346553516105
          ],
          [
            8.778233562042665,
            44.79340300379505
          ],
          [
            8.778287900499755,
            44.79335353549852
          ],
          [
            8.77837521227502,
            44.79327865574277
          ],
          [
            8.778476132057307,
            44.79318521214032
          ],
          [
            8.778647858848574,
            44.79303406960439
          ],
          [
            8.778758431305274,
            44.7929447756068
          ],
          [
            8.778828237161258,
            44.792896025536734
          ],
          [
            8.778858280409318,
            44.79287818206352
          ],
          [
            8.778975447306008,
            44.792834343275196
          ]
        ]
      }
    },
    {
      "type": "Feature",
      "properties": {
        "materiale": "AC",
        "dn": "DN45",
        "classe_pre": null,
        "lunghezza": 1.89,
        "prof": 80,
        "anno_posa": 1980,
        "comune": "Pozzolo Formigaro",
        "localita": "CAPOLUOGO",
        "via": "Vicolo Aie",
        "comune_posa": "Pozzolo Formigaro",
        "tipologia": "DISTRIBUZIONE",
        "tip_rete": "DISTRIBUZIONE",
        "id": 4274,
        "etichetta": "AC DN45",
        "n_distretto": "02",
        "note_etichetta": null,
        "id_distretto": "POZ-DPZ02",
        "distretto_modello": "POZ-DPZ02"
      },
      "geometry": {
        "type": "LineString",
        "coordinates": [
          [
            8.78398146828247,
            44.791582948379755
          ],
          [
            8.783977917613933,
            44.791566098481006
          ]
        ]
      }
    },
    {
      "type": "Feature",
      "properties": {
        "materiale": "AC",
        "dn": "DN25",
        "classe_pre": null,
        "lunghezza": 42.62,
        "prof": 80,
        "anno_posa": 1980,
        "comune": "Pozzolo Formigaro",
        "localita": "CAPOLUOGO",
        "via": "Strada Pagnoletta",
        "comune_posa": "Pozzolo Formigaro",
        "tipologia": "DISTRIBUZIONE",
        "tip_rete": "DISTRIBUZIONE",
        "id": 4275,
        "etichetta": "AC DN25",
        "n_distretto": "03",
        "note_etichetta": null,
        "id_distretto": "POZ-DPZ03",
        "distretto_modello": "POZ-DPZ03"
      },
      "geometry": {
        "type": "LineString",
        "coordinates": [
          [
            8.77927068746751,
            44.79237565263043
          ],
          [
            8.77926945452902,
            44.792474871416864
          ],
          [
            8.779266664538872,
            44.792533911357275
          ],
          [
            8.779289363699725,
            44.792758697895536
          ]
        ]
      }
    },
    {
      "type": "Feature",
      "properties": {
        "materiale": "PVC",
        "dn": "DE90",
        "classe_pre": null,
        "lunghezza": 5.33,
        "prof": 80,
        "anno_posa": 1980,
        "comune": "Pozzolo Formigaro",
        "localita": "CAPOLUOGO",
        "via": "Viale Partigiani",
        "comune_posa": "Pozzolo Formigaro",
        "tipologia": "DISTRIBUZIONE",
        "tip_rete": "DISTRIBUZIONE",
        "id": 4276,
        "etichetta": "PVC DE90",
        "n_distretto": "03",
        "note_etichetta": null,
        "id_distretto": "POZ-DPZ03",
        "distretto_modello": "POZ-DPZ03"
      },
      "geometry": {
        "type": "LineString",
        "coordinates": [
          [
            8.778804193440482,
            44.79286285891725
          ],
          [
            8.778803624672314,
            44.792814877012546
          ]
        ]
      }
    },
    {
      "type": "Feature",
      "properties": {
        "materiale": "PVC",
        "dn": "DE50",
        "classe_pre": null,
        "lunghezza": 152.85,
        "prof": 80,
        "anno_posa": 1980,
        "comune": "Pozzolo Formigaro",
        "localita": "CAPOLUOGO",
        "via": "Viale Partigiani",
        "comune_posa": "Pozzolo Formigaro",
        "tipologia": "DISTRIBUZIONE",
        "tip_rete": "DISTRIBUZIONE",
        "id": 4277,
        "etichetta": "PVC DE50",
        "n_distretto": "03",
        "note_etichetta": null,
        "id_distretto": "POZ-DPZ03",
        "distretto_modello": "POZ-DPZ03"
      },
      "geometry": {
        "type": "LineString",
        "coordinates": [
          [
            8.778310043784817,
            44.79196383268321
          ],
          [
            8.778335788035552,
            44.79197228982074
          ],
          [
            8.77818236261859,
            44.792757968479286
          ],
          [
            8.77817716868324,
            44.79275842398298
          ],
          [
            8.778172990440028,
            44.79276066767129
          ],
          [
            8.778170947434695,
            44.79276409835603
          ],
          [
            8.778171587224396,
            44.79276779677112
          ],
          [
            8.77817473826209,
            44.792770771899384
          ],
          [
            8.778179556221545,
            44.79277222654983
          ],
          [
            8.778172053890486,
            44.79281034256364
          ],
          [
            8.778702621595368,
            44.79280308916104
          ],
          [
            8.77879352296346,
            44.792776659184895
          ],
          [
            8.778796850053315,
            44.792776639188126
          ],
          [
            8.778800056710798,
            44.79278051810036
          ],
          [
            8.778806377616723,
            44.79278048010941
          ],
          [
            8.77880949186431,
            44.7927765632063
          ],
          [
            8.778812818954163,
            44.792776543209065
          ],
          [
            8.778849920214352,
            44.79280047261362
          ]
        ]
      }
    },
    {
      "type": "Feature",
      "properties": {
        "materiale": "PE",
        "dn": "DE200",
        "classe_pre": null,
        "lunghezza": 31.1,
        "prof": 80,
        "anno_posa": 1980,
        "comune": "Pozzolo Formigaro",
        "localita": "CAPOLUOGO",
        "via": "Viale Armano Oreste",
        "comune_posa": "Pozzolo Formigaro",
        "tipologia": "DISTRIBUZIONE",
        "tip_rete": "DISTRIBUZIONE",
        "id": 4278,
        "etichetta": "PE DE200",
        "n_distretto": "02",
        "note_etichetta": null,
        "id_distretto": "POZ-DPZ02",
        "distretto_modello": "POZ-DPZ02"
      },
      "geometry": {
        "type": "LineString",
        "coordinates": [
          [
            8.780567988890015,
            44.79273449848322
          ],
          [
            8.780619247763813,
            44.792732054255836
          ],
          [
            8.780913934159157,
            44.7927017504339
          ],
          [
            8.780957464178377,
            44.79269701425532
          ]
        ]
      }
    },
    {
      "type": "Feature",
      "properties": {
        "materiale": "GS",
        "dn": "DN150",
        "classe_pre": null,
        "lunghezza": 8.75,
        "prof": 80,
        "anno_posa": 1980,
        "comune": "Pozzolo Formigaro",
        "localita": "CAPOLUOGO",
        "via": "Viale Armano Oreste",
        "comune_posa": "Pozzolo Formigaro",
        "tipologia": "DISTRIBUZIONE",
        "tip_rete": "DISTRIBUZIONE",
        "id": 4279,
        "etichetta": "GS DN150",
        "n_distretto": "02",
        "note_etichetta": null,
        "id_distretto": "POZ-DPZ02",
        "distretto_modello": "POZ-DPZ02"
      },
      "geometry": {
        "type": "LineString",
        "coordinates": [
          [
            8.780567988890015,
            44.79273449848322
          ],
          [
            8.780551522760604,
            44.79273534448239
          ],
          [
            8.780457648580246,
            44.79274012256634
          ]
        ]
      }
    },
    {
      "type": "Feature",
      "properties": {
        "materiale": "PE",
        "dn": "DE90",
        "classe_pre": null,
        "lunghezza": 2.47,
        "prof": 80,
        "anno_posa": 1980,
        "comune": "Pozzolo Formigaro",
        "localita": "CAPOLUOGO",
        "via": "Viale Armano Oreste",
        "comune_posa": "Pozzolo Formigaro",
        "tipologia": "DISTRIBUZIONE",
        "tip_rete": "DISTRIBUZIONE",
        "id": 4280,
        "etichetta": "PE DE90",
        "n_distretto": "03",
        "note_etichetta": null,
        "id_distretto": "POZ-DPZ03",
        "distretto_modello": "POZ-DPZ03"
      },
      "geometry": {
        "type": "LineString",
        "coordinates": [
          [
            8.78016900804651,
            44.79277427832462
          ],
          [
            8.780200157614543,
            44.79277351154943
          ]
        ]
      }
    },
    {
      "type": "Feature",
      "properties": {
        "materiale": "PE",
        "dn": "DE50",
        "classe_pre": null,
        "lunghezza": 3.74,
        "prof": 80,
        "anno_posa": 2016,
        "comune": "Pozzolo Formigaro",
        "localita": "CAPOLUOGO",
        "via": "Via Giovan Battista Oddini",
        "comune_posa": "Pozzolo Formigaro",
        "tipologia": "DISTRIBUZIONE",
        "tip_rete": "DISTRIBUZIONE",
        "id": 4282,
        "etichetta": "PE DE50",
        "n_distretto": "02",
        "note_etichetta": null,
        "id_distretto": "POZ-DPZ02",
        "distretto_modello": "POZ-DPZ02"
      },
      "geometry": {
        "type": "LineString",
        "coordinates": [
          [
            8.782827476667903,
            44.79326183211557
          ],
          [
            8.782781879067704,
            44.79327061504119
          ]
        ]
      }
    },
    {
      "type": "Feature",
      "properties": {
        "materiale": "PE",
        "dn": "DE25",
        "classe_pre": null,
        "lunghezza": 3.71,
        "prof": 80,
        "anno_posa": 1980,
        "comune": "Pozzolo Formigaro",
        "localita": "CAPOLUOGO",
        "via": "Via Pozzo Borlasca",
        "comune_posa": "Pozzolo Formigaro",
        "tipologia": "DISTRIBUZIONE",
        "tip_rete": "DISTRIBUZIONE",
        "id": 4283,
        "etichetta": "PE DE25",
        "n_distretto": "02",
        "note_etichetta": null,
        "id_distretto": "POZ-DPZ02",
        "distretto_modello": "POZ-DPZ02"
      },
      "geometry": {
        "type": "LineString",
        "coordinates": [
          [
            8.78247275774467,
            44.79282813065866
          ],
          [
            8.782515481000178,
            44.792841809537464
          ]
        ]
      }
    },
    {
      "type": "Feature",
      "properties": {
        "materiale": "PVC",
        "dn": "DE90",
        "classe_pre": null,
        "lunghezza": 1.79,
        "prof": 80,
        "anno_posa": 1980,
        "comune": "Pozzolo Formigaro",
        "localita": "CAPOLUOGO",
        "via": "Piazza Italia",
        "comune_posa": "Pozzolo Formigaro",
        "tipologia": "DISTRIBUZIONE",
        "tip_rete": "DISTRIBUZIONE",
        "id": 4284,
        "etichetta": "PVC DE90",
        "n_distretto": "02",
        "note_etichetta": null,
        "id_distretto": "POZ-DPZ02",
        "distretto_modello": "POZ-DPZ02"
      },
      "geometry": {
        "type": "LineString",
        "coordinates": [
          [
            8.782799720463638,
            44.79269640160866
          ],
          [
            8.78281611693378,
            44.79270744919164
          ]
        ]
      }
    },
    {
      "type": "Feature",
      "properties": {
        "materiale": "PVC",
        "dn": "DE90",
        "classe_pre": null,
        "lunghezza": 3.85,
        "prof": 80,
        "anno_posa": 1980,
        "comune": "Pozzolo Formigaro",
        "localita": "CAPOLUOGO",
        "via": "Via Giovanni XXIII",
        "comune_posa": "Pozzolo Formigaro",
        "tipologia": "DISTRIBUZIONE",
        "tip_rete": "DISTRIBUZIONE",
        "id": 4285,
        "etichetta": "PVC DE90",
        "n_distretto": "02",
        "note_etichetta": null,
        "id_distretto": "POZ-DPZ02",
        "distretto_modello": "POZ-DPZ02"
      },
      "geometry": {
        "type": "LineString",
        "coordinates": [
          [
            8.781022074407197,
            44.79262117497366
          ],
          [
            8.781030063877827,
            44.7926553655085
          ]
        ]
      }
    },
    {
      "type": "Feature",
      "properties": {
        "materiale": "AC",
        "dn": "DN45",
        "classe_pre": null,
        "lunghezza": 2.34,
        "prof": 80,
        "anno_posa": 1980,
        "comune": "Pozzolo Formigaro",
        "localita": "CAPOLUOGO",
        "via": "Vicolo Ricci",
        "comune_posa": "Pozzolo Formigaro",
        "tipologia": "DISTRIBUZIONE",
        "tip_rete": "DISTRIBUZIONE",
        "id": 4286,
        "etichetta": "AC DN45",
        "n_distretto": "02",
        "note_etichetta": null,
        "id_distretto": "POZ-DPZ02",
        "distretto_modello": "POZ-DPZ02"
      },
      "geometry": {
        "type": "LineString",
        "coordinates": [
          [
            8.781559524518658,
            44.79258560147029
          ],
          [
            8.781552786192881,
            44.79256504659426
          ]
        ]
      }
    },
    {
      "type": "Feature",
      "properties": {
        "materiale": "PVC",
        "dn": "DE90",
        "classe_pre": null,
        "lunghezza": 130.38,
        "prof": 80,
        "anno_posa": 1980,
        "comune": "Pozzolo Formigaro",
        "localita": "CAPOLUOGO",
        "via": "Via Giovanni XXIII",
        "comune_posa": "Pozzolo Formigaro",
        "tipologia": "DISTRIBUZIONE",
        "tip_rete": "DISTRIBUZIONE",
        "id": 4287,
        "etichetta": "PVC DE90",
        "n_distretto": "02",
        "note_etichetta": null,
        "id_distretto": "POZ-DPZ02",
        "distretto_modello": "POZ-DPZ02"
      },
      "geometry": {
        "type": "LineString",
        "coordinates": [
          [
            8.78088480195898,
            44.7914720289036
          ],
          [
            8.78083960934284,
            44.79156043367584
          ],
          [
            8.780816453845109,
            44.79161108104989
          ],
          [
            8.780799403463819,
            44.79167946785085
          ],
          [
            8.780797500687788,
            44.791715394428024
          ],
          [
            8.780804205049638,
            44.79178920116186
          ],
          [
            8.780812527418707,
            44.791824303779
          ],
          [
            8.780831036552692,
            44.79189626449061
          ],
          [
            8.780855356525237,
            44.791972972221956
          ],
          [
            8.780897235813104,
            44.79208907547712
          ],
          [
            8.780934761583636,
            44.792204144522735
          ],
          [
            8.780969693640499,
            44.79237099051633
          ],
          [
            8.780990539440621,
            44.792470555856326
          ],
          [
            8.781003819687998,
            44.792535469353446
          ],
          [
            8.781022074407197,
            44.79262117497366
          ]
        ]
      }
    },
    {
      "type": "Feature",
      "properties": {
        "materiale": "PVC",
        "dn": "DE110",
        "classe_pre": null,
        "lunghezza": 5.11,
        "prof": 80,
        "anno_posa": 1980,
        "comune": "Pozzolo Formigaro",
        "localita": "CAPOLUOGO",
        "via": "Via Giovanni XXIII",
        "comune_posa": "Pozzolo Formigaro",
        "tipologia": "DISTRIBUZIONE",
        "tip_rete": "DISTRIBUZIONE",
        "id": 4288,
        "etichetta": "PVC DE110",
        "n_distretto": "02",
        "note_etichetta": null,
        "id_distretto": "POZ-DPZ02",
        "distretto_modello": "POZ-DPZ02"
      },
      "geometry": {
        "type": "LineString",
        "coordinates": [
          [
            8.780957464178377,
            44.79269701425532
          ],
          [
            8.780986978650485,
            44.792656081410016
          ]
        ]
      }
    },
    {
      "type": "Feature",
      "properties": {
        "materiale": "PVC",
        "dn": "DE160",
        "classe_pre": null,
        "lunghezza": 2.24,
        "prof": 80,
        "anno_posa": 1980,
        "comune": "Pozzolo Formigaro",
        "localita": "CAPOLUOGO",
        "via": "Piazza Italia",
        "comune_posa": "Pozzolo Formigaro",
        "tipologia": "DISTRIBUZIONE",
        "tip_rete": "DISTRIBUZIONE",
        "id": 4289,
        "etichetta": "PVC DE160",
        "n_distretto": "02",
        "note_etichetta": null,
        "id_distretto": "POZ-DPZ02",
        "distretto_modello": "POZ-DPZ02"
      },
      "geometry": {
        "type": "LineString",
        "coordinates": [
          [
            8.782942452990529,
            44.79260268929984
          ],
          [
            8.782922200432823,
            44.79258853604258
          ]
        ]
      }
    },
    {
      "type": "Feature",
      "properties": {
        "materiale": "PVC",
        "dn": "DE63",
        "classe_pre": null,
        "lunghezza": 45.1,
        "prof": 80,
        "anno_posa": 1980,
        "comune": "Pozzolo Formigaro",
        "localita": "CAPOLUOGO",
        "via": "Vicolo Massiglia",
        "comune_posa": "Pozzolo Formigaro",
        "tipologia": "DISTRIBUZIONE",
        "tip_rete": "DISTRIBUZIONE",
        "id": 4290,
        "etichetta": "PVC DE63",
        "n_distretto": "02",
        "note_etichetta": null,
        "id_distretto": "POZ-DPZ02",
        "distretto_modello": "POZ-DPZ02"
      },
      "geometry": {
        "type": "LineString",
        "coordinates": [
          [
            8.78216999526565,
            44.79117191081686
          ],
          [
            8.782242350253194,
            44.791166450637
          ],
          [
            8.782314759683109,
            44.791161369621534
          ],
          [
            8.782387219637389,
            44.79115666804539
          ],
          [
            8.782502220843757,
            44.79114859816748
          ],
          [
            8.782737345647675,
            44.79113209859507
          ]
        ]
      }
    },
    {
      "type": "Feature",
      "properties": {
        "materiale": "PVC",
        "dn": "DE90",
        "classe_pre": null,
        "lunghezza": 2.86,
        "prof": 80,
        "anno_posa": 1980,
        "comune": "Pozzolo Formigaro",
        "localita": "CAPOLUOGO",
        "via": "Via Cavour",
        "comune_posa": "Pozzolo Formigaro",
        "tipologia": "DISTRIBUZIONE",
        "tip_rete": "DISTRIBUZIONE",
        "id": 4291,
        "etichetta": "PVC DE90",
        "n_distretto": "02",
        "note_etichetta": null,
        "id_distretto": "POZ-DPZ02",
        "distretto_modello": "POZ-DPZ02"
      },
      "geometry": {
        "type": "LineString",
        "coordinates": [
          [
            8.782795315161662,
            44.79173246196964
          ],
          [
            8.782790883003724,
            44.79170914090588
          ],
          [
            8.782790625461406,
            44.7917068973641
          ]
        ]
      }
    },
    {
      "type": "Feature",
      "properties": {
        "materiale": "PVC",
        "dn": "DE90",
        "classe_pre": null,
        "lunghezza": 2.22,
        "prof": 80,
        "anno_posa": 1980,
        "comune": "Pozzolo Formigaro",
        "localita": "CAPOLUOGO",
        "via": "Vicolo Bocca",
        "comune_posa": "Pozzolo Formigaro",
        "tipologia": "DISTRIBUZIONE",
        "tip_rete": "DISTRIBUZIONE",
        "id": 4292,
        "etichetta": "PVC DE90",
        "n_distretto": "02",
        "note_etichetta": null,
        "id_distretto": "POZ-DPZ02",
        "distretto_modello": "POZ-DPZ02"
      },
      "geometry": {
        "type": "LineString",
        "coordinates": [
          [
            8.783268123894132,
            44.79161694704285
          ],
          [
            8.783266404112373,
            44.79159697960764
          ]
        ]
      }
    },
    {
      "type": "Feature",
      "properties": {
        "materiale": "PE",
        "dn": "DE50",
        "classe_pre": null,
        "lunghezza": 1.06,
        "prof": 80,
        "anno_posa": 1980,
        "comune": "Pozzolo Formigaro",
        "localita": "CAPOLUOGO",
        "via": "Via Don Severino Ghezzi",
        "comune_posa": "Pozzolo Formigaro",
        "tipologia": "DISTRIBUZIONE",
        "tip_rete": "DISTRIBUZIONE",
        "id": 4293,
        "etichetta": "PE DE50",
        "n_distretto": "02",
        "note_etichetta": null,
        "id_distretto": "POZ-DPZ02",
        "distretto_modello": "POZ-DPZ02"
      },
      "geometry": {
        "type": "LineString",
        "coordinates": [
          [
            8.785954149781173,
            44.79504973394587
          ],
          [
            8.785967108426032,
            44.795047243545326
          ]
        ]
      }
    },
    {
      "type": "Feature",
      "properties": {
        "materiale": "PVC",
        "dn": "DE160",
        "classe_pre": null,
        "lunghezza": 4.51,
        "prof": 80,
        "anno_posa": 1980,
        "comune": "Pozzolo Formigaro",
        "localita": "CAPOLUOGO",
        "via": "Via Cottolengo",
        "comune_posa": "Pozzolo Formigaro",
        "tipologia": "DISTRIBUZIONE",
        "tip_rete": "DISTRIBUZIONE",
        "id": 4294,
        "etichetta": "PVC DE160",
        "n_distretto": "02",
        "note_etichetta": null,
        "id_distretto": "POZ-DPZ02",
        "distretto_modello": "POZ-DPZ02"
      },
      "geometry": {
        "type": "LineString",
        "coordinates": [
          [
            8.786091479277367,
            44.793008484203995
          ],
          [
            8.786036624069428,
            44.793019495551135
          ]
        ]
      }
    },
    {
      "type": "Feature",
      "properties": {
        "materiale": "PVC",
        "dn": "DE90",
        "classe_pre": null,
        "lunghezza": 26.55,
        "prof": 80,
        "anno_posa": 1980,
        "comune": "Pozzolo Formigaro",
        "localita": "CAPOLUOGO",
        "via": "Vicolo Leardi",
        "comune_posa": "Pozzolo Formigaro",
        "tipologia": "DISTRIBUZIONE",
        "tip_rete": "DISTRIBUZIONE",
        "id": 4295,
        "etichetta": "PVC DE90",
        "n_distretto": "02",
        "note_etichetta": null,
        "id_distretto": "POZ-DPZ02",
        "distretto_modello": "POZ-DPZ02"
      },
      "geometry": {
        "type": "LineString",
        "coordinates": [
          [
            8.784980631064133,
            44.794378430490056
          ],
          [
            8.784823111302455,
            44.79416736277909
          ]
        ]
      }
    },
    {
      "type": "Feature",
      "properties": {
        "materiale": "PE",
        "dn": "DE110",
        "classe_pre": null,
        "lunghezza": 29.9,
        "prof": 80,
        "anno_posa": 1980,
        "comune": "Pozzolo Formigaro",
        "localita": "CAPOLUOGO",
        "via": "Piazza Canonico Bottazzi",
        "comune_posa": "Pozzolo Formigaro",
        "tipologia": "DISTRIBUZIONE",
        "tip_rete": "DISTRIBUZIONE",
        "id": 4296,
        "etichetta": "PE DE110",
        "n_distretto": "02",
        "note_etichetta": null,
        "id_distretto": "POZ-DPZ02",
        "distretto_modello": "POZ-DPZ02"
      },
      "geometry": {
        "type": "LineString",
        "coordinates": [
          [
            8.784823111302455,
            44.79416736277909
          ],
          [
            8.785158550793263,
            44.7940432034275
          ]
        ]
      }
    },
    {
      "type": "Feature",
      "properties": {
        "materiale": "PVC",
        "dn": "DE125",
        "classe_pre": null,
        "lunghezza": 2.68,
        "prof": 80,
        "anno_posa": 1980,
        "comune": "Pozzolo Formigaro",
        "localita": "CAPOLUOGO",
        "via": "Via Bottazzi",
        "comune_posa": "Pozzolo Formigaro",
        "tipologia": "DISTRIBUZIONE",
        "tip_rete": "DISTRIBUZIONE",
        "id": 4298,
        "etichetta": "PVC DE125",
        "n_distretto": "02",
        "note_etichetta": null,
        "id_distretto": "POZ-DPZ02",
        "distretto_modello": "POZ-DPZ02"
      },
      "geometry": {
        "type": "LineString",
        "coordinates": [
          [
            8.784100572673799,
            44.79197129896442
          ],
          [
            8.784121065631348,
            44.79199052612906
          ]
        ]
      }
    },
    {
      "type": "Feature",
      "properties": {
        "materiale": "PVC",
        "dn": "DE125",
        "classe_pre": null,
        "lunghezza": 62.39,
        "prof": 80,
        "anno_posa": 1980,
        "comune": "Pozzolo Formigaro",
        "localita": "CAPOLUOGO",
        "via": "Via Ravizza",
        "comune_posa": "Pozzolo Formigaro",
        "tipologia": "DISTRIBUZIONE",
        "tip_rete": "DISTRIBUZIONE",
        "id": 4299,
        "etichetta": "PVC DE125",
        "n_distretto": "02",
        "note_etichetta": null,
        "id_distretto": "POZ-DPZ02",
        "distretto_modello": "POZ-DPZ02"
      },
      "geometry": {
        "type": "LineString",
        "coordinates": [
          [
            8.784589671731503,
            44.79236469182188
          ],
          [
            8.785239866580472,
            44.79204672485803
          ]
        ]
      }
    },
    {
      "type": "Feature",
      "properties": {
        "materiale": "PVC",
        "dn": "DE125",
        "classe_pre": null,
        "lunghezza": 55.87,
        "prof": 80,
        "anno_posa": 1980,
        "comune": "Pozzolo Formigaro",
        "localita": "CAPOLUOGO",
        "via": "Via Asilo Raggio",
        "comune_posa": "Pozzolo Formigaro",
        "tipologia": "DISTRIBUZIONE",
        "tip_rete": "DISTRIBUZIONE",
        "id": 4300,
        "etichetta": "PVC DE125",
        "n_distretto": "02",
        "note_etichetta": null,
        "id_distretto": "POZ-DPZ02",
        "distretto_modello": "POZ-DPZ02"
      },
      "geometry": {
        "type": "LineString",
        "coordinates": [
          [
            8.78477837504843,
            44.79245741058394
          ],
          [
            8.784714171097825,
            44.792495583024596
          ],
          [
            8.784598276929263,
            44.79256448764991
          ],
          [
            8.78447867462975,
            44.792635596639904
          ],
          [
            8.784235256290435,
            44.79277897261234
          ]
        ]
      }
    },
    {
      "type": "Feature",
      "properties": {
        "materiale": "PE",
        "dn": "DE63",
        "classe_pre": null,
        "lunghezza": 2.47,
        "prof": 80,
        "anno_posa": 1980,
        "comune": "Pozzolo Formigaro",
        "localita": "CAPOLUOGO",
        "via": "Vicolo Magenta",
        "comune_posa": "Pozzolo Formigaro",
        "tipologia": "DISTRIBUZIONE",
        "tip_rete": "DISTRIBUZIONE",
        "id": 4301,
        "etichetta": "PE DE63",
        "n_distretto": "02",
        "note_etichetta": null,
        "id_distretto": "POZ-DPZ02",
        "distretto_modello": "POZ-DPZ02"
      },
      "geometry": {
        "type": "LineString",
        "coordinates": [
          [
            8.783990099362216,
            44.79292521152357
          ],
          [
            8.784008567552076,
            44.792943136019296
          ]
        ]
      }
    },
    {
      "type": "Feature",
      "properties": {
        "materiale": "PE",
        "dn": "DE63",
        "classe_pre": null,
        "lunghezza": 2.34,
        "prof": 80,
        "anno_posa": 1980,
        "comune": "Pozzolo Formigaro",
        "localita": "CAPOLUOGO",
        "via": "Vicolo Palestro",
        "comune_posa": "Pozzolo Formigaro",
        "tipologia": "DISTRIBUZIONE",
        "tip_rete": "DISTRIBUZIONE",
        "id": 4302,
        "etichetta": "PE DE63",
        "n_distretto": "02",
        "note_etichetta": null,
        "id_distretto": "POZ-DPZ02",
        "distretto_modello": "POZ-DPZ02"
      },
      "geometry": {
        "type": "LineString",
        "coordinates": [
          [
            8.784235256290435,
            44.79277897261234
          ],
          [
            8.784253342194408,
            44.792795611060264
          ]
        ]
      }
    },
    {
      "type": "Feature",
      "properties": {
        "materiale": "PVC",
        "dn": "DE140",
        "classe_pre": null,
        "lunghezza": 79.31,
        "prof": 80,
        "anno_posa": 1980,
        "comune": "Pozzolo Formigaro",
        "localita": "CAPOLUOGO",
        "via": "Via Bastida",
        "comune_posa": "Pozzolo Formigaro",
        "tipologia": "DISTRIBUZIONE",
        "tip_rete": "DISTRIBUZIONE",
        "id": 4303,
        "etichetta": "PVC DE140",
        "n_distretto": "01",
        "note_etichetta": null,
        "id_distretto": "POZ-DPZ01",
        "distretto_modello": "POZ-DPZ01"
      },
      "geometry": {
        "type": "LineString",
        "coordinates": [
          [
            8.784679344225458,
            44.79127097531246
          ],
          [
            8.784842945223037,
            44.79119272504722
          ],
          [
            8.784927845260182,
            44.791149102094714
          ],
          [
            8.78522817931394,
            44.79099547333102
          ],
          [
            8.785297162854437,
            44.79096232949273
          ],
          [
            8.785441984248472,
            44.79089285633808
          ],
          [
            8.785503778408188,
            44.79086484772537
          ]
        ]
      }
    },
    {
      "type": "Feature",
      "properties": {
        "materiale": "PE",
        "dn": "DE50",
        "classe_pre": null,
        "lunghezza": 2.17,
        "prof": 80,
        "anno_posa": 1980,
        "comune": "Pozzolo Formigaro",
        "localita": "CAPOLUOGO",
        "via": "Via Bastida",
        "comune_posa": "Pozzolo Formigaro",
        "tipologia": "DISTRIBUZIONE",
        "tip_rete": "DISTRIBUZIONE",
        "id": 4304,
        "etichetta": "PE DE50",
        "n_distretto": "01",
        "note_etichetta": null,
        "id_distretto": "POZ-DPZ01",
        "distretto_modello": "POZ-DPZ01"
      },
      "geometry": {
        "type": "LineString",
        "coordinates": [
          [
            8.785503778408188,
            44.79086484772537
          ],
          [
            8.785514785908685,
            44.790882771278206
          ]
        ]
      }
    },
    {
      "type": "Feature",
      "properties": {
        "materiale": "PE",
        "dn": "DE63",
        "classe_pre": null,
        "lunghezza": 8.71,
        "prof": 80,
        "anno_posa": 2022,
        "comune": "Pozzolo Formigaro",
        "localita": "CAPOLUOGO",
        "via": "Via Fratelli Cervi",
        "comune_posa": "Pozzolo Formigaro",
        "tipologia": "DISTRIBUZIONE",
        "tip_rete": "DISTRIBUZIONE",
        "id": 4305,
        "etichetta": "PE DE63",
        "n_distretto": "01",
        "note_etichetta": null,
        "id_distretto": "POZ-DPZ01",
        "distretto_modello": "POZ-DPZ01"
      },
      "geometry": {
        "type": "LineString",
        "coordinates": [
          [
            8.78554489317923,
            44.790198266352604
          ],
          [
            8.785551369304708,
            44.7902026297192
          ],
          [
            8.785590992891702,
            44.79022799549944
          ],
          [
            8.7856275734197,
            44.790250092149414
          ]
        ]
      }
    },
    {
      "type": "Feature",
      "properties": {
        "materiale": "PVC",
        "dn": "DE125",
        "classe_pre": null,
        "lunghezza": 2.35,
        "prof": 80,
        "anno_posa": 1980,
        "comune": "Pozzolo Formigaro",
        "localita": "CAPOLUOGO",
        "via": "Via Fiamberti",
        "comune_posa": "Pozzolo Formigaro",
        "tipologia": "DISTRIBUZIONE",
        "tip_rete": "DISTRIBUZIONE",
        "id": 4306,
        "etichetta": "PVC DE125",
        "n_distretto": "02",
        "note_etichetta": null,
        "id_distretto": "POZ-DPZ02",
        "distretto_modello": "POZ-DPZ02"
      },
      "geometry": {
        "type": "LineString",
        "coordinates": [
          [
            8.783109431225403,
            44.79053262607409
          ],
          [
            8.783131849821016,
            44.790546533342386
          ]
        ]
      }
    },
    {
      "type": "Feature",
      "properties": {
        "materiale": "PVC",
        "dn": "DE160",
        "classe_pre": null,
        "lunghezza": 10.68,
        "prof": 80,
        "anno_posa": 1980,
        "comune": "Pozzolo Formigaro",
        "localita": "CAPOLUOGO",
        "via": "Via Giovanni XXIII",
        "comune_posa": "Pozzolo Formigaro",
        "tipologia": "DISTRIBUZIONE",
        "tip_rete": "DISTRIBUZIONE",
        "id": 4307,
        "etichetta": "PVC DE160",
        "n_distretto": "02",
        "note_etichetta": null,
        "id_distretto": "POZ-DPZ02",
        "distretto_modello": "POZ-DPZ02"
      },
      "geometry": {
        "type": "LineString",
        "coordinates": [
          [
            8.783109431225403,
            44.79053262607409
          ],
          [
            8.783000624755365,
            44.79050743832986
          ],
          [
            8.782980042182723,
            44.79050822317706
          ]
        ]
      }
    },
    {
      "type": "Feature",
      "properties": {
        "materiale": "PVC",
        "dn": "DE160",
        "classe_pre": null,
        "lunghezza": 8.01,
        "prof": 80,
        "anno_posa": 1980,
        "comune": "Pozzolo Formigaro",
        "localita": "CAPOLUOGO",
        "via": "Strada Vecchia di Novi",
        "comune_posa": "Pozzolo Formigaro",
        "tipologia": "DISTRIBUZIONE",
        "tip_rete": "DISTRIBUZIONE",
        "id": 4308,
        "etichetta": "PVC DE160",
        "n_distretto": "02",
        "note_etichetta": null,
        "id_distretto": "POZ-DPZ02",
        "distretto_modello": "POZ-DPZ02"
      },
      "geometry": {
        "type": "LineString",
        "coordinates": [
          [
            8.783109431225403,
            44.79053262607409
          ],
          [
            8.783202090973395,
            44.790503637058656
          ]
        ]
      }
    },
    {
      "type": "Feature",
      "properties": {
        "materiale": "PVC",
        "dn": "DE160",
        "classe_pre": null,
        "lunghezza": 3.99,
        "prof": 80,
        "anno_posa": 1980,
        "comune": "Pozzolo Formigaro",
        "localita": "CAPOLUOGO",
        "via": "Via Fossato Vignale",
        "comune_posa": "Pozzolo Formigaro",
        "tipologia": "DISTRIBUZIONE",
        "tip_rete": "DISTRIBUZIONE",
        "id": 4309,
        "etichetta": "PVC DE160",
        "n_distretto": "02",
        "note_etichetta": null,
        "id_distretto": "POZ-DPZ02",
        "distretto_modello": "POZ-DPZ02"
      },
      "geometry": {
        "type": "LineString",
        "coordinates": [
          [
            8.78088480195898,
            44.7914720289036
          ],
          [
            8.780900733692246,
            44.79143797642857
          ]
        ]
      }
    },
    {
      "type": "Feature",
      "properties": {
        "materiale": "PVC",
        "dn": "DE90",
        "classe_pre": null,
        "lunghezza": 206.65,
        "prof": 80,
        "anno_posa": 1980,
        "comune": "Pozzolo Formigaro",
        "localita": "CAPOLUOGO",
        "via": "Strada Vecchia di Novi",
        "comune_posa": "Pozzolo Formigaro",
        "tipologia": "DISTRIBUZIONE",
        "tip_rete": "DISTRIBUZIONE",
        "id": 4310,
        "etichetta": "PVC DE90",
        "n_distretto": "01",
        "note_etichetta": null,
        "id_distretto": "POZ-DPZ01",
        "distretto_modello": "POZ-DPZ01"
      },
      "geometry": {
        "type": "LineString",
        "coordinates": [
          [
            8.784297985358068,
            44.78741563833173
          ],
          [
            8.784144026602004,
            44.78765650031444
          ],
          [
            8.784071433080346,
            44.78773915330528
          ],
          [
            8.784031373049988,
            44.78779271800448
          ],
          [
            8.783986596973149,
            44.78784435404535
          ],
          [
            8.783937287184212,
            44.78789385114445
          ],
          [
            8.783820815077059,
            44.7880173976413
          ],
          [
            8.783729738596463,
            44.78809373726959
          ],
          [
            8.783504522321552,
            44.788291990495374
          ],
          [
            8.783403287997345,
            44.78838702177681
          ],
          [
            8.78335470719132,
            44.788445341400596
          ],
          [
            8.783305204160806,
            44.78854061923648
          ],
          [
            8.783297465574906,
            44.78861215366096
          ],
          [
            8.783318047361595,
            44.78877153141403
          ],
          [
            8.783351295185856,
            44.788851041295025
          ],
          [
            8.783412409745097,
            44.78901309350973
          ],
          [
            8.783436712308019,
            44.78905012485445
          ]
        ]
      }
    },
    {
      "type": "Feature",
      "properties": {
        "materiale": "?",
        "dn": "?",
        "classe_pre": null,
        "lunghezza": 69.85,
        "prof": 80,
        "anno_posa": 1980,
        "comune": "Pozzolo Formigaro",
        "localita": "CAPOLUOGO",
        "via": "Via dei Confini",
        "comune_posa": "Pozzolo Formigaro",
        "tipologia": "DISTRIBUZIONE",
        "tip_rete": "DISTRIBUZIONE",
        "id": 4311,
        "etichetta": "? ?",
        "n_distretto": "01",
        "note_etichetta": null,
        "id_distretto": "POZ-DPZ01",
        "distretto_modello": "POZ-DPZ01"
      },
      "geometry": {
        "type": "LineString",
        "coordinates": [
          [
            8.783436712308019,
            44.78905012485445
          ],
          [
            8.78368397785155,
            44.78899099182002
          ],
          [
            8.783896590145337,
            44.78894083500877
          ],
          [
            8.784273650690217,
            44.78884980731501
          ]
        ]
      }
    },
    {
      "type": "Feature",
      "properties": {
        "materiale": "PVC",
        "dn": "DE50",
        "classe_pre": null,
        "lunghezza": 2.23,
        "prof": 80,
        "anno_posa": 1980,
        "comune": "Pozzolo Formigaro",
        "localita": "CAPOLUOGO",
        "via": "Via dei Confini",
        "comune_posa": "Pozzolo Formigaro",
        "tipologia": "DISTRIBUZIONE",
        "tip_rete": "DISTRIBUZIONE",
        "id": 4312,
        "etichetta": "PVC DE50",
        "n_distretto": "01",
        "note_etichetta": null,
        "id_distretto": "POZ-DPZ01",
        "distretto_modello": "POZ-DPZ01"
      },
      "geometry": {
        "type": "LineString",
        "coordinates": [
          [
            8.784747202774572,
            44.78951724847369
          ],
          [
            8.784736292137353,
            44.78949877003415
          ]
        ]
      }
    },
    {
      "type": "Feature",
      "properties": {
        "materiale": "AC",
        "dn": "DN40",
        "classe_pre": null,
        "lunghezza": 2.24,
        "prof": 80,
        "anno_posa": 1980,
        "comune": "Pozzolo Formigaro",
        "localita": "CAPOLUOGO",
        "via": "Via dei Confini",
        "comune_posa": "Pozzolo Formigaro",
        "tipologia": "DISTRIBUZIONE",
        "tip_rete": "DISTRIBUZIONE",
        "id": 4313,
        "etichetta": "AC DN40",
        "n_distretto": "01",
        "note_etichetta": null,
        "id_distretto": "POZ-DPZ01",
        "distretto_modello": "POZ-DPZ01"
      },
      "geometry": {
        "type": "LineString",
        "coordinates": [
          [
            8.784645315674808,
            44.78954094842551
          ],
          [
            8.784636376784025,
            44.789521807364196
          ]
        ]
      }
    },
    {
      "type": "Feature",
      "properties": {
        "materiale": "PVC",
        "dn": "DE160",
        "classe_pre": null,
        "lunghezza": 20.44,
        "prof": 80,
        "anno_posa": 1980,
        "comune": "Pozzolo Formigaro",
        "localita": "CAPOLUOGO",
        "via": "Strada Valle",
        "comune_posa": "Pozzolo Formigaro",
        "tipologia": "DISTRIBUZIONE",
        "tip_rete": "DISTRIBUZIONE",
        "id": 4314,
        "etichetta": "PVC DE160",
        "n_distretto": "01",
        "note_etichetta": null,
        "id_distretto": "POZ-DPZ01",
        "distretto_modello": "POZ-DPZ01"
      },
      "geometry": {
        "type": "LineString",
        "coordinates": [
          [
            8.782303713868206,
            44.78767232041969
          ],
          [
            8.782354695105498,
            44.78785268678356
          ]
        ]
      }
    },
    {
      "type": "Feature",
      "properties": {
        "materiale": "PVC",
        "dn": "DE50",
        "classe_pre": null,
        "lunghezza": 75.15,
        "prof": 80,
        "anno_posa": 1980,
        "comune": "Pozzolo Formigaro",
        "localita": "CAPOLUOGO",
        "via": "Strada Vecchia di Novi",
        "comune_posa": "Pozzolo Formigaro",
        "tipologia": "DISTRIBUZIONE",
        "tip_rete": "DISTRIBUZIONE",
        "id": 4315,
        "etichetta": "PVC DE50",
        "n_distretto": "01",
        "note_etichetta": null,
        "id_distretto": "POZ-DPZ01",
        "distretto_modello": "POZ-DPZ01"
      },
      "geometry": {
        "type": "LineString",
        "coordinates": [
          [
            8.783158596378371,
            44.78917217842345
          ],
          [
            8.783349492550691,
            44.789834902194514
          ]
        ]
      }
    },
    {
      "type": "Feature",
      "properties": {
        "materiale": "PE",
        "dn": "DE75",
        "classe_pre": null,
        "lunghezza": 1.27,
        "prof": 80,
        "anno_posa": 1980,
        "comune": "Pozzolo Formigaro",
        "localita": "CAPOLUOGO",
        "via": "Via Montemanni",
        "comune_posa": "Pozzolo Formigaro",
        "tipologia": "DISTRIBUZIONE",
        "tip_rete": "DISTRIBUZIONE",
        "id": 4316,
        "etichetta": "PE DE75",
        "n_distretto": "01",
        "note_etichetta": null,
        "id_distretto": "POZ-DPZ01",
        "distretto_modello": "POZ-DPZ01"
      },
      "geometry": {
        "type": "LineString",
        "coordinates": [
          [
            8.788920000462705,
            44.791760954389915
          ],
          [
            8.788935853151294,
            44.791759228412346
          ]
        ]
      }
    },
    {
      "type": "Feature",
      "properties": {
        "materiale": "PE",
        "dn": "DE75",
        "classe_pre": null,
        "lunghezza": 1.65,
        "prof": 80,
        "anno_posa": 1980,
        "comune": "Pozzolo Formigaro",
        "localita": "CAPOLUOGO",
        "via": "Via Montemanni",
        "comune_posa": "Pozzolo Formigaro",
        "tipologia": "DISTRIBUZIONE",
        "tip_rete": "DISTRIBUZIONE",
        "id": 4317,
        "etichetta": "PE DE75",
        "n_distretto": "01",
        "note_etichetta": null,
        "id_distretto": "POZ-DPZ01",
        "distretto_modello": "POZ-DPZ01"
      },
      "geometry": {
        "type": "LineString",
        "coordinates": [
          [
            8.788920811909259,
            44.790958669368024
          ],
          [
            8.788941246701382,
            44.79095569808947
          ]
        ]
      }
    },
    {
      "type": "Feature",
      "properties": {
        "materiale": "PVC",
        "dn": "DE63",
        "classe_pre": null,
        "lunghezza": 6.97,
        "prof": 80,
        "anno_posa": 1980,
        "comune": "Pozzolo Formigaro",
        "localita": "CAPOLUOGO",
        "via": "Via Robinie",
        "comune_posa": "Pozzolo Formigaro",
        "tipologia": "DISTRIBUZIONE",
        "tip_rete": "DISTRIBUZIONE",
        "id": 4318,
        "etichetta": "PVC DE63",
        "n_distretto": "01",
        "note_etichetta": null,
        "id_distretto": "POZ-DPZ01",
        "distretto_modello": "POZ-DPZ01"
      },
      "geometry": {
        "type": "LineString",
        "coordinates": [
          [
            8.789016767680456,
            44.79221562426144
          ],
          [
            8.788931491599644,
            44.79223126417369
          ]
        ]
      }
    },
    {
      "type": "Feature",
      "properties": {
        "materiale": "PE",
        "dn": "DE90",
        "classe_pre": null,
        "lunghezza": 0.67,
        "prof": 80,
        "anno_posa": 1980,
        "comune": "Pozzolo Formigaro",
        "localita": "CAPOLUOGO",
        "via": "Via Montemanni",
        "comune_posa": "Pozzolo Formigaro",
        "tipologia": "DISTRIBUZIONE",
        "tip_rete": "DISTRIBUZIONE",
        "id": 4319,
        "etichetta": "PE DE90",
        "n_distretto": "01",
        "note_etichetta": null,
        "id_distretto": "POZ-DPZ01",
        "distretto_modello": "POZ-DPZ01"
      },
      "geometry": {
        "type": "LineString",
        "coordinates": [
          [
            8.788928011440703,
            44.792232009999886
          ],
          [
            8.788925811020047,
            44.79222618699703
          ]
        ]
      }
    },
    {
      "type": "Feature",
      "properties": {
        "materiale": "AC",
        "dn": "DN80",
        "classe_pre": null,
        "lunghezza": 246.74,
        "prof": 80,
        "anno_posa": 1980,
        "comune": "Pozzolo Formigaro",
        "localita": "CAPOLUOGO",
        "via": null,
        "comune_posa": "Pozzolo Formigaro",
        "tipologia": "DISTRIBUZIONE",
        "tip_rete": "DISTRIBUZIONE",
        "id": 4320,
        "etichetta": "AC DN80",
        "n_distretto": "03",
        "note_etichetta": null,
        "id_distretto": "POZ-DPZ03",
        "distretto_modello": "POZ-DPZ03"
      },
      "geometry": {
        "type": "LineString",
        "coordinates": [
          [
            8.782411762066328,
            44.79764986400015
          ],
          [
            8.782425250346154,
            44.797675221536146
          ],
          [
            8.78254846040876,
            44.797949630461765
          ],
          [
            8.782613860068118,
            44.798087633224725
          ],
          [
            8.782712446249516,
            44.798297910488834
          ],
          [
            8.783034761839499,
            44.79894661649143
          ],
          [
            8.783096623576172,
            44.79907500467739
          ],
          [
            8.783158199241841,
            44.79920346258803
          ],
          [
            8.78321948867968,
            44.799331989900075
          ],
          [
            8.783295503250425,
            44.79948089253089
          ],
          [
            8.78337704300511,
            44.799759887604985
          ]
        ]
      }
    },
    {
      "type": "Feature",
      "properties": {
        "materiale": "PE",
        "dn": "DE110",
        "classe_pre": null,
        "lunghezza": 202.16,
        "prof": 80,
        "anno_posa": 1980,
        "comune": "Pozzolo Formigaro",
        "localita": "CAPOLUOGO",
        "via": "Via Industria",
        "comune_posa": "Pozzolo Formigaro",
        "tipologia": "DISTRIBUZIONE",
        "tip_rete": "DISTRIBUZIONE",
        "id": 4321,
        "etichetta": "PE DE110",
        "n_distretto": "03",
        "note_etichetta": null,
        "id_distretto": "POZ-DPZ03",
        "distretto_modello": "POZ-DPZ03"
      },
      "geometry": {
        "type": "LineString",
        "coordinates": [
          [
            8.77427837936567,
            44.80391487419501
          ],
          [
            8.774451790830568,
            44.803838790669325
          ],
          [
            8.775195679032675,
            44.803545569211664
          ],
          [
            8.775689483513023,
            44.8034165833875
          ],
          [
            8.77608745288077,
            44.803344170660424
          ],
          [
            8.776286840455976,
            44.80330654622084
          ],
          [
            8.77663741307121,
            44.80325081505823
          ]
        ]
      }
    },
    {
      "type": "Feature",
      "properties": {
        "materiale": "PE",
        "dn": "DE110",
        "classe_pre": null,
        "lunghezza": 2.99,
        "prof": 80,
        "anno_posa": 1980,
        "comune": "Pozzolo Formigaro",
        "localita": "CAPOLUOGO",
        "via": "Via Artigianato",
        "comune_posa": "Pozzolo Formigaro",
        "tipologia": "DISTRIBUZIONE",
        "tip_rete": "DISTRIBUZIONE",
        "id": 4322,
        "etichetta": "PE DE110",
        "n_distretto": "03",
        "note_etichetta": null,
        "id_distretto": "POZ-DPZ03",
        "distretto_modello": "POZ-DPZ03"
      },
      "geometry": {
        "type": "LineString",
        "coordinates": [
          [
            8.77778923791193,
            44.80623688661375
          ],
          [
            8.777779820056274,
            44.80621084824669
          ]
        ]
      }
    },
    {
      "type": "Feature",
      "properties": {
        "materiale": "PVC",
        "dn": "DE110",
        "classe_pre": null,
        "lunghezza": 158.47,
        "prof": 80,
        "anno_posa": 1980,
        "comune": "Pozzolo Formigaro",
        "localita": "CAPOLUOGO",
        "via": "Via Industria",
        "comune_posa": "Pozzolo Formigaro",
        "tipologia": "DISTRIBUZIONE",
        "tip_rete": "DISTRIBUZIONE",
        "id": 4323,
        "etichetta": "PVC DE110",
        "n_distretto": "03",
        "note_etichetta": null,
        "id_distretto": "POZ-DPZ03",
        "distretto_modello": "POZ-DPZ03"
      },
      "geometry": {
        "type": "LineString",
        "coordinates": [
          [
            8.77427837936567,
            44.80391487419501
          ],
          [
            8.773868822162079,
            44.80403957123897
          ],
          [
            8.7736284929283,
            44.804097506746125
          ],
          [
            8.772675530720372,
            44.80428385607795
          ],
          [
            8.772483887440035,
            44.80435916270564
          ],
          [
            8.77243080642812,
            44.8044173707024
          ]
        ]
      }
    },
    {
      "type": "Feature",
      "properties": {
        "materiale": "PE",
        "dn": "DE110",
        "classe_pre": null,
        "lunghezza": 4.96,
        "prof": 80,
        "anno_posa": 1980,
        "comune": "Pozzolo Formigaro",
        "localita": "CAPOLUOGO",
        "via": "Via Regione Piemonte",
        "comune_posa": "Pozzolo Formigaro",
        "tipologia": "DISTRIBUZIONE",
        "tip_rete": "DISTRIBUZIONE",
        "id": 4324,
        "etichetta": "PE DE110",
        "n_distretto": "03",
        "note_etichetta": null,
        "id_distretto": "POZ-DPZ03",
        "distretto_modello": "POZ-DPZ03"
      },
      "geometry": {
        "type": "LineString",
        "coordinates": [
          [
            8.77427837936567,
            44.80391487419501
          ],
          [
            8.774299492143893,
            44.803956915866806
          ]
        ]
      }
    },
    {
      "type": "Feature",
      "properties": {
        "materiale": "PE",
        "dn": "DE90",
        "classe_pre": null,
        "lunghezza": 135.64,
        "prof": 80,
        "anno_posa": 1980,
        "comune": "Pozzolo Formigaro",
        "localita": "CAPOLUOGO",
        "via": "Via del Commercio",
        "comune_posa": "Pozzolo Formigaro",
        "tipologia": "DISTRIBUZIONE",
        "tip_rete": "DISTRIBUZIONE",
        "id": 4325,
        "etichetta": "PE DE90",
        "n_distretto": "03",
        "note_etichetta": null,
        "id_distretto": "POZ-DPZ03",
        "distretto_modello": "POZ-DPZ03"
      },
      "geometry": {
        "type": "LineString",
        "coordinates": [
          [
            8.779270626371979,
            44.804640590544814
          ],
          [
            8.779494328234446,
            44.80524632833339
          ],
          [
            8.779679553525577,
            44.80567659389975
          ],
          [
            8.779715419491623,
            44.80576733079438
          ],
          [
            8.779736369768187,
            44.80581551579368
          ]
        ]
      }
    },
    {
      "type": "Feature",
      "properties": {
        "materiale": "PE",
        "dn": "DE110",
        "classe_pre": null,
        "lunghezza": 143.55,
        "prof": 80,
        "anno_posa": 1980,
        "comune": "Pozzolo Formigaro",
        "localita": "CAPOLUOGO",
        "via": "Strada Roveri",
        "comune_posa": "Pozzolo Formigaro",
        "tipologia": "DISTRIBUZIONE",
        "tip_rete": "DISTRIBUZIONE",
        "id": 4326,
        "etichetta": "PE DE110",
        "n_distretto": "03",
        "note_etichetta": null,
        "id_distretto": "POZ-DPZ03",
        "distretto_modello": "POZ-DPZ03"
      },
      "geometry": {
        "type": "LineString",
        "coordinates": [
          [
            8.781397212034259,
            44.80449417460836
          ],
          [
            8.781126152481354,
            44.80497304877757
          ],
          [
            8.78100432018024,
            44.80518385050646
          ],
          [
            8.780868002531752,
            44.805427484468105
          ],
          [
            8.78079604918472,
            44.80558234823284
          ],
          [
            8.780750516235148,
            44.805700616286835
          ]
        ]
      }
    },
    {
      "type": "Feature",
      "properties": {
        "materiale": "PE",
        "dn": "DE110",
        "classe_pre": null,
        "lunghezza": 2.85,
        "prof": 80,
        "anno_posa": 1980,
        "comune": "Pozzolo Formigaro",
        "localita": "CAPOLUOGO",
        "via": "Via del Commercio",
        "comune_posa": "Pozzolo Formigaro",
        "tipologia": "DISTRIBUZIONE",
        "tip_rete": "DISTRIBUZIONE",
        "id": 4327,
        "etichetta": "PE DE110",
        "n_distretto": "03",
        "note_etichetta": null,
        "id_distretto": "POZ-DPZ03",
        "distretto_modello": "POZ-DPZ03"
      },
      "geometry": {
        "type": "LineString",
        "coordinates": [
          [
            8.775413324778334,
            44.806674373851706
          ],
          [
            8.775447769272965,
            44.80666671032494
          ]
        ]
      }
    },
    {
      "type": "Feature",
      "properties": {
        "materiale": "PE",
        "dn": "DE110",
        "classe_pre": null,
        "lunghezza": 0.83,
        "prof": 80,
        "anno_posa": 1980,
        "comune": "Pozzolo Formigaro",
        "localita": "CAPOLUOGO",
        "via": "Strada Roveri",
        "comune_posa": "Pozzolo Formigaro",
        "tipologia": "DISTRIBUZIONE",
        "tip_rete": "DISTRIBUZIONE",
        "id": 4328,
        "etichetta": "PE DE110",
        "n_distretto": "03",
        "note_etichetta": null,
        "id_distretto": "POZ-DPZ03",
        "distretto_modello": "POZ-DPZ03"
      },
      "geometry": {
        "type": "LineString",
        "coordinates": [
          [
            8.780607612922717,
            44.80567401278201
          ],
          [
            8.780612851477228,
            44.80566751419003
          ]
        ]
      }
    },
    {
      "type": "Feature",
      "properties": {
        "materiale": "PE",
        "dn": "DE110",
        "classe_pre": null,
        "lunghezza": 3.17,
        "prof": 80,
        "anno_posa": 1980,
        "comune": "Pozzolo Formigaro",
        "localita": "CAPOLUOGO",
        "via": "Strada della Cascina Cocoleta",
        "comune_posa": "Pozzolo Formigaro",
        "tipologia": "DISTRIBUZIONE",
        "tip_rete": "DISTRIBUZIONE",
        "id": 4329,
        "etichetta": "PE DE110",
        "n_distretto": "03",
        "note_etichetta": null,
        "id_distretto": "POZ-DPZ03",
        "distretto_modello": "POZ-DPZ03"
      },
      "geometry": {
        "type": "LineString",
        "coordinates": [
          [
            8.780125832625018,
            44.80763187370081
          ],
          [
            8.780087570326296,
            44.80764038117634
          ]
        ]
      }
    },
    {
      "type": "Feature",
      "properties": {
        "materiale": "PE",
        "dn": "DE50",
        "classe_pre": null,
        "lunghezza": 128.88,
        "prof": 80,
        "anno_posa": 1980,
        "comune": "Pozzolo Formigaro",
        "localita": "CAPOLUOGO",
        "via": "Strada Vicinale Cascina Giacobbe",
        "comune_posa": "Pozzolo Formigaro",
        "tipologia": "DISTRIBUZIONE",
        "tip_rete": "DISTRIBUZIONE",
        "id": 4330,
        "etichetta": "PE DE50",
        "n_distretto": "03",
        "note_etichetta": null,
        "id_distretto": "POZ-DPZ03",
        "distretto_modello": "POZ-DPZ03"
      },
      "geometry": {
        "type": "LineString",
        "coordinates": [
          [
            8.767403000140364,
            44.814048015324786
          ],
          [
            8.767175253980982,
            44.814371392824555
          ],
          [
            8.766874520340972,
            44.814732189727195
          ],
          [
            8.766627850665708,
            44.81503377513158
          ],
          [
            8.766597297371472,
            44.815054368364486
          ]
        ]
      }
    },
    {
      "type": "Feature",
      "properties": {
        "materiale": "?",
        "dn": "DN50",
        "classe_pre": null,
        "lunghezza": 2.07,
        "prof": 80,
        "anno_posa": 1980,
        "comune": "Pozzolo Formigaro",
        "localita": "CAPOLUOGO",
        "via": "Via Marcona",
        "comune_posa": "Pozzolo Formigaro",
        "tipologia": "DISTRIBUZIONE",
        "tip_rete": "DISTRIBUZIONE",
        "id": 4331,
        "etichetta": "? DN50",
        "n_distretto": "03",
        "note_etichetta": null,
        "id_distretto": "POZ-DPZ03",
        "distretto_modello": "POZ-DPZ03"
      },
      "geometry": {
        "type": "LineString",
        "coordinates": [
          [
            8.772180296402162,
            44.81666834955221
          ],
          [
            8.772201138692775,
            44.81665703051118
          ]
        ]
      }
    },
    {
      "type": "Feature",
      "properties": {
        "materiale": "PE",
        "dn": "DE90",
        "classe_pre": null,
        "lunghezza": 478.83,
        "prof": 80,
        "anno_posa": 1980,
        "comune": "Pozzolo Formigaro",
        "localita": "CAPOLUOGO",
        "via": "Strada Nuova della Marcona",
        "comune_posa": "Pozzolo Formigaro",
        "tipologia": "DISTRIBUZIONE",
        "tip_rete": "DISTRIBUZIONE",
        "id": 4332,
        "etichetta": "PE DE90",
        "n_distretto": "03",
        "note_etichetta": null,
        "id_distretto": "POZ-DPZ03",
        "distretto_modello": "POZ-DPZ03"
      },
      "geometry": {
        "type": "LineString",
        "coordinates": [
          [
            8.767403000140364,
            44.814048015324786
          ],
          [
            8.768278083522263,
            44.814386347785835
          ],
          [
            8.768655916929841,
            44.81458450935127
          ],
          [
            8.769411632614844,
            44.81500638059962
          ],
          [
            8.76969977505751,
            44.81518435918759
          ],
          [
            8.770602870363517,
            44.81573895747781
          ],
          [
            8.771299112916738,
            44.816163795026995
          ],
          [
            8.771854994935406,
            44.81649315980316
          ],
          [
            8.771900448378439,
            44.81649600468345
          ],
          [
            8.772180296402162,
            44.81666834955221
          ]
        ]
      }
    },
    {
      "type": "Feature",
      "properties": {
        "materiale": "PE",
        "dn": "DE90",
        "classe_pre": null,
        "lunghezza": 2.66,
        "prof": 80,
        "anno_posa": 1980,
        "comune": "Pozzolo Formigaro",
        "localita": "CAPOLUOGO",
        "via": "Via Timone",
        "comune_posa": "Pozzolo Formigaro",
        "tipologia": "DISTRIBUZIONE",
        "tip_rete": "DISTRIBUZIONE",
        "id": 4333,
        "etichetta": "PE DE90",
        "n_distretto": "03",
        "note_etichetta": null,
        "id_distretto": "POZ-DPZ03",
        "distretto_modello": "POZ-DPZ03"
      },
      "geometry": {
        "type": "LineString",
        "coordinates": [
          [
            8.778820374157277,
            44.800315221419766
          ],
          [
            8.778790957450376,
            44.80032674514715
          ]
        ]
      }
    },
    {
      "type": "Feature",
      "properties": {
        "materiale": "PVC",
        "dn": "DE50",
        "classe_pre": null,
        "lunghezza": 70.38,
        "prof": 80,
        "anno_posa": 1980,
        "comune": "Pozzolo Formigaro",
        "localita": "CAPOLUOGO",
        "via": "Strada Alessandria (SS35 Bis)",
        "comune_posa": "Pozzolo Formigaro",
        "tipologia": "DISTRIBUZIONE",
        "tip_rete": "DISTRIBUZIONE",
        "id": 4334,
        "etichetta": "PVC DE50",
        "n_distretto": "03",
        "note_etichetta": null,
        "id_distretto": "POZ-DPZ03",
        "distretto_modello": "POZ-DPZ03"
      },
      "geometry": {
        "type": "LineString",
        "coordinates": [
          [
            8.776750615300255,
            44.800906994638375
          ],
          [
            8.776719733493175,
            44.80091762357481
          ],
          [
            8.77662322024927,
            44.80101942199104
          ],
          [
            8.776539234229935,
            44.80098070034424
          ],
          [
            8.776476438703508,
            44.800964052881184
          ],
          [
            8.776338201421579,
            44.80095001175937
          ],
          [
            8.776212426937747,
            44.80096422437823
          ],
          [
            8.77606716724199,
            44.801015578953006
          ],
          [
            8.776003178299687,
            44.80105745343413
          ]
        ]
      }
    },
    {
      "type": "Feature",
      "properties": {
        "materiale": "PVC",
        "dn": "DE50",
        "classe_pre": null,
        "lunghezza": 5.86,
        "prof": 80,
        "anno_posa": 1980,
        "comune": "Pozzolo Formigaro",
        "localita": "CAPOLUOGO",
        "via": "Strada Alessandria (SS35 Bis)",
        "comune_posa": "Pozzolo Formigaro",
        "tipologia": "DISTRIBUZIONE",
        "tip_rete": "DISTRIBUZIONE",
        "id": 4335,
        "etichetta": "PVC DE50",
        "n_distretto": "03",
        "note_etichetta": null,
        "id_distretto": "POZ-DPZ03",
        "distretto_modello": "POZ-DPZ03"
      },
      "geometry": {
        "type": "LineString",
        "coordinates": [
          [
            8.77490882947956,
            44.80195451413906
          ],
          [
            8.77492742772034,
            44.802005586909466
          ]
        ]
      }
    },
    {
      "type": "Feature",
      "properties": {
        "materiale": "PVC",
        "dn": "DE160",
        "classe_pre": null,
        "lunghezza": 98.25,
        "prof": 80,
        "anno_posa": 1980,
        "comune": "Pozzolo Formigaro",
        "localita": "CAPOLUOGO",
        "via": "Via Tortona ",
        "comune_posa": "Pozzolo Formigaro",
        "tipologia": "DISTRIBUZIONE",
        "tip_rete": "DISTRIBUZIONE",
        "id": 4336,
        "etichetta": "PVC DE160",
        "n_distretto": "02",
        "note_etichetta": null,
        "id_distretto": "POZ-DPZ02",
        "distretto_modello": "POZ-DPZ02"
      },
      "geometry": {
        "type": "LineString",
        "coordinates": [
          [
            8.784042768910526,
            44.794352210977074
          ],
          [
            8.784017780791798,
            44.79444816280477
          ],
          [
            8.784051866880326,
            44.79451856034511
          ],
          [
            8.78411307245823,
            44.79462437663579
          ],
          [
            8.784157118711606,
            44.79468265278234
          ],
          [
            8.784239250503832,
            44.79479685378966
          ],
          [
            8.78435621107972,
            44.79496757215198
          ],
          [
            8.78438436284398,
            44.79502050262435
          ],
          [
            8.78446008910595,
            44.79516793374483
          ]
        ]
      }
    },
    {
      "type": "Feature",
      "properties": {
        "materiale": "PVC",
        "dn": "DE63",
        "classe_pre": null,
        "lunghezza": 146.04,
        "prof": 80,
        "anno_posa": 1980,
        "comune": "Pozzolo Formigaro",
        "localita": "CAPOLUOGO",
        "via": "Via Vittorio Veneto",
        "comune_posa": "Pozzolo Formigaro",
        "tipologia": "DISTRIBUZIONE",
        "tip_rete": "DISTRIBUZIONE",
        "id": 4337,
        "etichetta": "PVC DE63",
        "n_distretto": "03",
        "note_etichetta": null,
        "id_distretto": "POZ-DPZ03",
        "distretto_modello": "POZ-DPZ03"
      },
      "geometry": {
        "type": "LineString",
        "coordinates": [
          [
            8.780052387529146,
            44.797349358013705
          ],
          [
            8.779627570429414,
            44.797681784923675
          ],
          [
            8.779467402536952,
            44.797720986513994
          ],
          [
            8.779035719732597,
            44.797721961981566
          ],
          [
            8.778658516475723,
            44.7973768392482
          ],
          [
            8.778658513898273,
            44.7973768320942
          ]
        ]
      }
    },
    {
      "type": "Feature",
      "properties": {
        "materiale": "PE",
        "dn": "DE50",
        "classe_pre": null,
        "lunghezza": 1.83,
        "prof": 80,
        "anno_posa": 1980,
        "comune": "Pozzolo Formigaro",
        "localita": "CAPOLUOGO",
        "via": "Via Morando",
        "comune_posa": "Pozzolo Formigaro",
        "tipologia": "DISTRIBUZIONE",
        "tip_rete": "DISTRIBUZIONE",
        "id": 4338,
        "etichetta": "PE DE50",
        "n_distretto": "02",
        "note_etichetta": null,
        "id_distretto": "POZ-DPZ02",
        "distretto_modello": "POZ-DPZ02"
      },
      "geometry": {
        "type": "LineString",
        "coordinates": [
          [
            8.782872141491158,
            44.7941549770379
          ],
          [
            8.782860176806542,
            44.794140860141844
          ]
        ]
      }
    },
    {
      "type": "Feature",
      "properties": {
        "materiale": "PVC",
        "dn": "DE125",
        "classe_pre": null,
        "lunghezza": 2.21,
        "prof": 80,
        "anno_posa": 1980,
        "comune": "Pozzolo Formigaro",
        "localita": "CAPOLUOGO",
        "via": "Via Villalvernia",
        "comune_posa": "Pozzolo Formigaro",
        "tipologia": "DISTRIBUZIONE",
        "tip_rete": "DISTRIBUZIONE",
        "id": 4339,
        "etichetta": "PVC DE125",
        "n_distretto": "02",
        "note_etichetta": null,
        "id_distretto": "POZ-DPZ02",
        "distretto_modello": "POZ-DPZ02"
      },
      "geometry": {
        "type": "LineString",
        "coordinates": [
          [
            8.784920438206361,
            44.795998679258766
          ],
          [
            8.78494095319019,
            44.795985234244064
          ]
        ]
      }
    },
    {
      "type": "Feature",
      "properties": {
        "materiale": "PVC",
        "dn": "DE50",
        "classe_pre": null,
        "lunghezza": 119.16,
        "prof": 80,
        "anno_posa": 1980,
        "comune": "Pozzolo Formigaro",
        "localita": "CAPOLUOGO",
        "via": "Via Gramsci",
        "comune_posa": "Pozzolo Formigaro",
        "tipologia": "DISTRIBUZIONE",
        "tip_rete": "DISTRIBUZIONE",
        "id": 4340,
        "etichetta": "PVC DE50",
        "n_distretto": "02",
        "note_etichetta": null,
        "id_distretto": "POZ-DPZ02",
        "distretto_modello": "POZ-DPZ02"
      },
      "geometry": {
        "type": "LineString",
        "coordinates": [
          [
            8.786482424155013,
            44.794093046128914
          ],
          [
            8.78639513952996,
            44.79382045843996
          ],
          [
            8.786320549551293,
            44.79361704833212
          ],
          [
            8.78624839026224,
            44.793393106101796
          ],
          [
            8.786175486632546,
            44.793211493000705
          ],
          [
            8.786146345120157,
            44.7931334831157
          ],
          [
            8.786111324012825,
            44.79305378575231
          ]
        ]
      }
    },
    {
      "type": "Feature",
      "properties": {
        "materiale": "PVC",
        "dn": "DE90",
        "classe_pre": null,
        "lunghezza": 1.63,
        "prof": 80,
        "anno_posa": 1980,
        "comune": "Pozzolo Formigaro",
        "localita": "CAPOLUOGO",
        "via": "Via Placido Lugano",
        "comune_posa": "Pozzolo Formigaro",
        "tipologia": "DISTRIBUZIONE",
        "tip_rete": "DISTRIBUZIONE",
        "id": 4342,
        "etichetta": "PVC DE90",
        "n_distretto": "01",
        "note_etichetta": null,
        "id_distretto": "POZ-DPZ01",
        "distretto_modello": "POZ-DPZ01"
      },
      "geometry": {
        "type": "LineString",
        "coordinates": [
          [
            8.786193518333576,
            44.79056851913632
          ],
          [
            8.78621336301613,
            44.790572363590954
          ]
        ]
      }
    },
    {
      "type": "Feature",
      "properties": {
        "materiale": "PE",
        "dn": "DE160",
        "classe_pre": null,
        "lunghezza": 50.4,
        "prof": 80,
        "anno_posa": 1980,
        "comune": "Pozzolo Formigaro",
        "localita": "CAPOLUOGO",
        "via": "Strada Nuova di San Marziano",
        "comune_posa": "Pozzolo Formigaro",
        "tipologia": "DISTRIBUZIONE",
        "tip_rete": "DISTRIBUZIONE",
        "id": 4343,
        "etichetta": "PE DE160",
        "n_distretto": "01",
        "note_etichetta": null,
        "id_distretto": "POZ-DPZ01",
        "distretto_modello": "POZ-DPZ01"
      },
      "geometry": {
        "type": "LineString",
        "coordinates": [
          [
            8.789922058472888,
            44.78876587353848
          ],
          [
            8.78995122766818,
            44.78892084543439
          ],
          [
            8.789982784533052,
            44.78921731369817
          ]
        ]
      }
    },
    {
      "type": "Feature",
      "properties": {
        "materiale": "PE",
        "dn": "DE90",
        "classe_pre": "PN16",
        "lunghezza": 14.23,
        "prof": 80,
        "anno_posa": 2021,
        "comune": "Pozzolo Formigaro",
        "localita": "CAPOLUOGO",
        "via": "Strada Vecchia di San Marziano",
        "comune_posa": "Pozzolo Formigaro",
        "tipologia": "DISTRIBUZIONE",
        "tip_rete": "DISTRIBUZIONE",
        "id": 4344,
        "etichetta": "PE DE90",
        "n_distretto": "01",
        "note_etichetta": null,
        "id_distretto": "POZ-DPZ01",
        "distretto_modello": "POZ-DPZ01"
      },
      "geometry": {
        "type": "LineString",
        "coordinates": [
          [
            8.790007374464397,
            44.78952141501419
          ],
          [
            8.790187255279424,
            44.78951995770323
          ]
        ]
      }
    },
    {
      "type": "Feature",
      "properties": {
        "materiale": "PVC",
        "dn": "DE50",
        "classe_pre": null,
        "lunghezza": 3.11,
        "prof": 80,
        "anno_posa": 1980,
        "comune": "Pozzolo Formigaro",
        "localita": "CAPOLUOGO",
        "via": "Via Bettole",
        "comune_posa": "Pozzolo Formigaro",
        "tipologia": "DISTRIBUZIONE",
        "tip_rete": "DISTRIBUZIONE",
        "id": 4347,
        "etichetta": "PVC DE50",
        "n_distretto": "04",
        "note_etichetta": null,
        "id_distretto": "POZ-DPZ04",
        "distretto_modello": "POZ-DPZ04"
      },
      "geometry": {
        "type": "LineString",
        "coordinates": [
          [
            8.817153064656596,
            44.80096354380829
          ],
          [
            8.817157056988957,
            44.80099138659424
          ]
        ]
      }
    },
    {
      "type": "Feature",
      "properties": {
        "materiale": "PVC",
        "dn": "DE110",
        "classe_pre": null,
        "lunghezza": 4.5,
        "prof": 80,
        "anno_posa": 1980,
        "comune": "Pozzolo Formigaro",
        "localita": "CAPOLUOGO",
        "via": "Via della Badia",
        "comune_posa": "Pozzolo Formigaro",
        "tipologia": "DISTRIBUZIONE",
        "tip_rete": "DISTRIBUZIONE",
        "id": 4348,
        "etichetta": "PVC DE110",
        "n_distretto": "02",
        "note_etichetta": null,
        "id_distretto": "POZ-DPZ02",
        "distretto_modello": "POZ-DPZ02"
      },
      "geometry": {
        "type": "LineString",
        "coordinates": [
          [
            8.789591678462191,
            44.798839229944946
          ],
          [
            8.789608453588516,
            44.7988778947669
          ]
        ]
      }
    },
    {
      "type": "Feature",
      "properties": {
        "materiale": "PE",
        "dn": "DE75",
        "classe_pre": null,
        "lunghezza": 4.17,
        "prof": 80,
        "anno_posa": 1980,
        "comune": "Pozzolo Formigaro",
        "localita": "CAPOLUOGO",
        "via": "Strada Circonvallazione di Bettole",
        "comune_posa": "Pozzolo Formigaro",
        "tipologia": "DISTRIBUZIONE",
        "tip_rete": "DISTRIBUZIONE",
        "id": 4349,
        "etichetta": "PE DE75",
        "n_distretto": "04",
        "note_etichetta": null,
        "id_distretto": "POZ-DPZ04",
        "distretto_modello": "POZ-DPZ04"
      },
      "geometry": {
        "type": "LineString",
        "coordinates": [
          [
            8.818640581449168,
            44.80634467194909
          ],
          [
            8.818646063621735,
            44.80638197795434
          ]
        ]
      }
    },
    {
      "type": "Feature",
      "properties": {
        "materiale": "PVC",
        "dn": "DE32",
        "classe_pre": null,
        "lunghezza": 4,
        "prof": 80,
        "anno_posa": 1980,
        "comune": "Pozzolo Formigaro",
        "localita": "CAPOLUOGO",
        "via": "Via Bettole",
        "comune_posa": "Pozzolo Formigaro",
        "tipologia": "DISTRIBUZIONE",
        "tip_rete": "DISTRIBUZIONE",
        "id": 4350,
        "etichetta": "PVC DE32",
        "n_distretto": "04",
        "note_etichetta": null,
        "id_distretto": "POZ-DPZ04",
        "distretto_modello": "POZ-DPZ04"
      },
      "geometry": {
        "type": "LineString",
        "coordinates": [
          [
            8.818640581449168,
            44.80634467194909
          ],
          [
            8.81859017942693,
            44.80634800844622
          ]
        ]
      }
    },
    {
      "type": "Feature",
      "properties": {
        "materiale": "PE",
        "dn": "DE63",
        "classe_pre": null,
        "lunghezza": 2.39,
        "prof": 80,
        "anno_posa": 1980,
        "comune": "Pozzolo Formigaro",
        "localita": "CAPOLUOGO",
        "via": "Strada Vicinale Straga",
        "comune_posa": "Pozzolo Formigaro",
        "tipologia": "DISTRIBUZIONE",
        "tip_rete": "DISTRIBUZIONE",
        "id": 4351,
        "etichetta": "PE DE63",
        "n_distretto": "02",
        "note_etichetta": null,
        "id_distretto": "POZ-DPZ02",
        "distretto_modello": "POZ-DPZ02"
      },
      "geometry": {
        "type": "LineString",
        "coordinates": [
          [
            8.80147983010994,
            44.810101137345875
          ],
          [
            8.801483235631672,
            44.810122509448746
          ]
        ]
      }
    },
    {
      "type": "Feature",
      "properties": {
        "materiale": "PVC",
        "dn": "DE110",
        "classe_pre": null,
        "lunghezza": 40.37,
        "prof": 80,
        "anno_posa": 1980,
        "comune": "Pozzolo Formigaro",
        "localita": "CAPOLUOGO",
        "via": "Strada Cassano",
        "comune_posa": "Pozzolo Formigaro",
        "tipologia": "DISTRIBUZIONE",
        "tip_rete": "DISTRIBUZIONE",
        "id": 4352,
        "etichetta": "PVC DE110",
        "n_distretto": "02",
        "note_etichetta": null,
        "id_distretto": "POZ-DPZ02",
        "distretto_modello": "POZ-DPZ02"
      },
      "geometry": {
        "type": "LineString",
        "coordinates": [
          [
            8.787687565502024,
            44.79310450342534
          ],
          [
            8.78818680341979,
            44.7930291983167
          ]
        ]
      }
    },
    {
      "type": "Feature",
      "properties": {
        "materiale": "AC",
        "dn": "DN50",
        "classe_pre": null,
        "lunghezza": 2.79,
        "prof": 80,
        "anno_posa": 1980,
        "comune": "Pozzolo Formigaro",
        "localita": "CAPOLUOGO",
        "via": "Strada Novi",
        "comune_posa": "Pozzolo Formigaro",
        "tipologia": "DISTRIBUZIONE",
        "tip_rete": "DISTRIBUZIONE",
        "id": 4353,
        "etichetta": "AC DN50",
        "n_distretto": "01",
        "note_etichetta": null,
        "id_distretto": "POZ-DPZ01",
        "distretto_modello": "POZ-DPZ01"
      },
      "geometry": {
        "type": "LineString",
        "coordinates": [
          [
            8.788853752241954,
            44.785390105783016
          ],
          [
            8.78887449209119,
            44.785369746543985
          ]
        ]
      }
    },
    {
      "type": "Feature",
      "properties": {
        "materiale": "PE",
        "dn": "DE32",
        "classe_pre": null,
        "lunghezza": 8.22,
        "prof": 80,
        "anno_posa": 1980,
        "comune": "Pozzolo Formigaro",
        "localita": "CAPOLUOGO",
        "via": "Strada Circonvallazione di Bettole",
        "comune_posa": "Pozzolo Formigaro",
        "tipologia": "DISTRIBUZIONE",
        "tip_rete": "DISTRIBUZIONE",
        "id": 4354,
        "etichetta": "PE DE32",
        "n_distretto": "04",
        "note_etichetta": null,
        "id_distretto": "POZ-DPZ04",
        "distretto_modello": "POZ-DPZ04"
      },
      "geometry": {
        "type": "LineString",
        "coordinates": [
          [
            8.818888692114353,
            44.80744633240955
          ],
          [
            8.818906061362759,
            44.807519246264604
          ]
        ]
      }
    },
    {
      "type": "Feature",
      "properties": {
        "materiale": "PE",
        "dn": "DE75",
        "classe_pre": null,
        "lunghezza": 3.17,
        "prof": 80,
        "anno_posa": 1980,
        "comune": "Pozzolo Formigaro",
        "localita": "CAPOLUOGO",
        "via": "Strada Circonvallazione di Bettole",
        "comune_posa": "Pozzolo Formigaro",
        "tipologia": "DISTRIBUZIONE",
        "tip_rete": "DISTRIBUZIONE",
        "id": 4355,
        "etichetta": "PE DE75",
        "n_distretto": "04",
        "note_etichetta": null,
        "id_distretto": "POZ-DPZ04",
        "distretto_modello": "POZ-DPZ04"
      },
      "geometry": {
        "type": "LineString",
        "coordinates": [
          [
            8.818885581698327,
            44.807417856261125
          ],
          [
            8.818888692114353,
            44.80744633240955
          ]
        ]
      }
    },
    {
      "type": "Feature",
      "properties": {
        "materiale": "PE",
        "dn": "DE50",
        "classe_pre": null,
        "lunghezza": 107.71,
        "prof": 80,
        "anno_posa": 1980,
        "comune": "Pozzolo Formigaro",
        "localita": "CAPOLUOGO",
        "via": "Via Bettole",
        "comune_posa": "Pozzolo Formigaro",
        "tipologia": "DISTRIBUZIONE",
        "tip_rete": "DISTRIBUZIONE",
        "id": 4356,
        "etichetta": "PE DE50",
        "n_distretto": "04",
        "note_etichetta": null,
        "id_distretto": "POZ-DPZ04",
        "distretto_modello": "POZ-DPZ04"
      },
      "geometry": {
        "type": "LineString",
        "coordinates": [
          [
            8.818314689662524,
            44.80532140120423
          ],
          [
            8.818257235737427,
            44.80533023081461
          ],
          [
            8.818054086876707,
            44.80537226535071
          ],
          [
            8.81746088185219,
            44.805535313015504
          ],
          [
            8.817222608522773,
            44.805600090719864
          ],
          [
            8.81703101993173,
            44.80564281580149
          ]
        ]
      }
    },
    {
      "type": "Feature",
      "properties": {
        "materiale": "PE",
        "dn": "DE90",
        "classe_pre": null,
        "lunghezza": 2.61,
        "prof": 80,
        "anno_posa": 1980,
        "comune": "Pozzolo Formigaro",
        "localita": "CAPOLUOGO",
        "via": "Via San Sebastiano",
        "comune_posa": "Pozzolo Formigaro",
        "tipologia": "DISTRIBUZIONE",
        "tip_rete": "DISTRIBUZIONE",
        "id": 4357,
        "etichetta": "PE DE90",
        "n_distretto": "02",
        "note_etichetta": null,
        "id_distretto": "POZ-DPZ02",
        "distretto_modello": "POZ-DPZ02"
      },
      "geometry": {
        "type": "LineString",
        "coordinates": [
          [
            8.78480101776194,
            44.79738556645921
          ],
          [
            8.78481094974486,
            44.79740797159536
          ]
        ]
      }
    },
    {
      "type": "Feature",
      "properties": {
        "materiale": "PVC",
        "dn": "DE160",
        "classe_pre": null,
        "lunghezza": 82.17,
        "prof": 80,
        "anno_posa": 1980,
        "comune": "Pozzolo Formigaro",
        "localita": "CAPOLUOGO",
        "via": "Via Gramsci",
        "comune_posa": "Pozzolo Formigaro",
        "tipologia": "DISTRIBUZIONE",
        "tip_rete": "DISTRIBUZIONE",
        "id": 4358,
        "etichetta": "PVC DE160",
        "n_distretto": "02",
        "note_etichetta": null,
        "id_distretto": "POZ-DPZ02",
        "distretto_modello": "POZ-DPZ02"
      },
      "geometry": {
        "type": "LineString",
        "coordinates": [
          [
            8.791331743369113,
            44.800335762674614
          ],
          [
            8.791324814436377,
            44.80033694590565
          ],
          [
            8.790317349528085,
            44.8004954912735
          ]
        ]
      }
    },
    {
      "type": "Feature",
      "properties": {
        "materiale": "PVC",
        "dn": "DE50",
        "classe_pre": null,
        "lunghezza": 49.53,
        "prof": 80,
        "anno_posa": 1980,
        "comune": "Pozzolo Formigaro",
        "localita": "CAPOLUOGO",
        "via": "Via Umberto Bosani",
        "comune_posa": "Pozzolo Formigaro",
        "tipologia": "DISTRIBUZIONE",
        "tip_rete": "DISTRIBUZIONE",
        "id": 4359,
        "etichetta": "PVC DE50",
        "n_distretto": "02",
        "note_etichetta": null,
        "id_distretto": "POZ-DPZ02",
        "distretto_modello": "POZ-DPZ02"
      },
      "geometry": {
        "type": "LineString",
        "coordinates": [
          [
            8.779834107917338,
            44.79576889709472
          ],
          [
            8.779832890122286,
            44.79576500806748
          ],
          [
            8.779808167311417,
            44.79569111349108
          ],
          [
            8.77977957767403,
            44.79552280274758
          ],
          [
            8.779755670263222,
            44.79532716888556
          ]
        ]
      }
    },
    {
      "type": "Feature",
      "properties": {
        "materiale": "AC",
        "dn": "DN50",
        "classe_pre": null,
        "lunghezza": 72.92,
        "prof": 80,
        "anno_posa": 1980,
        "comune": "Pozzolo Formigaro",
        "localita": "CAPOLUOGO",
        "via": "Via Morando",
        "comune_posa": "Pozzolo Formigaro",
        "tipologia": "DISTRIBUZIONE",
        "tip_rete": "DISTRIBUZIONE",
        "id": 4360,
        "etichetta": "AC DN50",
        "n_distretto": "02",
        "note_etichetta": null,
        "id_distretto": "POZ-DPZ02",
        "distretto_modello": "POZ-DPZ02"
      },
      "geometry": {
        "type": "LineString",
        "coordinates": [
          [
            8.782715270330378,
            44.793949306809694
          ],
          [
            8.782686666665644,
            44.79384807653109
          ],
          [
            8.782664794658901,
            44.793723368528084
          ],
          [
            8.78265247465557,
            44.793569855500394
          ],
          [
            8.782649652092607,
            44.793513149890046
          ],
          [
            8.782640818172327,
            44.793338273080316
          ],
          [
            8.782638299555503,
            44.79329634020928
          ]
        ]
      }
    },
    {
      "type": "Feature",
      "properties": {
        "materiale": "PE",
        "dn": "DE160",
        "classe_pre": null,
        "lunghezza": 59.22,
        "prof": 80,
        "anno_posa": 1980,
        "comune": "Pozzolo Formigaro",
        "localita": "CAPOLUOGO",
        "via": "Via Villalvernia",
        "comune_posa": "Pozzolo Formigaro",
        "tipologia": "DISTRIBUZIONE",
        "tip_rete": "DISTRIBUZIONE",
        "id": 4361,
        "etichetta": "PE DE160",
        "n_distretto": "02",
        "note_etichetta": null,
        "id_distretto": "POZ-DPZ02",
        "distretto_modello": "POZ-DPZ02"
      },
      "geometry": {
        "type": "LineString",
        "coordinates": [
          [
            8.786145712866835,
            44.79529323517123
          ],
          [
            8.786172108501658,
            44.795285189656234
          ],
          [
            8.786262112007522,
            44.79526575714381
          ],
          [
            8.786322445137923,
            44.79525358782516
          ],
          [
            8.786348793133707,
            44.79524938847267
          ],
          [
            8.786351869994732,
            44.795264703561095
          ],
          [
            8.786357464780606,
            44.79529515416358
          ],
          [
            8.786388105372371,
            44.79529206632934
          ],
          [
            8.7867372596891,
            44.79525758354946
          ],
          [
            8.786824291551296,
            44.79524876374804
          ]
        ]
      }
    },
    {
      "type": "Feature",
      "properties": {
        "materiale": "PE",
        "dn": "DE160",
        "classe_pre": null,
        "lunghezza": 4.77,
        "prof": 80,
        "anno_posa": 1980,
        "comune": "Pozzolo Formigaro",
        "localita": "CAPOLUOGO",
        "via": "Via Villalvernia",
        "comune_posa": "Pozzolo Formigaro",
        "tipologia": "DISTRIBUZIONE",
        "tip_rete": "DISTRIBUZIONE",
        "id": 4362,
        "etichetta": "PE DE160",
        "n_distretto": "02",
        "note_etichetta": null,
        "id_distretto": "POZ-DPZ02",
        "distretto_modello": "POZ-DPZ02"
      },
      "geometry": {
        "type": "LineString",
        "coordinates": [
          [
            8.786824291551296,
            44.79524876374804
          ],
          [
            8.786884026456924,
            44.795243036773876
          ]
        ]
      }
    },
    {
      "type": "Feature",
      "properties": {
        "materiale": "PE",
        "dn": "DE63",
        "classe_pre": null,
        "lunghezza": 3.15,
        "prof": 80,
        "anno_posa": 1980,
        "comune": "Pozzolo Formigaro",
        "localita": "CAPOLUOGO",
        "via": "Via Cristoforo Colombo",
        "comune_posa": "Pozzolo Formigaro",
        "tipologia": "DISTRIBUZIONE",
        "tip_rete": "DISTRIBUZIONE",
        "id": 4363,
        "etichetta": "PE DE63",
        "n_distretto": "02",
        "note_etichetta": null,
        "id_distretto": "POZ-DPZ02",
        "distretto_modello": "POZ-DPZ02"
      },
      "geometry": {
        "type": "LineString",
        "coordinates": [
          [
            8.787595580780614,
            44.79703101857025
          ],
          [
            8.7876332867286,
            44.797021868175115
          ]
        ]
      }
    },
    {
      "type": "Feature",
      "properties": {
        "materiale": "PE",
        "dn": "DE75",
        "classe_pre": null,
        "lunghezza": 116.62,
        "prof": 80,
        "anno_posa": 1980,
        "comune": "Pozzolo Formigaro",
        "localita": "CAPOLUOGO",
        "via": "Strada Circonvallazione di Bettole",
        "comune_posa": "Pozzolo Formigaro",
        "tipologia": "DISTRIBUZIONE",
        "tip_rete": "DISTRIBUZIONE",
        "id": 4364,
        "etichetta": "PE DE75",
        "n_distretto": "04",
        "note_etichetta": null,
        "id_distretto": "POZ-DPZ04",
        "distretto_modello": "POZ-DPZ04"
      },
      "geometry": {
        "type": "LineString",
        "coordinates": [
          [
            8.818646063621735,
            44.80638197795434
          ],
          [
            8.818885581698327,
            44.807417856261125
          ]
        ]
      }
    },
    {
      "type": "Feature",
      "properties": {
        "materiale": "FE",
        "dn": "DN50",
        "classe_pre": null,
        "lunghezza": 15.39,
        "prof": 80,
        "anno_posa": 1980,
        "comune": "Pozzolo Formigaro",
        "localita": "CAPOLUOGO",
        "via": "Via Gramsci",
        "comune_posa": "Pozzolo Formigaro",
        "tipologia": "DISTRIBUZIONE",
        "tip_rete": "DISTRIBUZIONE",
        "id": 4365,
        "etichetta": "FE DN50",
        "n_distretto": "02",
        "note_etichetta": null,
        "id_distretto": "POZ-DPZ02",
        "distretto_modello": "POZ-DPZ02"
      },
      "geometry": {
        "type": "LineString",
        "coordinates": [
          [
            8.7876332867286,
            44.797021868175115
          ],
          [
            8.787742099895887,
            44.79713349652039
          ],
          [
            8.78774574138742,
            44.79713294448108
          ]
        ]
      }
    },
    {
      "type": "Feature",
      "properties": {
        "materiale": "AC",
        "dn": "DN50",
        "classe_pre": null,
        "lunghezza": 72.66,
        "prof": 80,
        "anno_posa": 1980,
        "comune": "Pozzolo Formigaro",
        "localita": "CAPOLUOGO",
        "via": "Via XVI Aprile",
        "comune_posa": "Pozzolo Formigaro",
        "tipologia": "DISTRIBUZIONE",
        "tip_rete": "DISTRIBUZIONE",
        "id": 4366,
        "etichetta": "AC DN50",
        "n_distretto": "02",
        "note_etichetta": null,
        "id_distretto": "POZ-DPZ02",
        "distretto_modello": "POZ-DPZ02"
      },
      "geometry": {
        "type": "LineString",
        "coordinates": [
          [
            8.785278144416088,
            44.79203000162391
          ],
          [
            8.785249979801787,
            44.79200647824367
          ],
          [
            8.785159622113369,
            44.79193002942399
          ],
          [
            8.785119145735203,
            44.791893490293695
          ],
          [
            8.785076900574191,
            44.791857786049626
          ],
          [
            8.78503817446288,
            44.79182544133123
          ],
          [
            8.784942562201547,
            44.79173766634923
          ],
          [
            8.784705391389213,
            44.79151880745192
          ]
        ]
      }
    },
    {
      "type": "Feature",
      "properties": {
        "materiale": "AC",
        "dn": "DN50",
        "classe_pre": null,
        "lunghezza": 1.46,
        "prof": 80,
        "anno_posa": 1980,
        "comune": "Pozzolo Formigaro",
        "localita": "CAPOLUOGO",
        "via": "Via XVI Aprile",
        "comune_posa": "Pozzolo Formigaro",
        "tipologia": "DISTRIBUZIONE",
        "tip_rete": "DISTRIBUZIONE",
        "id": 4367,
        "etichetta": "AC DN50",
        "n_distretto": "02",
        "note_etichetta": null,
        "id_distretto": "POZ-DPZ02",
        "distretto_modello": "POZ-DPZ02"
      },
      "geometry": {
        "type": "LineString",
        "coordinates": [
          [
            8.78445853304274,
            44.79134760369482
          ],
          [
            8.784445150855715,
            44.79133854154428
          ]
        ]
      }
    },
    {
      "type": "Feature",
      "properties": {
        "materiale": "AC",
        "dn": "DN50",
        "classe_pre": null,
        "lunghezza": 127.09,
        "prof": 80,
        "anno_posa": 1980,
        "comune": "Pozzolo Formigaro",
        "localita": "CAPOLUOGO",
        "via": "Via XVI Aprile",
        "comune_posa": "Pozzolo Formigaro",
        "tipologia": "DISTRIBUZIONE",
        "tip_rete": "DISTRIBUZIONE",
        "id": 4368,
        "etichetta": "AC DN50",
        "n_distretto": "02",
        "note_etichetta": null,
        "id_distretto": "POZ-DPZ02",
        "distretto_modello": "POZ-DPZ02"
      },
      "geometry": {
        "type": "LineString",
        "coordinates": [
          [
            8.786091479277367,
            44.793008484203995
          ],
          [
            8.786066963049148,
            44.79295311514979
          ],
          [
            8.785893705613443,
            44.792692101155886
          ],
          [
            8.78578247643887,
            44.79252927608548
          ],
          [
            8.785722745124945,
            44.79244701755473
          ],
          [
            8.785685200072603,
            44.792413417930916
          ],
          [
            8.785590200820636,
            44.792318519700736
          ],
          [
            8.785450609699494,
            44.792185817305054
          ],
          [
            8.785278144416088,
            44.79203000162391
          ]
        ]
      }
    },
    {
      "type": "Feature",
      "properties": {
        "materiale": "PVC",
        "dn": "DE160",
        "classe_pre": null,
        "lunghezza": 22.97,
        "prof": 80,
        "anno_posa": 1980,
        "comune": "Pozzolo Formigaro",
        "localita": "CAPOLUOGO",
        "via": "Via Cottolengo",
        "comune_posa": "Pozzolo Formigaro",
        "tipologia": "DISTRIBUZIONE",
        "tip_rete": "DISTRIBUZIONE",
        "id": 4369,
        "etichetta": "PVC DE160",
        "n_distretto": "02",
        "note_etichetta": null,
        "id_distretto": "POZ-DPZ02",
        "distretto_modello": "POZ-DPZ02"
      },
      "geometry": {
        "type": "LineString",
        "coordinates": [
          [
            8.78442220550795,
            44.79362568149383
          ],
          [
            8.784371802077569,
            44.793648069391416
          ],
          [
            8.784262469366116,
            44.79370091755761
          ],
          [
            8.784180324881552,
            44.793740103283284
          ]
        ]
      }
    },
    {
      "type": "Feature",
      "properties": {
        "materiale": "PVC",
        "dn": "DE160",
        "classe_pre": null,
        "lunghezza": 144.93,
        "prof": 80,
        "anno_posa": 1980,
        "comune": "Pozzolo Formigaro",
        "localita": "CAPOLUOGO",
        "via": "Via Cottolengo",
        "comune_posa": "Pozzolo Formigaro",
        "tipologia": "DISTRIBUZIONE",
        "tip_rete": "DISTRIBUZIONE",
        "id": 4370,
        "etichetta": "PVC DE160",
        "n_distretto": "02",
        "note_etichetta": null,
        "id_distretto": "POZ-DPZ02",
        "distretto_modello": "POZ-DPZ02"
      },
      "geometry": {
        "type": "LineString",
        "coordinates": [
          [
            8.786036624069428,
            44.793019495551135
          ],
          [
            8.785942376696475,
            44.79305169412481
          ],
          [
            8.785823239586163,
            44.793087834398314
          ],
          [
            8.785731138932913,
            44.793111999048776
          ],
          [
            8.78564771455762,
            44.793130831952794
          ],
          [
            8.785525913654032,
            44.79316972712764
          ],
          [
            8.785318512780526,
            44.79323332934793
          ],
          [
            8.785242550975152,
            44.7932576445438
          ],
          [
            8.785155152035966,
            44.793292984421996
          ],
          [
            8.785036329786038,
            44.79334967062878
          ],
          [
            8.78490847455404,
            44.7934071334931
          ],
          [
            8.784791215637211,
            44.79346480819715
          ],
          [
            8.784724740171145,
            44.793493755096
          ],
          [
            8.784658329462518,
            44.79352277730015
          ],
          [
            8.784591983679588,
            44.79355187473608
          ],
          [
            8.78442220550795,
            44.79362568149383
          ]
        ]
      }
    },
    {
      "type": "Feature",
      "properties": {
        "materiale": "PVC",
        "dn": "DE125",
        "classe_pre": null,
        "lunghezza": 3.55,
        "prof": 80,
        "anno_posa": 1980,
        "comune": "Pozzolo Formigaro",
        "localita": "CAPOLUOGO",
        "via": "Via Ravizza",
        "comune_posa": "Pozzolo Formigaro",
        "tipologia": "DISTRIBUZIONE",
        "tip_rete": "DISTRIBUZIONE",
        "id": 4371,
        "etichetta": "PVC DE125",
        "n_distretto": "02",
        "note_etichetta": null,
        "id_distretto": "POZ-DPZ02",
        "distretto_modello": "POZ-DPZ02"
      },
      "geometry": {
        "type": "LineString",
        "coordinates": [
          [
            8.785239866580472,
            44.79204672485803
          ],
          [
            8.785278144416088,
            44.79203000162391
          ]
        ]
      }
    },
    {
      "type": "Feature",
      "properties": {
        "materiale": "PVC",
        "dn": "DE125",
        "classe_pre": null,
        "lunghezza": 1.92,
        "prof": 80,
        "anno_posa": 1980,
        "comune": "Pozzolo Formigaro",
        "localita": "CAPOLUOGO",
        "via": "Via Bottazzi",
        "comune_posa": "Pozzolo Formigaro",
        "tipologia": "DISTRIBUZIONE",
        "tip_rete": "DISTRIBUZIONE",
        "id": 4372,
        "etichetta": "PVC DE125",
        "n_distretto": "02",
        "note_etichetta": null,
        "id_distretto": "POZ-DPZ02",
        "distretto_modello": "POZ-DPZ02"
      },
      "geometry": {
        "type": "LineString",
        "coordinates": [
          [
            8.784778375048534,
            44.792457410583864
          ],
          [
            8.784797868240656,
            44.79246768428498
          ]
        ]
      }
    },
    {
      "type": "Feature",
      "properties": {
        "materiale": "PVC",
        "dn": "DE125",
        "classe_pre": null,
        "lunghezza": 58.41,
        "prof": 80,
        "anno_posa": 1980,
        "comune": "Pozzolo Formigaro",
        "localita": "CAPOLUOGO",
        "via": "Via Bottazzi",
        "comune_posa": "Pozzolo Formigaro",
        "tipologia": "DISTRIBUZIONE",
        "tip_rete": "DISTRIBUZIONE",
        "id": 4373,
        "etichetta": "PVC DE125",
        "n_distretto": "02",
        "note_etichetta": null,
        "id_distretto": "POZ-DPZ02",
        "distretto_modello": "POZ-DPZ02"
      },
      "geometry": {
        "type": "LineString",
        "coordinates": [
          [
            8.784797868240656,
            44.79246768428498
          ],
          [
            8.785039852829032,
            44.79255133783673
          ],
          [
            8.785168305939889,
            44.79260594269843
          ],
          [
            8.78529957567888,
            44.79266357288569
          ],
          [
            8.785446408593485,
            44.792718211984884
          ]
        ]
      }
    },
    {
      "type": "Feature",
      "properties": {
        "materiale": "PVC",
        "dn": "DE125",
        "classe_pre": null,
        "lunghezza": 25.3,
        "prof": 80,
        "anno_posa": 1980,
        "comune": "Pozzolo Formigaro",
        "localita": "CAPOLUOGO",
        "via": "Via Asilo Raggio",
        "comune_posa": "Pozzolo Formigaro",
        "tipologia": "DISTRIBUZIONE",
        "tip_rete": "DISTRIBUZIONE",
        "id": 4374,
        "etichetta": "PVC DE125",
        "n_distretto": "02",
        "note_etichetta": null,
        "id_distretto": "POZ-DPZ02",
        "distretto_modello": "POZ-DPZ02"
      },
      "geometry": {
        "type": "LineString",
        "coordinates": [
          [
            8.784235256290435,
            44.79277897261234
          ],
          [
            8.784190008046588,
            44.792807220770904
          ],
          [
            8.784085567371847,
            44.79286826391507
          ],
          [
            8.783990099362216,
            44.79292521152357
          ]
        ]
      }
    },
    {
      "type": "Feature",
      "properties": {
        "materiale": "PVC",
        "dn": "DE125",
        "classe_pre": null,
        "lunghezza": 18.13,
        "prof": 80,
        "anno_posa": 1980,
        "comune": "Pozzolo Formigaro",
        "localita": "CAPOLUOGO",
        "via": "Via Bottazzi",
        "comune_posa": "Pozzolo Formigaro",
        "tipologia": "DISTRIBUZIONE",
        "tip_rete": "DISTRIBUZIONE",
        "id": 4375,
        "etichetta": "PVC DE125",
        "n_distretto": "02",
        "note_etichetta": null,
        "id_distretto": "POZ-DPZ02",
        "distretto_modello": "POZ-DPZ02"
      },
      "geometry": {
        "type": "LineString",
        "coordinates": [
          [
            8.784589671731503,
            44.79236469182188
          ],
          [
            8.784645664484417,
            44.792392203742786
          ],
          [
            8.784778375048534,
            44.792457410583864
          ]
        ]
      }
    },
    {
      "type": "Feature",
      "properties": {
        "materiale": "AC",
        "dn": "DN40",
        "classe_pre": null,
        "lunghezza": 38.46,
        "prof": 80,
        "anno_posa": 1980,
        "comune": "Pozzolo Formigaro",
        "localita": "CAPOLUOGO",
        "via": "Vicolo Aie",
        "comune_posa": "Pozzolo Formigaro",
        "tipologia": "DISTRIBUZIONE",
        "tip_rete": "DISTRIBUZIONE",
        "id": 4379,
        "etichetta": "AC DN40",
        "n_distretto": "02",
        "note_etichetta": null,
        "id_distretto": "POZ-DPZ02",
        "distretto_modello": "POZ-DPZ02"
      },
      "geometry": {
        "type": "LineString",
        "coordinates": [
          [
            8.783977917613933,
            44.791566098481006
          ],
          [
            8.783948568521392,
            44.79146328057654
          ],
          [
            8.783905464239066,
            44.791354239909744
          ],
          [
            8.783833773580499,
            44.79123686143648
          ]
        ]
      }
    },
    {
      "type": "Feature",
      "properties": {
        "materiale": "AC",
        "dn": "DN100",
        "classe_pre": null,
        "lunghezza": 47.27,
        "prof": 80,
        "anno_posa": 1980,
        "comune": "Pozzolo Formigaro",
        "localita": "CAPOLUOGO",
        "via": "Via Bottazzi",
        "comune_posa": "Pozzolo Formigaro",
        "tipologia": "DISTRIBUZIONE",
        "tip_rete": "DISTRIBUZIONE",
        "id": 4380,
        "etichetta": "AC DN100",
        "n_distretto": "02",
        "note_etichetta": null,
        "id_distretto": "POZ-DPZ02",
        "distretto_modello": "POZ-DPZ02"
      },
      "geometry": {
        "type": "LineString",
        "coordinates": [
          [
            8.783823310152576,
            44.79160427728072
          ],
          [
            8.78382544618407,
            44.791614867398735
          ],
          [
            8.783850581474514,
            44.7916689802306
          ],
          [
            8.78385129531268,
            44.79171207614287
          ],
          [
            8.783903861994984,
            44.79177965167201
          ],
          [
            8.783976493467714,
            44.79185041377844
          ],
          [
            8.784052820607661,
            44.791920966162216
          ],
          [
            8.784100572673799,
            44.79197129896442
          ]
        ]
      }
    },
    {
      "type": "Feature",
      "properties": {
        "materiale": "AC",
        "dn": "DN100",
        "classe_pre": null,
        "lunghezza": 110.27,
        "prof": 80,
        "anno_posa": 1980,
        "comune": "Pozzolo Formigaro",
        "localita": "CAPOLUOGO",
        "via": "Via Palenzona",
        "comune_posa": "Pozzolo Formigaro",
        "tipologia": "DISTRIBUZIONE",
        "tip_rete": "DISTRIBUZIONE",
        "id": 4381,
        "etichetta": "AC DN100",
        "n_distretto": "02",
        "note_etichetta": null,
        "id_distretto": "POZ-DPZ02",
        "distretto_modello": "POZ-DPZ02"
      },
      "geometry": {
        "type": "LineString",
        "coordinates": [
          [
            8.784100572673799,
            44.79197129896442
          ],
          [
            8.783841689132554,
            44.79211123426767
          ],
          [
            8.7837985888268,
            44.79213453395621
          ],
          [
            8.78375548670097,
            44.79215783195363
          ],
          [
            8.783712382755139,
            44.79218112825975
          ],
          [
            8.783589117027411,
            44.79224775680402
          ],
          [
            8.783509292440776,
            44.79229179961772
          ],
          [
            8.783427274432572,
            44.79233374931643
          ],
          [
            8.783343171188404,
            44.792373550564086
          ],
          [
            8.783165657123169,
            44.79246548236136
          ],
          [
            8.782978792675452,
            44.79256041823915
          ]
        ]
      }
    },
    {
      "type": "Feature",
      "properties": {
        "materiale": "PVC",
        "dn": "DE160",
        "classe_pre": null,
        "lunghezza": 43.96,
        "prof": 80,
        "anno_posa": 1980,
        "comune": "Pozzolo Formigaro",
        "localita": "CAPOLUOGO",
        "via": "Via Roma",
        "comune_posa": "Pozzolo Formigaro",
        "tipologia": "DISTRIBUZIONE",
        "tip_rete": "DISTRIBUZIONE",
        "id": 4382,
        "etichetta": "PVC DE160",
        "n_distretto": "02",
        "note_etichetta": null,
        "id_distretto": "POZ-DPZ02",
        "distretto_modello": "POZ-DPZ02"
      },
      "geometry": {
        "type": "LineString",
        "coordinates": [
          [
            8.783268123894132,
            44.79161694704285
          ],
          [
            8.783490001625603,
            44.79161329028634
          ],
          [
            8.78368726311819,
            44.79161164508736
          ],
          [
            8.783804811242021,
            44.791606049642006
          ],
          [
            8.783823310152576,
            44.79160427728072
          ]
        ]
      }
    },
    {
      "type": "Feature",
      "properties": {
        "materiale": "PVC",
        "dn": "DE160",
        "classe_pre": null,
        "lunghezza": 39.56,
        "prof": 80,
        "anno_posa": 1980,
        "comune": "Pozzolo Formigaro",
        "localita": "CAPOLUOGO",
        "via": "Via Roma",
        "comune_posa": "Pozzolo Formigaro",
        "tipologia": "DISTRIBUZIONE",
        "tip_rete": "DISTRIBUZIONE",
        "id": 4384,
        "etichetta": "PVC DE160",
        "n_distretto": "02",
        "note_etichetta": null,
        "id_distretto": "POZ-DPZ02",
        "distretto_modello": "POZ-DPZ02"
      },
      "geometry": {
        "type": "LineString",
        "coordinates": [
          [
            8.782795315161662,
            44.79173246196964
          ],
          [
            8.782945545579096,
            44.79169373388503
          ],
          [
            8.783051888971299,
            44.79166831782115
          ],
          [
            8.783241101247405,
            44.79162114352483
          ],
          [
            8.783268123894132,
            44.79161694704285
          ]
        ]
      }
    },
    {
      "type": "Feature",
      "properties": {
        "materiale": "PVC",
        "dn": "DE160",
        "classe_pre": null,
        "lunghezza": 6.09,
        "prof": 80,
        "anno_posa": 1980,
        "comune": "Pozzolo Formigaro",
        "localita": "CAPOLUOGO",
        "via": "Via Roma",
        "comune_posa": "Pozzolo Formigaro",
        "tipologia": "DISTRIBUZIONE",
        "tip_rete": "DISTRIBUZIONE",
        "id": 4385,
        "etichetta": "PVC DE160",
        "n_distretto": "02",
        "note_etichetta": null,
        "id_distretto": "POZ-DPZ02",
        "distretto_modello": "POZ-DPZ02"
      },
      "geometry": {
        "type": "LineString",
        "coordinates": [
          [
            8.782731850477651,
            44.79176346609858
          ],
          [
            8.782795315161662,
            44.79173246196964
          ]
        ]
      }
    },
    {
      "type": "Feature",
      "properties": {
        "materiale": "PVC",
        "dn": "DE160",
        "classe_pre": null,
        "lunghezza": 61.29,
        "prof": 80,
        "anno_posa": 1980,
        "comune": "Pozzolo Formigaro",
        "localita": "CAPOLUOGO",
        "via": "Via Roma",
        "comune_posa": "Pozzolo Formigaro",
        "tipologia": "DISTRIBUZIONE",
        "tip_rete": "DISTRIBUZIONE",
        "id": 4386,
        "etichetta": "PVC DE160",
        "n_distretto": "02",
        "note_etichetta": null,
        "id_distretto": "POZ-DPZ02",
        "distretto_modello": "POZ-DPZ02"
      },
      "geometry": {
        "type": "LineString",
        "coordinates": [
          [
            8.782570390241347,
            44.792290079695206
          ],
          [
            8.782544456580258,
            44.792243899136416
          ],
          [
            8.782642236885382,
            44.79208297039461
          ],
          [
            8.78266479255592,
            44.79199866899073
          ],
          [
            8.782692362306571,
            44.791866524623366
          ],
          [
            8.782711958950356,
            44.79179770939292
          ],
          [
            8.782731850477651,
            44.79176346609858
          ]
        ]
      }
    },
    {
      "type": "Feature",
      "properties": {
        "materiale": "PVC",
        "dn": "DE160",
        "classe_pre": null,
        "lunghezza": 40.34,
        "prof": 80,
        "anno_posa": 1980,
        "comune": "Pozzolo Formigaro",
        "localita": "CAPOLUOGO",
        "via": "Piazza Italia",
        "comune_posa": "Pozzolo Formigaro",
        "tipologia": "DISTRIBUZIONE",
        "tip_rete": "DISTRIBUZIONE",
        "id": 4387,
        "etichetta": "PVC DE160",
        "n_distretto": "02",
        "note_etichetta": null,
        "id_distretto": "POZ-DPZ02",
        "distretto_modello": "POZ-DPZ02"
      },
      "geometry": {
        "type": "LineString",
        "coordinates": [
          [
            8.782897133902626,
            44.79256886542998
          ],
          [
            8.78270049063882,
            44.792405999527496
          ],
          [
            8.782570390241347,
            44.792290079695206
          ]
        ]
      }
    },
    {
      "type": "Feature",
      "properties": {
        "materiale": "PVC",
        "dn": "DE125",
        "classe_pre": null,
        "lunghezza": 55.83,
        "prof": 80,
        "anno_posa": 1980,
        "comune": "Pozzolo Formigaro",
        "localita": "CAPOLUOGO",
        "via": "Via Bottazzi",
        "comune_posa": "Pozzolo Formigaro",
        "tipologia": "DISTRIBUZIONE",
        "tip_rete": "DISTRIBUZIONE",
        "id": 4388,
        "etichetta": "PVC DE125",
        "n_distretto": "02",
        "note_etichetta": null,
        "id_distretto": "POZ-DPZ02",
        "distretto_modello": "POZ-DPZ02"
      },
      "geometry": {
        "type": "LineString",
        "coordinates": [
          [
            8.784121065631348,
            44.79199052612906
          ],
          [
            8.784236346825093,
            44.79209868641788
          ],
          [
            8.784270652453376,
            44.79212882667627
          ],
          [
            8.784373170737897,
            44.792212889636765
          ],
          [
            8.784511200329405,
            44.79231780213927
          ],
          [
            8.784589671731503,
            44.79236469182188
          ]
        ]
      }
    },
    {
      "type": "Feature",
      "properties": {
        "materiale": "PVC",
        "dn": "DE125",
        "classe_pre": null,
        "lunghezza": 33.95,
        "prof": 80,
        "anno_posa": 1980,
        "comune": "Pozzolo Formigaro",
        "localita": "CAPOLUOGO",
        "via": "Via Asilo Raggio",
        "comune_posa": "Pozzolo Formigaro",
        "tipologia": "DISTRIBUZIONE",
        "tip_rete": "DISTRIBUZIONE",
        "id": 4389,
        "etichetta": "PVC DE125",
        "n_distretto": "02",
        "note_etichetta": null,
        "id_distretto": "POZ-DPZ02",
        "distretto_modello": "POZ-DPZ02"
      },
      "geometry": {
        "type": "LineString",
        "coordinates": [
          [
            8.783990099362216,
            44.79292521152357
          ],
          [
            8.783910537698619,
            44.79297227371432
          ],
          [
            8.783831249665978,
            44.793019569527544
          ],
          [
            8.78375223661756,
            44.79306709815624
          ],
          [
            8.783670913435966,
            44.793115505284376
          ],
          [
            8.783660813705087,
            44.79312121509282
          ]
        ]
      }
    },
    {
      "type": "Feature",
      "properties": {
        "materiale": "PVC",
        "dn": "DE125",
        "classe_pre": null,
        "lunghezza": 2.06,
        "prof": 80,
        "anno_posa": 1980,
        "comune": "Pozzolo Formigaro",
        "localita": "CAPOLUOGO",
        "via": "Via Asilo Raggio",
        "comune_posa": "Pozzolo Formigaro",
        "tipologia": "DISTRIBUZIONE",
        "tip_rete": "DISTRIBUZIONE",
        "id": 4390,
        "etichetta": "PVC DE125",
        "n_distretto": "02",
        "note_etichetta": null,
        "id_distretto": "POZ-DPZ02",
        "distretto_modello": "POZ-DPZ02"
      },
      "geometry": {
        "type": "LineString",
        "coordinates": [
          [
            8.783660813705087,
            44.79312121509282
          ],
          [
            8.783641243735586,
            44.793133435408855
          ]
        ]
      }
    },
    {
      "type": "Feature",
      "properties": {
        "materiale": "PVC",
        "dn": "DE160",
        "classe_pre": null,
        "lunghezza": 61.67,
        "prof": 80,
        "anno_posa": 1980,
        "comune": "Pozzolo Formigaro",
        "localita": "CAPOLUOGO",
        "via": "Via Roma",
        "comune_posa": "Pozzolo Formigaro",
        "tipologia": "DISTRIBUZIONE",
        "tip_rete": "DISTRIBUZIONE",
        "id": 4392,
        "etichetta": "PVC DE160",
        "n_distretto": "02",
        "note_etichetta": null,
        "id_distretto": "POZ-DPZ02",
        "distretto_modello": "POZ-DPZ02"
      },
      "geometry": {
        "type": "LineString",
        "coordinates": [
          [
            8.78414117444087,
            44.79380373982787
          ],
          [
            8.784131975069377,
            44.79392660682968
          ],
          [
            8.784124339226821,
            44.794030397136204
          ],
          [
            8.784108874723465,
            44.79415686060317
          ],
          [
            8.784088959792756,
            44.79423793838863
          ],
          [
            8.78407103857955,
            44.794285111035634
          ],
          [
            8.784055965434034,
            44.79431965670443
          ],
          [
            8.784042768910526,
            44.794352210977074
          ]
        ]
      }
    },
    {
      "type": "Feature",
      "properties": {
        "materiale": "PVC",
        "dn": "DE160",
        "classe_pre": null,
        "lunghezza": 82.46,
        "prof": 80,
        "anno_posa": 1980,
        "comune": "Pozzolo Formigaro",
        "localita": "CAPOLUOGO",
        "via": "Piazza Italia",
        "comune_posa": "Pozzolo Formigaro",
        "tipologia": "DISTRIBUZIONE",
        "tip_rete": "DISTRIBUZIONE",
        "id": 4393,
        "etichetta": "PVC DE160",
        "n_distretto": "02",
        "note_etichetta": null,
        "id_distretto": "POZ-DPZ02",
        "distretto_modello": "POZ-DPZ02"
      },
      "geometry": {
        "type": "LineString",
        "coordinates": [
          [
            8.783641243735586,
            44.793133435408855
          ],
          [
            8.783793012881576,
            44.793276991639495
          ],
          [
            8.78414626691649,
            44.79361867686091
          ],
          [
            8.784151130355331,
            44.793669949587404
          ],
          [
            8.784144677302827,
            44.7937567693084
          ]
        ]
      }
    },
    {
      "type": "Feature",
      "properties": {
        "materiale": "PVC",
        "dn": "DE160",
        "classe_pre": null,
        "lunghezza": 3.37,
        "prof": 80,
        "anno_posa": 1980,
        "comune": "Pozzolo Formigaro",
        "localita": "CAPOLUOGO",
        "via": "Via Cottolengo",
        "comune_posa": "Pozzolo Formigaro",
        "tipologia": "DISTRIBUZIONE",
        "tip_rete": "DISTRIBUZIONE",
        "id": 4394,
        "etichetta": "PVC DE160",
        "n_distretto": "02",
        "note_etichetta": null,
        "id_distretto": "POZ-DPZ02",
        "distretto_modello": "POZ-DPZ02"
      },
      "geometry": {
        "type": "LineString",
        "coordinates": [
          [
            8.784180324881552,
            44.793740103283284
          ],
          [
            8.784144677302827,
            44.7937567693084
          ]
        ]
      }
    },
    {
      "type": "Feature",
      "properties": {
        "materiale": "PVC",
        "dn": "DE160",
        "classe_pre": null,
        "lunghezza": 1.81,
        "prof": 80,
        "anno_posa": 1980,
        "comune": "Pozzolo Formigaro",
        "localita": "CAPOLUOGO",
        "via": "Piazza Italia",
        "comune_posa": "Pozzolo Formigaro",
        "tipologia": "DISTRIBUZIONE",
        "tip_rete": "DISTRIBUZIONE",
        "id": 4395,
        "etichetta": "PVC DE160",
        "n_distretto": "02",
        "note_etichetta": null,
        "id_distretto": "POZ-DPZ02",
        "distretto_modello": "POZ-DPZ02"
      },
      "geometry": {
        "type": "LineString",
        "coordinates": [
          [
            8.782978792675452,
            44.79256041823915
          ],
          [
            8.78299308291057,
            44.79257313902338
          ]
        ]
      }
    },
    {
      "type": "Feature",
      "properties": {
        "materiale": "PE",
        "dn": "DE200",
        "classe_pre": null,
        "lunghezza": 10.24,
        "prof": 80,
        "anno_posa": 1980,
        "comune": "Pozzolo Formigaro",
        "localita": "CAPOLUOGO",
        "via": "Piazza Italia",
        "comune_posa": "Pozzolo Formigaro",
        "tipologia": "DISTRIBUZIONE",
        "tip_rete": "DISTRIBUZIONE",
        "id": 4396,
        "etichetta": "PE DE200",
        "n_distretto": "02",
        "note_etichetta": null,
        "id_distretto": "POZ-DPZ02",
        "distretto_modello": "POZ-DPZ02"
      },
      "geometry": {
        "type": "LineString",
        "coordinates": [
          [
            8.782799720463638,
            44.79269640160866
          ],
          [
            8.782904331455748,
            44.792642167784855
          ]
        ]
      }
    },
    {
      "type": "Feature",
      "properties": {
        "materiale": "PVC",
        "dn": "DE160",
        "classe_pre": null,
        "lunghezza": 1.54,
        "prof": 80,
        "anno_posa": 1980,
        "comune": "Pozzolo Formigaro",
        "localita": "CAPOLUOGO",
        "via": "Piazza Italia",
        "comune_posa": "Pozzolo Formigaro",
        "tipologia": "DISTRIBUZIONE",
        "tip_rete": "DISTRIBUZIONE",
        "id": 4397,
        "etichetta": "PVC DE160",
        "n_distretto": "02",
        "note_etichetta": null,
        "id_distretto": "POZ-DPZ02",
        "distretto_modello": "POZ-DPZ02"
      },
      "geometry": {
        "type": "LineString",
        "coordinates": [
          [
            8.782942452990529,
            44.79260268929984
          ],
          [
            8.782951108881806,
            44.79261509920195
          ]
        ]
      }
    },
    {
      "type": "Feature",
      "properties": {
        "materiale": "PE",
        "dn": "DE200",
        "classe_pre": null,
        "lunghezza": 4.77,
        "prof": 80,
        "anno_posa": 1980,
        "comune": "Pozzolo Formigaro",
        "localita": "CAPOLUOGO",
        "via": "Piazza Italia",
        "comune_posa": "Pozzolo Formigaro",
        "tipologia": "DISTRIBUZIONE",
        "tip_rete": "DISTRIBUZIONE",
        "id": 4398,
        "etichetta": "PE DE200",
        "n_distretto": "02",
        "note_etichetta": null,
        "id_distretto": "POZ-DPZ02",
        "distretto_modello": "POZ-DPZ02"
      },
      "geometry": {
        "type": "LineString",
        "coordinates": [
          [
            8.782904331455748,
            44.792642167784855
          ],
          [
            8.782951108881806,
            44.79261509920195
          ]
        ]
      }
    },
    {
      "type": "Feature",
      "properties": {
        "materiale": "PE",
        "dn": "DE200",
        "classe_pre": null,
        "lunghezza": 30.44,
        "prof": 80,
        "anno_posa": 1980,
        "comune": "Pozzolo Formigaro",
        "localita": "CAPOLUOGO",
        "via": "Piazza Italia",
        "comune_posa": "Pozzolo Formigaro",
        "tipologia": "DISTRIBUZIONE",
        "tip_rete": "DISTRIBUZIONE",
        "id": 4399,
        "etichetta": "PE DE200",
        "n_distretto": "02",
        "note_etichetta": null,
        "id_distretto": "POZ-DPZ02",
        "distretto_modello": "POZ-DPZ02"
      },
      "geometry": {
        "type": "LineString",
        "coordinates": [
          [
            8.78247275774467,
            44.79282813065866
          ],
          [
            8.782534972293567,
            44.7928276071065
          ],
          [
            8.782799720463638,
            44.79269640160866
          ]
        ]
      }
    },
    {
      "type": "Feature",
      "properties": {
        "materiale": "PVC",
        "dn": "DE90",
        "classe_pre": null,
        "lunghezza": 110.52,
        "prof": 80,
        "anno_posa": 1980,
        "comune": "Pozzolo Formigaro",
        "localita": "CAPOLUOGO",
        "via": "Piazza Italia",
        "comune_posa": "Pozzolo Formigaro",
        "tipologia": "DISTRIBUZIONE",
        "tip_rete": "DISTRIBUZIONE",
        "id": 4400,
        "etichetta": "PVC DE90",
        "n_distretto": "02",
        "note_etichetta": null,
        "id_distretto": "POZ-DPZ02",
        "distretto_modello": "POZ-DPZ02"
      },
      "geometry": {
        "type": "LineString",
        "coordinates": [
          [
            8.78281611693378,
            44.79270744919164
          ],
          [
            8.782875397181709,
            44.7927571357123
          ],
          [
            8.783175545133425,
            44.79296705773111
          ],
          [
            8.783478153998946,
            44.79324261443963
          ],
          [
            8.783709718237327,
            44.79346931714763
          ]
        ]
      }
    },
    {
      "type": "Feature",
      "properties": {
        "materiale": "AC",
        "dn": "DN50",
        "classe_pre": null,
        "lunghezza": 4.75,
        "prof": 80,
        "anno_posa": 1980,
        "comune": "Pozzolo Formigaro",
        "localita": "CAPOLUOGO",
        "via": "Viale Armano Oreste",
        "comune_posa": "Pozzolo Formigaro",
        "tipologia": "DISTRIBUZIONE",
        "tip_rete": "DISTRIBUZIONE",
        "id": 4401,
        "etichetta": "AC DN50",
        "n_distretto": "02",
        "note_etichetta": null,
        "id_distretto": "POZ-DPZ02",
        "distretto_modello": "POZ-DPZ02"
      },
      "geometry": {
        "type": "LineString",
        "coordinates": [
          [
            8.78252401044323,
            44.792317253053454
          ],
          [
            8.782570390241347,
            44.792290079695206
          ]
        ]
      }
    },
    {
      "type": "Feature",
      "properties": {
        "materiale": "AC",
        "dn": "DN50",
        "classe_pre": null,
        "lunghezza": 82.61,
        "prof": 80,
        "anno_posa": 1980,
        "comune": "Pozzolo Formigaro",
        "localita": "CAPOLUOGO",
        "via": "Viale Armano Oreste",
        "comune_posa": "Pozzolo Formigaro",
        "tipologia": "DISTRIBUZIONE",
        "tip_rete": "DISTRIBUZIONE",
        "id": 4402,
        "etichetta": "AC DN50",
        "n_distretto": "02",
        "note_etichetta": null,
        "id_distretto": "POZ-DPZ02",
        "distretto_modello": "POZ-DPZ02"
      },
      "geometry": {
        "type": "LineString",
        "coordinates": [
          [
            8.781559532765266,
            44.79258562662603
          ],
          [
            8.781714738427342,
            44.79255985709849
          ],
          [
            8.781767035861096,
            44.7925510331259
          ],
          [
            8.781825620609883,
            44.7925420292271
          ],
          [
            8.781945979542538,
            44.79251791984263
          ],
          [
            8.782058480009916,
            44.79249180513979
          ],
          [
            8.782172437751582,
            44.792463728451885
          ],
          [
            8.78252401044323,
            44.792317253053454
          ]
        ]
      }
    },
    {
      "type": "Feature",
      "properties": {
        "materiale": "AC",
        "dn": "DN50",
        "classe_pre": null,
        "lunghezza": 44.82,
        "prof": 80,
        "anno_posa": 1980,
        "comune": "Pozzolo Formigaro",
        "localita": "CAPOLUOGO",
        "via": "Viale Armano Oreste",
        "comune_posa": "Pozzolo Formigaro",
        "tipologia": "DISTRIBUZIONE",
        "tip_rete": "DISTRIBUZIONE",
        "id": 4403,
        "etichetta": "AC DN50",
        "n_distretto": "02",
        "note_etichetta": null,
        "id_distretto": "POZ-DPZ02",
        "distretto_modello": "POZ-DPZ02"
      },
      "geometry": {
        "type": "LineString",
        "coordinates": [
          [
            8.781030063877827,
            44.7926553655085
          ],
          [
            8.781033829169667,
            44.79267401297981
          ],
          [
            8.781409653665005,
            44.79261145267562
          ],
          [
            8.781559532765266,
            44.79258562662603
          ]
        ]
      }
    },
    {
      "type": "Feature",
      "properties": {
        "materiale": "AC",
        "dn": "DN40",
        "classe_pre": null,
        "lunghezza": 53.3,
        "prof": 80,
        "anno_posa": 1980,
        "comune": "Pozzolo Formigaro",
        "localita": "CAPOLUOGO",
        "via": "Vicolo Ricci",
        "comune_posa": "Pozzolo Formigaro",
        "tipologia": "DISTRIBUZIONE",
        "tip_rete": "DISTRIBUZIONE",
        "id": 4404,
        "etichetta": "AC DN40",
        "n_distretto": "02",
        "note_etichetta": null,
        "id_distretto": "POZ-DPZ02",
        "distretto_modello": "POZ-DPZ02"
      },
      "geometry": {
        "type": "LineString",
        "coordinates": [
          [
            8.781552786192881,
            44.79256504659426
          ],
          [
            8.781552331399025,
            44.792563659271046
          ],
          [
            8.781507783067399,
            44.792409176440444
          ],
          [
            8.781476454871393,
            44.792300918009865
          ],
          [
            8.78145828441415,
            44.79223864732501
          ],
          [
            8.781442046056934,
            44.79218299788751
          ],
          [
            8.781416407267292,
            44.792095132606015
          ]
        ]
      }
    },
    {
      "type": "Feature",
      "properties": {
        "materiale": "PE",
        "dn": "DE200",
        "classe_pre": null,
        "lunghezza": 45.72,
        "prof": 80,
        "anno_posa": 1980,
        "comune": "Pozzolo Formigaro",
        "localita": "CAPOLUOGO",
        "via": "Via Giuseppe Garibaldi",
        "comune_posa": "Pozzolo Formigaro",
        "tipologia": "DISTRIBUZIONE",
        "tip_rete": "DISTRIBUZIONE",
        "id": 4405,
        "etichetta": "PE DE200",
        "n_distretto": "02",
        "note_etichetta": null,
        "id_distretto": "POZ-DPZ02",
        "distretto_modello": "POZ-DPZ02"
      },
      "geometry": {
        "type": "LineString",
        "coordinates": [
          [
            8.780957464178377,
            44.79269701425532
          ],
          [
            8.780989849774802,
            44.792698797677446
          ],
          [
            8.78101971978014,
            44.792871212264245
          ],
          [
            8.781041280042881,
            44.792999034596875
          ],
          [
            8.78104962944732,
            44.79305924014961
          ],
          [
            8.7810522366039,
            44.79308466973238
          ]
        ]
      }
    },
    {
      "type": "Feature",
      "properties": {
        "materiale": "PVC",
        "dn": "DE110",
        "classe_pre": null,
        "lunghezza": 4.77,
        "prof": 80,
        "anno_posa": 1980,
        "comune": "Pozzolo Formigaro",
        "localita": "CAPOLUOGO",
        "via": "Via Giovanni XXIII",
        "comune_posa": "Pozzolo Formigaro",
        "tipologia": "DISTRIBUZIONE",
        "tip_rete": "DISTRIBUZIONE",
        "id": 4406,
        "etichetta": "PVC DE110",
        "n_distretto": "02",
        "note_etichetta": null,
        "id_distretto": "POZ-DPZ02",
        "distretto_modello": "POZ-DPZ02"
      },
      "geometry": {
        "type": "LineString",
        "coordinates": [
          [
            8.780986978650485,
            44.792656081410016
          ],
          [
            8.781022074407197,
            44.79262117497366
          ]
        ]
      }
    },
    {
      "type": "Feature",
      "properties": {
        "materiale": "PE",
        "dn": "DE200",
        "classe_pre": null,
        "lunghezza": 116.04,
        "prof": 80,
        "anno_posa": 1980,
        "comune": "Pozzolo Formigaro",
        "localita": "CAPOLUOGO",
        "via": "Via Trinita'",
        "comune_posa": "Pozzolo Formigaro",
        "tipologia": "DISTRIBUZIONE",
        "tip_rete": "DISTRIBUZIONE",
        "id": 4407,
        "etichetta": "PE DE200",
        "n_distretto": "02",
        "note_etichetta": null,
        "id_distretto": "POZ-DPZ02",
        "distretto_modello": "POZ-DPZ02"
      },
      "geometry": {
        "type": "LineString",
        "coordinates": [
          [
            8.7810522366039,
            44.79308466973238
          ],
          [
            8.78122178937433,
            44.79305300224907
          ],
          [
            8.78132536481453,
            44.79303365725423
          ],
          [
            8.78137232127704,
            44.79302488706534
          ],
          [
            8.781459962392054,
            44.79300851803215
          ],
          [
            8.781641751875421,
            44.79296960350474
          ],
          [
            8.781691581378983,
            44.79296109220314
          ],
          [
            8.781754894121748,
            44.79294568280591
          ],
          [
            8.782059283568296,
            44.792897771519385
          ],
          [
            8.782179924443279,
            44.792875428605
          ],
          [
            8.782300518979211,
            44.79285295933315
          ],
          [
            8.782421066914877,
            44.79283036375243
          ],
          [
            8.78247275774467,
            44.79282813065866
          ]
        ]
      }
    },
    {
      "type": "Feature",
      "properties": {
        "materiale": "PVC",
        "dn": "DE160",
        "classe_pre": null,
        "lunghezza": 5.1,
        "prof": 80,
        "anno_posa": 1980,
        "comune": "Pozzolo Formigaro",
        "localita": "CAPOLUOGO",
        "via": "Via Giuseppe Garibaldi",
        "comune_posa": "Pozzolo Formigaro",
        "tipologia": "DISTRIBUZIONE",
        "tip_rete": "DISTRIBUZIONE",
        "id": 4408,
        "etichetta": "PVC DE160",
        "n_distretto": "02",
        "note_etichetta": null,
        "id_distretto": "POZ-DPZ02",
        "distretto_modello": "POZ-DPZ02"
      },
      "geometry": {
        "type": "LineString",
        "coordinates": [
          [
            8.781017060179426,
            44.793110243563184
          ],
          [
            8.781015196610213,
            44.7930916498146
          ],
          [
            8.7810522366039,
            44.79308466973238
          ]
        ]
      }
    },
    {
      "type": "Feature",
      "properties": {
        "materiale": "PVC",
        "dn": "DE160",
        "classe_pre": null,
        "lunghezza": 143.86,
        "prof": 80,
        "anno_posa": 1980,
        "comune": "Pozzolo Formigaro",
        "localita": "CAPOLUOGO",
        "via": "Via Giuseppe Garibaldi",
        "comune_posa": "Pozzolo Formigaro",
        "tipologia": "DISTRIBUZIONE",
        "tip_rete": "DISTRIBUZIONE",
        "id": 4409,
        "etichetta": "PVC DE160",
        "n_distretto": "02",
        "note_etichetta": null,
        "id_distretto": "POZ-DPZ02",
        "distretto_modello": "POZ-DPZ02"
      },
      "geometry": {
        "type": "LineString",
        "coordinates": [
          [
            8.781940671883625,
            44.79447425736083
          ],
          [
            8.781784836355015,
            44.7943868613171
          ],
          [
            8.781716856671371,
            44.79433612483029
          ],
          [
            8.781618229758813,
            44.794312921122156
          ],
          [
            8.781426532010652,
            44.79427050396247
          ],
          [
            8.781319870717546,
            44.794220725988424
          ],
          [
            8.78127360907125,
            44.79418035869277
          ],
          [
            8.781271749287741,
            44.79416073217177
          ],
          [
            8.781241731165501,
            44.794043969708184
          ],
          [
            8.781193640327874,
            44.79384799224512
          ],
          [
            8.781130711813798,
            44.79361239613611
          ],
          [
            8.78106838890881,
            44.79347250611476
          ]
        ]
      }
    },
    {
      "type": "Feature",
      "properties": {
        "materiale": "PVC",
        "dn": "DE160",
        "classe_pre": null,
        "lunghezza": 40.45,
        "prof": 80,
        "anno_posa": 1980,
        "comune": "Pozzolo Formigaro",
        "localita": "CAPOLUOGO",
        "via": "Via Giuseppe Garibaldi",
        "comune_posa": "Pozzolo Formigaro",
        "tipologia": "DISTRIBUZIONE",
        "tip_rete": "DISTRIBUZIONE",
        "id": 4410,
        "etichetta": "PVC DE160",
        "n_distretto": "02",
        "note_etichetta": null,
        "id_distretto": "POZ-DPZ02",
        "distretto_modello": "POZ-DPZ02"
      },
      "geometry": {
        "type": "LineString",
        "coordinates": [
          [
            8.78106838890881,
            44.79347250611476
          ],
          [
            8.78103354415328,
            44.79322594736941
          ],
          [
            8.781017060179426,
            44.793110243563184
          ]
        ]
      }
    },
    {
      "type": "Feature",
      "properties": {
        "materiale": "PE",
        "dn": "DE50",
        "classe_pre": null,
        "lunghezza": 123.76,
        "prof": 80,
        "anno_posa": 2016,
        "comune": "Pozzolo Formigaro",
        "localita": "CAPOLUOGO",
        "via": "Via Giovan Battista Oddini",
        "comune_posa": "Pozzolo Formigaro",
        "tipologia": "DISTRIBUZIONE",
        "tip_rete": "DISTRIBUZIONE",
        "id": 4411,
        "etichetta": "PE DE50",
        "n_distretto": "02",
        "note_etichetta": null,
        "id_distretto": "POZ-DPZ02",
        "distretto_modello": "POZ-DPZ02"
      },
      "geometry": {
        "type": "LineString",
        "coordinates": [
          [
            8.782638299555503,
            44.79329634020928
          ],
          [
            8.782271219877314,
            44.79335896218515
          ],
          [
            8.782214465126643,
            44.793368120783136
          ],
          [
            8.781956746865117,
            44.793411072369345
          ],
          [
            8.781899835692524,
            44.793420418786546
          ],
          [
            8.781646797664477,
            44.79344993252423
          ],
          [
            8.781587540690431,
            44.79345488001419
          ],
          [
            8.781486378827095,
            44.79345986224167
          ],
          [
            8.781220991316818,
            44.79346617590475
          ],
          [
            8.781098366698387,
            44.79347187505276
          ]
        ]
      }
    },
    {
      "type": "Feature",
      "properties": {
        "materiale": "PE",
        "dn": "DE50",
        "classe_pre": null,
        "lunghezza": 2.37,
        "prof": 80,
        "anno_posa": 2016,
        "comune": "Pozzolo Formigaro",
        "localita": "CAPOLUOGO",
        "via": "Via Giovan Battista Oddini",
        "comune_posa": "Pozzolo Formigaro",
        "tipologia": "DISTRIBUZIONE",
        "tip_rete": "DISTRIBUZIONE",
        "id": 4412,
        "etichetta": "PE DE50",
        "n_distretto": "02",
        "note_etichetta": null,
        "id_distretto": "POZ-DPZ02",
        "distretto_modello": "POZ-DPZ02"
      },
      "geometry": {
        "type": "LineString",
        "coordinates": [
          [
            8.781098366698387,
            44.79347187505276
          ],
          [
            8.78106838890881,
            44.79347250611476
          ]
        ]
      }
    },
    {
      "type": "Feature",
      "properties": {
        "materiale": "PVC",
        "dn": "DE160",
        "classe_pre": null,
        "lunghezza": 110.81,
        "prof": 80,
        "anno_posa": 1980,
        "comune": "Pozzolo Formigaro",
        "localita": "CAPOLUOGO",
        "via": "Via Giuseppe Garibaldi",
        "comune_posa": "Pozzolo Formigaro",
        "tipologia": "DISTRIBUZIONE",
        "tip_rete": "DISTRIBUZIONE",
        "id": 4413,
        "etichetta": "PVC DE160",
        "n_distretto": "02",
        "note_etichetta": null,
        "id_distretto": "POZ-DPZ02",
        "distretto_modello": "POZ-DPZ02"
      },
      "geometry": {
        "type": "LineString",
        "coordinates": [
          [
            8.782477303386681,
            44.795393591669196
          ],
          [
            8.782437120024287,
            44.79531620404249
          ],
          [
            8.782344925383128,
            44.79513592840241
          ],
          [
            8.782283500785509,
            44.795016697160506
          ],
          [
            8.782200780576897,
            44.794872949759316
          ],
          [
            8.782181055405855,
            44.7948370147203
          ],
          [
            8.782117705457614,
            44.794722130913414
          ],
          [
            8.782034964581657,
            44.79458409429877
          ],
          [
            8.781940671883625,
            44.79447425736083
          ]
        ]
      }
    },
    {
      "type": "Feature",
      "properties": {
        "materiale": "PVC",
        "dn": "DE160",
        "classe_pre": null,
        "lunghezza": 50.13,
        "prof": 80,
        "anno_posa": 1980,
        "comune": "Pozzolo Formigaro",
        "localita": "CAPOLUOGO",
        "via": "Via Roma",
        "comune_posa": "Pozzolo Formigaro",
        "tipologia": "DISTRIBUZIONE",
        "tip_rete": "DISTRIBUZIONE",
        "id": 4414,
        "etichetta": "PVC DE160",
        "n_distretto": "02",
        "note_etichetta": null,
        "id_distretto": "POZ-DPZ02",
        "distretto_modello": "POZ-DPZ02"
      },
      "geometry": {
        "type": "LineString",
        "coordinates": [
          [
            8.783500787066073,
            44.794594207483115
          ],
          [
            8.783555398064726,
            44.79455245875048
          ],
          [
            8.783588244033863,
            44.79452418010228
          ],
          [
            8.783739163949805,
            44.79444241194414
          ],
          [
            8.78384301750513,
            44.794389381203864
          ],
          [
            8.783988997196822,
            44.794346549747026
          ],
          [
            8.784015699691158,
            44.79434777253144
          ]
        ]
      }
    },
    {
      "type": "Feature",
      "properties": {
        "materiale": "PVC",
        "dn": "DE160",
        "classe_pre": null,
        "lunghezza": 121.48,
        "prof": 80,
        "anno_posa": 1980,
        "comune": "Pozzolo Formigaro",
        "localita": "CAPOLUOGO",
        "via": "Via Vittorio Veneto",
        "comune_posa": "Pozzolo Formigaro",
        "tipologia": "DISTRIBUZIONE",
        "tip_rete": "DISTRIBUZIONE",
        "id": 4415,
        "etichetta": "PVC DE160",
        "n_distretto": "02",
        "note_etichetta": null,
        "id_distretto": "POZ-DPZ02",
        "distretto_modello": "POZ-DPZ02"
      },
      "geometry": {
        "type": "LineString",
        "coordinates": [
          [
            8.78248926117337,
            44.795416620678324
          ],
          [
            8.782559416198056,
            44.79535519745791
          ],
          [
            8.782756173911512,
            44.79519550731702
          ],
          [
            8.78288790737153,
            44.79508741862989
          ],
          [
            8.783018265681134,
            44.794973809497655
          ],
          [
            8.783148789478304,
            44.79486984064251
          ],
          [
            8.783280102593725,
            44.7947638314875
          ],
          [
            8.783323189065513,
            44.79472565560835
          ],
          [
            8.783434733083096,
            44.79464470397291
          ],
          [
            8.783500787066073,
            44.794594207483115
          ]
        ]
      }
    },
    {
      "type": "Feature",
      "properties": {
        "materiale": "PVC",
        "dn": "DE160",
        "classe_pre": null,
        "lunghezza": 54.09,
        "prof": 80,
        "anno_posa": 1980,
        "comune": "Pozzolo Formigaro",
        "localita": "CAPOLUOGO",
        "via": "Via Vittorio Veneto",
        "comune_posa": "Pozzolo Formigaro",
        "tipologia": "DISTRIBUZIONE",
        "tip_rete": "DISTRIBUZIONE",
        "id": 4416,
        "etichetta": "PVC DE160",
        "n_distretto": "02",
        "note_etichetta": null,
        "id_distretto": "POZ-DPZ02",
        "distretto_modello": "POZ-DPZ02"
      },
      "geometry": {
        "type": "LineString",
        "coordinates": [
          [
            8.781660290019401,
            44.79613100073273
          ],
          [
            8.781220832726717,
            44.796504028602456
          ]
        ]
      }
    },
    {
      "type": "Feature",
      "properties": {
        "materiale": "PVC",
        "dn": "DE160",
        "classe_pre": null,
        "lunghezza": 100.58,
        "prof": 80,
        "anno_posa": 1980,
        "comune": "Pozzolo Formigaro",
        "localita": "CAPOLUOGO",
        "via": "Via Vittorio Veneto",
        "comune_posa": "Pozzolo Formigaro",
        "tipologia": "DISTRIBUZIONE",
        "tip_rete": "DISTRIBUZIONE",
        "id": 4417,
        "etichetta": "PVC DE160",
        "n_distretto": "02",
        "note_etichetta": null,
        "id_distretto": "POZ-DPZ02",
        "distretto_modello": "POZ-DPZ02"
      },
      "geometry": {
        "type": "LineString",
        "coordinates": [
          [
            8.782462056057074,
            44.79543967374357
          ],
          [
            8.78246070556695,
            44.7954408561428
          ],
          [
            8.782328762201939,
            44.79554191164956
          ],
          [
            8.782143397452275,
            44.79568193610366
          ],
          [
            8.782047831353978,
            44.79575342480978
          ],
          [
            8.781960916471782,
            44.79590298488813
          ],
          [
            8.781800938890521,
            44.796015597397165
          ],
          [
            8.781732067598059,
            44.796072613339454
          ],
          [
            8.781660290019401,
            44.79613100073273
          ]
        ]
      }
    },
    {
      "type": "Feature",
      "properties": {
        "materiale": "PVC",
        "dn": "DE160",
        "classe_pre": null,
        "lunghezza": 58.03,
        "prof": 80,
        "anno_posa": 1980,
        "comune": "Pozzolo Formigaro",
        "localita": "CAPOLUOGO",
        "via": "Via Vittorio Veneto",
        "comune_posa": "Pozzolo Formigaro",
        "tipologia": "DISTRIBUZIONE",
        "tip_rete": "DISTRIBUZIONE",
        "id": 4418,
        "etichetta": "PVC DE160",
        "n_distretto": "02",
        "note_etichetta": null,
        "id_distretto": "POZ-DPZ02",
        "distretto_modello": "POZ-DPZ02"
      },
      "geometry": {
        "type": "LineString",
        "coordinates": [
          [
            8.781220832726717,
            44.796504028602456
          ],
          [
            8.781038428915885,
            44.79666479378923
          ],
          [
            8.78075803927163,
            44.79690937061442
          ]
        ]
      }
    },
    {
      "type": "Feature",
      "properties": {
        "materiale": "PVC",
        "dn": "DE125",
        "classe_pre": null,
        "lunghezza": 88.54,
        "prof": 80,
        "anno_posa": 1980,
        "comune": "Pozzolo Formigaro",
        "localita": "CAPOLUOGO",
        "via": "Via della Liberta'",
        "comune_posa": "Pozzolo Formigaro",
        "tipologia": "DISTRIBUZIONE",
        "tip_rete": "DISTRIBUZIONE",
        "id": 4419,
        "etichetta": "PVC DE125",
        "n_distretto": "02",
        "note_etichetta": null,
        "id_distretto": "POZ-DPZ02",
        "distretto_modello": "POZ-DPZ02"
      },
      "geometry": {
        "type": "LineString",
        "coordinates": [
          [
            8.78350378060525,
            44.794625470272074
          ],
          [
            8.783518312528384,
            44.7947772327845
          ],
          [
            8.783522425091501,
            44.794871815520615
          ],
          [
            8.783501400329236,
            44.795054317180245
          ],
          [
            8.783490796384408,
            44.79516629286068
          ],
          [
            8.783449029919987,
            44.79541951193633
          ]
        ]
      }
    },
    {
      "type": "Feature",
      "properties": {
        "materiale": "PVC",
        "dn": "DE125",
        "classe_pre": null,
        "lunghezza": 45.08,
        "prof": 80,
        "anno_posa": 1980,
        "comune": "Pozzolo Formigaro",
        "localita": "CAPOLUOGO",
        "via": "Via della Liberta'",
        "comune_posa": "Pozzolo Formigaro",
        "tipologia": "DISTRIBUZIONE",
        "tip_rete": "DISTRIBUZIONE",
        "id": 4420,
        "etichetta": "PVC DE125",
        "n_distretto": "02",
        "note_etichetta": null,
        "id_distretto": "POZ-DPZ02",
        "distretto_modello": "POZ-DPZ02"
      },
      "geometry": {
        "type": "LineString",
        "coordinates": [
          [
            8.783449029919987,
            44.79541951193633
          ],
          [
            8.783445795555146,
            44.795433725789216
          ],
          [
            8.783431797914197,
            44.795537769406465
          ],
          [
            8.7834181892435,
            44.79558505965728
          ],
          [
            8.783405947341176,
            44.79564493655586
          ],
          [
            8.78339022912411,
            44.79568920262781
          ],
          [
            8.783352982708651,
            44.79581899945101
          ]
        ]
      }
    },
    {
      "type": "Feature",
      "properties": {
        "materiale": "PVC",
        "dn": "DE160",
        "classe_pre": null,
        "lunghezza": 3.7,
        "prof": 80,
        "anno_posa": 1980,
        "comune": "Pozzolo Formigaro",
        "localita": "CAPOLUOGO",
        "via": "Via Giuseppe Garibaldi",
        "comune_posa": "Pozzolo Formigaro",
        "tipologia": "DISTRIBUZIONE",
        "tip_rete": "DISTRIBUZIONE",
        "id": 4421,
        "etichetta": "PVC DE160",
        "n_distretto": "02",
        "note_etichetta": null,
        "id_distretto": "POZ-DPZ02",
        "distretto_modello": "POZ-DPZ02"
      },
      "geometry": {
        "type": "LineString",
        "coordinates": [
          [
            8.782506074574407,
            44.79544771160513
          ],
          [
            8.78248926117337,
            44.795416620678324
          ]
        ]
      }
    },
    {
      "type": "Feature",
      "properties": {
        "materiale": "PVC",
        "dn": "DE160",
        "classe_pre": null,
        "lunghezza": 181.46,
        "prof": 80,
        "anno_posa": 1980,
        "comune": "Pozzolo Formigaro",
        "localita": "CAPOLUOGO",
        "via": "Via Giuseppe Garibaldi",
        "comune_posa": "Pozzolo Formigaro",
        "tipologia": "DISTRIBUZIONE",
        "tip_rete": "DISTRIBUZIONE",
        "id": 4422,
        "etichetta": "PVC DE160",
        "n_distretto": "02",
        "note_etichetta": null,
        "id_distretto": "POZ-DPZ02",
        "distretto_modello": "POZ-DPZ02"
      },
      "geometry": {
        "type": "LineString",
        "coordinates": [
          [
            8.783325199627841,
            44.79697328558025
          ],
          [
            8.783281957624297,
            44.79689325021677
          ],
          [
            8.783222800518871,
            44.796779462820695
          ],
          [
            8.78318338430254,
            44.7966978029785
          ],
          [
            8.783146221124154,
            44.796626481502166
          ],
          [
            8.783033992719467,
            44.79640598878976
          ],
          [
            8.782992267055302,
            44.79632921959027
          ],
          [
            8.782959638650928,
            44.79627096026932
          ],
          [
            8.782785137519562,
            44.7959535347024
          ],
          [
            8.782737373000286,
            44.79585771741068
          ],
          [
            8.782676675995036,
            44.79574773408318
          ],
          [
            8.782574244448204,
            44.79556370084307
          ],
          [
            8.782550354332704,
            44.79551796773853
          ],
          [
            8.782506074574407,
            44.79544771160513
          ]
        ]
      }
    },
    {
      "type": "Feature",
      "properties": {
        "materiale": "PVC",
        "dn": "DE125",
        "classe_pre": null,
        "lunghezza": 23.86,
        "prof": 80,
        "anno_posa": 1980,
        "comune": "Pozzolo Formigaro",
        "localita": "CAPOLUOGO",
        "via": "Via della Liberta'",
        "comune_posa": "Pozzolo Formigaro",
        "tipologia": "DISTRIBUZIONE",
        "tip_rete": "DISTRIBUZIONE",
        "id": 4423,
        "etichetta": "PVC DE125",
        "n_distretto": "02",
        "note_etichetta": null,
        "id_distretto": "POZ-DPZ02",
        "distretto_modello": "POZ-DPZ02"
      },
      "geometry": {
        "type": "LineString",
        "coordinates": [
          [
            8.783352982708651,
            44.79581899945101
          ],
          [
            8.783334267143,
            44.79590856243372
          ],
          [
            8.783312597560858,
            44.79603184507961
          ]
        ]
      }
    },
    {
      "type": "Feature",
      "properties": {
        "materiale": "PVC",
        "dn": "DE90",
        "classe_pre": null,
        "lunghezza": 107.78,
        "prof": 80,
        "anno_posa": 1980,
        "comune": "Pozzolo Formigaro",
        "localita": "CAPOLUOGO",
        "via": "Via Principe Amedeo",
        "comune_posa": "Pozzolo Formigaro",
        "tipologia": "DISTRIBUZIONE",
        "tip_rete": "DISTRIBUZIONE",
        "id": 4424,
        "etichetta": "PVC DE90",
        "n_distretto": "02",
        "note_etichetta": null,
        "id_distretto": "POZ-DPZ02",
        "distretto_modello": "POZ-DPZ02"
      },
      "geometry": {
        "type": "LineString",
        "coordinates": [
          [
            8.781368385776869,
            44.791679472989934
          ],
          [
            8.782707083476819,
            44.79173893809528
          ],
          [
            8.782719466974614,
            44.791751202097615
          ]
        ]
      }
    },
    {
      "type": "Feature",
      "properties": {
        "materiale": "PVC",
        "dn": "DE90",
        "classe_pre": null,
        "lunghezza": 1.68,
        "prof": 80,
        "anno_posa": 1980,
        "comune": "Pozzolo Formigaro",
        "localita": "CAPOLUOGO",
        "via": "Via Principe Amedeo",
        "comune_posa": "Pozzolo Formigaro",
        "tipologia": "DISTRIBUZIONE",
        "tip_rete": "DISTRIBUZIONE",
        "id": 4425,
        "etichetta": "PVC DE90",
        "n_distretto": "02",
        "note_etichetta": null,
        "id_distretto": "POZ-DPZ02",
        "distretto_modello": "POZ-DPZ02"
      },
      "geometry": {
        "type": "LineString",
        "coordinates": [
          [
            8.782719466974614,
            44.791751202097615
          ],
          [
            8.782731850477651,
            44.79176346609858
          ]
        ]
      }
    },
    {
      "type": "Feature",
      "properties": {
        "materiale": "PVC",
        "dn": "DE90",
        "classe_pre": null,
        "lunghezza": 64.01,
        "prof": 80,
        "anno_posa": 1980,
        "comune": "Pozzolo Formigaro",
        "localita": "CAPOLUOGO",
        "via": "Via Cavour",
        "comune_posa": "Pozzolo Formigaro",
        "tipologia": "DISTRIBUZIONE",
        "tip_rete": "DISTRIBUZIONE",
        "id": 4426,
        "etichetta": "PVC DE90",
        "n_distretto": "02",
        "note_etichetta": null,
        "id_distretto": "POZ-DPZ02",
        "distretto_modello": "POZ-DPZ02"
      },
      "geometry": {
        "type": "LineString",
        "coordinates": [
          [
            8.782790625461406,
            44.7917068973641
          ],
          [
            8.782768483628772,
            44.791514011416055
          ],
          [
            8.782747183857168,
            44.791301196117146
          ],
          [
            8.782745531145519,
            44.79121523084975
          ],
          [
            8.782737345647675,
            44.79113209859507
          ]
        ]
      }
    },
    {
      "type": "Feature",
      "properties": {
        "materiale": "PVC",
        "dn": "DE90",
        "classe_pre": null,
        "lunghezza": 42.98,
        "prof": 80,
        "anno_posa": 1980,
        "comune": "Pozzolo Formigaro",
        "localita": "CAPOLUOGO",
        "via": "Via Cavour",
        "comune_posa": "Pozzolo Formigaro",
        "tipologia": "DISTRIBUZIONE",
        "tip_rete": "DISTRIBUZIONE",
        "id": 4427,
        "etichetta": "PVC DE90",
        "n_distretto": "02",
        "note_etichetta": null,
        "id_distretto": "POZ-DPZ02",
        "distretto_modello": "POZ-DPZ02"
      },
      "geometry": {
        "type": "LineString",
        "coordinates": [
          [
            8.782737345647675,
            44.79113209859507
          ],
          [
            8.782776396004365,
            44.79097991642179
          ],
          [
            8.782796762953225,
            44.79074816195307
          ]
        ]
      }
    },
    {
      "type": "Feature",
      "properties": {
        "materiale": "PVC",
        "dn": "DE90",
        "classe_pre": null,
        "lunghezza": 74.13,
        "prof": 80,
        "anno_posa": 1980,
        "comune": "Pozzolo Formigaro",
        "localita": "CAPOLUOGO",
        "via": "Vicolo Bocca",
        "comune_posa": "Pozzolo Formigaro",
        "tipologia": "DISTRIBUZIONE",
        "tip_rete": "DISTRIBUZIONE",
        "id": 4428,
        "etichetta": "PVC DE90",
        "n_distretto": "02",
        "note_etichetta": null,
        "id_distretto": "POZ-DPZ02",
        "distretto_modello": "POZ-DPZ02"
      },
      "geometry": {
        "type": "LineString",
        "coordinates": [
          [
            8.783266404112373,
            44.79159697960764
          ],
          [
            8.783260797393705,
            44.791538546217275
          ],
          [
            8.78324775051006,
            44.791420351233974
          ],
          [
            8.783235506878837,
            44.79130441740811
          ],
          [
            8.783212917898,
            44.79114152745418
          ],
          [
            8.783208840399627,
            44.79109276968382
          ],
          [
            8.783196610854773,
            44.79102116616956
          ],
          [
            8.783187481532075,
            44.790947032236545
          ],
          [
            8.78318523165753,
            44.790932225589636
          ]
        ]
      }
    },
    {
      "type": "Feature",
      "properties": {
        "materiale": "PVC",
        "dn": "DE125",
        "classe_pre": null,
        "lunghezza": 1.35,
        "prof": 80,
        "anno_posa": 1980,
        "comune": "Pozzolo Formigaro",
        "localita": "CAPOLUOGO",
        "via": "Via Fiamberti",
        "comune_posa": "Pozzolo Formigaro",
        "tipologia": "DISTRIBUZIONE",
        "tip_rete": "DISTRIBUZIONE",
        "id": 4429,
        "etichetta": "PVC DE125",
        "n_distretto": "02",
        "note_etichetta": null,
        "id_distretto": "POZ-DPZ02",
        "distretto_modello": "POZ-DPZ02"
      },
      "geometry": {
        "type": "LineString",
        "coordinates": [
          [
            8.784449372858841,
            44.7912963203545
          ],
          [
            8.784461150554773,
            44.79130509890802
          ]
        ]
      }
    },
    {
      "type": "Feature",
      "properties": {
        "materiale": "PVC",
        "dn": "DE125",
        "classe_pre": null,
        "lunghezza": 2.96,
        "prof": 80,
        "anno_posa": 1980,
        "comune": "Pozzolo Formigaro",
        "localita": "CAPOLUOGO",
        "via": "Via Fiamberti",
        "comune_posa": "Pozzolo Formigaro",
        "tipologia": "DISTRIBUZIONE",
        "tip_rete": "DISTRIBUZIONE",
        "id": 4430,
        "etichetta": "PVC DE125",
        "n_distretto": "02",
        "note_etichetta": null,
        "id_distretto": "POZ-DPZ02",
        "distretto_modello": "POZ-DPZ02"
      },
      "geometry": {
        "type": "LineString",
        "coordinates": [
          [
            8.783131849821016,
            44.790546533342386
          ],
          [
            8.783159458423304,
            44.79056452986101
          ]
        ]
      }
    },
    {
      "type": "Feature",
      "properties": {
        "materiale": "PVC",
        "dn": "DE160",
        "classe_pre": null,
        "lunghezza": 192.85,
        "prof": 80,
        "anno_posa": 1980,
        "comune": "Pozzolo Formigaro",
        "localita": "CAPOLUOGO",
        "via": "Via Giovanni XXIII",
        "comune_posa": "Pozzolo Formigaro",
        "tipologia": "DISTRIBUZIONE",
        "tip_rete": "DISTRIBUZIONE",
        "id": 4431,
        "etichetta": "PVC DE160",
        "n_distretto": "02",
        "note_etichetta": null,
        "id_distretto": "POZ-DPZ02",
        "distretto_modello": "POZ-DPZ02"
      },
      "geometry": {
        "type": "LineString",
        "coordinates": [
          [
            8.782980042182723,
            44.79050822317706
          ],
          [
            8.782772048400295,
            44.790516222562644
          ],
          [
            8.782628105801571,
            44.79052874876996
          ],
          [
            8.782526106950314,
            44.79057591456205
          ],
          [
            8.782432344647395,
            44.79062393418349
          ],
          [
            8.782327334919984,
            44.7906891159982
          ],
          [
            8.782194029796544,
            44.790765978970725
          ],
          [
            8.781997014269676,
            44.790881278752
          ],
          [
            8.781804700165761,
            44.7909982636325
          ],
          [
            8.78160654387445,
            44.79110350180125
          ],
          [
            8.781363549711834,
            44.79123673448506
          ],
          [
            8.781095470030952,
            44.79138554823529
          ],
          [
            8.781029164624519,
            44.79141095892128
          ],
          [
            8.780971938026612,
            44.79142295603035
          ]
        ]
      }
    },
    {
      "type": "Feature",
      "properties": {
        "materiale": "PVC",
        "dn": "DE90",
        "classe_pre": null,
        "lunghezza": 8.79,
        "prof": 80,
        "anno_posa": 1980,
        "comune": "Pozzolo Formigaro",
        "localita": "CAPOLUOGO",
        "via": "Via Giovanni XXIII",
        "comune_posa": "Pozzolo Formigaro",
        "tipologia": "DISTRIBUZIONE",
        "tip_rete": "DISTRIBUZIONE",
        "id": 4432,
        "etichetta": "PVC DE90",
        "n_distretto": "02",
        "note_etichetta": null,
        "id_distretto": "POZ-DPZ02",
        "distretto_modello": "POZ-DPZ02"
      },
      "geometry": {
        "type": "LineString",
        "coordinates": [
          [
            8.780971938026612,
            44.79142295603035
          ],
          [
            8.78088480195898,
            44.7914720289036
          ]
        ]
      }
    },
    {
      "type": "Feature",
      "properties": {
        "materiale": "PVC",
        "dn": "DE160",
        "classe_pre": null,
        "lunghezza": 115.58,
        "prof": 80,
        "anno_posa": 1980,
        "comune": "Pozzolo Formigaro",
        "localita": "CAPOLUOGO",
        "via": "Via Fossato Vignale",
        "comune_posa": "Pozzolo Formigaro",
        "tipologia": "DISTRIBUZIONE",
        "tip_rete": "DISTRIBUZIONE",
        "id": 4433,
        "etichetta": "PVC DE160",
        "n_distretto": "01",
        "note_etichetta": null,
        "id_distretto": "POZ-DPZ01",
        "distretto_modello": "POZ-DPZ01"
      },
      "geometry": {
        "type": "LineString",
        "coordinates": [
          [
            8.780928601833777,
            44.791369617550494
          ],
          [
            8.780919974211653,
            44.79125275847972
          ],
          [
            8.780882062611463,
            44.79107830095496
          ],
          [
            8.780837604034065,
            44.79076384319195
          ],
          [
            8.780816417437299,
            44.79065524468482
          ],
          [
            8.780765537884186,
            44.79045945549804
          ],
          [
            8.780738437678082,
            44.79033891153826
          ]
        ]
      }
    },
    {
      "type": "Feature",
      "properties": {
        "materiale": "PVC",
        "dn": "DE160",
        "classe_pre": null,
        "lunghezza": 168.2,
        "prof": 80,
        "anno_posa": 1980,
        "comune": "Pozzolo Formigaro",
        "localita": "CAPOLUOGO",
        "via": "Via Cappelletta",
        "comune_posa": "Pozzolo Formigaro",
        "tipologia": "DISTRIBUZIONE",
        "tip_rete": "DISTRIBUZIONE",
        "id": 4434,
        "etichetta": "PVC DE160",
        "n_distretto": "01",
        "note_etichetta": null,
        "id_distretto": "POZ-DPZ01",
        "distretto_modello": "POZ-DPZ01"
      },
      "geometry": {
        "type": "LineString",
        "coordinates": [
          [
            8.78029850774615,
            44.78817041575288
          ],
          [
            8.780495975381527,
            44.78811020520136
          ],
          [
            8.780834780017543,
            44.78800344588228
          ],
          [
            8.78132831035087,
            44.78788871960726
          ],
          [
            8.782046292204083,
            44.787735862328276
          ],
          [
            8.782303713868206,
            44.78767232041969
          ]
        ]
      }
    },
    {
      "type": "Feature",
      "properties": {
        "materiale": "PVC",
        "dn": "DE160",
        "classe_pre": null,
        "lunghezza": 95.55,
        "prof": 80,
        "anno_posa": 1980,
        "comune": "Pozzolo Formigaro",
        "localita": "CAPOLUOGO",
        "via": "Strada Vecchia di Novi",
        "comune_posa": "Pozzolo Formigaro",
        "tipologia": "DISTRIBUZIONE",
        "tip_rete": "DISTRIBUZIONE",
        "id": 4435,
        "etichetta": "PVC DE160",
        "n_distretto": "02",
        "note_etichetta": null,
        "id_distretto": "POZ-DPZ02",
        "distretto_modello": "POZ-DPZ02"
      },
      "geometry": {
        "type": "LineString",
        "coordinates": [
          [
            8.783202090973395,
            44.790503637058656
          ],
          [
            8.783382560873202,
            44.79044653396327
          ],
          [
            8.783596230788078,
            44.790389699210294
          ],
          [
            8.783659637462826,
            44.790372565977364
          ],
          [
            8.783732263348453,
            44.79031308697634
          ],
          [
            8.783767311962931,
            44.79026696290878
          ],
          [
            8.783772340579965,
            44.790226209483905
          ],
          [
            8.783766769949356,
            44.79017470804044
          ],
          [
            8.783762935055941,
            44.790063603442704
          ],
          [
            8.783726236380463,
            44.78989170938834
          ]
        ]
      }
    },
    {
      "type": "Feature",
      "properties": {
        "materiale": "PVC",
        "dn": "DE160",
        "classe_pre": null,
        "lunghezza": 11.63,
        "prof": 80,
        "anno_posa": 1980,
        "comune": "Pozzolo Formigaro",
        "localita": "CAPOLUOGO",
        "via": "Via Belvedere",
        "comune_posa": "Pozzolo Formigaro",
        "tipologia": "DISTRIBUZIONE",
        "tip_rete": "DISTRIBUZIONE",
        "id": 4436,
        "etichetta": "PVC DE160",
        "n_distretto": "01",
        "note_etichetta": null,
        "id_distretto": "POZ-DPZ01",
        "distretto_modello": "POZ-DPZ01"
      },
      "geometry": {
        "type": "LineString",
        "coordinates": [
          [
            8.783726236380463,
            44.78989170938834
          ],
          [
            8.783702096800562,
            44.789788406552724
          ]
        ]
      }
    },
    {
      "type": "Feature",
      "properties": {
        "materiale": "PVC",
        "dn": "DE160",
        "classe_pre": null,
        "lunghezza": 1.5,
        "prof": 80,
        "anno_posa": 1980,
        "comune": "Pozzolo Formigaro",
        "localita": "CAPOLUOGO",
        "via": "Via Belvedere",
        "comune_posa": "Pozzolo Formigaro",
        "tipologia": "DISTRIBUZIONE",
        "tip_rete": "DISTRIBUZIONE",
        "id": 4437,
        "etichetta": "PVC DE160",
        "n_distretto": "01",
        "note_etichetta": null,
        "id_distretto": "POZ-DPZ01",
        "distretto_modello": "POZ-DPZ01"
      },
      "geometry": {
        "type": "LineString",
        "coordinates": [
          [
            8.783702096800562,
            44.789788406552724
          ],
          [
            8.7837006966253,
            44.78977497765531
          ]
        ]
      }
    },
    {
      "type": "Feature",
      "properties": {
        "materiale": "PE",
        "dn": "DE50",
        "classe_pre": null,
        "lunghezza": 24.17,
        "prof": 80,
        "anno_posa": 1980,
        "comune": "Pozzolo Formigaro",
        "localita": "CAPOLUOGO",
        "via": "Via Morando",
        "comune_posa": "Pozzolo Formigaro",
        "tipologia": "DISTRIBUZIONE",
        "tip_rete": "DISTRIBUZIONE",
        "id": 4438,
        "etichetta": "PE DE50",
        "n_distretto": "02",
        "note_etichetta": null,
        "id_distretto": "POZ-DPZ02",
        "distretto_modello": "POZ-DPZ02"
      },
      "geometry": {
        "type": "LineString",
        "coordinates": [
          [
            8.782860176806542,
            44.794140860141844
          ],
          [
            8.782812357774054,
            44.79407382200887
          ],
          [
            8.782715270330378,
            44.793949306809694
          ]
        ]
      }
    },
    {
      "type": "Feature",
      "properties": {
        "materiale": "PE",
        "dn": "DE25",
        "classe_pre": null,
        "lunghezza": 54.33,
        "prof": 80,
        "anno_posa": 1980,
        "comune": "Pozzolo Formigaro",
        "localita": "CAPOLUOGO",
        "via": "Via Pozzo Borlasca",
        "comune_posa": "Pozzolo Formigaro",
        "tipologia": "DISTRIBUZIONE",
        "tip_rete": "DISTRIBUZIONE",
        "id": 4439,
        "etichetta": "PE DE25",
        "n_distretto": "02",
        "note_etichetta": null,
        "id_distretto": "POZ-DPZ02",
        "distretto_modello": "POZ-DPZ02"
      },
      "geometry": {
        "type": "LineString",
        "coordinates": [
          [
            8.782515481000178,
            44.792841809537464
          ],
          [
            8.782569941492069,
            44.79288270577136
          ],
          [
            8.782614493729701,
            44.79291787216444
          ],
          [
            8.782715465311643,
            44.79298920874502
          ],
          [
            8.782827476667903,
            44.79326183211557
          ]
        ]
      }
    },
    {
      "type": "Feature",
      "properties": {
        "materiale": "PE",
        "dn": "DE110",
        "classe_pre": null,
        "lunghezza": 80.86,
        "prof": 70,
        "anno_posa": 1980,
        "comune": "Pozzolo Formigaro",
        "localita": "CAPOLUOGO",
        "via": "Via Principe Oddone",
        "comune_posa": "Pozzolo Formigaro",
        "tipologia": "DISTRIBUZIONE",
        "tip_rete": "DISTRIBUZIONE",
        "id": 4440,
        "etichetta": "PE DE110",
        "n_distretto": "02",
        "note_etichetta": null,
        "id_distretto": "POZ-DPZ02",
        "distretto_modello": "POZ-DPZ02"
      },
      "geometry": {
        "type": "LineString",
        "coordinates": [
          [
            8.782872141491158,
            44.7941549770379
          ],
          [
            8.782556955304125,
            44.79425854706528
          ],
          [
            8.7820273896012,
            44.79442794747471
          ],
          [
            8.781951331759663,
            44.79446808099011
          ]
        ]
      }
    },
    {
      "type": "Feature",
      "properties": {
        "materiale": "PVC",
        "dn": "DE90",
        "classe_pre": null,
        "lunghezza": 3.57,
        "prof": 80,
        "anno_posa": 1980,
        "comune": "Pozzolo Formigaro",
        "localita": "CAPOLUOGO",
        "via": "Vicolo Leardi",
        "comune_posa": "Pozzolo Formigaro",
        "tipologia": "DISTRIBUZIONE",
        "tip_rete": "DISTRIBUZIONE",
        "id": 4441,
        "etichetta": "PVC DE90",
        "n_distretto": "02",
        "note_etichetta": null,
        "id_distretto": "POZ-DPZ02",
        "distretto_modello": "POZ-DPZ02"
      },
      "geometry": {
        "type": "LineString",
        "coordinates": [
          [
            8.784444517816773,
            44.79365362920946
          ],
          [
            8.78444074622902,
            44.793648279059305
          ],
          [
            8.78442220550795,
            44.79362568149383
          ]
        ]
      }
    },
    {
      "type": "Feature",
      "properties": {
        "materiale": "PVC",
        "dn": "DE90",
        "classe_pre": null,
        "lunghezza": 64.46,
        "prof": 80,
        "anno_posa": 1980,
        "comune": "Pozzolo Formigaro",
        "localita": "CAPOLUOGO",
        "via": "Vicolo Leardi",
        "comune_posa": "Pozzolo Formigaro",
        "tipologia": "DISTRIBUZIONE",
        "tip_rete": "DISTRIBUZIONE",
        "id": 4442,
        "etichetta": "PVC DE90",
        "n_distretto": "02",
        "note_etichetta": null,
        "id_distretto": "POZ-DPZ02",
        "distretto_modello": "POZ-DPZ02"
      },
      "geometry": {
        "type": "LineString",
        "coordinates": [
          [
            8.784823111302455,
            44.79416736277909
          ],
          [
            8.784657028418449,
            44.79395462570448
          ],
          [
            8.784444517816773,
            44.79365362920946
          ]
        ]
      }
    },
    {
      "type": "Feature",
      "properties": {
        "materiale": "PVC",
        "dn": "DE160",
        "classe_pre": null,
        "lunghezza": 19.38,
        "prof": 80,
        "anno_posa": 1980,
        "comune": "Pozzolo Formigaro",
        "localita": "CAPOLUOGO",
        "via": "Via Tortona ",
        "comune_posa": "Pozzolo Formigaro",
        "tipologia": "DISTRIBUZIONE",
        "tip_rete": "DISTRIBUZIONE",
        "id": 4443,
        "etichetta": "PVC DE160",
        "n_distretto": "02",
        "note_etichetta": null,
        "id_distretto": "POZ-DPZ02",
        "distretto_modello": "POZ-DPZ02"
      },
      "geometry": {
        "type": "LineString",
        "coordinates": [
          [
            8.78446008910595,
            44.79516793374483
          ],
          [
            8.784475643757151,
            44.79519954173017
          ],
          [
            8.78450974614748,
            44.795265215374215
          ],
          [
            8.784546052398488,
            44.795331311498515
          ]
        ]
      }
    },
    {
      "type": "Feature",
      "properties": {
        "materiale": "PVC",
        "dn": "DE160",
        "classe_pre": null,
        "lunghezza": 29.86,
        "prof": 80,
        "anno_posa": 1980,
        "comune": "Pozzolo Formigaro",
        "localita": "CAPOLUOGO",
        "via": "Via Tortona ",
        "comune_posa": "Pozzolo Formigaro",
        "tipologia": "DISTRIBUZIONE",
        "tip_rete": "DISTRIBUZIONE",
        "id": 4444,
        "etichetta": "PVC DE160",
        "n_distretto": "02",
        "note_etichetta": null,
        "id_distretto": "POZ-DPZ02",
        "distretto_modello": "POZ-DPZ02"
      },
      "geometry": {
        "type": "LineString",
        "coordinates": [
          [
            8.784546052398488,
            44.795331311498515
          ],
          [
            8.784563805245329,
            44.79536622610455
          ],
          [
            8.784626696746955,
            44.795501074540525
          ],
          [
            8.78466700791828,
            44.79558593250485
          ]
        ]
      }
    },
    {
      "type": "Feature",
      "properties": {
        "materiale": "PVC",
        "dn": "DE90",
        "classe_pre": null,
        "lunghezza": 35.92,
        "prof": 80,
        "anno_posa": 1980,
        "comune": "Pozzolo Formigaro",
        "localita": "CAPOLUOGO",
        "via": "Vicolo Caniggia",
        "comune_posa": "Pozzolo Formigaro",
        "tipologia": "DISTRIBUZIONE",
        "tip_rete": "DISTRIBUZIONE",
        "id": 4445,
        "etichetta": "PVC DE90",
        "n_distretto": "02",
        "note_etichetta": null,
        "id_distretto": "POZ-DPZ02",
        "distretto_modello": "POZ-DPZ02"
      },
      "geometry": {
        "type": "LineString",
        "coordinates": [
          [
            8.784435843871021,
            44.79517299628137
          ],
          [
            8.784004848423754,
            44.795274948182275
          ]
        ]
      }
    },
    {
      "type": "Feature",
      "properties": {
        "materiale": "PVC",
        "dn": "DE160",
        "classe_pre": null,
        "lunghezza": 36.58,
        "prof": 80,
        "anno_posa": 1980,
        "comune": "Pozzolo Formigaro",
        "localita": "CAPOLUOGO",
        "via": "Via Tortona ",
        "comune_posa": "Pozzolo Formigaro",
        "tipologia": "DISTRIBUZIONE",
        "tip_rete": "DISTRIBUZIONE",
        "id": 4446,
        "etichetta": "PVC DE160",
        "n_distretto": "02",
        "note_etichetta": null,
        "id_distretto": "POZ-DPZ02",
        "distretto_modello": "POZ-DPZ02"
      },
      "geometry": {
        "type": "LineString",
        "coordinates": [
          [
            8.78466700791828,
            44.79558593250485
          ],
          [
            8.784696223687954,
            44.79565137518765
          ],
          [
            8.78474865687198,
            44.79573869760904
          ],
          [
            8.784790164872003,
            44.795797612355315
          ],
          [
            8.78481417255303,
            44.79583782031769
          ],
          [
            8.784848836950221,
            44.795888147416626
          ]
        ]
      }
    },
    {
      "type": "Feature",
      "properties": {
        "materiale": "PVC",
        "dn": "DE90",
        "classe_pre": null,
        "lunghezza": 2.02,
        "prof": 80,
        "anno_posa": 1980,
        "comune": "Pozzolo Formigaro",
        "localita": "CAPOLUOGO",
        "via": "Vicolo Melegnano",
        "comune_posa": "Pozzolo Formigaro",
        "tipologia": "DISTRIBUZIONE",
        "tip_rete": "DISTRIBUZIONE",
        "id": 4447,
        "etichetta": "PVC DE90",
        "n_distretto": "02",
        "note_etichetta": null,
        "id_distretto": "POZ-DPZ02",
        "distretto_modello": "POZ-DPZ02"
      },
      "geometry": {
        "type": "LineString",
        "coordinates": [
          [
            8.784643028458577,
            44.7955921644594
          ],
          [
            8.78466700791828,
            44.79558593250485
          ]
        ]
      }
    },
    {
      "type": "Feature",
      "properties": {
        "materiale": "PVC",
        "dn": "DE160",
        "classe_pre": null,
        "lunghezza": 13.52,
        "prof": 80,
        "anno_posa": 1980,
        "comune": "Pozzolo Formigaro",
        "localita": "CAPOLUOGO",
        "via": "Via Tortona ",
        "comune_posa": "Pozzolo Formigaro",
        "tipologia": "DISTRIBUZIONE",
        "tip_rete": "DISTRIBUZIONE",
        "id": 4448,
        "etichetta": "PVC DE160",
        "n_distretto": "02",
        "note_etichetta": null,
        "id_distretto": "POZ-DPZ02",
        "distretto_modello": "POZ-DPZ02"
      },
      "geometry": {
        "type": "LineString",
        "coordinates": [
          [
            8.784848836950221,
            44.795888147416626
          ],
          [
            8.784869221331965,
            44.79592017027052
          ],
          [
            8.78487356153373,
            44.79592632122751
          ],
          [
            8.784920428752105,
            44.79599868226625
          ]
        ]
      }
    },
    {
      "type": "Feature",
      "properties": {
        "materiale": "PVC",
        "dn": "DE90",
        "classe_pre": null,
        "lunghezza": 42.79,
        "prof": 80,
        "anno_posa": 1980,
        "comune": "Pozzolo Formigaro",
        "localita": "CAPOLUOGO",
        "via": "Vicolo Solferino",
        "comune_posa": "Pozzolo Formigaro",
        "tipologia": "DISTRIBUZIONE",
        "tip_rete": "DISTRIBUZIONE",
        "id": 4449,
        "etichetta": "PVC DE90",
        "n_distretto": "02",
        "note_etichetta": null,
        "id_distretto": "POZ-DPZ02",
        "distretto_modello": "POZ-DPZ02"
      },
      "geometry": {
        "type": "LineString",
        "coordinates": [
          [
            8.784828999860421,
            44.795896808271465
          ],
          [
            8.784367490041175,
            44.79609784536666
          ]
        ]
      }
    },
    {
      "type": "Feature",
      "properties": {
        "materiale": "PVC",
        "dn": "DE160",
        "classe_pre": null,
        "lunghezza": 10.88,
        "prof": 80,
        "anno_posa": 1980,
        "comune": "Pozzolo Formigaro",
        "localita": "CAPOLUOGO",
        "via": "Via Tortona ",
        "comune_posa": "Pozzolo Formigaro",
        "tipologia": "DISTRIBUZIONE",
        "tip_rete": "DISTRIBUZIONE",
        "id": 4450,
        "etichetta": "PVC DE160",
        "n_distretto": "02",
        "note_etichetta": null,
        "id_distretto": "POZ-DPZ02",
        "distretto_modello": "POZ-DPZ02"
      },
      "geometry": {
        "type": "LineString",
        "coordinates": [
          [
            8.784920428752105,
            44.79599868226625
          ],
          [
            8.7849765327905,
            44.796088127859285
          ]
        ]
      }
    },
    {
      "type": "Feature",
      "properties": {
        "materiale": "PVC",
        "dn": "DE160",
        "classe_pre": null,
        "lunghezza": 26.07,
        "prof": 80,
        "anno_posa": 1980,
        "comune": "Pozzolo Formigaro",
        "localita": "CAPOLUOGO",
        "via": "Via Tortona ",
        "comune_posa": "Pozzolo Formigaro",
        "tipologia": "DISTRIBUZIONE",
        "tip_rete": "DISTRIBUZIONE",
        "id": 4451,
        "etichetta": "PVC DE160",
        "n_distretto": "02",
        "note_etichetta": null,
        "id_distretto": "POZ-DPZ02",
        "distretto_modello": "POZ-DPZ02"
      },
      "geometry": {
        "type": "LineString",
        "coordinates": [
          [
            8.7849765327905,
            44.796088127859285
          ],
          [
            8.785006727780226,
            44.79613820289185
          ],
          [
            8.785022784400061,
            44.79616541216742
          ],
          [
            8.785039137439066,
            44.79619253179688
          ],
          [
            8.785055785910508,
            44.796219560143285
          ],
          [
            8.785100431697696,
            44.7962935998153
          ],
          [
            8.7851065864947,
            44.79630380679007
          ]
        ]
      }
    },
    {
      "type": "Feature",
      "properties": {
        "materiale": "PVC",
        "dn": "DE125",
        "classe_pre": null,
        "lunghezza": 13.47,
        "prof": 80,
        "anno_posa": 1980,
        "comune": "Pozzolo Formigaro",
        "localita": "CAPOLUOGO",
        "via": "Piazza G. Marconi",
        "comune_posa": "Pozzolo Formigaro",
        "tipologia": "DISTRIBUZIONE",
        "tip_rete": "DISTRIBUZIONE",
        "id": 4452,
        "etichetta": "PVC DE125",
        "n_distretto": "02",
        "note_etichetta": null,
        "id_distretto": "POZ-DPZ02",
        "distretto_modello": "POZ-DPZ02"
      },
      "geometry": {
        "type": "LineString",
        "coordinates": [
          [
            8.783504549232978,
            44.79693045258127
          ],
          [
            8.783362159375972,
            44.79699701534956
          ]
        ]
      }
    },
    {
      "type": "Feature",
      "properties": {
        "materiale": "PVC",
        "dn": "DE125",
        "classe_pre": null,
        "lunghezza": 143.66,
        "prof": 80,
        "anno_posa": 1980,
        "comune": "Pozzolo Formigaro",
        "localita": "CAPOLUOGO",
        "via": "Via Sant' Alessandro Sauli",
        "comune_posa": "Pozzolo Formigaro",
        "tipologia": "DISTRIBUZIONE",
        "tip_rete": "DISTRIBUZIONE",
        "id": 4453,
        "etichetta": "PVC DE125",
        "n_distretto": "02",
        "note_etichetta": null,
        "id_distretto": "POZ-DPZ02",
        "distretto_modello": "POZ-DPZ02"
      },
      "geometry": {
        "type": "LineString",
        "coordinates": [
          [
            8.78495215671263,
            44.79609989618673
          ],
          [
            8.784665375071123,
            44.79627404571552
          ],
          [
            8.784532329574207,
            44.79636951240971
          ],
          [
            8.784227969299755,
            44.79657150075922
          ],
          [
            8.783696815248158,
            44.796832281103015
          ],
          [
            8.783544121219201,
            44.79691185666035
          ]
        ]
      }
    },
    {
      "type": "Feature",
      "properties": {
        "materiale": "PVC",
        "dn": "DE160",
        "classe_pre": null,
        "lunghezza": 43.04,
        "prof": 80,
        "anno_posa": 1980,
        "comune": "Pozzolo Formigaro",
        "localita": "CAPOLUOGO",
        "via": "Via Tortona ",
        "comune_posa": "Pozzolo Formigaro",
        "tipologia": "DISTRIBUZIONE",
        "tip_rete": "DISTRIBUZIONE",
        "id": 4454,
        "etichetta": "PVC DE160",
        "n_distretto": "02",
        "note_etichetta": null,
        "id_distretto": "POZ-DPZ02",
        "distretto_modello": "POZ-DPZ02"
      },
      "geometry": {
        "type": "LineString",
        "coordinates": [
          [
            8.7851065864947,
            44.79630380679007
          ],
          [
            8.785121988394417,
            44.79632934893172
          ],
          [
            8.785181970049283,
            44.796421266714844
          ],
          [
            8.7852120239583,
            44.79646812719552
          ],
          [
            8.785253586681067,
            44.79653374840791
          ],
          [
            8.785332274295099,
            44.79665630814642
          ]
        ]
      }
    },
    {
      "type": "Feature",
      "properties": {
        "materiale": "PVC",
        "dn": "DE90",
        "classe_pre": null,
        "lunghezza": 74.04,
        "prof": 80,
        "anno_posa": 1980,
        "comune": "Pozzolo Formigaro",
        "localita": "CAPOLUOGO",
        "via": "Vicolo Argenti",
        "comune_posa": "Pozzolo Formigaro",
        "tipologia": "DISTRIBUZIONE",
        "tip_rete": "DISTRIBUZIONE",
        "id": 4455,
        "etichetta": "PVC DE90",
        "n_distretto": "02",
        "note_etichetta": null,
        "id_distretto": "POZ-DPZ02",
        "distretto_modello": "POZ-DPZ02"
      },
      "geometry": {
        "type": "LineString",
        "coordinates": [
          [
            8.785127918375712,
            44.796296356868254
          ],
          [
            8.785348271630202,
            44.79622233207203
          ],
          [
            8.785529524110704,
            44.796160481299935
          ],
          [
            8.785622616718998,
            44.796126625331716
          ],
          [
            8.785719058058763,
            44.79609219193402
          ],
          [
            8.785815579124657,
            44.79605787205882
          ],
          [
            8.785912179653156,
            44.79602366579986
          ],
          [
            8.785968474435476,
            44.79600302030552
          ]
        ]
      }
    },
    {
      "type": "Feature",
      "properties": {
        "materiale": "PVC",
        "dn": "DE160",
        "classe_pre": null,
        "lunghezza": 44.75,
        "prof": 80,
        "anno_posa": 1980,
        "comune": "Pozzolo Formigaro",
        "localita": "CAPOLUOGO",
        "via": "Via Tortona ",
        "comune_posa": "Pozzolo Formigaro",
        "tipologia": "DISTRIBUZIONE",
        "tip_rete": "DISTRIBUZIONE",
        "id": 4456,
        "etichetta": "PVC DE160",
        "n_distretto": "02",
        "note_etichetta": null,
        "id_distretto": "POZ-DPZ02",
        "distretto_modello": "POZ-DPZ02"
      },
      "geometry": {
        "type": "LineString",
        "coordinates": [
          [
            8.785332274295099,
            44.79665630814642
          ],
          [
            8.785512019193577,
            44.797001055228925
          ],
          [
            8.785531301910957,
            44.79703340351236
          ]
        ]
      }
    },
    {
      "type": "Feature",
      "properties": {
        "materiale": "PVC",
        "dn": "DE90",
        "classe_pre": null,
        "lunghezza": 83.52,
        "prof": 80,
        "anno_posa": 1980,
        "comune": "Pozzolo Formigaro",
        "localita": "CAPOLUOGO",
        "via": "Vicolo Francesco Silvano",
        "comune_posa": "Pozzolo Formigaro",
        "tipologia": "DISTRIBUZIONE",
        "tip_rete": "DISTRIBUZIONE",
        "id": 4457,
        "etichetta": "PVC DE90",
        "n_distretto": "02",
        "note_etichetta": null,
        "id_distretto": "POZ-DPZ02",
        "distretto_modello": "POZ-DPZ02"
      },
      "geometry": {
        "type": "LineString",
        "coordinates": [
          [
            8.78566124550477,
            44.796554236851854
          ],
          [
            8.785935134066838,
            44.79647320586717
          ],
          [
            8.786254288412398,
            44.79638621860483
          ],
          [
            8.786425783176513,
            44.79665734832148
          ]
        ]
      }
    },
    {
      "type": "Feature",
      "properties": {
        "materiale": "PVC",
        "dn": "DE90",
        "classe_pre": null,
        "lunghezza": 26.24,
        "prof": 80,
        "anno_posa": 1980,
        "comune": "Pozzolo Formigaro",
        "localita": "CAPOLUOGO",
        "via": "Vicolo Francesco Silvano",
        "comune_posa": "Pozzolo Formigaro",
        "tipologia": "DISTRIBUZIONE",
        "tip_rete": "DISTRIBUZIONE",
        "id": 4458,
        "etichetta": "PVC DE90",
        "n_distretto": "02",
        "note_etichetta": null,
        "id_distretto": "POZ-DPZ02",
        "distretto_modello": "POZ-DPZ02"
      },
      "geometry": {
        "type": "LineString",
        "coordinates": [
          [
            8.785357444023237,
            44.79664905313888
          ],
          [
            8.785560736508629,
            44.79658727008252
          ],
          [
            8.78566124550477,
            44.796554236851854
          ]
        ]
      }
    },
    {
      "type": "Feature",
      "properties": {
        "materiale": "PVC",
        "dn": "DE125",
        "classe_pre": null,
        "lunghezza": 122.95,
        "prof": 80,
        "anno_posa": 1980,
        "comune": "Pozzolo Formigaro",
        "localita": "CAPOLUOGO",
        "via": "Via Villalvernia",
        "comune_posa": "Pozzolo Formigaro",
        "tipologia": "DISTRIBUZIONE",
        "tip_rete": "DISTRIBUZIONE",
        "id": 4459,
        "etichetta": "PVC DE125",
        "n_distretto": "02",
        "note_etichetta": null,
        "id_distretto": "POZ-DPZ02",
        "distretto_modello": "POZ-DPZ02"
      },
      "geometry": {
        "type": "LineString",
        "coordinates": [
          [
            8.78494095319019,
            44.795985234244064
          ],
          [
            8.785168113723023,
            44.795836358163776
          ],
          [
            8.785443966270991,
            44.79564411025641
          ],
          [
            8.786079537097965,
            44.795311554418355
          ],
          [
            8.786145712866835,
            44.79529323517123
          ]
        ]
      }
    },
    {
      "type": "Feature",
      "properties": {
        "materiale": "PVC",
        "dn": "DE160",
        "classe_pre": null,
        "lunghezza": 18.7,
        "prof": 80,
        "anno_posa": 1980,
        "comune": "Pozzolo Formigaro",
        "localita": "CAPOLUOGO",
        "via": "Via Tortona ",
        "comune_posa": "Pozzolo Formigaro",
        "tipologia": "DISTRIBUZIONE",
        "tip_rete": "DISTRIBUZIONE",
        "id": 4460,
        "etichetta": "PVC DE160",
        "n_distretto": "02",
        "note_etichetta": null,
        "id_distretto": "POZ-DPZ02",
        "distretto_modello": "POZ-DPZ02"
      },
      "geometry": {
        "type": "LineString",
        "coordinates": [
          [
            8.785531301910957,
            44.79703340351236
          ],
          [
            8.78562108144667,
            44.79718918366034
          ]
        ]
      }
    },
    {
      "type": "Feature",
      "properties": {
        "materiale": "PVC",
        "dn": "DE160",
        "classe_pre": null,
        "lunghezza": 166.25,
        "prof": 80,
        "anno_posa": 1980,
        "comune": "Pozzolo Formigaro",
        "localita": "CAPOLUOGO",
        "via": "Via Tortona ",
        "comune_posa": "Pozzolo Formigaro",
        "tipologia": "DISTRIBUZIONE",
        "tip_rete": "DISTRIBUZIONE",
        "id": 4461,
        "etichetta": "PVC DE160",
        "n_distretto": "02",
        "note_etichetta": null,
        "id_distretto": "POZ-DPZ02",
        "distretto_modello": "POZ-DPZ02"
      },
      "geometry": {
        "type": "LineString",
        "coordinates": [
          [
            8.78562108144667,
            44.79718918366034
          ],
          [
            8.785788224722063,
            44.79746928614548
          ],
          [
            8.786237910079851,
            44.79820244128125
          ],
          [
            8.786442202915069,
            44.79856675083731
          ]
        ]
      }
    },
    {
      "type": "Feature",
      "properties": {
        "materiale": "PE",
        "dn": "DE110",
        "classe_pre": null,
        "lunghezza": 65.7,
        "prof": 80,
        "anno_posa": 1980,
        "comune": "Pozzolo Formigaro",
        "localita": "CAPOLUOGO",
        "via": "Via San Sebastiano",
        "comune_posa": "Pozzolo Formigaro",
        "tipologia": "DISTRIBUZIONE",
        "tip_rete": "DISTRIBUZIONE",
        "id": 4462,
        "etichetta": "PE DE110",
        "n_distretto": "02",
        "note_etichetta": null,
        "id_distretto": "POZ-DPZ02",
        "distretto_modello": "POZ-DPZ02"
      },
      "geometry": {
        "type": "LineString",
        "coordinates": [
          [
            8.78480101776194,
            44.79738556645921
          ],
          [
            8.785588291609715,
            44.79719703642343
          ]
        ]
      }
    },
    {
      "type": "Feature",
      "properties": {
        "materiale": "PVC",
        "dn": "DE160",
        "classe_pre": null,
        "lunghezza": 43.16,
        "prof": 80,
        "anno_posa": 1980,
        "comune": "Pozzolo Formigaro",
        "localita": "CAPOLUOGO",
        "via": "Via Tortona ",
        "comune_posa": "Pozzolo Formigaro",
        "tipologia": "DISTRIBUZIONE",
        "tip_rete": "DISTRIBUZIONE",
        "id": 4463,
        "etichetta": "PVC DE160",
        "n_distretto": "02",
        "note_etichetta": null,
        "id_distretto": "POZ-DPZ02",
        "distretto_modello": "POZ-DPZ02"
      },
      "geometry": {
        "type": "LineString",
        "coordinates": [
          [
            8.786442202915069,
            44.79856675083731
          ],
          [
            8.786465520963283,
            44.7986083329291
          ],
          [
            8.786633068493725,
            44.79893075468503
          ]
        ]
      }
    },
    {
      "type": "Feature",
      "properties": {
        "materiale": "AC",
        "dn": "DN50",
        "classe_pre": null,
        "lunghezza": 77.48,
        "prof": 80,
        "anno_posa": 1980,
        "comune": "Pozzolo Formigaro",
        "localita": "CAPOLUOGO",
        "via": "Via Tortona ",
        "comune_posa": "Pozzolo Formigaro",
        "tipologia": "DISTRIBUZIONE",
        "tip_rete": "DISTRIBUZIONE",
        "id": 4464,
        "etichetta": "AC DN50",
        "n_distretto": "02",
        "note_etichetta": null,
        "id_distretto": "POZ-DPZ02",
        "distretto_modello": "POZ-DPZ02"
      },
      "geometry": {
        "type": "LineString",
        "coordinates": [
          [
            8.785553350927229,
            44.79702724423845
          ],
          [
            8.786460977058827,
            44.796764726911
          ]
        ]
      }
    },
    {
      "type": "Feature",
      "properties": {
        "materiale": "PE",
        "dn": "DE63",
        "classe_pre": null,
        "lunghezza": 57.41,
        "prof": 80,
        "anno_posa": 1980,
        "comune": "Pozzolo Formigaro",
        "localita": "CAPOLUOGO",
        "via": "Via Ghiaione",
        "comune_posa": "Pozzolo Formigaro",
        "tipologia": "DISTRIBUZIONE",
        "tip_rete": "DISTRIBUZIONE",
        "id": 4465,
        "etichetta": "PE DE63",
        "n_distretto": "02",
        "note_etichetta": null,
        "id_distretto": "POZ-DPZ02",
        "distretto_modello": "POZ-DPZ02"
      },
      "geometry": {
        "type": "LineString",
        "coordinates": [
          [
            8.78754537616432,
            44.798677205152195
          ],
          [
            8.787825098149685,
            44.799154084879575
          ]
        ]
      }
    },
    {
      "type": "Feature",
      "properties": {
        "materiale": "PE",
        "dn": "DE63",
        "classe_pre": null,
        "lunghezza": 115.91,
        "prof": 80,
        "anno_posa": 1980,
        "comune": "Pozzolo Formigaro",
        "localita": "CAPOLUOGO",
        "via": "Via Ghiaione",
        "comune_posa": "Pozzolo Formigaro",
        "tipologia": "DISTRIBUZIONE",
        "tip_rete": "DISTRIBUZIONE",
        "id": 4466,
        "etichetta": "PE DE63",
        "n_distretto": "02",
        "note_etichetta": null,
        "id_distretto": "POZ-DPZ02",
        "distretto_modello": "POZ-DPZ02"
      },
      "geometry": {
        "type": "LineString",
        "coordinates": [
          [
            8.786468223266363,
            44.79855945051795
          ],
          [
            8.787335174347191,
            44.79829865012245
          ],
          [
            8.787527967302728,
            44.79864585352277
          ]
        ]
      }
    },
    {
      "type": "Feature",
      "properties": {
        "materiale": "PE",
        "dn": "DE63",
        "classe_pre": null,
        "lunghezza": 3.74,
        "prof": 80,
        "anno_posa": 1980,
        "comune": "Pozzolo Formigaro",
        "localita": "CAPOLUOGO",
        "via": "Via Ghiaione",
        "comune_posa": "Pozzolo Formigaro",
        "tipologia": "DISTRIBUZIONE",
        "tip_rete": "DISTRIBUZIONE",
        "id": 4467,
        "etichetta": "PE DE63",
        "n_distretto": "02",
        "note_etichetta": null,
        "id_distretto": "POZ-DPZ02",
        "distretto_modello": "POZ-DPZ02"
      },
      "geometry": {
        "type": "LineString",
        "coordinates": [
          [
            8.787527967302728,
            44.79864585352277
          ],
          [
            8.78754537616432,
            44.798677205152195
          ]
        ]
      }
    },
    {
      "type": "Feature",
      "properties": {
        "materiale": "PE",
        "dn": "DE63",
        "classe_pre": null,
        "lunghezza": 71.87,
        "prof": 80,
        "anno_posa": 1980,
        "comune": "Pozzolo Formigaro",
        "localita": "CAPOLUOGO",
        "via": "Via dei Gelsi",
        "comune_posa": "Pozzolo Formigaro",
        "tipologia": "DISTRIBUZIONE",
        "tip_rete": "DISTRIBUZIONE",
        "id": 4468,
        "etichetta": "PE DE63",
        "n_distretto": "02",
        "note_etichetta": null,
        "id_distretto": "POZ-DPZ02",
        "distretto_modello": "POZ-DPZ02"
      },
      "geometry": {
        "type": "LineString",
        "coordinates": [
          [
            8.78667534865908,
            44.79891915210341
          ],
          [
            8.787521830864048,
            44.79868375202838
          ]
        ]
      }
    },
    {
      "type": "Feature",
      "properties": {
        "materiale": "PE",
        "dn": "DE63",
        "classe_pre": null,
        "lunghezza": 2,
        "prof": 80,
        "anno_posa": 1980,
        "comune": "Pozzolo Formigaro",
        "localita": "CAPOLUOGO",
        "via": "Via dei Gelsi",
        "comune_posa": "Pozzolo Formigaro",
        "tipologia": "DISTRIBUZIONE",
        "tip_rete": "DISTRIBUZIONE",
        "id": 4469,
        "etichetta": "PE DE63",
        "n_distretto": "02",
        "note_etichetta": null,
        "id_distretto": "POZ-DPZ02",
        "distretto_modello": "POZ-DPZ02"
      },
      "geometry": {
        "type": "LineString",
        "coordinates": [
          [
            8.787521830864048,
            44.79868375202838
          ],
          [
            8.78754537616432,
            44.798677205152195
          ]
        ]
      }
    },
    {
      "type": "Feature",
      "properties": {
        "materiale": "PVC",
        "dn": "DE160",
        "classe_pre": null,
        "lunghezza": 37.24,
        "prof": 80,
        "anno_posa": 1980,
        "comune": "Pozzolo Formigaro",
        "localita": "CAPOLUOGO",
        "via": "Via Tortona ",
        "comune_posa": "Pozzolo Formigaro",
        "tipologia": "DISTRIBUZIONE",
        "tip_rete": "DISTRIBUZIONE",
        "id": 4470,
        "etichetta": "PVC DE160",
        "n_distretto": "02",
        "note_etichetta": null,
        "id_distretto": "POZ-DPZ02",
        "distretto_modello": "POZ-DPZ02"
      },
      "geometry": {
        "type": "LineString",
        "coordinates": [
          [
            8.786633068491176,
            44.79893075468575
          ],
          [
            8.786699981265777,
            44.799060735823
          ],
          [
            8.786795103169672,
            44.79924551341603
          ]
        ]
      }
    },
    {
      "type": "Feature",
      "properties": {
        "materiale": "PVC",
        "dn": "DE160",
        "classe_pre": null,
        "lunghezza": 5.65,
        "prof": 80,
        "anno_posa": 1980,
        "comune": "Pozzolo Formigaro",
        "localita": "CAPOLUOGO",
        "via": "Via Tortona ",
        "comune_posa": "Pozzolo Formigaro",
        "tipologia": "DISTRIBUZIONE",
        "tip_rete": "DISTRIBUZIONE",
        "id": 4471,
        "etichetta": "PVC DE160",
        "n_distretto": "02",
        "note_etichetta": null,
        "id_distretto": "POZ-DPZ02",
        "distretto_modello": "POZ-DPZ02"
      },
      "geometry": {
        "type": "LineString",
        "coordinates": [
          [
            8.786806665915101,
            44.79926797436368
          ],
          [
            8.786762693339217,
            44.799262412691185
          ],
          [
            8.7867463379371,
            44.799261861386434
          ],
          [
            8.786736027124558,
            44.79926129823305
          ]
        ]
      }
    },
    {
      "type": "Feature",
      "properties": {
        "materiale": "PVC",
        "dn": "DE160",
        "classe_pre": null,
        "lunghezza": 219.16,
        "prof": 80,
        "anno_posa": 1980,
        "comune": "Pozzolo Formigaro",
        "localita": "CAPOLUOGO",
        "via": "Via Giuseppe Garibaldi",
        "comune_posa": "Pozzolo Formigaro",
        "tipologia": "DISTRIBUZIONE",
        "tip_rete": "DISTRIBUZIONE",
        "id": 4472,
        "etichetta": "PVC DE160",
        "n_distretto": "02",
        "note_etichetta": null,
        "id_distretto": "POZ-DPZ02",
        "distretto_modello": "POZ-DPZ02"
      },
      "geometry": {
        "type": "LineString",
        "coordinates": [
          [
            8.786711181941008,
            44.79926614693447
          ],
          [
            8.786343907412547,
            44.799345018187324
          ],
          [
            8.786068294105847,
            44.79939647943193
          ],
          [
            8.785706314667737,
            44.799462324626674
          ],
          [
            8.785546311108096,
            44.79949260329861
          ],
          [
            8.784854185570529,
            44.79961367925048
          ],
          [
            8.784743138712743,
            44.79963249628282
          ],
          [
            8.784635367290154,
            44.799637580426236
          ],
          [
            8.784307131749605,
            44.79964340775763
          ],
          [
            8.784007266940678,
            44.7996524472631
          ]
        ]
      }
    },
    {
      "type": "Feature",
      "properties": {
        "materiale": "PVC",
        "dn": "DE160",
        "classe_pre": null,
        "lunghezza": 2.78,
        "prof": 80,
        "anno_posa": 1980,
        "comune": "Pozzolo Formigaro",
        "localita": "CAPOLUOGO",
        "via": "Via Giuseppe Garibaldi",
        "comune_posa": "Pozzolo Formigaro",
        "tipologia": "DISTRIBUZIONE",
        "tip_rete": "DISTRIBUZIONE",
        "id": 4473,
        "etichetta": "PVC DE160",
        "n_distretto": "02",
        "note_etichetta": null,
        "id_distretto": "POZ-DPZ02",
        "distretto_modello": "POZ-DPZ02"
      },
      "geometry": {
        "type": "LineString",
        "coordinates": [
          [
            8.784007266940678,
            44.7996524472631
          ],
          [
            8.78398161509631,
            44.79963539942792
          ]
        ]
      }
    },
    {
      "type": "Feature",
      "properties": {
        "materiale": "PVC",
        "dn": "DE160",
        "classe_pre": null,
        "lunghezza": 631.58,
        "prof": 80,
        "anno_posa": 1980,
        "comune": "Pozzolo Formigaro",
        "localita": "CAPOLUOGO",
        "via": "Via Tortona ",
        "comune_posa": "Pozzolo Formigaro",
        "tipologia": "DISTRIBUZIONE",
        "tip_rete": "DISTRIBUZIONE",
        "id": 4474,
        "etichetta": "PVC DE160",
        "n_distretto": "02",
        "note_etichetta": null,
        "id_distretto": "POZ-DPZ02",
        "distretto_modello": "POZ-DPZ02"
      },
      "geometry": {
        "type": "LineString",
        "coordinates": [
          [
            8.78675046532871,
            44.79928199338902
          ],
          [
            8.786827295061734,
            44.799370520552344
          ],
          [
            8.787054735850024,
            44.7997383492108
          ],
          [
            8.787224770167125,
            44.80003345982999
          ],
          [
            8.787425175538106,
            44.80037975329457
          ],
          [
            8.787531470593711,
            44.8005583502191
          ],
          [
            8.78774403474877,
            44.80092315830256
          ],
          [
            8.787895825221542,
            44.80119539016587
          ],
          [
            8.78813873274963,
            44.80162008278674
          ],
          [
            8.7882890944799,
            44.80186620426122
          ],
          [
            8.788413602464283,
            44.80207964365476
          ],
          [
            8.788518316160499,
            44.802274553665896
          ],
          [
            8.788616986449151,
            44.80245095980314
          ],
          [
            8.788715649396787,
            44.80262954143435
          ],
          [
            8.789068008732537,
            44.803211077468774
          ],
          [
            8.789350398455584,
            44.80370763500644
          ],
          [
            8.789591864429875,
            44.80411437301007
          ],
          [
            8.789774069138636,
            44.804431258005
          ],
          [
            8.78983523189488,
            44.804524377369724
          ]
        ]
      }
    },
    {
      "type": "Feature",
      "properties": {
        "materiale": "AC",
        "dn": "DN50",
        "classe_pre": null,
        "lunghezza": 154.21,
        "prof": 80,
        "anno_posa": 1980,
        "comune": "Pozzolo Formigaro",
        "localita": "CAPOLUOGO",
        "via": "Via Gramsci",
        "comune_posa": "Pozzolo Formigaro",
        "tipologia": "DISTRIBUZIONE",
        "tip_rete": "DISTRIBUZIONE",
        "id": 4475,
        "etichetta": "AC DN50",
        "n_distretto": "02",
        "note_etichetta": null,
        "id_distretto": "POZ-DPZ02",
        "distretto_modello": "POZ-DPZ02"
      },
      "geometry": {
        "type": "LineString",
        "coordinates": [
          [
            8.788719569680643,
            44.80041891768822
          ],
          [
            8.788725014469573,
            44.80037869280766
          ],
          [
            8.788721782951841,
            44.8003770103731
          ],
          [
            8.788718552199102,
            44.80037511838281
          ],
          [
            8.788717679914642,
            44.8003721829704
          ],
          [
            8.78871828769545,
            44.80036694516856
          ],
          [
            8.788723308138652,
            44.800362344201204
          ],
          [
            8.788728315580233,
            44.80036130567939
          ],
          [
            8.788743201139752,
            44.80024413375494
          ],
          [
            8.788823267287242,
            44.79978348430994
          ],
          [
            8.788855788215972,
            44.79954905571901
          ],
          [
            8.788834396293232,
            44.79933681443017
          ],
          [
            8.788800793613177,
            44.799224641525534
          ],
          [
            8.788781469123775,
            44.799136031888814
          ],
          [
            8.788760453784692,
            44.79904761757771
          ]
        ]
      }
    },
    {
      "type": "Feature",
      "properties": {
        "materiale": "PVC",
        "dn": "DE160",
        "classe_pre": null,
        "lunghezza": 168.52,
        "prof": 80,
        "anno_posa": 1980,
        "comune": "Pozzolo Formigaro",
        "localita": "CAPOLUOGO",
        "via": "Via Gramsci",
        "comune_posa": "Pozzolo Formigaro",
        "tipologia": "DISTRIBUZIONE",
        "tip_rete": "DISTRIBUZIONE",
        "id": 4476,
        "etichetta": "PVC DE160",
        "n_distretto": "02",
        "note_etichetta": null,
        "id_distretto": "POZ-DPZ02",
        "distretto_modello": "POZ-DPZ02"
      },
      "geometry": {
        "type": "LineString",
        "coordinates": [
          [
            8.79027676772131,
            44.80050289845282
          ],
          [
            8.788939732910148,
            44.80074120439127
          ],
          [
            8.788812321340636,
            44.80048950040761
          ],
          [
            8.78863393141609,
            44.800253273347835
          ]
        ]
      }
    },
    {
      "type": "Feature",
      "properties": {
        "materiale": "AC",
        "dn": "DN50",
        "classe_pre": null,
        "lunghezza": 156.06,
        "prof": 80,
        "anno_posa": 1980,
        "comune": "Pozzolo Formigaro",
        "localita": "CAPOLUOGO",
        "via": "Via Gramsci",
        "comune_posa": "Pozzolo Formigaro",
        "tipologia": "DISTRIBUZIONE",
        "tip_rete": "DISTRIBUZIONE",
        "id": 4477,
        "etichetta": "AC DN50",
        "n_distretto": "02",
        "note_etichetta": null,
        "id_distretto": "POZ-DPZ02",
        "distretto_modello": "POZ-DPZ02"
      },
      "geometry": {
        "type": "LineString",
        "coordinates": [
          [
            8.788482875426995,
            44.80186747011478
          ],
          [
            8.788546485837513,
            44.80147934743605
          ],
          [
            8.788605222543719,
            44.801111646593625
          ],
          [
            8.788663832003884,
            44.800750345643145
          ],
          [
            8.78871073624569,
            44.800471962847624
          ]
        ]
      }
    },
    {
      "type": "Feature",
      "properties": {
        "materiale": "PVC",
        "dn": "DE110",
        "classe_pre": null,
        "lunghezza": 186.15,
        "prof": 80,
        "anno_posa": 1980,
        "comune": "Pozzolo Formigaro",
        "localita": "CAPOLUOGO",
        "via": "Via della Badia",
        "comune_posa": "Pozzolo Formigaro",
        "tipologia": "DISTRIBUZIONE",
        "tip_rete": "DISTRIBUZIONE",
        "id": 4478,
        "etichetta": "PVC DE110",
        "n_distretto": "02",
        "note_etichetta": null,
        "id_distretto": "POZ-DPZ02",
        "distretto_modello": "POZ-DPZ02"
      },
      "geometry": {
        "type": "LineString",
        "coordinates": [
          [
            8.78960845358851,
            44.7988778947669
          ],
          [
            8.78961265344785,
            44.798886330479725
          ],
          [
            8.789879536894452,
            44.79948580454525
          ],
          [
            8.790150173917578,
            44.80017532579465
          ],
          [
            8.790269577251024,
            44.80048595153158
          ]
        ]
      }
    },
    {
      "type": "Feature",
      "properties": {
        "materiale": "PVC",
        "dn": "DE110",
        "classe_pre": null,
        "lunghezza": 1.97,
        "prof": 80,
        "anno_posa": 1980,
        "comune": "Pozzolo Formigaro",
        "localita": "CAPOLUOGO",
        "via": "Via della Badia",
        "comune_posa": "Pozzolo Formigaro",
        "tipologia": "DISTRIBUZIONE",
        "tip_rete": "DISTRIBUZIONE",
        "id": 4479,
        "etichetta": "PVC DE110",
        "n_distretto": "02",
        "note_etichetta": null,
        "id_distretto": "POZ-DPZ02",
        "distretto_modello": "POZ-DPZ02"
      },
      "geometry": {
        "type": "LineString",
        "coordinates": [
          [
            8.790269577251024,
            44.80048595153158
          ],
          [
            8.79027676772131,
            44.80050289845282
          ]
        ]
      }
    },
    {
      "type": "Feature",
      "properties": {
        "materiale": "AC",
        "dn": "DN40",
        "classe_pre": null,
        "lunghezza": 98.03,
        "prof": 80,
        "anno_posa": 1980,
        "comune": "Pozzolo Formigaro",
        "localita": "CAPOLUOGO",
        "via": "Via Vittorio Veneto",
        "comune_posa": "Pozzolo Formigaro",
        "tipologia": "DISTRIBUZIONE",
        "tip_rete": "DISTRIBUZIONE",
        "id": 4480,
        "etichetta": "AC DN40",
        "n_distretto": "02",
        "note_etichetta": null,
        "id_distretto": "POZ-DPZ02",
        "distretto_modello": "POZ-DPZ02"
      },
      "geometry": {
        "type": "LineString",
        "coordinates": [
          [
            8.780728197897545,
            44.79687351004726
          ],
          [
            8.780249718945175,
            44.796059442826035
          ]
        ]
      }
    },
    {
      "type": "Feature",
      "properties": {
        "materiale": "PVC",
        "dn": "DE50",
        "classe_pre": null,
        "lunghezza": 237.28,
        "prof": 80,
        "anno_posa": 1980,
        "comune": "Pozzolo Formigaro",
        "localita": "CAPOLUOGO",
        "via": "Via della Badia",
        "comune_posa": "Pozzolo Formigaro",
        "tipologia": "DISTRIBUZIONE",
        "tip_rete": "DISTRIBUZIONE",
        "id": 4481,
        "etichetta": "PVC DE50",
        "n_distretto": "02",
        "note_etichetta": null,
        "id_distretto": "POZ-DPZ02",
        "distretto_modello": "POZ-DPZ02"
      },
      "geometry": {
        "type": "LineString",
        "coordinates": [
          [
            8.78851809619653,
            44.79684506137842
          ],
          [
            8.78865027627745,
            44.797099758546985
          ],
          [
            8.788958258292766,
            44.79770991351177
          ],
          [
            8.789112826590275,
            44.79798710580712
          ],
          [
            8.789267171064964,
            44.79827741777694
          ],
          [
            8.789374779405446,
            44.79847040883735
          ],
          [
            8.789567483214096,
            44.79879302979417
          ],
          [
            8.789591678462191,
            44.798839229944946
          ]
        ]
      }
    },
    {
      "type": "Feature",
      "properties": {
        "materiale": "PE",
        "dn": "DE110",
        "classe_pre": null,
        "lunghezza": 115.61,
        "prof": 80,
        "anno_posa": 2016,
        "comune": "Pozzolo Formigaro",
        "localita": "CAPOLUOGO",
        "via": "Strada Bissone",
        "comune_posa": "Pozzolo Formigaro",
        "tipologia": "DISTRIBUZIONE",
        "tip_rete": "DISTRIBUZIONE",
        "id": 4485,
        "etichetta": "PE DE110",
        "n_distretto": "02",
        "note_etichetta": null,
        "id_distretto": "POZ-DPZ02",
        "distretto_modello": "POZ-DPZ02"
      },
      "geometry": {
        "type": "LineString",
        "coordinates": [
          [
            8.796984406658806,
            44.81061386113029
          ],
          [
            8.795559287332631,
            44.810846451402846
          ]
        ]
      }
    },
    {
      "type": "Feature",
      "properties": {
        "materiale": "PE",
        "dn": "DE90",
        "classe_pre": null,
        "lunghezza": 73.86,
        "prof": 80,
        "anno_posa": 1980,
        "comune": "Pozzolo Formigaro",
        "localita": "CAPOLUOGO",
        "via": "Via San Sebastiano",
        "comune_posa": "Pozzolo Formigaro",
        "tipologia": "DISTRIBUZIONE",
        "tip_rete": "DISTRIBUZIONE",
        "id": 4486,
        "etichetta": "PE DE90",
        "n_distretto": "02",
        "note_etichetta": null,
        "id_distretto": "POZ-DPZ02",
        "distretto_modello": "POZ-DPZ02"
      },
      "geometry": {
        "type": "LineString",
        "coordinates": [
          [
            8.78481094974486,
            44.79740797159536
          ],
          [
            8.785092034636019,
            44.79804205144959
          ]
        ]
      }
    },
    {
      "type": "Feature",
      "properties": {
        "materiale": "PE",
        "dn": "DE110",
        "classe_pre": null,
        "lunghezza": 102.32,
        "prof": 80,
        "anno_posa": 1980,
        "comune": "Pozzolo Formigaro",
        "localita": "CAPOLUOGO",
        "via": "Via San Sebastiano",
        "comune_posa": "Pozzolo Formigaro",
        "tipologia": "DISTRIBUZIONE",
        "tip_rete": "DISTRIBUZIONE",
        "id": 4487,
        "etichetta": "PE DE110",
        "n_distretto": "02",
        "note_etichetta": null,
        "id_distretto": "POZ-DPZ02",
        "distretto_modello": "POZ-DPZ02"
      },
      "geometry": {
        "type": "LineString",
        "coordinates": [
          [
            8.78356158572251,
            44.79759622744595
          ],
          [
            8.78381562667211,
            44.79761747658183
          ],
          [
            8.78480101776194,
            44.79738556645921
          ]
        ]
      }
    },
    {
      "type": "Feature",
      "properties": {
        "materiale": "PVC",
        "dn": "DE160",
        "classe_pre": null,
        "lunghezza": 64.27,
        "prof": 80,
        "anno_posa": 1980,
        "comune": "Pozzolo Formigaro",
        "localita": "CAPOLUOGO",
        "via": "Via Giuseppe Garibaldi",
        "comune_posa": "Pozzolo Formigaro",
        "tipologia": "DISTRIBUZIONE",
        "tip_rete": "DISTRIBUZIONE",
        "id": 4488,
        "etichetta": "PVC DE160",
        "n_distretto": "02",
        "note_etichetta": null,
        "id_distretto": "POZ-DPZ02",
        "distretto_modello": "POZ-DPZ02"
      },
      "geometry": {
        "type": "LineString",
        "coordinates": [
          [
            8.7835402028982,
            44.79759455522009
          ],
          [
            8.783480994616061,
            44.79728985895258
          ],
          [
            8.783378218592178,
            44.79709440392825
          ],
          [
            8.783352851344956,
            44.797034798749635
          ]
        ]
      }
    },
    {
      "type": "Feature",
      "properties": {
        "materiale": "PVC",
        "dn": "DE160",
        "classe_pre": null,
        "lunghezza": 57.3,
        "prof": 80,
        "anno_posa": 1980,
        "comune": "Pozzolo Formigaro",
        "localita": "CAPOLUOGO",
        "via": "Via Giuseppe Garibaldi",
        "comune_posa": "Pozzolo Formigaro",
        "tipologia": "DISTRIBUZIONE",
        "tip_rete": "DISTRIBUZIONE",
        "id": 4489,
        "etichetta": "PVC DE160",
        "n_distretto": "02",
        "note_etichetta": null,
        "id_distretto": "POZ-DPZ02",
        "distretto_modello": "POZ-DPZ02"
      },
      "geometry": {
        "type": "LineString",
        "coordinates": [
          [
            8.783571943264855,
            44.79810840173434
          ],
          [
            8.783560058126078,
            44.79800085368705
          ],
          [
            8.783548220688427,
            44.79788324282439
          ],
          [
            8.783544498526059,
            44.79784882054267
          ],
          [
            8.78352554184638,
            44.79766378822669
          ],
          [
            8.7835402028982,
            44.79759455522009
          ]
        ]
      }
    },
    {
      "type": "Feature",
      "properties": {
        "materiale": "PVC",
        "dn": "DE160",
        "classe_pre": null,
        "lunghezza": 24.16,
        "prof": 80,
        "anno_posa": 1980,
        "comune": "Pozzolo Formigaro",
        "localita": "CAPOLUOGO",
        "via": "Via Giuseppe Garibaldi",
        "comune_posa": "Pozzolo Formigaro",
        "tipologia": "DISTRIBUZIONE",
        "tip_rete": "DISTRIBUZIONE",
        "id": 4490,
        "etichetta": "PVC DE160",
        "n_distretto": "02",
        "note_etichetta": null,
        "id_distretto": "POZ-DPZ02",
        "distretto_modello": "POZ-DPZ02"
      },
      "geometry": {
        "type": "LineString",
        "coordinates": [
          [
            8.783590297257271,
            44.798325511922535
          ],
          [
            8.783588836106201,
            44.79829760011241
          ],
          [
            8.783571943264855,
            44.79810840173434
          ]
        ]
      }
    },
    {
      "type": "Feature",
      "properties": {
        "materiale": "PVC",
        "dn": "DE160",
        "classe_pre": null,
        "lunghezza": 49.03,
        "prof": 80,
        "anno_posa": 1980,
        "comune": "Pozzolo Formigaro",
        "localita": "CAPOLUOGO",
        "via": "Via Giuseppe Garibaldi",
        "comune_posa": "Pozzolo Formigaro",
        "tipologia": "DISTRIBUZIONE",
        "tip_rete": "DISTRIBUZIONE",
        "id": 4491,
        "etichetta": "PVC DE160",
        "n_distretto": "02",
        "note_etichetta": null,
        "id_distretto": "POZ-DPZ02",
        "distretto_modello": "POZ-DPZ02"
      },
      "geometry": {
        "type": "LineString",
        "coordinates": [
          [
            8.78398161509631,
            44.79963539942792
          ],
          [
            8.783953980131889,
            44.799619450459346
          ],
          [
            8.783923159832419,
            44.799601663119866
          ],
          [
            8.783883178253607,
            44.799538088394144
          ],
          [
            8.78386141061969,
            44.799500608750776
          ],
          [
            8.783807550620619,
            44.799411873694744
          ],
          [
            8.78371225654199,
            44.79924418382499
          ]
        ]
      }
    },
    {
      "type": "Feature",
      "properties": {
        "materiale": "PVC",
        "dn": "DE160",
        "classe_pre": null,
        "lunghezza": 3.95,
        "prof": 80,
        "anno_posa": 1980,
        "comune": "Pozzolo Formigaro",
        "localita": "CAPOLUOGO",
        "via": "Piazza G. Marconi",
        "comune_posa": "Pozzolo Formigaro",
        "tipologia": "DISTRIBUZIONE",
        "tip_rete": "DISTRIBUZIONE",
        "id": 4492,
        "etichetta": "PVC DE160",
        "n_distretto": "02",
        "note_etichetta": null,
        "id_distretto": "POZ-DPZ02",
        "distretto_modello": "POZ-DPZ02"
      },
      "geometry": {
        "type": "LineString",
        "coordinates": [
          [
            8.783340733020315,
            44.79700703685577
          ],
          [
            8.783325199627841,
            44.79697328558025
          ]
        ]
      }
    },
    {
      "type": "Feature",
      "properties": {
        "materiale": "PVC",
        "dn": "DE160",
        "classe_pre": null,
        "lunghezza": 3.23,
        "prof": 80,
        "anno_posa": 1980,
        "comune": "Pozzolo Formigaro",
        "localita": "CAPOLUOGO",
        "via": "Via Giuseppe Garibaldi",
        "comune_posa": "Pozzolo Formigaro",
        "tipologia": "DISTRIBUZIONE",
        "tip_rete": "DISTRIBUZIONE",
        "id": 4493,
        "etichetta": "PVC DE160",
        "n_distretto": "02",
        "note_etichetta": null,
        "id_distretto": "POZ-DPZ02",
        "distretto_modello": "POZ-DPZ02"
      },
      "geometry": {
        "type": "LineString",
        "coordinates": [
          [
            8.783352851344956,
            44.797034798749635
          ],
          [
            8.783340733020315,
            44.79700703685577
          ]
        ]
      }
    },
    {
      "type": "Feature",
      "properties": {
        "materiale": "PVC",
        "dn": "DE125",
        "classe_pre": null,
        "lunghezza": 2.03,
        "prof": 80,
        "anno_posa": 1980,
        "comune": "Pozzolo Formigaro",
        "localita": "CAPOLUOGO",
        "via": "Piazza G. Marconi",
        "comune_posa": "Pozzolo Formigaro",
        "tipologia": "DISTRIBUZIONE",
        "tip_rete": "DISTRIBUZIONE",
        "id": 4494,
        "etichetta": "PVC DE125",
        "n_distretto": "02",
        "note_etichetta": null,
        "id_distretto": "POZ-DPZ02",
        "distretto_modello": "POZ-DPZ02"
      },
      "geometry": {
        "type": "LineString",
        "coordinates": [
          [
            8.783362159375972,
            44.79699701534956
          ],
          [
            8.783340733020315,
            44.79700703685577
          ]
        ]
      }
    },
    {
      "type": "Feature",
      "properties": {
        "materiale": "PVC",
        "dn": "DE200",
        "classe_pre": null,
        "lunghezza": 1.92,
        "prof": 80,
        "anno_posa": 1980,
        "comune": "Pozzolo Formigaro",
        "localita": "CAPOLUOGO",
        "via": "Via Sant' Alessandro Sauli",
        "comune_posa": "Pozzolo Formigaro",
        "tipologia": "DISTRIBUZIONE",
        "tip_rete": "DISTRIBUZIONE",
        "id": 4495,
        "etichetta": "PVC DE200",
        "n_distretto": "02",
        "note_etichetta": null,
        "id_distretto": "POZ-DPZ02",
        "distretto_modello": "POZ-DPZ02"
      },
      "geometry": {
        "type": "LineString",
        "coordinates": [
          [
            8.783303020588507,
            44.79698031420085
          ],
          [
            8.783325199627841,
            44.79697328558025
          ]
        ]
      }
    },
    {
      "type": "Feature",
      "properties": {
        "materiale": "PVC",
        "dn": "DE200",
        "classe_pre": null,
        "lunghezza": 42.23,
        "prof": 80,
        "anno_posa": 1980,
        "comune": "Pozzolo Formigaro",
        "localita": "CAPOLUOGO",
        "via": "Piazza Stazione",
        "comune_posa": "Pozzolo Formigaro",
        "tipologia": "DISTRIBUZIONE",
        "tip_rete": "DISTRIBUZIONE",
        "id": 4496,
        "etichetta": "PVC DE200",
        "n_distretto": "02",
        "note_etichetta": null,
        "id_distretto": "POZ-DPZ02",
        "distretto_modello": "POZ-DPZ02"
      },
      "geometry": {
        "type": "LineString",
        "coordinates": [
          [
            8.782836354631243,
            44.797544834364516
          ],
          [
            8.782862773640964,
            44.79753904324507
          ],
          [
            8.782858656082203,
            44.79717860999081
          ]
        ]
      }
    },
    {
      "type": "Feature",
      "properties": {
        "materiale": "PVC",
        "dn": "DE200",
        "classe_pre": null,
        "lunghezza": 41.49,
        "prof": 80,
        "anno_posa": 1980,
        "comune": "Pozzolo Formigaro",
        "localita": "CAPOLUOGO",
        "via": "Via Sant' Alessandro Sauli",
        "comune_posa": "Pozzolo Formigaro",
        "tipologia": "DISTRIBUZIONE",
        "tip_rete": "DISTRIBUZIONE",
        "id": 4497,
        "etichetta": "PVC DE200",
        "n_distretto": "02",
        "note_etichetta": null,
        "id_distretto": "POZ-DPZ02",
        "distretto_modello": "POZ-DPZ02"
      },
      "geometry": {
        "type": "LineString",
        "coordinates": [
          [
            8.782858656082203,
            44.79717860999081
          ],
          [
            8.783174582998054,
            44.797034110910076
          ],
          [
            8.783303020588507,
            44.79698031420085
          ]
        ]
      }
    },
    {
      "type": "Feature",
      "properties": {
        "materiale": "PVC",
        "dn": "DE90",
        "classe_pre": null,
        "lunghezza": 209.29,
        "prof": 80,
        "anno_posa": 1980,
        "comune": "Pozzolo Formigaro",
        "localita": "CAPOLUOGO",
        "via": "Via Convento",
        "comune_posa": "Pozzolo Formigaro",
        "tipologia": "DISTRIBUZIONE",
        "tip_rete": "DISTRIBUZIONE",
        "id": 4498,
        "etichetta": "PVC DE90",
        "n_distretto": "03",
        "note_etichetta": null,
        "id_distretto": "POZ-DPZ03",
        "distretto_modello": "POZ-DPZ03"
      },
      "geometry": {
        "type": "LineString",
        "coordinates": [
          [
            8.78239967446733,
            44.79762537560676
          ],
          [
            8.782350813871856,
            44.797530391107706
          ],
          [
            8.782146558199042,
            44.7975644690903
          ],
          [
            8.781830583394923,
            44.797613623290545
          ],
          [
            8.781697119916105,
            44.79763109204689
          ],
          [
            8.781623549643683,
            44.79763939496525
          ],
          [
            8.781545319204405,
            44.79764216331346
          ],
          [
            8.781355524139833,
            44.797647025357385
          ],
          [
            8.781243856596852,
            44.7976507054581
          ],
          [
            8.780988368240953,
            44.797664447320756
          ],
          [
            8.780913668878624,
            44.79766941216372
          ],
          [
            8.78061715129264,
            44.79768268563912
          ],
          [
            8.780220203776727,
            44.79770274202587
          ],
          [
            8.780213417039509,
            44.79768655944067
          ],
          [
            8.780118771307501,
            44.797461008788474
          ]
        ]
      }
    },
    {
      "type": "Feature",
      "properties": {
        "materiale": "PVC",
        "dn": "DE160",
        "classe_pre": null,
        "lunghezza": 27.17,
        "prof": 80,
        "anno_posa": 1980,
        "comune": "Pozzolo Formigaro",
        "localita": "CAPOLUOGO",
        "via": "Via Vittorio Veneto",
        "comune_posa": "Pozzolo Formigaro",
        "tipologia": "DISTRIBUZIONE",
        "tip_rete": "DISTRIBUZIONE",
        "id": 4499,
        "etichetta": "PVC DE160",
        "n_distretto": "03",
        "note_etichetta": null,
        "id_distretto": "POZ-DPZ03",
        "distretto_modello": "POZ-DPZ03"
      },
      "geometry": {
        "type": "LineString",
        "coordinates": [
          [
            8.780058952586087,
            44.79747255596378
          ],
          [
            8.780011387486253,
            44.79751150353922
          ],
          [
            8.77993450308368,
            44.79757978662343
          ],
          [
            8.779833639491159,
            44.79765705122584
          ]
        ]
      }
    },
    {
      "type": "Feature",
      "properties": {
        "materiale": "PVC",
        "dn": "DE160",
        "classe_pre": null,
        "lunghezza": 52.88,
        "prof": 80,
        "anno_posa": 1980,
        "comune": "Pozzolo Formigaro",
        "localita": "CAPOLUOGO",
        "via": "Via Vittorio Veneto",
        "comune_posa": "Pozzolo Formigaro",
        "tipologia": "DISTRIBUZIONE",
        "tip_rete": "DISTRIBUZIONE",
        "id": 4500,
        "etichetta": "PVC DE160",
        "n_distretto": "03",
        "note_etichetta": null,
        "id_distretto": "POZ-DPZ03",
        "distretto_modello": "POZ-DPZ03"
      },
      "geometry": {
        "type": "LineString",
        "coordinates": [
          [
            8.779833639491159,
            44.79765705122584
          ],
          [
            8.779750219834899,
            44.79772436577601
          ],
          [
            8.779646453393077,
            44.7978019688751
          ],
          [
            8.779575635958969,
            44.79786104531727
          ],
          [
            8.779550407063406,
            44.79788371792763
          ],
          [
            8.779527122666577,
            44.797903640188466
          ],
          [
            8.779492184240837,
            44.79793662190775
          ],
          [
            8.779393249535275,
            44.798014922627225
          ]
        ]
      }
    },
    {
      "type": "Feature",
      "properties": {
        "materiale": "PVC",
        "dn": "DE50",
        "classe_pre": null,
        "lunghezza": 114.42,
        "prof": 80,
        "anno_posa": 1980,
        "comune": "Pozzolo Formigaro",
        "localita": "CAPOLUOGO",
        "via": "Via del Giardino",
        "comune_posa": "Pozzolo Formigaro",
        "tipologia": "DISTRIBUZIONE",
        "tip_rete": "DISTRIBUZIONE",
        "id": 4501,
        "etichetta": "PVC DE50",
        "n_distretto": "02",
        "note_etichetta": null,
        "id_distretto": "POZ-DPZ02",
        "distretto_modello": "POZ-DPZ02"
      },
      "geometry": {
        "type": "LineString",
        "coordinates": [
          [
            8.781205446712239,
            44.796481277815374
          ],
          [
            8.78097915108401,
            44.79610171726616
          ],
          [
            8.78091262823265,
            44.7958127216227
          ],
          [
            8.780729748143306,
            44.79551510234424
          ]
        ]
      }
    },
    {
      "type": "Feature",
      "properties": {
        "materiale": "PE",
        "dn": "DE63",
        "classe_pre": null,
        "lunghezza": 76.38,
        "prof": 80,
        "anno_posa": 2024,
        "comune": "Pozzolo Formigaro",
        "localita": "CAPOLUOGO",
        "via": "Via del Giardino",
        "comune_posa": "Pozzolo Formigaro",
        "tipologia": "DISTRIBUZIONE",
        "tip_rete": "DISTRIBUZIONE",
        "id": 4502,
        "etichetta": "PE DE63",
        "n_distretto": "02",
        "note_etichetta": null,
        "id_distretto": "POZ-DPZ02",
        "distretto_modello": "POZ-DPZ02"
      },
      "geometry": {
        "type": "LineString",
        "coordinates": [
          [
            8.780729748143306,
            44.79551510234424
          ],
          [
            8.780509037810821,
            44.79558238183234
          ],
          [
            8.780354621169627,
            44.79562671908589
          ],
          [
            8.78025026288246,
            44.79565761177043
          ],
          [
            8.780068321843375,
            44.79571643937646
          ],
          [
            8.779933652373595,
            44.795753792987306
          ],
          [
            8.779840979405156,
            44.79576778195046
          ],
          [
            8.779834107917338,
            44.79576889709472
          ]
        ]
      }
    },
    {
      "type": "Feature",
      "properties": {
        "materiale": "PVC",
        "dn": "DE160",
        "classe_pre": null,
        "lunghezza": 72.89,
        "prof": 80,
        "anno_posa": 1980,
        "comune": "Pozzolo Formigaro",
        "localita": "CAPOLUOGO",
        "via": "Via Vittorio Veneto",
        "comune_posa": "Pozzolo Formigaro",
        "tipologia": "DISTRIBUZIONE",
        "tip_rete": "DISTRIBUZIONE",
        "id": 4503,
        "etichetta": "PVC DE160",
        "n_distretto": "02",
        "note_etichetta": null,
        "id_distretto": "POZ-DPZ02",
        "distretto_modello": "POZ-DPZ02"
      },
      "geometry": {
        "type": "LineString",
        "coordinates": [
          [
            8.78075803927163,
            44.79690937061442
          ],
          [
            8.780466150258956,
            44.79712569513106
          ],
          [
            8.780357511652053,
            44.797213617386504
          ],
          [
            8.7802469674504,
            44.79729396210101
          ],
          [
            8.780129115483856,
            44.797388751652996
          ]
        ]
      }
    },
    {
      "type": "Feature",
      "properties": {
        "materiale": "PVC",
        "dn": "DE160",
        "classe_pre": null,
        "lunghezza": 11.26,
        "prof": 80,
        "anno_posa": 1980,
        "comune": "Pozzolo Formigaro",
        "localita": "CAPOLUOGO",
        "via": "Via Vittorio Veneto",
        "comune_posa": "Pozzolo Formigaro",
        "tipologia": "DISTRIBUZIONE",
        "tip_rete": "DISTRIBUZIONE",
        "id": 4504,
        "etichetta": "PVC DE160",
        "n_distretto": "03",
        "note_etichetta": null,
        "id_distretto": "POZ-DPZ03",
        "distretto_modello": "POZ-DPZ03"
      },
      "geometry": {
        "type": "LineString",
        "coordinates": [
          [
            8.780129115483856,
            44.797388751652996
          ],
          [
            8.780114086347218,
            44.79739939484741
          ],
          [
            8.780106899998922,
            44.797433295266735
          ],
          [
            8.780058952586087,
            44.79747255596378
          ]
        ]
      }
    },
    {
      "type": "Feature",
      "properties": {
        "materiale": "PVC",
        "dn": "DE110",
        "classe_pre": null,
        "lunghezza": 74.75,
        "prof": 80,
        "anno_posa": 1980,
        "comune": "Pozzolo Formigaro",
        "localita": "CAPOLUOGO",
        "via": "Via Vittorio Veneto",
        "comune_posa": "Pozzolo Formigaro",
        "tipologia": "DISTRIBUZIONE",
        "tip_rete": "DISTRIBUZIONE",
        "id": 4505,
        "etichetta": "PVC DE110",
        "n_distretto": "03",
        "note_etichetta": null,
        "id_distretto": "POZ-DPZ03",
        "distretto_modello": "POZ-DPZ03"
      },
      "geometry": {
        "type": "LineString",
        "coordinates": [
          [
            8.780073724433564,
            44.79733287451609
          ],
          [
            8.779910870969312,
            44.79667001792281
          ]
        ]
      }
    },
    {
      "type": "Feature",
      "properties": {
        "materiale": "PVC",
        "dn": "DE90",
        "classe_pre": null,
        "lunghezza": 9.88,
        "prof": 80,
        "anno_posa": 1980,
        "comune": "Pozzolo Formigaro",
        "localita": "CAPOLUOGO",
        "via": "Via Vittorio Veneto",
        "comune_posa": "Pozzolo Formigaro",
        "tipologia": "DISTRIBUZIONE",
        "tip_rete": "DISTRIBUZIONE",
        "id": 4506,
        "etichetta": "PVC DE90",
        "n_distretto": "03",
        "note_etichetta": null,
        "id_distretto": "POZ-DPZ03",
        "distretto_modello": "POZ-DPZ03"
      },
      "geometry": {
        "type": "LineString",
        "coordinates": [
          [
            8.779842311175422,
            44.79766533023627
          ],
          [
            8.779908097325643,
            44.79774093636695
          ]
        ]
      }
    },
    {
      "type": "Feature",
      "properties": {
        "materiale": "PVC",
        "dn": "DE63",
        "classe_pre": null,
        "lunghezza": 2.49,
        "prof": 80,
        "anno_posa": 1980,
        "comune": "Pozzolo Formigaro",
        "localita": "CAPOLUOGO",
        "via": "Via Vittorio Veneto",
        "comune_posa": "Pozzolo Formigaro",
        "tipologia": "DISTRIBUZIONE",
        "tip_rete": "DISTRIBUZIONE",
        "id": 4507,
        "etichetta": "PVC DE63",
        "n_distretto": "03",
        "note_etichetta": null,
        "id_distretto": "POZ-DPZ03",
        "distretto_modello": "POZ-DPZ03"
      },
      "geometry": {
        "type": "LineString",
        "coordinates": [
          [
            8.780052387529146,
            44.797349358013705
          ],
          [
            8.780073724433564,
            44.79733287451609
          ]
        ]
      }
    },
    {
      "type": "Feature",
      "properties": {
        "materiale": "PVC",
        "dn": "DE110",
        "classe_pre": null,
        "lunghezza": 287.9,
        "prof": 80,
        "anno_posa": 1980,
        "comune": "Pozzolo Formigaro",
        "localita": "CAPOLUOGO",
        "via": "Via Timone",
        "comune_posa": "Pozzolo Formigaro",
        "tipologia": "DISTRIBUZIONE",
        "tip_rete": "DISTRIBUZIONE",
        "id": 4508,
        "etichetta": "PVC DE110",
        "n_distretto": "03",
        "note_etichetta": null,
        "id_distretto": "POZ-DPZ03",
        "distretto_modello": "POZ-DPZ03"
      },
      "geometry": {
        "type": "LineString",
        "coordinates": [
          [
            8.77915894400823,
            44.80016992205297
          ],
          [
            8.779244541307724,
            44.8001146343607
          ],
          [
            8.779441752220384,
            44.800005884309286
          ],
          [
            8.779616209227207,
            44.799904319513274
          ],
          [
            8.779766478966707,
            44.79980546190597
          ],
          [
            8.779922587109441,
            44.799696976011056
          ],
          [
            8.780024396338817,
            44.79962625415942
          ],
          [
            8.78017234792381,
            44.79949194505172
          ],
          [
            8.780072509607752,
            44.7993144406281
          ],
          [
            8.779972798573219,
            44.79913690002277
          ],
          [
            8.779873214844992,
            44.79895932328191
          ],
          [
            8.779698540603071,
            44.798648782919344
          ],
          [
            8.779360729822496,
            44.79804756471553
          ],
          [
            8.779338699912792,
            44.79800776701074
          ]
        ]
      }
    },
    {
      "type": "Feature",
      "properties": {
        "materiale": "PVC",
        "dn": "DE110",
        "classe_pre": null,
        "lunghezza": 15.24,
        "prof": 80,
        "anno_posa": 1980,
        "comune": "Pozzolo Formigaro",
        "localita": "CAPOLUOGO",
        "via": "Via Vittorio Veneto",
        "comune_posa": "Pozzolo Formigaro",
        "tipologia": "DISTRIBUZIONE",
        "tip_rete": "DISTRIBUZIONE",
        "id": 4509,
        "etichetta": "PVC DE110",
        "n_distretto": "03",
        "note_etichetta": null,
        "id_distretto": "POZ-DPZ03",
        "distretto_modello": "POZ-DPZ03"
      },
      "geometry": {
        "type": "LineString",
        "coordinates": [
          [
            8.779338699912792,
            44.79800776701074
          ],
          [
            8.779267170826603,
            44.79788034411
          ]
        ]
      }
    },
    {
      "type": "Feature",
      "properties": {
        "materiale": "PVC",
        "dn": "DE110",
        "classe_pre": null,
        "lunghezza": 218.87,
        "prof": 80,
        "anno_posa": 1980,
        "comune": "Pozzolo Formigaro",
        "localita": "CAPOLUOGO",
        "via": "Via Belvedere",
        "comune_posa": "Pozzolo Formigaro",
        "tipologia": "DISTRIBUZIONE",
        "tip_rete": "DISTRIBUZIONE",
        "id": 4510,
        "etichetta": "PVC DE110",
        "n_distretto": "03",
        "note_etichetta": null,
        "id_distretto": "POZ-DPZ03",
        "distretto_modello": "POZ-DPZ03"
      },
      "geometry": {
        "type": "LineString",
        "coordinates": [
          [
            8.779267170827255,
            44.79788032790721
          ],
          [
            8.779198741166597,
            44.79789079127248
          ],
          [
            8.778685259120923,
            44.79788911392239
          ],
          [
            8.778671758462435,
            44.79779819678189
          ],
          [
            8.7786627618565,
            44.797736855182876
          ],
          [
            8.778649148230254,
            44.79767550463409
          ],
          [
            8.778629425660695,
            44.79760209648104
          ],
          [
            8.778618240056435,
            44.79754503137798
          ],
          [
            8.77860211664047,
            44.7974812710552
          ],
          [
            8.778563997437473,
            44.79737841168006
          ],
          [
            8.778440988872276,
            44.797066383099256
          ],
          [
            8.778345944069446,
            44.796819044384414
          ],
          [
            8.778183339763011,
            44.796378392974184
          ]
        ]
      }
    },
    {
      "type": "Feature",
      "properties": {
        "materiale": "PVC",
        "dn": "DE160",
        "classe_pre": null,
        "lunghezza": 4.45,
        "prof": 80,
        "anno_posa": 1980,
        "comune": "Pozzolo Formigaro",
        "localita": "CAPOLUOGO",
        "via": "Via Vittorio Veneto",
        "comune_posa": "Pozzolo Formigaro",
        "tipologia": "DISTRIBUZIONE",
        "tip_rete": "DISTRIBUZIONE",
        "id": 4511,
        "etichetta": "PVC DE160",
        "n_distretto": "03",
        "note_etichetta": null,
        "id_distretto": "POZ-DPZ03",
        "distretto_modello": "POZ-DPZ03"
      },
      "geometry": {
        "type": "LineString",
        "coordinates": [
          [
            8.779393249535275,
            44.798014922627225
          ],
          [
            8.779360729822496,
            44.79804756471553
          ]
        ]
      }
    },
    {
      "type": "Feature",
      "properties": {
        "materiale": "PVC",
        "dn": "DE110",
        "classe_pre": null,
        "lunghezza": 175.31,
        "prof": 80,
        "anno_posa": 1980,
        "comune": "Pozzolo Formigaro",
        "localita": "CAPOLUOGO",
        "via": "Via Marencana",
        "comune_posa": "Pozzolo Formigaro",
        "tipologia": "DISTRIBUZIONE",
        "tip_rete": "DISTRIBUZIONE",
        "id": 4512,
        "etichetta": "PVC DE110",
        "n_distretto": "03",
        "note_etichetta": null,
        "id_distretto": "POZ-DPZ03",
        "distretto_modello": "POZ-DPZ03"
      },
      "geometry": {
        "type": "LineString",
        "coordinates": [
          [
            8.777282650142652,
            44.79401049791956
          ],
          [
            8.777462738391481,
            44.79394957025695
          ],
          [
            8.777863974559157,
            44.793710744709955
          ],
          [
            8.777978467451558,
            44.79360837712956
          ],
          [
            8.77823172572723,
            44.79337752480521
          ],
          [
            8.778367576910219,
            44.79325247697596
          ],
          [
            8.778501496268555,
            44.7931267367107
          ],
          [
            8.778642173051281,
            44.79300376348329
          ],
          [
            8.778788515767257,
            44.79287518373383
          ]
        ]
      }
    },
    {
      "type": "Feature",
      "properties": {
        "materiale": "PVC",
        "dn": "DE110",
        "classe_pre": null,
        "lunghezza": 1.85,
        "prof": 80,
        "anno_posa": 1980,
        "comune": "Pozzolo Formigaro",
        "localita": "CAPOLUOGO",
        "via": "Via Marencana",
        "comune_posa": "Pozzolo Formigaro",
        "tipologia": "DISTRIBUZIONE",
        "tip_rete": "DISTRIBUZIONE",
        "id": 4513,
        "etichetta": "PVC DE110",
        "n_distretto": "03",
        "note_etichetta": null,
        "id_distretto": "POZ-DPZ03",
        "distretto_modello": "POZ-DPZ03"
      },
      "geometry": {
        "type": "LineString",
        "coordinates": [
          [
            8.778788515767257,
            44.79287518373383
          ],
          [
            8.778804193441507,
            44.79286285891788
          ]
        ]
      }
    },
    {
      "type": "Feature",
      "properties": {
        "materiale": "AC",
        "dn": "DN50",
        "classe_pre": null,
        "lunghezza": 23.53,
        "prof": 80,
        "anno_posa": 1980,
        "comune": "Pozzolo Formigaro",
        "localita": "CAPOLUOGO",
        "via": "Viale Partigiani",
        "comune_posa": "Pozzolo Formigaro",
        "tipologia": "DISTRIBUZIONE",
        "tip_rete": "DISTRIBUZIONE",
        "id": 4514,
        "etichetta": "AC DN50",
        "n_distretto": "03",
        "note_etichetta": null,
        "id_distretto": "POZ-DPZ03",
        "distretto_modello": "POZ-DPZ03"
      },
      "geometry": {
        "type": "LineString",
        "coordinates": [
          [
            8.778975447306008,
            44.792834343275196
          ],
          [
            8.779005781524598,
            44.792827863063145
          ],
          [
            8.779263271834775,
            44.792780926140054
          ]
        ]
      }
    },
    {
      "type": "Feature",
      "properties": {
        "materiale": "PVC",
        "dn": "DE110",
        "classe_pre": null,
        "lunghezza": 7.56,
        "prof": 80,
        "anno_posa": 1980,
        "comune": "Pozzolo Formigaro",
        "localita": "CAPOLUOGO",
        "via": "Viale Partigiani",
        "comune_posa": "Pozzolo Formigaro",
        "tipologia": "DISTRIBUZIONE",
        "tip_rete": "DISTRIBUZIONE",
        "id": 4515,
        "etichetta": "PVC DE110",
        "n_distretto": "03",
        "note_etichetta": null,
        "id_distretto": "POZ-DPZ03",
        "distretto_modello": "POZ-DPZ03"
      },
      "geometry": {
        "type": "LineString",
        "coordinates": [
          [
            8.778804193441507,
            44.79286285891788
          ],
          [
            8.778868394418197,
            44.79281238801092
          ]
        ]
      }
    },
    {
      "type": "Feature",
      "properties": {
        "materiale": "PVC",
        "dn": "DE110",
        "classe_pre": null,
        "lunghezza": 27.17,
        "prof": 80,
        "anno_posa": 1980,
        "comune": "Pozzolo Formigaro",
        "localita": "CAPOLUOGO",
        "via": "Strada Pagnoletta",
        "comune_posa": "Pozzolo Formigaro",
        "tipologia": "DISTRIBUZIONE",
        "tip_rete": "DISTRIBUZIONE",
        "id": 4516,
        "etichetta": "PVC DE110",
        "n_distretto": "03",
        "note_etichetta": null,
        "id_distretto": "POZ-DPZ03",
        "distretto_modello": "POZ-DPZ03"
      },
      "geometry": {
        "type": "LineString",
        "coordinates": [
          [
            8.77670150022591,
            44.79138152942982
          ],
          [
            8.776606326634136,
            44.791336078910994
          ],
          [
            8.776419524250663,
            44.79124183165588
          ]
        ]
      }
    },
    {
      "type": "Feature",
      "properties": {
        "materiale": "PVC",
        "dn": "DE110",
        "classe_pre": null,
        "lunghezza": 532.16,
        "prof": 80,
        "anno_posa": 1980,
        "comune": "Pozzolo Formigaro",
        "localita": "CAPOLUOGO",
        "via": "Strada Pagnoletta",
        "comune_posa": "Pozzolo Formigaro",
        "tipologia": "DISTRIBUZIONE",
        "tip_rete": "DISTRIBUZIONE",
        "id": 4517,
        "etichetta": "PVC DE110",
        "n_distretto": "03",
        "note_etichetta": null,
        "id_distretto": "POZ-DPZ03",
        "distretto_modello": "POZ-DPZ03"
      },
      "geometry": {
        "type": "LineString",
        "coordinates": [
          [
            8.776419524250663,
            44.79124183165588
          ],
          [
            8.776111536057083,
            44.791132258455235
          ],
          [
            8.775304972402848,
            44.79088591139789
          ],
          [
            8.775068770108126,
            44.79078234419803
          ],
          [
            8.774900822295125,
            44.79068394043456
          ],
          [
            8.774773001518966,
            44.790558792216
          ],
          [
            8.77472036364903,
            44.79047318897317
          ],
          [
            8.774386896296633,
            44.78935181755272
          ],
          [
            8.77380822880284,
            44.78802626968198
          ],
          [
            8.77335931893154,
            44.78734070861012
          ],
          [
            8.773350521244076,
            44.78732910377326
          ],
          [
            8.773339884915837,
            44.78731507611404
          ]
        ]
      }
    },
    {
      "type": "Feature",
      "properties": {
        "materiale": "PVC",
        "dn": "DE90",
        "classe_pre": null,
        "lunghezza": 7.89,
        "prof": 80,
        "anno_posa": 1980,
        "comune": "Pozzolo Formigaro",
        "localita": "CAPOLUOGO",
        "via": "Viale Partigiani",
        "comune_posa": "Pozzolo Formigaro",
        "tipologia": "DISTRIBUZIONE",
        "tip_rete": "DISTRIBUZIONE",
        "id": 4518,
        "etichetta": "PVC DE90",
        "n_distretto": "03",
        "note_etichetta": null,
        "id_distretto": "POZ-DPZ03",
        "distretto_modello": "POZ-DPZ03"
      },
      "geometry": {
        "type": "LineString",
        "coordinates": [
          [
            8.777517871383772,
            44.79276689353984
          ],
          [
            8.777418117892376,
            44.79276720701119
          ]
        ]
      }
    },
    {
      "type": "Feature",
      "properties": {
        "materiale": "PVC",
        "dn": "DE63",
        "classe_pre": null,
        "lunghezza": 112.78,
        "prof": 80,
        "anno_posa": 1980,
        "comune": "Pozzolo Formigaro",
        "localita": "CAPOLUOGO",
        "via": "Via della Fornace",
        "comune_posa": "Pozzolo Formigaro",
        "tipologia": "DISTRIBUZIONE",
        "tip_rete": "DISTRIBUZIONE",
        "id": 4519,
        "etichetta": "PVC DE63",
        "n_distretto": "03",
        "note_etichetta": null,
        "id_distretto": "POZ-DPZ03",
        "distretto_modello": "POZ-DPZ03"
      },
      "geometry": {
        "type": "LineString",
        "coordinates": [
          [
            8.777517871383772,
            44.79276689353984
          ],
          [
            8.777584585210958,
            44.792340645481474
          ],
          [
            8.777685721397303,
            44.791758736577826
          ]
        ]
      }
    },
    {
      "type": "Feature",
      "properties": {
        "materiale": "PVC",
        "dn": "DE90",
        "classe_pre": null,
        "lunghezza": 107.64,
        "prof": 80,
        "anno_posa": 1980,
        "comune": "Pozzolo Formigaro",
        "localita": "CAPOLUOGO",
        "via": "Viale Partigiani",
        "comune_posa": "Pozzolo Formigaro",
        "tipologia": "DISTRIBUZIONE",
        "tip_rete": "DISTRIBUZIONE",
        "id": 4520,
        "etichetta": "PVC DE90",
        "n_distretto": "03",
        "note_etichetta": null,
        "id_distretto": "POZ-DPZ03",
        "distretto_modello": "POZ-DPZ03"
      },
      "geometry": {
        "type": "LineString",
        "coordinates": [
          [
            8.778803624672314,
            44.792814877012546
          ],
          [
            8.77880298590319,
            44.792760989671024
          ],
          [
            8.778537550119495,
            44.79276258437185
          ],
          [
            8.77791734521496,
            44.79276690337986
          ],
          [
            8.777517871383772,
            44.79276689353984
          ]
        ]
      }
    },
    {
      "type": "Feature",
      "properties": {
        "materiale": "PVC",
        "dn": "DE110",
        "classe_pre": null,
        "lunghezza": 34.11,
        "prof": 80,
        "anno_posa": 1980,
        "comune": "Pozzolo Formigaro",
        "localita": "CAPOLUOGO",
        "via": "Viale Partigiani",
        "comune_posa": "Pozzolo Formigaro",
        "tipologia": "DISTRIBUZIONE",
        "tip_rete": "DISTRIBUZIONE",
        "id": 4521,
        "etichetta": "PVC DE110",
        "n_distretto": "03",
        "note_etichetta": null,
        "id_distretto": "POZ-DPZ03",
        "distretto_modello": "POZ-DPZ03"
      },
      "geometry": {
        "type": "LineString",
        "coordinates": [
          [
            8.778868394418197,
            44.79281238801092
          ],
          [
            8.778933572083572,
            44.79276522551089
          ],
          [
            8.77905559679032,
            44.79276331680302
          ],
          [
            8.77927149412773,
            44.79275493949019
          ]
        ]
      }
    },
    {
      "type": "Feature",
      "properties": {
        "materiale": "PVC",
        "dn": "DE110",
        "classe_pre": null,
        "lunghezza": 0.8,
        "prof": 80,
        "anno_posa": 1980,
        "comune": "Pozzolo Formigaro",
        "localita": "CAPOLUOGO",
        "via": "Viale Partigiani",
        "comune_posa": "Pozzolo Formigaro",
        "tipologia": "DISTRIBUZIONE",
        "tip_rete": "DISTRIBUZIONE",
        "id": 4522,
        "etichetta": "PVC DE110",
        "n_distretto": "03",
        "note_etichetta": null,
        "id_distretto": "POZ-DPZ03",
        "distretto_modello": "POZ-DPZ03"
      },
      "geometry": {
        "type": "LineString",
        "coordinates": [
          [
            8.77927149412773,
            44.79275493949019
          ],
          [
            8.779281281010707,
            44.79275672640588
          ]
        ]
      }
    },
    {
      "type": "Feature",
      "properties": {
        "materiale": "PVC",
        "dn": "DE50",
        "classe_pre": null,
        "lunghezza": 1.97,
        "prof": 80,
        "anno_posa": 1980,
        "comune": "Pozzolo Formigaro",
        "localita": "CAPOLUOGO",
        "via": "Viale Partigiani",
        "comune_posa": "Pozzolo Formigaro",
        "tipologia": "DISTRIBUZIONE",
        "tip_rete": "DISTRIBUZIONE",
        "id": 4523,
        "etichetta": "PVC DE50",
        "n_distretto": "03",
        "note_etichetta": null,
        "id_distretto": "POZ-DPZ03",
        "distretto_modello": "POZ-DPZ03"
      },
      "geometry": {
        "type": "LineString",
        "coordinates": [
          [
            8.778849920214352,
            44.79280047261362
          ],
          [
            8.778868394418193,
            44.79281238801092
          ]
        ]
      }
    },
    {
      "type": "Feature",
      "properties": {
        "materiale": "PVC",
        "dn": "DE160",
        "classe_pre": null,
        "lunghezza": 79.13,
        "prof": 80,
        "anno_posa": 1980,
        "comune": "Pozzolo Formigaro",
        "localita": "CAPOLUOGO",
        "via": "Via Belvedere",
        "comune_posa": "Pozzolo Formigaro",
        "tipologia": "DISTRIBUZIONE",
        "tip_rete": "DISTRIBUZIONE",
        "id": 4524,
        "etichetta": "PVC DE160",
        "n_distretto": "01",
        "note_etichetta": null,
        "id_distretto": "POZ-DPZ01",
        "distretto_modello": "POZ-DPZ01"
      },
      "geometry": {
        "type": "LineString",
        "coordinates": [
          [
            8.7837006966253,
            44.78977497765531
          ],
          [
            8.784029736221871,
            44.78969504288618
          ],
          [
            8.78426968742779,
            44.78962993041267
          ],
          [
            8.784645315674808,
            44.78954094842551
          ]
        ]
      }
    },
    {
      "type": "Feature",
      "properties": {
        "materiale": "PVC",
        "dn": "DE160",
        "classe_pre": null,
        "lunghezza": 8.48,
        "prof": 80,
        "anno_posa": 1980,
        "comune": "Pozzolo Formigaro",
        "localita": "CAPOLUOGO",
        "via": "Via Belvedere",
        "comune_posa": "Pozzolo Formigaro",
        "tipologia": "DISTRIBUZIONE",
        "tip_rete": "DISTRIBUZIONE",
        "id": 4525,
        "etichetta": "PVC DE160",
        "n_distretto": "01",
        "note_etichetta": null,
        "id_distretto": "POZ-DPZ01",
        "distretto_modello": "POZ-DPZ01"
      },
      "geometry": {
        "type": "LineString",
        "coordinates": [
          [
            8.784645315674808,
            44.78954094842551
          ],
          [
            8.784747202774572,
            44.78951724847369
          ]
        ]
      }
    },
    {
      "type": "Feature",
      "properties": {
        "materiale": "PVC",
        "dn": "DE160",
        "classe_pre": null,
        "lunghezza": 0.77,
        "prof": 80,
        "anno_posa": 1980,
        "comune": "Pozzolo Formigaro",
        "localita": "CAPOLUOGO",
        "via": "Via Belvedere",
        "comune_posa": "Pozzolo Formigaro",
        "tipologia": "DISTRIBUZIONE",
        "tip_rete": "DISTRIBUZIONE",
        "id": 4526,
        "etichetta": "PVC DE160",
        "n_distretto": "01",
        "note_etichetta": null,
        "id_distretto": "POZ-DPZ01",
        "distretto_modello": "POZ-DPZ01"
      },
      "geometry": {
        "type": "LineString",
        "coordinates": [
          [
            8.78369198313347,
            44.78977805951659
          ],
          [
            8.7837006966253,
            44.78977497765531
          ]
        ]
      }
    },
    {
      "type": "Feature",
      "properties": {
        "materiale": "PVC",
        "dn": "DE160",
        "classe_pre": null,
        "lunghezza": 38.4,
        "prof": 80,
        "anno_posa": 1980,
        "comune": "Pozzolo Formigaro",
        "localita": "CAPOLUOGO",
        "via": "Via Belvedere",
        "comune_posa": "Pozzolo Formigaro",
        "tipologia": "DISTRIBUZIONE",
        "tip_rete": "DISTRIBUZIONE",
        "id": 4527,
        "etichetta": "PVC DE160",
        "n_distretto": "01",
        "note_etichetta": null,
        "id_distretto": "POZ-DPZ01",
        "distretto_modello": "POZ-DPZ01"
      },
      "geometry": {
        "type": "LineString",
        "coordinates": [
          [
            8.782917868800554,
            44.789939426971415
          ],
          [
            8.782924551813267,
            44.789962161012156
          ],
          [
            8.78297680993907,
            44.78994986687169
          ],
          [
            8.783355190810164,
            44.78986245402023
          ]
        ]
      }
    },
    {
      "type": "Feature",
      "properties": {
        "materiale": "PVC",
        "dn": "DE160",
        "classe_pre": null,
        "lunghezza": 3.25,
        "prof": 80,
        "anno_posa": 1980,
        "comune": "Pozzolo Formigaro",
        "localita": "CAPOLUOGO",
        "via": "Via Cappelletta",
        "comune_posa": "Pozzolo Formigaro",
        "tipologia": "DISTRIBUZIONE",
        "tip_rete": "DISTRIBUZIONE",
        "id": 4528,
        "etichetta": "PVC DE160",
        "n_distretto": "01",
        "note_etichetta": null,
        "id_distretto": "POZ-DPZ01",
        "distretto_modello": "POZ-DPZ01"
      },
      "geometry": {
        "type": "LineString",
        "coordinates": [
          [
            8.782303713868206,
            44.78767232041969
          ],
          [
            8.782340503131515,
            44.78765930855246
          ]
        ]
      }
    },
    {
      "type": "Feature",
      "properties": {
        "materiale": "PVC",
        "dn": "DE160",
        "classe_pre": null,
        "lunghezza": 236.06,
        "prof": 80,
        "anno_posa": 1980,
        "comune": "Pozzolo Formigaro",
        "localita": "CAPOLUOGO",
        "via": "Strada Valle",
        "comune_posa": "Pozzolo Formigaro",
        "tipologia": "DISTRIBUZIONE",
        "tip_rete": "DISTRIBUZIONE",
        "id": 4529,
        "etichetta": "PVC DE160",
        "n_distretto": "01",
        "note_etichetta": null,
        "id_distretto": "POZ-DPZ01",
        "distretto_modello": "POZ-DPZ01"
      },
      "geometry": {
        "type": "LineString",
        "coordinates": [
          [
            8.782354695105498,
            44.78785268678356
          ],
          [
            8.782376255825895,
            44.78792834960984
          ],
          [
            8.78253293063809,
            44.78854397199471
          ],
          [
            8.782633851710264,
            44.78890045765249
          ],
          [
            8.782712431057337,
            44.78919319050044
          ],
          [
            8.78282636106899,
            44.78962774024596
          ],
          [
            8.782917868800554,
            44.789939426971415
          ]
        ]
      }
    },
    {
      "type": "Feature",
      "properties": {
        "materiale": "PVC",
        "dn": "DE50",
        "classe_pre": null,
        "lunghezza": 3.09,
        "prof": 80,
        "anno_posa": 1980,
        "comune": "Pozzolo Formigaro",
        "localita": "CAPOLUOGO",
        "via": "Strada Vecchia di Novi",
        "comune_posa": "Pozzolo Formigaro",
        "tipologia": "DISTRIBUZIONE",
        "tip_rete": "DISTRIBUZIONE",
        "id": 4530,
        "etichetta": "PVC DE50",
        "n_distretto": "01",
        "note_etichetta": null,
        "id_distretto": "POZ-DPZ01",
        "distretto_modello": "POZ-DPZ01"
      },
      "geometry": {
        "type": "LineString",
        "coordinates": [
          [
            8.783349492550691,
            44.789834902194514
          ],
          [
            8.783355190810164,
            44.78986245402023
          ]
        ]
      }
    },
    {
      "type": "Feature",
      "properties": {
        "materiale": "PVC",
        "dn": "DE90",
        "classe_pre": null,
        "lunghezza": 80.68,
        "prof": 80,
        "anno_posa": 1980,
        "comune": "Pozzolo Formigaro",
        "localita": "CAPOLUOGO",
        "via": "Strada Vecchia di Novi",
        "comune_posa": "Pozzolo Formigaro",
        "tipologia": "DISTRIBUZIONE",
        "tip_rete": "DISTRIBUZIONE",
        "id": 4531,
        "etichetta": "PVC DE90",
        "n_distretto": "01",
        "note_etichetta": null,
        "id_distretto": "POZ-DPZ01",
        "distretto_modello": "POZ-DPZ01"
      },
      "geometry": {
        "type": "LineString",
        "coordinates": [
          [
            8.783436712308019,
            44.78905012485445
          ],
          [
            8.783459377531473,
            44.789116523735416
          ],
          [
            8.783533585405651,
            44.78928853707975
          ],
          [
            8.783661041212142,
            44.7896541464619
          ],
          [
            8.783686240239895,
            44.78975381683526
          ]
        ]
      }
    },
    {
      "type": "Feature",
      "properties": {
        "materiale": "PVC",
        "dn": "DE90",
        "classe_pre": null,
        "lunghezza": 2.73,
        "prof": 80,
        "anno_posa": 1980,
        "comune": "Pozzolo Formigaro",
        "localita": "CAPOLUOGO",
        "via": "Strada Vecchia di Novi",
        "comune_posa": "Pozzolo Formigaro",
        "tipologia": "DISTRIBUZIONE",
        "tip_rete": "DISTRIBUZIONE",
        "id": 4532,
        "etichetta": "PVC DE90",
        "n_distretto": "01",
        "note_etichetta": null,
        "id_distretto": "POZ-DPZ01",
        "distretto_modello": "POZ-DPZ01"
      },
      "geometry": {
        "type": "LineString",
        "coordinates": [
          [
            8.783686240239895,
            44.78975381683526
          ],
          [
            8.78369198313347,
            44.78977805951659
          ]
        ]
      }
    },
    {
      "type": "Feature",
      "properties": {
        "materiale": "AC",
        "dn": "DN40",
        "classe_pre": null,
        "lunghezza": 131.05,
        "prof": 80,
        "anno_posa": 1980,
        "comune": "Pozzolo Formigaro",
        "localita": "CAPOLUOGO",
        "via": "Via dei Confini",
        "comune_posa": "Pozzolo Formigaro",
        "tipologia": "DISTRIBUZIONE",
        "tip_rete": "DISTRIBUZIONE",
        "id": 4533,
        "etichetta": "AC DN40",
        "n_distretto": "01",
        "note_etichetta": null,
        "id_distretto": "POZ-DPZ01",
        "distretto_modello": "POZ-DPZ01"
      },
      "geometry": {
        "type": "LineString",
        "coordinates": [
          [
            8.784636376784025,
            44.789521807364196
          ],
          [
            8.784299690531709,
            44.78877904987362
          ],
          [
            8.783760906931361,
            44.788668631225455
          ]
        ]
      }
    },
    {
      "type": "Feature",
      "properties": {
        "materiale": "PVC",
        "dn": "DE50",
        "classe_pre": null,
        "lunghezza": 104.6,
        "prof": 80,
        "anno_posa": 1980,
        "comune": "Pozzolo Formigaro",
        "localita": "CAPOLUOGO",
        "via": "Via dei Confini",
        "comune_posa": "Pozzolo Formigaro",
        "tipologia": "DISTRIBUZIONE",
        "tip_rete": "DISTRIBUZIONE",
        "id": 4534,
        "etichetta": "PVC DE50",
        "n_distretto": "01",
        "note_etichetta": null,
        "id_distretto": "POZ-DPZ01",
        "distretto_modello": "POZ-DPZ01"
      },
      "geometry": {
        "type": "LineString",
        "coordinates": [
          [
            8.784736292137353,
            44.78949877003415
          ],
          [
            8.784452565064127,
            44.78857910574945
          ]
        ]
      }
    },
    {
      "type": "Feature",
      "properties": {
        "materiale": "PVC",
        "dn": "DE160",
        "classe_pre": null,
        "lunghezza": 136.24,
        "prof": 80,
        "anno_posa": 1980,
        "comune": "Pozzolo Formigaro",
        "localita": "CAPOLUOGO",
        "via": "Via Belvedere",
        "comune_posa": "Pozzolo Formigaro",
        "tipologia": "DISTRIBUZIONE",
        "tip_rete": "DISTRIBUZIONE",
        "id": 4535,
        "etichetta": "PVC DE160",
        "n_distretto": "01",
        "note_etichetta": null,
        "id_distretto": "POZ-DPZ01",
        "distretto_modello": "POZ-DPZ01"
      },
      "geometry": {
        "type": "LineString",
        "coordinates": [
          [
            8.784747202774572,
            44.78951724847369
          ],
          [
            8.785016155494322,
            44.7894335970146
          ],
          [
            8.785069162713961,
            44.78942188544289
          ],
          [
            8.785618323005924,
            44.78928461051116
          ],
          [
            8.785818997878776,
            44.78923835002668
          ],
          [
            8.785980922567722,
            44.78919047035407
          ],
          [
            8.786142177803997,
            44.78913387988795
          ],
          [
            8.786279075851052,
            44.7890723719192
          ],
          [
            8.78632849092279,
            44.78904406270475
          ]
        ]
      }
    },
    {
      "type": "Feature",
      "properties": {
        "materiale": "PVC",
        "dn": "DE160",
        "classe_pre": null,
        "lunghezza": 481.05,
        "prof": 80,
        "anno_posa": 1980,
        "comune": "Pozzolo Formigaro",
        "localita": "CAPOLUOGO",
        "via": "Via Cappelletta",
        "comune_posa": "Pozzolo Formigaro",
        "tipologia": "DISTRIBUZIONE",
        "tip_rete": "DISTRIBUZIONE",
        "id": 4536,
        "etichetta": "PVC DE160",
        "n_distretto": "01",
        "note_etichetta": null,
        "id_distretto": "POZ-DPZ01",
        "distretto_modello": "POZ-DPZ01"
      },
      "geometry": {
        "type": "LineString",
        "coordinates": [
          [
            8.78234050313162,
            44.78765930569315
          ],
          [
            8.783088477380474,
            44.78749961375574
          ],
          [
            8.784435372078399,
            44.787219868421346
          ],
          [
            8.784698556591346,
            44.7871652828205
          ],
          [
            8.785021807082526,
            44.78707776045902
          ],
          [
            8.785591045233483,
            44.786879158085576
          ],
          [
            8.785796314030412,
            44.78679829722774
          ],
          [
            8.78708013332787,
            44.786310467547764
          ],
          [
            8.78790752966468,
            44.7860012720384
          ],
          [
            8.787924123850866,
            44.78599436929952
          ]
        ]
      }
    },
    {
      "type": "Feature",
      "properties": {
        "materiale": "PVC",
        "dn": "DE160",
        "classe_pre": null,
        "lunghezza": 15.69,
        "prof": 80,
        "anno_posa": 1980,
        "comune": "Pozzolo Formigaro",
        "localita": "CAPOLUOGO",
        "via": "Strada Novi",
        "comune_posa": "Pozzolo Formigaro",
        "tipologia": "DISTRIBUZIONE",
        "tip_rete": "DISTRIBUZIONE",
        "id": 4537,
        "etichetta": "PVC DE160",
        "n_distretto": "01",
        "note_etichetta": null,
        "id_distretto": "POZ-DPZ01",
        "distretto_modello": "POZ-DPZ01"
      },
      "geometry": {
        "type": "LineString",
        "coordinates": [
          [
            8.788642085883868,
            44.78538236955714
          ],
          [
            8.788681205441481,
            44.78538203882319
          ],
          [
            8.7888403641495,
            44.78538284960152
          ]
        ]
      }
    },
    {
      "type": "Feature",
      "properties": {
        "materiale": "PVC",
        "dn": "DE140",
        "classe_pre": null,
        "lunghezza": 63.73,
        "prof": 80,
        "anno_posa": 1980,
        "comune": "Pozzolo Formigaro",
        "localita": "CAPOLUOGO",
        "via": "Via Bastida",
        "comune_posa": "Pozzolo Formigaro",
        "tipologia": "DISTRIBUZIONE",
        "tip_rete": "DISTRIBUZIONE",
        "id": 4539,
        "etichetta": "PVC DE140",
        "n_distretto": "01",
        "note_etichetta": null,
        "id_distretto": "POZ-DPZ01",
        "distretto_modello": "POZ-DPZ01"
      },
      "geometry": {
        "type": "LineString",
        "coordinates": [
          [
            8.785503778408188,
            44.79086484772537
          ],
          [
            8.785643923013565,
            44.79080169469999
          ],
          [
            8.785917083261847,
            44.79068182278048
          ],
          [
            8.786193518333576,
            44.79056851913632
          ]
        ]
      }
    },
    {
      "type": "Feature",
      "properties": {
        "materiale": "PE",
        "dn": "DE50",
        "classe_pre": null,
        "lunghezza": 92.36,
        "prof": 80,
        "anno_posa": 1980,
        "comune": "Pozzolo Formigaro",
        "localita": "CAPOLUOGO",
        "via": "Via Bastida",
        "comune_posa": "Pozzolo Formigaro",
        "tipologia": "DISTRIBUZIONE",
        "tip_rete": "DISTRIBUZIONE",
        "id": 4542,
        "etichetta": "PE DE50",
        "n_distretto": "01",
        "note_etichetta": null,
        "id_distretto": "POZ-DPZ01",
        "distretto_modello": "POZ-DPZ01"
      },
      "geometry": {
        "type": "LineString",
        "coordinates": [
          [
            8.785514785908685,
            44.790882771278206
          ],
          [
            8.78591746537517,
            44.791524174818456
          ],
          [
            8.785752284295823,
            44.79157675892842
          ]
        ]
      }
    },
    {
      "type": "Feature",
      "properties": {
        "materiale": "AC",
        "dn": "DN50",
        "classe_pre": null,
        "lunghezza": 54.55,
        "prof": 80,
        "anno_posa": 1980,
        "comune": "Pozzolo Formigaro",
        "localita": "CAPOLUOGO",
        "via": "Via Fratelli Cervi",
        "comune_posa": "Pozzolo Formigaro",
        "tipologia": "DISTRIBUZIONE",
        "tip_rete": "DISTRIBUZIONE",
        "id": 4543,
        "etichetta": "AC DN50",
        "n_distretto": "01",
        "note_etichetta": null,
        "id_distretto": "POZ-DPZ01",
        "distretto_modello": "POZ-DPZ01"
      },
      "geometry": {
        "type": "LineString",
        "coordinates": [
          [
            8.7856275734197,
            44.790250092149414
          ],
          [
            8.78613475613357,
            44.790554811594276
          ],
          [
            8.786158789643393,
            44.79056192730668
          ]
        ]
      }
    },
    {
      "type": "Feature",
      "properties": {
        "materiale": "AC",
        "dn": "DN50",
        "classe_pre": null,
        "lunghezza": 2.84,
        "prof": 80,
        "anno_posa": 1980,
        "comune": "Pozzolo Formigaro",
        "localita": "CAPOLUOGO",
        "via": "Via Fratelli Cervi",
        "comune_posa": "Pozzolo Formigaro",
        "tipologia": "DISTRIBUZIONE",
        "tip_rete": "DISTRIBUZIONE",
        "id": 4544,
        "etichetta": "AC DN50",
        "n_distretto": "01",
        "note_etichetta": null,
        "id_distretto": "POZ-DPZ01",
        "distretto_modello": "POZ-DPZ01"
      },
      "geometry": {
        "type": "LineString",
        "coordinates": [
          [
            8.786158789643393,
            44.79056192730668
          ],
          [
            8.786193518333576,
            44.79056851913632
          ]
        ]
      }
    },
    {
      "type": "Feature",
      "properties": {
        "materiale": "PVC",
        "dn": "DE140",
        "classe_pre": null,
        "lunghezza": 42.99,
        "prof": 80,
        "anno_posa": 1980,
        "comune": "Pozzolo Formigaro",
        "localita": "CAPOLUOGO",
        "via": "Via Bastida",
        "comune_posa": "Pozzolo Formigaro",
        "tipologia": "DISTRIBUZIONE",
        "tip_rete": "DISTRIBUZIONE",
        "id": 4545,
        "etichetta": "PVC DE140",
        "n_distretto": "01",
        "note_etichetta": null,
        "id_distretto": "POZ-DPZ01",
        "distretto_modello": "POZ-DPZ01"
      },
      "geometry": {
        "type": "LineString",
        "coordinates": [
          [
            8.786193518333576,
            44.79056851913632
          ],
          [
            8.786256912336004,
            44.79054190739434
          ],
          [
            8.786329342606907,
            44.79050803256177
          ],
          [
            8.786401765556114,
            44.79047414983749
          ],
          [
            8.786474181181914,
            44.79044025922243
          ],
          [
            8.786648014545868,
            44.79035643762868
          ]
        ]
      }
    },
    {
      "type": "Feature",
      "properties": {
        "materiale": "PVC",
        "dn": "DE90",
        "classe_pre": null,
        "lunghezza": 115.16,
        "prof": 80,
        "anno_posa": 1980,
        "comune": "Pozzolo Formigaro",
        "localita": "CAPOLUOGO",
        "via": "Via Placido Lugano",
        "comune_posa": "Pozzolo Formigaro",
        "tipologia": "DISTRIBUZIONE",
        "tip_rete": "DISTRIBUZIONE",
        "id": 4547,
        "etichetta": "PVC DE90",
        "n_distretto": "01",
        "note_etichetta": null,
        "id_distretto": "POZ-DPZ01",
        "distretto_modello": "POZ-DPZ01"
      },
      "geometry": {
        "type": "LineString",
        "coordinates": [
          [
            8.78621336301613,
            44.790572363590954
          ],
          [
            8.786227301639531,
            44.79057630796145
          ],
          [
            8.78647611479002,
            44.7910892888473
          ],
          [
            8.786695935271359,
            44.791546576159604
          ]
        ]
      }
    },
    {
      "type": "Feature",
      "properties": {
        "materiale": "PVC",
        "dn": "DE140",
        "classe_pre": null,
        "lunghezza": 2.58,
        "prof": 80,
        "anno_posa": 1980,
        "comune": "Pozzolo Formigaro",
        "localita": "CAPOLUOGO",
        "via": "Via Bastida",
        "comune_posa": "Pozzolo Formigaro",
        "tipologia": "DISTRIBUZIONE",
        "tip_rete": "DISTRIBUZIONE",
        "id": 4548,
        "etichetta": "PVC DE140",
        "n_distretto": "01",
        "note_etichetta": null,
        "id_distretto": "POZ-DPZ01",
        "distretto_modello": "POZ-DPZ01"
      },
      "geometry": {
        "type": "LineString",
        "coordinates": [
          [
            8.786648014545868,
            44.79035643762868
          ],
          [
            8.78667576291098,
            44.79034422040503
          ]
        ]
      }
    },
    {
      "type": "Feature",
      "properties": {
        "materiale": "PVC",
        "dn": "DE160",
        "classe_pre": null,
        "lunghezza": 48.92,
        "prof": 80,
        "anno_posa": 1980,
        "comune": "Pozzolo Formigaro",
        "localita": "CAPOLUOGO",
        "via": null,
        "comune_posa": "Pozzolo Formigaro",
        "tipologia": "DISTRIBUZIONE",
        "tip_rete": "DISTRIBUZIONE",
        "id": 4549,
        "etichetta": "PVC DE160",
        "n_distretto": "01",
        "note_etichetta": null,
        "id_distretto": "POZ-DPZ01",
        "distretto_modello": "POZ-DPZ01"
      },
      "geometry": {
        "type": "LineString",
        "coordinates": [
          [
            8.786675882860774,
            44.7903441990603
          ],
          [
            8.786695669797,
            44.79040058446458
          ],
          [
            8.786853803245972,
            44.79067858350735
          ],
          [
            8.786897652961267,
            44.79075481071013
          ]
        ]
      }
    },
    {
      "type": "Feature",
      "properties": {
        "materiale": "PVC",
        "dn": "DE160",
        "classe_pre": null,
        "lunghezza": 69.75,
        "prof": 80,
        "anno_posa": 1980,
        "comune": "Pozzolo Formigaro",
        "localita": "CAPOLUOGO",
        "via": "Via Fraschetta",
        "comune_posa": "Pozzolo Formigaro",
        "tipologia": "DISTRIBUZIONE",
        "tip_rete": "DISTRIBUZIONE",
        "id": 4550,
        "etichetta": "PVC DE160",
        "n_distretto": "01",
        "note_etichetta": null,
        "id_distretto": "POZ-DPZ01",
        "distretto_modello": "POZ-DPZ01"
      },
      "geometry": {
        "type": "LineString",
        "coordinates": [
          [
            8.786442917142425,
            44.789739160800366
          ],
          [
            8.786482790648291,
            44.7898122047059
          ],
          [
            8.78658008943758,
            44.790096051300324
          ],
          [
            8.786675882860774,
            44.7903441990603
          ]
        ]
      }
    },
    {
      "type": "Feature",
      "properties": {
        "materiale": "PVC",
        "dn": "DE160",
        "classe_pre": null,
        "lunghezza": 196.31,
        "prof": 80,
        "anno_posa": 1980,
        "comune": "Pozzolo Formigaro",
        "localita": "CAPOLUOGO",
        "via": "Via Fraschetta",
        "comune_posa": "Pozzolo Formigaro",
        "tipologia": "DISTRIBUZIONE",
        "tip_rete": "DISTRIBUZIONE",
        "id": 4551,
        "etichetta": "PVC DE160",
        "n_distretto": "01",
        "note_etichetta": null,
        "id_distretto": "POZ-DPZ01",
        "distretto_modello": "POZ-DPZ01"
      },
      "geometry": {
        "type": "LineString",
        "coordinates": [
          [
            8.786897652961267,
            44.79075481071013
          ],
          [
            8.786921456888821,
            44.79079322044715
          ],
          [
            8.787257343475307,
            44.79133767768159
          ],
          [
            8.787488167845666,
            44.79171231105519
          ],
          [
            8.787783531024811,
            44.79219312449117
          ],
          [
            8.787882659607199,
            44.7923667339927
          ],
          [
            8.78788685318178,
            44.79237551816
          ]
        ]
      }
    },
    {
      "type": "Feature",
      "properties": {
        "materiale": "PVC",
        "dn": "DE160",
        "classe_pre": null,
        "lunghezza": 27.67,
        "prof": 80,
        "anno_posa": 1980,
        "comune": "Pozzolo Formigaro",
        "localita": "CAPOLUOGO",
        "via": null,
        "comune_posa": "Pozzolo Formigaro",
        "tipologia": "DISTRIBUZIONE",
        "tip_rete": "DISTRIBUZIONE",
        "id": 4552,
        "etichetta": "PVC DE160",
        "n_distretto": "01",
        "note_etichetta": null,
        "id_distretto": "POZ-DPZ01",
        "distretto_modello": "POZ-DPZ01"
      },
      "geometry": {
        "type": "LineString",
        "coordinates": [
          [
            8.786320539146027,
            44.789505902147795
          ],
          [
            8.786384899614779,
            44.789620947261405
          ],
          [
            8.786419845960276,
            44.78969322971308
          ],
          [
            8.786442917142425,
            44.789739160800366
          ]
        ]
      }
    },
    {
      "type": "Feature",
      "properties": {
        "materiale": "PVC",
        "dn": "DE160",
        "classe_pre": null,
        "lunghezza": 4.7,
        "prof": 80,
        "anno_posa": 1980,
        "comune": "Pozzolo Formigaro",
        "localita": "CAPOLUOGO",
        "via": null,
        "comune_posa": "Pozzolo Formigaro",
        "tipologia": "DISTRIBUZIONE",
        "tip_rete": "DISTRIBUZIONE",
        "id": 4553,
        "etichetta": "PVC DE160",
        "n_distretto": "01",
        "note_etichetta": null,
        "id_distretto": "POZ-DPZ01",
        "distretto_modello": "POZ-DPZ01"
      },
      "geometry": {
        "type": "LineString",
        "coordinates": [
          [
            8.786302393484956,
            44.789465604658524
          ],
          [
            8.786320539146027,
            44.789505902147795
          ]
        ]
      }
    },
    {
      "type": "Feature",
      "properties": {
        "materiale": "PE",
        "dn": "DE110",
        "classe_pre": null,
        "lunghezza": 138.23,
        "prof": 80,
        "anno_posa": 1980,
        "comune": "Pozzolo Formigaro",
        "localita": "CAPOLUOGO",
        "via": "Via Goffredo Mameli",
        "comune_posa": "Pozzolo Formigaro",
        "tipologia": "DISTRIBUZIONE",
        "tip_rete": "DISTRIBUZIONE",
        "id": 4554,
        "etichetta": "PE DE110",
        "n_distretto": "01",
        "note_etichetta": null,
        "id_distretto": "POZ-DPZ01",
        "distretto_modello": "POZ-DPZ01"
      },
      "geometry": {
        "type": "LineString",
        "coordinates": [
          [
            8.78824111719843,
            44.78905168240427
          ],
          [
            8.788149158653306,
            44.78907166266658
          ],
          [
            8.787819968321271,
            44.789138336062734
          ],
          [
            8.787787241231317,
            44.78914496446624
          ],
          [
            8.787574468501173,
            44.78918877487231
          ],
          [
            8.787311095212283,
            44.789243713508455
          ],
          [
            8.787028580485217,
            44.78930587898336
          ],
          [
            8.786714729387699,
            44.78937045390479
          ],
          [
            8.786564657383362,
            44.78940267628679
          ]
        ]
      }
    },
    {
      "type": "Feature",
      "properties": {
        "materiale": "PE",
        "dn": "DE110",
        "classe_pre": null,
        "lunghezza": 3.9,
        "prof": 80,
        "anno_posa": 1980,
        "comune": "Pozzolo Formigaro",
        "localita": "CAPOLUOGO",
        "via": "Via Goffredo Mameli",
        "comune_posa": "Pozzolo Formigaro",
        "tipologia": "DISTRIBUZIONE",
        "tip_rete": "DISTRIBUZIONE",
        "id": 4556,
        "etichetta": "PE DE110",
        "n_distretto": "01",
        "note_etichetta": null,
        "id_distretto": "POZ-DPZ01",
        "distretto_modello": "POZ-DPZ01"
      },
      "geometry": {
        "type": "LineString",
        "coordinates": [
          [
            8.786333008235706,
            44.789472082209706
          ],
          [
            8.786330222820663,
            44.78947592925937
          ],
          [
            8.786320539145317,
            44.78950590214798
          ]
        ]
      }
    },
    {
      "type": "Feature",
      "properties": {
        "materiale": "PE",
        "dn": "DE110",
        "classe_pre": null,
        "lunghezza": 1.63,
        "prof": 80,
        "anno_posa": 2024,
        "comune": "Pozzolo Formigaro",
        "localita": "CAPOLUOGO",
        "via": "Strada Vecchia di San Marziano",
        "comune_posa": "Pozzolo Formigaro",
        "tipologia": "DISTRIBUZIONE",
        "tip_rete": "DISTRIBUZIONE",
        "id": 4558,
        "etichetta": "PE DE110",
        "n_distretto": "01",
        "note_etichetta": null,
        "id_distretto": "POZ-DPZ01",
        "distretto_modello": "POZ-DPZ01"
      },
      "geometry": {
        "type": "LineString",
        "coordinates": [
          [
            8.786463047263641,
            44.78973597765765
          ],
          [
            8.786442917142425,
            44.789739160800366
          ]
        ]
      }
    },
    {
      "type": "Feature",
      "properties": {
        "materiale": "PE",
        "dn": "DE110",
        "classe_pre": null,
        "lunghezza": 68.55,
        "prof": 80,
        "anno_posa": 2024,
        "comune": "Pozzolo Formigaro",
        "localita": "CAPOLUOGO",
        "via": "Strada Vecchia di San Marziano",
        "comune_posa": "Pozzolo Formigaro",
        "tipologia": "DISTRIBUZIONE",
        "tip_rete": "DISTRIBUZIONE",
        "id": 4559,
        "etichetta": "PE DE110",
        "n_distretto": "01",
        "note_etichetta": null,
        "id_distretto": "POZ-DPZ01",
        "distretto_modello": "POZ-DPZ01"
      },
      "geometry": {
        "type": "LineString",
        "coordinates": [
          [
            8.787316211324775,
            44.789639987428835
          ],
          [
            8.787269690051007,
            44.78965093395088
          ],
          [
            8.787224268910204,
            44.78966008699934
          ],
          [
            8.78705036230888,
            44.78967230502872
          ],
          [
            8.786811318211278,
            44.78969251425501
          ],
          [
            8.786642584442161,
            44.78971559866897
          ],
          [
            8.7865173084136,
            44.78973683615019
          ],
          [
            8.786463047263641,
            44.78973597765765
          ]
        ]
      }
    },
    {
      "type": "Feature",
      "properties": {
        "materiale": "PE",
        "dn": "DE110",
        "classe_pre": null,
        "lunghezza": 65.64,
        "prof": 80,
        "anno_posa": 2024,
        "comune": "Pozzolo Formigaro",
        "localita": "CAPOLUOGO",
        "via": "Strada Vecchia di San Marziano",
        "comune_posa": "Pozzolo Formigaro",
        "tipologia": "DISTRIBUZIONE",
        "tip_rete": "DISTRIBUZIONE",
        "id": 4560,
        "etichetta": "PE DE110",
        "n_distretto": "01",
        "note_etichetta": null,
        "id_distretto": "POZ-DPZ01",
        "distretto_modello": "POZ-DPZ01"
      },
      "geometry": {
        "type": "LineString",
        "coordinates": [
          [
            8.788098124578886,
            44.789444724534846
          ],
          [
            8.787895312784247,
            44.789485711930986
          ],
          [
            8.787812393091173,
            44.78950446893093
          ],
          [
            8.78768792983601,
            44.789544383400944
          ],
          [
            8.787507805460915,
            44.789594070562636
          ],
          [
            8.787392347133613,
            44.78961931662434
          ],
          [
            8.787316211324775,
            44.789639987428835
          ]
        ]
      }
    },
    {
      "type": "Feature",
      "properties": {
        "materiale": "PE",
        "dn": "DE90",
        "classe_pre": null,
        "lunghezza": 63.11,
        "prof": 80,
        "anno_posa": 1980,
        "comune": "Pozzolo Formigaro",
        "localita": "CAPOLUOGO",
        "via": "Via Montemanni",
        "comune_posa": "Pozzolo Formigaro",
        "tipologia": "DISTRIBUZIONE",
        "tip_rete": "DISTRIBUZIONE",
        "id": 4562,
        "etichetta": "PE DE90",
        "n_distretto": "01",
        "note_etichetta": null,
        "id_distretto": "POZ-DPZ01",
        "distretto_modello": "POZ-DPZ01"
      },
      "geometry": {
        "type": "LineString",
        "coordinates": [
          [
            8.788920811909259,
            44.790958669368024
          ],
          [
            8.788905519038364,
            44.79078755494791
          ],
          [
            8.78887946961814,
            44.79062981320779
          ],
          [
            8.788856072639197,
            44.790412658787666
          ],
          [
            8.78882866586667,
            44.79041722996146
          ]
        ]
      }
    },
    {
      "type": "Feature",
      "properties": {
        "materiale": "PE",
        "dn": "DE50",
        "classe_pre": null,
        "lunghezza": 5.68,
        "prof": 80,
        "anno_posa": 1980,
        "comune": "Pozzolo Formigaro",
        "localita": "CAPOLUOGO",
        "via": "Via Montemanni",
        "comune_posa": "Pozzolo Formigaro",
        "tipologia": "DISTRIBUZIONE",
        "tip_rete": "DISTRIBUZIONE",
        "id": 4563,
        "etichetta": "PE DE50",
        "n_distretto": "01",
        "note_etichetta": null,
        "id_distretto": "POZ-DPZ01",
        "distretto_modello": "POZ-DPZ01"
      },
      "geometry": {
        "type": "LineString",
        "coordinates": [
          [
            8.789735457453935,
            44.7915957074192
          ],
          [
            8.789804904029657,
            44.79158261847674
          ]
        ]
      }
    },
    {
      "type": "Feature",
      "properties": {
        "materiale": "PE",
        "dn": "DE75",
        "classe_pre": null,
        "lunghezza": 73.63,
        "prof": 80,
        "anno_posa": 1980,
        "comune": "Pozzolo Formigaro",
        "localita": "CAPOLUOGO",
        "via": "Via Montemanni",
        "comune_posa": "Pozzolo Formigaro",
        "tipologia": "DISTRIBUZIONE",
        "tip_rete": "DISTRIBUZIONE",
        "id": 4564,
        "etichetta": "PE DE75",
        "n_distretto": "01",
        "note_etichetta": null,
        "id_distretto": "POZ-DPZ01",
        "distretto_modello": "POZ-DPZ01"
      },
      "geometry": {
        "type": "LineString",
        "coordinates": [
          [
            8.788941246701382,
            44.79095569808947
          ],
          [
            8.789440427312728,
            44.79085676390667
          ],
          [
            8.789830571268707,
            44.790761123337724
          ]
        ]
      }
    },
    {
      "type": "Feature",
      "properties": {
        "materiale": "PE",
        "dn": "DE90",
        "classe_pre": null,
        "lunghezza": 89.42,
        "prof": 80,
        "anno_posa": 1980,
        "comune": "Pozzolo Formigaro",
        "localita": "CAPOLUOGO",
        "via": "Via Montemanni",
        "comune_posa": "Pozzolo Formigaro",
        "tipologia": "DISTRIBUZIONE",
        "tip_rete": "DISTRIBUZIONE",
        "id": 4565,
        "etichetta": "PE DE90",
        "n_distretto": "01",
        "note_etichetta": null,
        "id_distretto": "POZ-DPZ01",
        "distretto_modello": "POZ-DPZ01"
      },
      "geometry": {
        "type": "LineString",
        "coordinates": [
          [
            8.788920000462705,
            44.791760954389915
          ],
          [
            8.788934700350898,
            44.79169087175718
          ],
          [
            8.78895500476566,
            44.79148147192954
          ],
          [
            8.78895542877336,
            44.791461429756176
          ],
          [
            8.788955667846372,
            44.791448584744934
          ],
          [
            8.788941816996072,
            44.7912267179391
          ],
          [
            8.788944332578728,
            44.791082226097075
          ],
          [
            8.78892772580284,
            44.79101154687161
          ],
          [
            8.788920811909259,
            44.790958669368024
          ]
        ]
      }
    },
    {
      "type": "Feature",
      "properties": {
        "materiale": "PE",
        "dn": "DE75",
        "classe_pre": null,
        "lunghezza": 60.32,
        "prof": 80,
        "anno_posa": 1980,
        "comune": "Pozzolo Formigaro",
        "localita": "CAPOLUOGO",
        "via": "Via Montemanni",
        "comune_posa": "Pozzolo Formigaro",
        "tipologia": "DISTRIBUZIONE",
        "tip_rete": "DISTRIBUZIONE",
        "id": 4566,
        "etichetta": "PE DE75",
        "n_distretto": "01",
        "note_etichetta": null,
        "id_distretto": "POZ-DPZ01",
        "distretto_modello": "POZ-DPZ01"
      },
      "geometry": {
        "type": "LineString",
        "coordinates": [
          [
            8.789004905441358,
            44.791750328873334
          ],
          [
            8.789223889945617,
            44.79169726636679
          ],
          [
            8.789467811677806,
            44.79164968906781
          ],
          [
            8.789547054398078,
            44.79163002111532
          ],
          [
            8.789735457453935,
            44.7915957074192
          ]
        ]
      }
    },
    {
      "type": "Feature",
      "properties": {
        "materiale": "PE",
        "dn": "DE50",
        "classe_pre": null,
        "lunghezza": 17.39,
        "prof": 80,
        "anno_posa": 1980,
        "comune": "Pozzolo Formigaro",
        "localita": "CAPOLUOGO",
        "via": "Via Montemanni",
        "comune_posa": "Pozzolo Formigaro",
        "tipologia": "DISTRIBUZIONE",
        "tip_rete": "DISTRIBUZIONE",
        "id": 4567,
        "etichetta": "PE DE50",
        "n_distretto": "01",
        "note_etichetta": null,
        "id_distretto": "POZ-DPZ01",
        "distretto_modello": "POZ-DPZ01"
      },
      "geometry": {
        "type": "LineString",
        "coordinates": [
          [
            8.789804904029657,
            44.79158261847674
          ],
          [
            8.790014745688673,
            44.79153604038279
          ]
        ]
      }
    },
    {
      "type": "Feature",
      "properties": {
        "materiale": "PE",
        "dn": "DE90",
        "classe_pre": null,
        "lunghezza": 51.84,
        "prof": 80,
        "anno_posa": 1980,
        "comune": "Pozzolo Formigaro",
        "localita": "CAPOLUOGO",
        "via": "Via Montemanni",
        "comune_posa": "Pozzolo Formigaro",
        "tipologia": "DISTRIBUZIONE",
        "tip_rete": "DISTRIBUZIONE",
        "id": 4568,
        "etichetta": "PE DE90",
        "n_distretto": "01",
        "note_etichetta": null,
        "id_distretto": "POZ-DPZ01",
        "distretto_modello": "POZ-DPZ01"
      },
      "geometry": {
        "type": "LineString",
        "coordinates": [
          [
            8.788925811020047,
            44.79222618699703
          ],
          [
            8.788912607517426,
            44.79219512074183
          ],
          [
            8.788918918258712,
            44.791931848334265
          ],
          [
            8.788920000462705,
            44.791760954389915
          ]
        ]
      }
    },
    {
      "type": "Feature",
      "properties": {
        "materiale": "PVC",
        "dn": "DE63",
        "classe_pre": null,
        "lunghezza": 0.29,
        "prof": 80,
        "anno_posa": 1980,
        "comune": "Pozzolo Formigaro",
        "localita": "CAPOLUOGO",
        "via": "Via Robinie",
        "comune_posa": "Pozzolo Formigaro",
        "tipologia": "DISTRIBUZIONE",
        "tip_rete": "DISTRIBUZIONE",
        "id": 4569,
        "etichetta": "PVC DE63",
        "n_distretto": "01",
        "note_etichetta": null,
        "id_distretto": "POZ-DPZ01",
        "distretto_modello": "POZ-DPZ01"
      },
      "geometry": {
        "type": "LineString",
        "coordinates": [
          [
            8.788931491599644,
            44.79223126417369
          ],
          [
            8.788928011440703,
            44.792232009999886
          ]
        ]
      }
    },
    {
      "type": "Feature",
      "properties": {
        "materiale": "PVC",
        "dn": "DE63",
        "classe_pre": null,
        "lunghezza": 79.03,
        "prof": 80,
        "anno_posa": 1980,
        "comune": "Pozzolo Formigaro",
        "localita": "CAPOLUOGO",
        "via": "Via Robinie",
        "comune_posa": "Pozzolo Formigaro",
        "tipologia": "DISTRIBUZIONE",
        "tip_rete": "DISTRIBUZIONE",
        "id": 4570,
        "etichetta": "PVC DE63",
        "n_distretto": "01",
        "note_etichetta": null,
        "id_distretto": "POZ-DPZ01",
        "distretto_modello": "POZ-DPZ01"
      },
      "geometry": {
        "type": "LineString",
        "coordinates": [
          [
            8.788894551494286,
            44.79223920523848
          ],
          [
            8.78859958852808,
            44.792275597654566
          ],
          [
            8.788244462528658,
            44.79232564295086
          ],
          [
            8.787911190574771,
            44.79236478095077
          ]
        ]
      }
    },
    {
      "type": "Feature",
      "properties": {
        "materiale": "PVC",
        "dn": "DE63",
        "classe_pre": null,
        "lunghezza": 1.16,
        "prof": 80,
        "anno_posa": 1980,
        "comune": "Pozzolo Formigaro",
        "localita": "CAPOLUOGO",
        "via": "Via Robinie",
        "comune_posa": "Pozzolo Formigaro",
        "tipologia": "DISTRIBUZIONE",
        "tip_rete": "DISTRIBUZIONE",
        "id": 4571,
        "etichetta": "PVC DE63",
        "n_distretto": "01",
        "note_etichetta": null,
        "id_distretto": "POZ-DPZ01",
        "distretto_modello": "POZ-DPZ01"
      },
      "geometry": {
        "type": "LineString",
        "coordinates": [
          [
            8.787900250248668,
            44.792371280228856
          ],
          [
            8.78788685318178,
            44.79237551816
          ]
        ]
      }
    },
    {
      "type": "Feature",
      "properties": {
        "materiale": "PVC",
        "dn": "DE63",
        "classe_pre": null,
        "lunghezza": 1.63,
        "prof": 80,
        "anno_posa": 1980,
        "comune": "Pozzolo Formigaro",
        "localita": "CAPOLUOGO",
        "via": "Strada Provinciale Villalvernia",
        "comune_posa": "Pozzolo Formigaro",
        "tipologia": "DISTRIBUZIONE",
        "tip_rete": "DISTRIBUZIONE",
        "id": 4572,
        "etichetta": "PVC DE63",
        "n_distretto": "04",
        "note_etichetta": null,
        "id_distretto": "POZ-DPZ05",
        "distretto_modello": "POZ-DPZ05"
      },
      "geometry": {
        "type": "LineString",
        "coordinates": [
          [
            8.789179433547401,
            44.79505538379331
          ],
          [
            8.789161434168578,
            44.79504819634523
          ]
        ]
      }
    },
    {
      "type": "Feature",
      "properties": {
        "materiale": "PVC",
        "dn": "DE63",
        "classe_pre": null,
        "lunghezza": 144.6,
        "prof": 80,
        "anno_posa": 1980,
        "comune": "Pozzolo Formigaro",
        "localita": "CAPOLUOGO",
        "via": "Via Mulino",
        "comune_posa": "Pozzolo Formigaro",
        "tipologia": "DISTRIBUZIONE",
        "tip_rete": "DISTRIBUZIONE",
        "id": 4573,
        "etichetta": "PVC DE63",
        "n_distretto": "02",
        "note_etichetta": null,
        "id_distretto": "POZ-DPZ02",
        "distretto_modello": "POZ-DPZ02"
      },
      "geometry": {
        "type": "LineString",
        "coordinates": [
          [
            8.788691928533549,
            44.794764860018425
          ],
          [
            8.788504577911144,
            44.79482126319736
          ],
          [
            8.788315699230285,
            44.79487747889422
          ],
          [
            8.788012824545776,
            44.79498297766527
          ],
          [
            8.787817893801819,
            44.79502286429467
          ],
          [
            8.787745845660382,
            44.79503845608075
          ],
          [
            8.787436401996965,
            44.7951113545371
          ],
          [
            8.787083521516903,
            44.795168762025845
          ],
          [
            8.78696778346068,
            44.795180241364676
          ]
        ]
      }
    },
    {
      "type": "Feature",
      "properties": {
        "materiale": "PVC",
        "dn": "DE63",
        "classe_pre": null,
        "lunghezza": 2.39,
        "prof": 80,
        "anno_posa": 1980,
        "comune": "Pozzolo Formigaro",
        "localita": "CAPOLUOGO",
        "via": "Via Mulino",
        "comune_posa": "Pozzolo Formigaro",
        "tipologia": "DISTRIBUZIONE",
        "tip_rete": "DISTRIBUZIONE",
        "id": 4574,
        "etichetta": "PVC DE63",
        "n_distretto": "02",
        "note_etichetta": null,
        "id_distretto": "POZ-DPZ02",
        "distretto_modello": "POZ-DPZ02"
      },
      "geometry": {
        "type": "LineString",
        "coordinates": [
          [
            8.78696778346068,
            44.795180241364676
          ],
          [
            8.786937718758809,
            44.79518276402417
          ]
        ]
      }
    },
    {
      "type": "Feature",
      "properties": {
        "materiale": "PVC",
        "dn": "DE63",
        "classe_pre": null,
        "lunghezza": 11.1,
        "prof": 80,
        "anno_posa": 1980,
        "comune": "Pozzolo Formigaro",
        "localita": "CAPOLUOGO",
        "via": "Via Mulino",
        "comune_posa": "Pozzolo Formigaro",
        "tipologia": "DISTRIBUZIONE",
        "tip_rete": "DISTRIBUZIONE",
        "id": 4575,
        "etichetta": "PVC DE63",
        "n_distretto": "02",
        "note_etichetta": null,
        "id_distretto": "POZ-DPZ02",
        "distretto_modello": "POZ-DPZ02"
      },
      "geometry": {
        "type": "LineString",
        "coordinates": [
          [
            8.786884026456924,
            44.795243036773876
          ],
          [
            8.786885511958419,
            44.79524318739291
          ],
          [
            8.786918416137315,
            44.79523874973976
          ],
          [
            8.786909449989649,
            44.79518434298355
          ],
          [
            8.786937718758809,
            44.79518276402417
          ]
        ]
      }
    },
    {
      "type": "Feature",
      "properties": {
        "materiale": "PVC",
        "dn": "DE63",
        "classe_pre": null,
        "lunghezza": 78.19,
        "prof": 80,
        "anno_posa": 1980,
        "comune": "Pozzolo Formigaro",
        "localita": "CAPOLUOGO",
        "via": "Strada Vecchia di San Marziano",
        "comune_posa": "Pozzolo Formigaro",
        "tipologia": "DISTRIBUZIONE",
        "tip_rete": "DISTRIBUZIONE",
        "id": 4576,
        "etichetta": "PVC DE63",
        "n_distretto": "01",
        "note_etichetta": null,
        "id_distretto": "POZ-DPZ01",
        "distretto_modello": "POZ-DPZ01"
      },
      "geometry": {
        "type": "LineString",
        "coordinates": [
          [
            8.78873830621668,
            44.789664558471756
          ],
          [
            8.788735299400736,
            44.78963804508739
          ],
          [
            8.788828999377506,
            44.78962483554615
          ],
          [
            8.78912901576868,
            44.78959810007934
          ],
          [
            8.789672572916057,
            44.78952466989989
          ]
        ]
      }
    },
    {
      "type": "Feature",
      "properties": {
        "materiale": "PVC",
        "dn": "DE63",
        "classe_pre": null,
        "lunghezza": 169.77,
        "prof": 80,
        "anno_posa": 1980,
        "comune": "Pozzolo Formigaro",
        "localita": "CAPOLUOGO",
        "via": "Via San Giorgio",
        "comune_posa": "Pozzolo Formigaro",
        "tipologia": "DISTRIBUZIONE",
        "tip_rete": "DISTRIBUZIONE",
        "id": 4577,
        "etichetta": "PVC DE63",
        "n_distretto": "01",
        "note_etichetta": null,
        "id_distretto": "POZ-DPZ01",
        "distretto_modello": "POZ-DPZ01"
      },
      "geometry": {
        "type": "LineString",
        "coordinates": [
          [
            8.78809898608589,
            44.78944986658552
          ],
          [
            8.788103065718255,
            44.78948974401002
          ],
          [
            8.788207422773102,
            44.78971841490633
          ],
          [
            8.788237955461865,
            44.789785194295135
          ],
          [
            8.788286653858949,
            44.78989766787458
          ],
          [
            8.7882919915182,
            44.789908231119526
          ],
          [
            8.788404209702703,
            44.79017808199329
          ],
          [
            8.78847676095522,
            44.79016175988705
          ],
          [
            8.788700825046341,
            44.79011717127328
          ],
          [
            8.78886503471383,
            44.7900793609111
          ],
          [
            8.788859616453683,
            44.79006284197026
          ],
          [
            8.788813110347713,
            44.789900901728736
          ],
          [
            8.788778477899536,
            44.7898040676914
          ],
          [
            8.78873830621668,
            44.789664558471756
          ]
        ]
      }
    },
    {
      "type": "Feature",
      "properties": {
        "materiale": "PE",
        "dn": "DE110",
        "classe_pre": null,
        "lunghezza": 25.84,
        "prof": 80,
        "anno_posa": 2024,
        "comune": "Pozzolo Formigaro",
        "localita": "CAPOLUOGO",
        "via": "Strada Vecchia di San Marziano",
        "comune_posa": "Pozzolo Formigaro",
        "tipologia": "DISTRIBUZIONE",
        "tip_rete": "DISTRIBUZIONE",
        "id": 4578,
        "etichetta": "PE DE110",
        "n_distretto": "01",
        "note_etichetta": null,
        "id_distretto": "POZ-DPZ01",
        "distretto_modello": "POZ-DPZ01"
      },
      "geometry": {
        "type": "LineString",
        "coordinates": [
          [
            8.788368935131217,
            44.78937478298761
          ],
          [
            8.788380035239376,
            44.7894006673008
          ],
          [
            8.788305637868458,
            44.78941451596435
          ],
          [
            8.788098124578886,
            44.789444724534846
          ]
        ]
      }
    },
    {
      "type": "Feature",
      "properties": {
        "materiale": "PE",
        "dn": "DE110",
        "classe_pre": null,
        "lunghezza": 34.93,
        "prof": 80,
        "anno_posa": 1980,
        "comune": "Pozzolo Formigaro",
        "localita": "CAPOLUOGO",
        "via": "Via del Genovesato",
        "comune_posa": "Pozzolo Formigaro",
        "tipologia": "DISTRIBUZIONE",
        "tip_rete": "DISTRIBUZIONE",
        "id": 4579,
        "etichetta": "PE DE110",
        "n_distretto": "01",
        "note_etichetta": null,
        "id_distretto": "POZ-DPZ01",
        "distretto_modello": "POZ-DPZ01"
      },
      "geometry": {
        "type": "LineString",
        "coordinates": [
          [
            8.788245969911605,
            44.789072754722795
          ],
          [
            8.788364620711397,
            44.78936610586311
          ],
          [
            8.788368935131217,
            44.78937478298761
          ]
        ]
      }
    },
    {
      "type": "Feature",
      "properties": {
        "materiale": "PVC",
        "dn": "DE63",
        "classe_pre": null,
        "lunghezza": 1.35,
        "prof": 80,
        "anno_posa": 1980,
        "comune": "Pozzolo Formigaro",
        "localita": "CAPOLUOGO",
        "via": "Strada Vecchia di San Marziano",
        "comune_posa": "Pozzolo Formigaro",
        "tipologia": "DISTRIBUZIONE",
        "tip_rete": "DISTRIBUZIONE",
        "id": 4580,
        "etichetta": "PVC DE63",
        "n_distretto": "01",
        "note_etichetta": null,
        "id_distretto": "POZ-DPZ01",
        "distretto_modello": "POZ-DPZ01"
      },
      "geometry": {
        "type": "LineString",
        "coordinates": [
          [
            8.789672572916057,
            44.78952466989989
          ],
          [
            8.789689586899467,
            44.789524185719436
          ]
        ]
      }
    },
    {
      "type": "Feature",
      "properties": {
        "materiale": "PVC",
        "dn": "DE50",
        "classe_pre": null,
        "lunghezza": 46.52,
        "prof": 80,
        "anno_posa": 1980,
        "comune": "Pozzolo Formigaro",
        "localita": "CAPOLUOGO",
        "via": "Via del Priorato",
        "comune_posa": "Pozzolo Formigaro",
        "tipologia": "DISTRIBUZIONE",
        "tip_rete": "DISTRIBUZIONE",
        "id": 4581,
        "etichetta": "PVC DE50",
        "n_distretto": "01",
        "note_etichetta": null,
        "id_distretto": "POZ-DPZ01",
        "distretto_modello": "POZ-DPZ01"
      },
      "geometry": {
        "type": "LineString",
        "coordinates": [
          [
            8.78967857365395,
            44.78956669524942
          ],
          [
            8.789737508719098,
            44.789983338146385
          ]
        ]
      }
    },
    {
      "type": "Feature",
      "properties": {
        "materiale": "PE",
        "dn": "DE90",
        "classe_pre": null,
        "lunghezza": 22.54,
        "prof": 80,
        "anno_posa": 2021,
        "comune": "Pozzolo Formigaro",
        "localita": "CAPOLUOGO",
        "via": "Strada Vecchia di San Marziano",
        "comune_posa": "Pozzolo Formigaro",
        "tipologia": "DISTRIBUZIONE",
        "tip_rete": "DISTRIBUZIONE",
        "id": 4582,
        "etichetta": "PE DE90",
        "n_distretto": "01",
        "note_etichetta": null,
        "id_distretto": "POZ-DPZ01",
        "distretto_modello": "POZ-DPZ01"
      },
      "geometry": {
        "type": "LineString",
        "coordinates": [
          [
            8.789689586899467,
            44.789524185719436
          ],
          [
            8.789736649161817,
            44.7895222103231
          ],
          [
            8.789776604131045,
            44.789520191347506
          ],
          [
            8.789890118248918,
            44.789523008281876
          ],
          [
            8.789974231114048,
            44.78952248638578
          ]
        ]
      }
    },
    {
      "type": "Feature",
      "properties": {
        "materiale": "PE",
        "dn": "DE90",
        "classe_pre": null,
        "lunghezza": 2.62,
        "prof": 80,
        "anno_posa": 2021,
        "comune": "Pozzolo Formigaro",
        "localita": "CAPOLUOGO",
        "via": "Strada Vecchia di San Marziano",
        "comune_posa": "Pozzolo Formigaro",
        "tipologia": "DISTRIBUZIONE",
        "tip_rete": "DISTRIBUZIONE",
        "id": 4583,
        "etichetta": "PE DE90",
        "n_distretto": "01",
        "note_etichetta": null,
        "id_distretto": "POZ-DPZ01",
        "distretto_modello": "POZ-DPZ01"
      },
      "geometry": {
        "type": "LineString",
        "coordinates": [
          [
            8.789974231114048,
            44.78952248638578
          ],
          [
            8.790007374464397,
            44.78952141501419
          ]
        ]
      }
    },
    {
      "type": "Feature",
      "properties": {
        "materiale": "PVC",
        "dn": "DE50",
        "classe_pre": null,
        "lunghezza": 1.55,
        "prof": 80,
        "anno_posa": 1980,
        "comune": "Pozzolo Formigaro",
        "localita": "CAPOLUOGO",
        "via": "Strada Vecchia di San Marziano",
        "comune_posa": "Pozzolo Formigaro",
        "tipologia": "DISTRIBUZIONE",
        "tip_rete": "DISTRIBUZIONE",
        "id": 4584,
        "etichetta": "PVC DE50",
        "n_distretto": "01",
        "note_etichetta": null,
        "id_distretto": "POZ-DPZ01",
        "distretto_modello": "POZ-DPZ01"
      },
      "geometry": {
        "type": "LineString",
        "coordinates": [
          [
            8.79145167290231,
            44.78947271672325
          ],
          [
            8.791456857737455,
            44.789478182518586
          ],
          [
            8.791458112686676,
            44.78948548001418
          ]
        ]
      }
    },
    {
      "type": "Feature",
      "properties": {
        "materiale": "PE",
        "dn": "DE110",
        "classe_pre": null,
        "lunghezza": 125.34,
        "prof": 80,
        "anno_posa": 1980,
        "comune": "Pozzolo Formigaro",
        "localita": "CAPOLUOGO",
        "via": "Via della Scrivia",
        "comune_posa": "Pozzolo Formigaro",
        "tipologia": "DISTRIBUZIONE",
        "tip_rete": "DISTRIBUZIONE",
        "id": 4585,
        "etichetta": "PE DE110",
        "n_distretto": "01",
        "note_etichetta": null,
        "id_distretto": "POZ-DPZ01",
        "distretto_modello": "POZ-DPZ01"
      },
      "geometry": {
        "type": "LineString",
        "coordinates": [
          [
            8.788368935131217,
            44.78937478298761
          ],
          [
            8.788493994682025,
            44.78937512191525
          ],
          [
            8.788901256308257,
            44.78934059249928
          ],
          [
            8.789126327208582,
            44.789319588917465
          ],
          [
            8.789351445303211,
            44.789298843840214
          ],
          [
            8.78954844736222,
            44.78928191700692
          ],
          [
            8.789745406941675,
            44.78926474165009
          ],
          [
            8.789942323422503,
            44.789247317823566
          ]
        ]
      }
    },
    {
      "type": "Feature",
      "properties": {
        "materiale": "PE",
        "dn": "DE110",
        "classe_pre": null,
        "lunghezza": 2.48,
        "prof": 80,
        "anno_posa": 1980,
        "comune": "Pozzolo Formigaro",
        "localita": "CAPOLUOGO",
        "via": "Via della Scrivia",
        "comune_posa": "Pozzolo Formigaro",
        "tipologia": "DISTRIBUZIONE",
        "tip_rete": "DISTRIBUZIONE",
        "id": 4586,
        "etichetta": "PE DE110",
        "n_distretto": "01",
        "note_etichetta": null,
        "id_distretto": "POZ-DPZ01",
        "distretto_modello": "POZ-DPZ01"
      },
      "geometry": {
        "type": "LineString",
        "coordinates": [
          [
            8.789942323422503,
            44.789247317823566
          ],
          [
            8.789952729147346,
            44.78924649520605
          ],
          [
            8.78996313439035,
            44.789245669504446
          ],
          [
            8.789973539149726,
            44.78924484071907
          ]
        ]
      }
    },
    {
      "type": "Feature",
      "properties": {
        "materiale": "PE",
        "dn": "DE110",
        "classe_pre": null,
        "lunghezza": 133.08,
        "prof": 80,
        "anno_posa": 1980,
        "comune": "Pozzolo Formigaro",
        "localita": "CAPOLUOGO",
        "via": "Via Goffredo Mameli",
        "comune_posa": "Pozzolo Formigaro",
        "tipologia": "DISTRIBUZIONE",
        "tip_rete": "DISTRIBUZIONE",
        "id": 4587,
        "etichetta": "PE DE110",
        "n_distretto": "01",
        "note_etichetta": null,
        "id_distretto": "POZ-DPZ01",
        "distretto_modello": "POZ-DPZ01"
      },
      "geometry": {
        "type": "LineString",
        "coordinates": [
          [
            8.789877049302834,
            44.78877274280217
          ],
          [
            8.789252236000683,
            44.78887915858167
          ],
          [
            8.788977863675155,
            44.7889297812038
          ],
          [
            8.788849512803912,
            44.788949264168146
          ],
          [
            8.788590403909428,
            44.78899438317479
          ],
          [
            8.788518807115722,
            44.789005870841784
          ],
          [
            8.78824111719843,
            44.78905168240427
          ]
        ]
      }
    },
    {
      "type": "Feature",
      "properties": {
        "materiale": "PE",
        "dn": "DE90",
        "classe_pre": null,
        "lunghezza": 30.92,
        "prof": 80,
        "anno_posa": 1980,
        "comune": "Pozzolo Formigaro",
        "localita": "CAPOLUOGO",
        "via": "Strada Nuova di San Marziano",
        "comune_posa": "Pozzolo Formigaro",
        "tipologia": "DISTRIBUZIONE",
        "tip_rete": "DISTRIBUZIONE",
        "id": 4588,
        "etichetta": "PE DE90",
        "n_distretto": "01",
        "note_etichetta": null,
        "id_distretto": "POZ-DPZ01",
        "distretto_modello": "POZ-DPZ01"
      },
      "geometry": {
        "type": "LineString",
        "coordinates": [
          [
            8.789973539149726,
            44.78924484071907
          ],
          [
            8.78998730849481,
            44.78936630662114
          ],
          [
            8.789982524953789,
            44.789410834153664
          ],
          [
            8.789978025149228,
            44.789455376682135
          ],
          [
            8.789973809174407,
            44.78949993328994
          ],
          [
            8.789974231114048,
            44.78952248638578
          ]
        ]
      }
    },
    {
      "type": "Feature",
      "properties": {
        "materiale": "PE",
        "dn": "DE160",
        "classe_pre": null,
        "lunghezza": 3.27,
        "prof": 80,
        "anno_posa": 1980,
        "comune": "Pozzolo Formigaro",
        "localita": "CAPOLUOGO",
        "via": "Strada Nuova di San Marziano",
        "comune_posa": "Pozzolo Formigaro",
        "tipologia": "DISTRIBUZIONE",
        "tip_rete": "DISTRIBUZIONE",
        "id": 4589,
        "etichetta": "PE DE160",
        "n_distretto": "01",
        "note_etichetta": null,
        "id_distretto": "POZ-DPZ01",
        "distretto_modello": "POZ-DPZ01"
      },
      "geometry": {
        "type": "LineString",
        "coordinates": [
          [
            8.789982784533052,
            44.78921731369817
          ],
          [
            8.789982722737173,
            44.78923435459025
          ],
          [
            8.789973539149726,
            44.78924484071907
          ]
        ]
      }
    },
    {
      "type": "Feature",
      "properties": {
        "materiale": "PE",
        "dn": "DE160",
        "classe_pre": null,
        "lunghezza": 235.85,
        "prof": 80,
        "anno_posa": 1980,
        "comune": "Pozzolo Formigaro",
        "localita": "CAPOLUOGO",
        "via": "Strada Nuova di San Marziano",
        "comune_posa": "Pozzolo Formigaro",
        "tipologia": "DISTRIBUZIONE",
        "tip_rete": "DISTRIBUZIONE",
        "id": 4590,
        "etichetta": "PE DE160",
        "n_distretto": "01",
        "note_etichetta": null,
        "id_distretto": "POZ-DPZ01",
        "distretto_modello": "POZ-DPZ01"
      },
      "geometry": {
        "type": "LineString",
        "coordinates": [
          [
            8.789916358442854,
            44.788737977769
          ],
          [
            8.789849336900813,
            44.7883281658368
          ],
          [
            8.789822275149904,
            44.788105425359454
          ],
          [
            8.789790460351318,
            44.78783261567902
          ],
          [
            8.789758238603753,
            44.787559830217276
          ],
          [
            8.789722831472382,
            44.78731547192585
          ],
          [
            8.789684452115761,
            44.78730094221526
          ],
          [
            8.789538917476843,
            44.787303268002965
          ],
          [
            8.789381561981266,
            44.787316480394054
          ],
          [
            8.789224185027619,
            44.787329562743636
          ],
          [
            8.78906678682816,
            44.78734251503388
          ],
          [
            8.78892633759124,
            44.78735256634999
          ],
          [
            8.788758477541084,
            44.78736565878935
          ]
        ]
      }
    },
    {
      "type": "Feature",
      "properties": {
        "materiale": "PE",
        "dn": "DE160",
        "classe_pre": null,
        "lunghezza": 38.77,
        "prof": 80,
        "anno_posa": 1980,
        "comune": "Pozzolo Formigaro",
        "localita": "CAPOLUOGO",
        "via": "Via della Battaglia 1799",
        "comune_posa": "Pozzolo Formigaro",
        "tipologia": "DISTRIBUZIONE",
        "tip_rete": "DISTRIBUZIONE",
        "id": 4591,
        "etichetta": "PE DE160",
        "n_distretto": "01",
        "note_etichetta": null,
        "id_distretto": "POZ-DPZ01",
        "distretto_modello": "POZ-DPZ01"
      },
      "geometry": {
        "type": "LineString",
        "coordinates": [
          [
            8.788758477541084,
            44.78736565878935
          ],
          [
            8.788693366435353,
            44.78736586220005
          ],
          [
            8.788494271805908,
            44.78736535911449
          ],
          [
            8.788401483463561,
            44.787357441322385
          ],
          [
            8.788332673497417,
            44.787336141646925
          ],
          [
            8.788275399582384,
            44.78733293711689
          ]
        ]
      }
    },
    {
      "type": "Feature",
      "properties": {
        "materiale": "PE",
        "dn": "DE160",
        "classe_pre": null,
        "lunghezza": 5.1,
        "prof": 80,
        "anno_posa": 1980,
        "comune": "Pozzolo Formigaro",
        "localita": "CAPOLUOGO",
        "via": "Via della Battaglia 1799",
        "comune_posa": "Pozzolo Formigaro",
        "tipologia": "DISTRIBUZIONE",
        "tip_rete": "DISTRIBUZIONE",
        "id": 4593,
        "etichetta": "PE DE160",
        "n_distretto": "01",
        "note_etichetta": null,
        "id_distretto": "POZ-DPZ01",
        "distretto_modello": "POZ-DPZ01"
      },
      "geometry": {
        "type": "LineString",
        "coordinates": [
          [
            8.788275399582384,
            44.78733293711689
          ],
          [
            8.788233681973866,
            44.78733905650142
          ],
          [
            8.78821597837563,
            44.787334440674066
          ],
          [
            8.788213353793331,
            44.787333338469175
          ]
        ]
      }
    },
    {
      "type": "Feature",
      "properties": {
        "materiale": "PVC",
        "dn": "DE50",
        "classe_pre": null,
        "lunghezza": 82.57,
        "prof": 80,
        "anno_posa": 1980,
        "comune": "Pozzolo Formigaro",
        "localita": "CAPOLUOGO",
        "via": "Via della Battaglia 1799",
        "comune_posa": "Pozzolo Formigaro",
        "tipologia": "DISTRIBUZIONE",
        "tip_rete": "DISTRIBUZIONE",
        "id": 4594,
        "etichetta": "PVC DE50",
        "n_distretto": "01",
        "note_etichetta": null,
        "id_distretto": "POZ-DPZ01",
        "distretto_modello": "POZ-DPZ01"
      },
      "geometry": {
        "type": "LineString",
        "coordinates": [
          [
            8.788761956594373,
            44.78738693259689
          ],
          [
            8.788872389115827,
            44.788075415354
          ],
          [
            8.788883075040872,
            44.788125178042385
          ]
        ]
      }
    },
    {
      "type": "Feature",
      "properties": {
        "materiale": "PVC",
        "dn": "DE50",
        "classe_pre": null,
        "lunghezza": 51.11,
        "prof": 80,
        "anno_posa": 1980,
        "comune": "Pozzolo Formigaro",
        "localita": "CAPOLUOGO",
        "via": "Strada Vecchia di San Marziano",
        "comune_posa": "Pozzolo Formigaro",
        "tipologia": "DISTRIBUZIONE",
        "tip_rete": "DISTRIBUZIONE",
        "id": 4595,
        "etichetta": "PVC DE50",
        "n_distretto": "01",
        "note_etichetta": null,
        "id_distretto": "POZ-DPZ01",
        "distretto_modello": "POZ-DPZ01"
      },
      "geometry": {
        "type": "LineString",
        "coordinates": [
          [
            8.7919180455243,
            44.78916459077511
          ],
          [
            8.791870571981267,
            44.7891824561273
          ],
          [
            8.791698170543516,
            44.78925751584962
          ],
          [
            8.791690348981266,
            44.789264835408126
          ],
          [
            8.791682536540783,
            44.7892721599056
          ],
          [
            8.791674733228206,
            44.789279489336145
          ],
          [
            8.791641900990708,
            44.78931047651683
          ],
          [
            8.791609231905626,
            44.78934155102713
          ],
          [
            8.79157672643125,
            44.78937271243129
          ],
          [
            8.79145167290231,
            44.78947271672325
          ]
        ]
      }
    },
    {
      "type": "Feature",
      "properties": {
        "materiale": "AC",
        "dn": "DN100",
        "classe_pre": null,
        "lunghezza": 1.57,
        "prof": 80,
        "anno_posa": 1980,
        "comune": "Pozzolo Formigaro",
        "localita": "CAPOLUOGO",
        "via": "Strada Novi",
        "comune_posa": "Pozzolo Formigaro",
        "tipologia": "DISTRIBUZIONE",
        "tip_rete": "DISTRIBUZIONE",
        "id": 4597,
        "etichetta": "AC DN100",
        "n_distretto": "01",
        "note_etichetta": null,
        "id_distretto": "POZ-DPZ01",
        "distretto_modello": "POZ-DPZ01"
      },
      "geometry": {
        "type": "LineString",
        "coordinates": [
          [
            8.788850800994771,
            44.785404042977085
          ],
          [
            8.788853752241954,
            44.785390105783016
          ]
        ]
      }
    },
    {
      "type": "Feature",
      "properties": {
        "materiale": "AC",
        "dn": "DN100",
        "classe_pre": null,
        "lunghezza": 0.86,
        "prof": 80,
        "anno_posa": 1980,
        "comune": "Pozzolo Formigaro",
        "localita": "CAPOLUOGO",
        "via": "Strada Novi",
        "comune_posa": "Pozzolo Formigaro",
        "tipologia": "DISTRIBUZIONE",
        "tip_rete": "DISTRIBUZIONE",
        "id": 4598,
        "etichetta": "AC DN100",
        "n_distretto": "01",
        "note_etichetta": null,
        "id_distretto": "POZ-DPZ01",
        "distretto_modello": "POZ-DPZ01"
      },
      "geometry": {
        "type": "LineString",
        "coordinates": [
          [
            8.788853752241954,
            44.785390105783016
          ],
          [
            8.788854143030813,
            44.785382360588606
          ]
        ]
      }
    },
    {
      "type": "Feature",
      "properties": {
        "materiale": "PVC",
        "dn": "DE50",
        "classe_pre": null,
        "lunghezza": 94.95,
        "prof": 80,
        "anno_posa": 1980,
        "comune": "Pozzolo Formigaro",
        "localita": "CAPOLUOGO",
        "via": "Strada Statale 35 Bis dei Giovi (SS35Bis)",
        "comune_posa": "Pozzolo Formigaro",
        "tipologia": "DISTRIBUZIONE",
        "tip_rete": "DISTRIBUZIONE",
        "id": 4599,
        "etichetta": "PVC DE50",
        "n_distretto": "01",
        "note_etichetta": null,
        "id_distretto": "POZ-DPZ01",
        "distretto_modello": "POZ-DPZ01"
      },
      "geometry": {
        "type": "LineString",
        "coordinates": [
          [
            8.787691504623492,
            44.78796819956103
          ],
          [
            8.788288640235596,
            44.78823983260965
          ],
          [
            8.78870287653638,
            44.78842855939302
          ]
        ]
      }
    },
    {
      "type": "Feature",
      "properties": {
        "materiale": "PVC",
        "dn": "DE160",
        "classe_pre": null,
        "lunghezza": 1.09,
        "prof": 80,
        "anno_posa": 1980,
        "comune": "Pozzolo Formigaro",
        "localita": "CAPOLUOGO",
        "via": "Strada Novi",
        "comune_posa": "Pozzolo Formigaro",
        "tipologia": "DISTRIBUZIONE",
        "tip_rete": "DISTRIBUZIONE",
        "id": 4601,
        "etichetta": "PVC DE160",
        "n_distretto": "01",
        "note_etichetta": null,
        "id_distretto": "POZ-DPZ01",
        "distretto_modello": "POZ-DPZ01"
      },
      "geometry": {
        "type": "LineString",
        "coordinates": [
          [
            8.788840364149431,
            44.78538285150774
          ],
          [
            8.788854143030813,
            44.785382360588606
          ]
        ]
      }
    },
    {
      "type": "Feature",
      "properties": {
        "materiale": "AC",
        "dn": "DN100",
        "classe_pre": null,
        "lunghezza": 368.19,
        "prof": 80,
        "anno_posa": 1980,
        "comune": "Pozzolo Formigaro",
        "localita": "CAPOLUOGO",
        "via": "Strada Novi",
        "comune_posa": "Pozzolo Formigaro",
        "tipologia": "DISTRIBUZIONE",
        "tip_rete": "DISTRIBUZIONE",
        "id": 4602,
        "etichetta": "AC DN100",
        "n_distretto": "01",
        "note_etichetta": null,
        "id_distretto": "POZ-DPZ01",
        "distretto_modello": "POZ-DPZ01"
      },
      "geometry": {
        "type": "LineString",
        "coordinates": [
          [
            8.788854143030813,
            44.785382360588606
          ],
          [
            8.788932236848144,
            44.78450987214845
          ],
          [
            8.788983043157742,
            44.78395981656142
          ],
          [
            8.789156873921023,
            44.78216089443867
          ],
          [
            8.78916744217928,
            44.78207539398451
          ]
        ]
      }
    },
    {
      "type": "Feature",
      "properties": {
        "materiale": "AC",
        "dn": "DN50",
        "classe_pre": null,
        "lunghezza": 93.95,
        "prof": 80,
        "anno_posa": 1980,
        "comune": "Pozzolo Formigaro",
        "localita": "CAPOLUOGO",
        "via": "Strada Novi",
        "comune_posa": "Pozzolo Formigaro",
        "tipologia": "DISTRIBUZIONE",
        "tip_rete": "DISTRIBUZIONE",
        "id": 4603,
        "etichetta": "AC DN50",
        "n_distretto": "01",
        "note_etichetta": null,
        "id_distretto": "POZ-DPZ01",
        "distretto_modello": "POZ-DPZ01"
      },
      "geometry": {
        "type": "LineString",
        "coordinates": [
          [
            8.78887449209119,
            44.785369746543985
          ],
          [
            8.78909507618499,
            44.78520027061422
          ],
          [
            8.789340350278557,
            44.78498592330048
          ],
          [
            8.789660161135837,
            44.784735990752374
          ]
        ]
      }
    },
    {
      "type": "Feature",
      "properties": {
        "materiale": "PVC",
        "dn": "DE50",
        "classe_pre": null,
        "lunghezza": 2.62,
        "prof": 80,
        "anno_posa": 1980,
        "comune": "Pozzolo Formigaro",
        "localita": "CAPOLUOGO",
        "via": "Via Don Severino Ghezzi",
        "comune_posa": "Pozzolo Formigaro",
        "tipologia": "DISTRIBUZIONE",
        "tip_rete": "DISTRIBUZIONE",
        "id": 4605,
        "etichetta": "PVC DE50",
        "n_distretto": "02",
        "note_etichetta": null,
        "id_distretto": "POZ-DPZ02",
        "distretto_modello": "POZ-DPZ02"
      },
      "geometry": {
        "type": "LineString",
        "coordinates": [
          [
            8.786102785801605,
            44.79528555476122
          ],
          [
            8.786132801105122,
            44.7952756584259
          ]
        ]
      }
    },
    {
      "type": "Feature",
      "properties": {
        "materiale": "PVC",
        "dn": "DE50",
        "classe_pre": null,
        "lunghezza": 2.2,
        "prof": 80,
        "anno_posa": 1980,
        "comune": "Pozzolo Formigaro",
        "localita": "CAPOLUOGO",
        "via": "Via Don Severino Ghezzi",
        "comune_posa": "Pozzolo Formigaro",
        "tipologia": "DISTRIBUZIONE",
        "tip_rete": "DISTRIBUZIONE",
        "id": 4606,
        "etichetta": "PVC DE50",
        "n_distretto": "02",
        "note_etichetta": null,
        "id_distretto": "POZ-DPZ02",
        "distretto_modello": "POZ-DPZ02"
      },
      "geometry": {
        "type": "LineString",
        "coordinates": [
          [
            8.786132801105122,
            44.7952756584259
          ],
          [
            8.786145712866835,
            44.79529323517123
          ]
        ]
      }
    },
    {
      "type": "Feature",
      "properties": {
        "materiale": "PE",
        "dn": "DE63",
        "classe_pre": null,
        "lunghezza": 237.25,
        "prof": 80,
        "anno_posa": 1980,
        "comune": "Pozzolo Formigaro",
        "localita": "CAPOLUOGO",
        "via": "Via Cristoforo Colombo",
        "comune_posa": "Pozzolo Formigaro",
        "tipologia": "DISTRIBUZIONE",
        "tip_rete": "DISTRIBUZIONE",
        "id": 4607,
        "etichetta": "PE DE63",
        "n_distretto": "02",
        "note_etichetta": null,
        "id_distretto": "POZ-DPZ02",
        "distretto_modello": "POZ-DPZ02"
      },
      "geometry": {
        "type": "LineString",
        "coordinates": [
          [
            8.786165553416623,
            44.7953244410275
          ],
          [
            8.786214623193782,
            44.79541338004043
          ],
          [
            8.786867478095992,
            44.796421584953215
          ],
          [
            8.787329348959021,
            44.797077463920175
          ],
          [
            8.787388217861876,
            44.79707589707106
          ],
          [
            8.787595580780614,
            44.79703101857025
          ]
        ]
      }
    },
    {
      "type": "Feature",
      "properties": {
        "materiale": "AC",
        "dn": "DN50",
        "classe_pre": null,
        "lunghezza": 201.78,
        "prof": 80,
        "anno_posa": 1980,
        "comune": "Pozzolo Formigaro",
        "localita": "CAPOLUOGO",
        "via": "Via Gramsci",
        "comune_posa": "Pozzolo Formigaro",
        "tipologia": "DISTRIBUZIONE",
        "tip_rete": "DISTRIBUZIONE",
        "id": 4608,
        "etichetta": "AC DN50",
        "n_distretto": "02",
        "note_etichetta": null,
        "id_distretto": "POZ-DPZ02",
        "distretto_modello": "POZ-DPZ02"
      },
      "geometry": {
        "type": "LineString",
        "coordinates": [
          [
            8.7876334435288,
            44.79697911880339
          ],
          [
            8.787377964364815,
            44.79636004066617
          ],
          [
            8.787300684586468,
            44.79618693651126
          ],
          [
            8.787240038518842,
            44.79606063870428
          ],
          [
            8.787200661093978,
            44.79596701450599
          ],
          [
            8.787097591796236,
            44.79574627547535
          ],
          [
            8.786987058933912,
            44.795474930502046
          ],
          [
            8.786884026456924,
            44.795243036773876
          ]
        ]
      }
    },
    {
      "type": "Feature",
      "properties": {
        "materiale": "FE",
        "dn": "DN50",
        "classe_pre": null,
        "lunghezza": 1.79,
        "prof": 80,
        "anno_posa": 1980,
        "comune": "Pozzolo Formigaro",
        "localita": "CAPOLUOGO",
        "via": "Via Gramsci",
        "comune_posa": "Pozzolo Formigaro",
        "tipologia": "DISTRIBUZIONE",
        "tip_rete": "DISTRIBUZIONE",
        "id": 4609,
        "etichetta": "FE DN50",
        "n_distretto": "02",
        "note_etichetta": null,
        "id_distretto": "POZ-DPZ02",
        "distretto_modello": "POZ-DPZ02"
      },
      "geometry": {
        "type": "LineString",
        "coordinates": [
          [
            8.78774574138742,
            44.79713294448108
          ],
          [
            8.787767138664359,
            44.79712774466623
          ]
        ]
      }
    },
    {
      "type": "Feature",
      "properties": {
        "materiale": "AC",
        "dn": "DN50",
        "classe_pre": null,
        "lunghezza": 3.47,
        "prof": 80,
        "anno_posa": 1980,
        "comune": "Pozzolo Formigaro",
        "localita": "CAPOLUOGO",
        "via": "Via Gramsci",
        "comune_posa": "Pozzolo Formigaro",
        "tipologia": "DISTRIBUZIONE",
        "tip_rete": "DISTRIBUZIONE",
        "id": 4610,
        "etichetta": "AC DN50",
        "n_distretto": "02",
        "note_etichetta": null,
        "id_distretto": "POZ-DPZ02",
        "distretto_modello": "POZ-DPZ02"
      },
      "geometry": {
        "type": "LineString",
        "coordinates": [
          [
            8.787767138665302,
            44.79712774466604
          ],
          [
            8.787781316583315,
            44.7971573220608
          ]
        ]
      }
    },
    {
      "type": "Feature",
      "properties": {
        "materiale": "AC",
        "dn": "DN45",
        "classe_pre": null,
        "lunghezza": 2.82,
        "prof": 80,
        "anno_posa": 1980,
        "comune": "Pozzolo Formigaro",
        "localita": "CAPOLUOGO",
        "via": "Via Gramsci",
        "comune_posa": "Pozzolo Formigaro",
        "tipologia": "DISTRIBUZIONE",
        "tip_rete": "DISTRIBUZIONE",
        "id": 4611,
        "etichetta": "AC DN45",
        "n_distretto": "02",
        "note_etichetta": null,
        "id_distretto": "POZ-DPZ02",
        "distretto_modello": "POZ-DPZ02"
      },
      "geometry": {
        "type": "LineString",
        "coordinates": [
          [
            8.787756211680364,
            44.79710360089044
          ],
          [
            8.787767138665302,
            44.79712774466604
          ]
        ]
      }
    },
    {
      "type": "Feature",
      "properties": {
        "materiale": "AC",
        "dn": "DN50",
        "classe_pre": null,
        "lunghezza": 193.21,
        "prof": 80,
        "anno_posa": 1980,
        "comune": "Pozzolo Formigaro",
        "localita": "CAPOLUOGO",
        "via": "Via Gramsci",
        "comune_posa": "Pozzolo Formigaro",
        "tipologia": "DISTRIBUZIONE",
        "tip_rete": "DISTRIBUZIONE",
        "id": 4612,
        "etichetta": "AC DN50",
        "n_distretto": "02",
        "note_etichetta": null,
        "id_distretto": "POZ-DPZ02",
        "distretto_modello": "POZ-DPZ02"
      },
      "geometry": {
        "type": "LineString",
        "coordinates": [
          [
            8.787781316583315,
            44.7971573220608
          ],
          [
            8.787844405835436,
            44.79728893589941
          ],
          [
            8.788023596330184,
            44.797644077281674
          ],
          [
            8.78813563555226,
            44.79786441815191
          ],
          [
            8.788199597598545,
            44.79798797298517
          ],
          [
            8.788263723089846,
            44.7981114848956
          ],
          [
            8.78832801197037,
            44.79823495377359
          ],
          [
            8.788436502373003,
            44.79845311079131
          ],
          [
            8.788571909561846,
            44.79871466753977
          ],
          [
            8.78860991301682,
            44.798793488960825
          ]
        ]
      }
    },
    {
      "type": "Feature",
      "properties": {
        "materiale": "PVC",
        "dn": "DE63",
        "classe_pre": null,
        "lunghezza": 66.31,
        "prof": 80,
        "anno_posa": 1980,
        "comune": "Pozzolo Formigaro",
        "localita": "CAPOLUOGO",
        "via": "Via Ca' Bianca",
        "comune_posa": "Pozzolo Formigaro",
        "tipologia": "DISTRIBUZIONE",
        "tip_rete": "DISTRIBUZIONE",
        "id": 4613,
        "etichetta": "PVC DE63",
        "n_distretto": "02",
        "note_etichetta": null,
        "id_distretto": "POZ-DPZ02",
        "distretto_modello": "POZ-DPZ02"
      },
      "geometry": {
        "type": "LineString",
        "coordinates": [
          [
            8.787710731121935,
            44.79701111518378
          ],
          [
            8.78776375055134,
            44.796999478523475
          ],
          [
            8.787972299368926,
            44.79695208685577
          ],
          [
            8.78850733355355,
            44.79682518533061
          ]
        ]
      }
    },
    {
      "type": "Feature",
      "properties": {
        "materiale": "PVC",
        "dn": "DE160",
        "classe_pre": null,
        "lunghezza": 102.95,
        "prof": 80,
        "anno_posa": 1980,
        "comune": "Pozzolo Formigaro",
        "localita": "CAPOLUOGO",
        "via": "Via Ca' Bianca",
        "comune_posa": "Pozzolo Formigaro",
        "tipologia": "DISTRIBUZIONE",
        "tip_rete": "DISTRIBUZIONE",
        "id": 4614,
        "etichetta": "PVC DE160",
        "n_distretto": "02",
        "note_etichetta": null,
        "id_distretto": "POZ-DPZ02",
        "distretto_modello": "POZ-DPZ02"
      },
      "geometry": {
        "type": "LineString",
        "coordinates": [
          [
            8.788540907898616,
            44.796796631975326
          ],
          [
            8.788543194923468,
            44.79677443282748
          ],
          [
            8.788801970130788,
            44.796706046404154
          ],
          [
            8.78971348552862,
            44.79647613639091
          ],
          [
            8.789739479028746,
            44.79647020134774
          ]
        ]
      }
    },
    {
      "type": "Feature",
      "properties": {
        "materiale": "PVC",
        "dn": "DE63",
        "classe_pre": null,
        "lunghezza": 686.17,
        "prof": 80,
        "anno_posa": 1980,
        "comune": "Pozzolo Formigaro",
        "localita": "CAPOLUOGO",
        "via": "Strada Provinciale Villalvernia",
        "comune_posa": "Pozzolo Formigaro",
        "tipologia": "DISTRIBUZIONE",
        "tip_rete": "DISTRIBUZIONE",
        "id": 4615,
        "etichetta": "PVC DE63",
        "n_distretto": "04",
        "note_etichetta": null,
        "id_distretto": "POZ-DPZ04",
        "distretto_modello": "POZ-DPZ04"
      },
      "geometry": {
        "type": "LineString",
        "coordinates": [
          [
            8.789437237319499,
            44.795154887849286
          ],
          [
            8.789485227224112,
            44.79517697994246
          ],
          [
            8.789576143595584,
            44.795279027474855
          ],
          [
            8.789657004583388,
            44.7953069188828
          ],
          [
            8.790040663167668,
            44.79544510970475
          ],
          [
            8.79038400720689,
            44.795538688658
          ],
          [
            8.790834447933085,
            44.795671129851506
          ],
          [
            8.791349215231575,
            44.79580158555321
          ],
          [
            8.791670063521789,
            44.795891914558176
          ],
          [
            8.792163447492422,
            44.79601624678742
          ],
          [
            8.792545565414908,
            44.79612252587658
          ],
          [
            8.792867472530027,
            44.79621602937109
          ],
          [
            8.793605388502309,
            44.796437997104775
          ],
          [
            8.79386457308687,
            44.79651425099784
          ],
          [
            8.794231324883938,
            44.79660946687925
          ],
          [
            8.79444283446759,
            44.796658259697416
          ],
          [
            8.79450376207566,
            44.796659507927
          ],
          [
            8.794953589527594,
            44.796682112702484
          ],
          [
            8.794990350557265,
            44.79668238955878
          ],
          [
            8.79517903646615,
            44.79668566492878
          ],
          [
            8.795372063475057,
            44.79659440582203
          ],
          [
            8.79554371703749,
            44.796594374904835
          ],
          [
            8.795810052026187,
            44.79658018568248
          ],
          [
            8.795911692696848,
            44.796576584412165
          ],
          [
            8.796276120342588,
            44.79655542098365
          ],
          [
            8.796508049761558,
            44.796544399221474
          ],
          [
            8.796973039218745,
            44.79652133142997
          ],
          [
            8.797601072547726,
            44.796464943793616
          ]
        ]
      }
    },
    {
      "type": "Feature",
      "properties": {
        "materiale": "PVC",
        "dn": "DE50",
        "classe_pre": null,
        "lunghezza": 2.65,
        "prof": 80,
        "anno_posa": 1980,
        "comune": "Pozzolo Formigaro",
        "localita": "CAPOLUOGO",
        "via": "Strada Provinciale Villalvernia",
        "comune_posa": "Pozzolo Formigaro",
        "tipologia": "DISTRIBUZIONE",
        "tip_rete": "DISTRIBUZIONE",
        "id": 4616,
        "etichetta": "PVC DE50",
        "n_distretto": "04",
        "note_etichetta": null,
        "id_distretto": "POZ-DPZ04",
        "distretto_modello": "POZ-DPZ04"
      },
      "geometry": {
        "type": "LineString",
        "coordinates": [
          [
            8.817142271338374,
            44.80094092255338
          ],
          [
            8.817153064656596,
            44.80096354380829
          ]
        ]
      }
    },
    {
      "type": "Feature",
      "properties": {
        "materiale": "PVC",
        "dn": "DE75",
        "classe_pre": null,
        "lunghezza": 8.24,
        "prof": null,
        "anno_posa": 1980,
        "comune": "Pozzolo Formigaro",
        "localita": "CAPOLUOGO",
        "via": "Strada Provinciale Molino - Bettole",
        "comune_posa": "Pozzolo Formigaro",
        "tipologia": "DISTRIBUZIONE",
        "tip_rete": "DISTRIBUZIONE",
        "id": 4617,
        "etichetta": "PVC DE75",
        "n_distretto": "03",
        "note_etichetta": null,
        "id_distretto": "DNL03",
        "distretto_modello": "DNL03"
      },
      "geometry": {
        "type": "LineString",
        "coordinates": [
          [
            8.828940025684554,
            44.802476526567
          ],
          [
            8.828939866063134,
            44.80253054247855
          ],
          [
            8.828912286984044,
            44.802525987095486
          ]
        ]
      }
    },
    {
      "type": "Feature",
      "properties": {
        "materiale": "PE",
        "dn": "DE110",
        "classe_pre": "PN12.5",
        "lunghezza": 356.97,
        "prof": 80,
        "anno_posa": 2006,
        "comune": "Pozzolo Formigaro",
        "localita": "CAPOLUOGO",
        "via": "Via Bettole",
        "comune_posa": "Pozzolo Formigaro",
        "tipologia": "DISTRIBUZIONE",
        "tip_rete": "DISTRIBUZIONE",
        "id": 4618,
        "etichetta": "PE DE110",
        "n_distretto": "04",
        "note_etichetta": null,
        "id_distretto": "POZ-DPZ04",
        "distretto_modello": "POZ-DPZ04"
      },
      "geometry": {
        "type": "LineString",
        "coordinates": [
          [
            8.81749311554694,
            44.80216152333739
          ],
          [
            8.817565961785204,
            44.8023951039064
          ],
          [
            8.817611905687235,
            44.80253639464169
          ],
          [
            8.817648523595114,
            44.80267610425992
          ],
          [
            8.817678906302463,
            44.80279905106886
          ],
          [
            8.817780690728421,
            44.80320692929814
          ],
          [
            8.817868777554313,
            44.80355437638933
          ],
          [
            8.818017306455419,
            44.804105830360236
          ],
          [
            8.818147822681649,
            44.804572964109745
          ],
          [
            8.818276480775,
            44.805017385205126
          ],
          [
            8.818346687626807,
            44.80528114122661
          ],
          [
            8.818349747974857,
            44.80531601337173
          ]
        ]
      }
    },
    {
      "type": "Feature",
      "properties": {
        "materiale": "PVC",
        "dn": "DE32",
        "classe_pre": null,
        "lunghezza": 58.32,
        "prof": 80,
        "anno_posa": 1980,
        "comune": "Pozzolo Formigaro",
        "localita": "CAPOLUOGO",
        "via": "Via Bettole",
        "comune_posa": "Pozzolo Formigaro",
        "tipologia": "DISTRIBUZIONE",
        "tip_rete": "DISTRIBUZIONE",
        "id": 4619,
        "etichetta": "PVC DE32",
        "n_distretto": "04",
        "note_etichetta": null,
        "id_distretto": "POZ-DPZ04",
        "distretto_modello": "POZ-DPZ04"
      },
      "geometry": {
        "type": "LineString",
        "coordinates": [
          [
            8.81859017942693,
            44.80634800844622
          ],
          [
            8.818346503448975,
            44.806385203133686
          ],
          [
            8.81822805581924,
            44.806406652800625
          ],
          [
            8.818080805865915,
            44.80643033416673
          ],
          [
            8.818024790372082,
            44.80643821686778
          ],
          [
            8.817871134179226,
            44.80646416545324
          ]
        ]
      }
    },
    {
      "type": "Feature",
      "properties": {
        "materiale": "PVC",
        "dn": "DE50",
        "classe_pre": null,
        "lunghezza": 57.77,
        "prof": 80,
        "anno_posa": 1980,
        "comune": "Pozzolo Formigaro",
        "localita": "CAPOLUOGO",
        "via": "Via Cascinotti Maggiori",
        "comune_posa": "Pozzolo Formigaro",
        "tipologia": "DISTRIBUZIONE",
        "tip_rete": "DISTRIBUZIONE",
        "id": 4620,
        "etichetta": "PVC DE50",
        "n_distretto": "04",
        "note_etichetta": null,
        "id_distretto": "POZ-DPZ04",
        "distretto_modello": "POZ-DPZ04"
      },
      "geometry": {
        "type": "LineString",
        "coordinates": [
          [
            8.821009123363519,
            44.80759317028409
          ],
          [
            8.82086827231744,
            44.80761629584347
          ],
          [
            8.820825020635942,
            44.80763501899717
          ],
          [
            8.820787248192921,
            44.80769247158445
          ],
          [
            8.820758647496625,
            44.807887739228875
          ],
          [
            8.820737785268495,
            44.80790877518268
          ],
          [
            8.820705751107294,
            44.807921252230166
          ],
          [
            8.820608181143324,
            44.80791597419352
          ]
        ]
      }
    },
    {
      "type": "Feature",
      "properties": {
        "materiale": "PVC",
        "dn": "DE50",
        "classe_pre": null,
        "lunghezza": 107.2,
        "prof": 80,
        "anno_posa": 1980,
        "comune": "Pozzolo Formigaro",
        "localita": "CAPOLUOGO",
        "via": "Via Cascinotti Maggiori",
        "comune_posa": "Pozzolo Formigaro",
        "tipologia": "DISTRIBUZIONE",
        "tip_rete": "DISTRIBUZIONE",
        "id": 4621,
        "etichetta": "PVC DE50",
        "n_distretto": "04",
        "note_etichetta": null,
        "id_distretto": "POZ-DPZ04",
        "distretto_modello": "POZ-DPZ04"
      },
      "geometry": {
        "type": "LineString",
        "coordinates": [
          [
            8.821260021457226,
            44.80666634752135
          ],
          [
            8.821107827715156,
            44.80736743535319
          ],
          [
            8.821079637739254,
            44.80755285165112
          ],
          [
            8.821064364340598,
            44.8075773129672
          ],
          [
            8.821009123363519,
            44.80759317028409
          ]
        ]
      }
    },
    {
      "type": "Feature",
      "properties": {
        "materiale": "PVC",
        "dn": "DE50",
        "classe_pre": null,
        "lunghezza": 62.83,
        "prof": 80,
        "anno_posa": 1980,
        "comune": "Pozzolo Formigaro",
        "localita": "CAPOLUOGO",
        "via": "Via Cascinotti Maggiori",
        "comune_posa": "Pozzolo Formigaro",
        "tipologia": "DISTRIBUZIONE",
        "tip_rete": "DISTRIBUZIONE",
        "id": 4622,
        "etichetta": "PVC DE50",
        "n_distretto": "04",
        "note_etichetta": null,
        "id_distretto": "POZ-DPZ04",
        "distretto_modello": "POZ-DPZ04"
      },
      "geometry": {
        "type": "LineString",
        "coordinates": [
          [
            8.820608181143324,
            44.80791597419352
          ],
          [
            8.820559404112549,
            44.80791077274721
          ],
          [
            8.820518624162595,
            44.80790615327247
          ],
          [
            8.820429040711792,
            44.807904873603604
          ],
          [
            8.820402605674047,
            44.80791735936963
          ],
          [
            8.820388783224073,
            44.80798965451357
          ],
          [
            8.82037177179924,
            44.80805852809372
          ],
          [
            8.820364408461888,
            44.80811147296748
          ],
          [
            8.82035859716524,
            44.80817979473612
          ],
          [
            8.820347993593678,
            44.80824583126833
          ],
          [
            8.820335913954624,
            44.80827200578059
          ],
          [
            8.820307501208005,
            44.80827291830944
          ],
          [
            8.820257090700894,
            44.808271156065146
          ]
        ]
      }
    },
    {
      "type": "Feature",
      "properties": {
        "materiale": "PVC",
        "dn": "DE50",
        "classe_pre": null,
        "lunghezza": 94.15,
        "prof": 80,
        "anno_posa": 1980,
        "comune": "Pozzolo Formigaro",
        "localita": "CAPOLUOGO",
        "via": "Via Cascinotti Maggiori",
        "comune_posa": "Pozzolo Formigaro",
        "tipologia": "DISTRIBUZIONE",
        "tip_rete": "DISTRIBUZIONE",
        "id": 4623,
        "etichetta": "PVC DE50",
        "n_distretto": "04",
        "note_etichetta": null,
        "id_distretto": "POZ-DPZ04",
        "distretto_modello": "POZ-DPZ04"
      },
      "geometry": {
        "type": "LineString",
        "coordinates": [
          [
            8.820257090700894,
            44.808271156065146
          ],
          [
            8.820152764184236,
            44.80826374557177
          ],
          [
            8.820075199761973,
            44.80825565146102
          ],
          [
            8.819872902380109,
            44.80823141675733
          ],
          [
            8.819705133844923,
            44.80820724905807
          ],
          [
            8.819618911009044,
            44.808193844022576
          ],
          [
            8.819403323395195,
            44.80816440381818
          ],
          [
            8.819123960461992,
            44.808131932483924
          ],
          [
            8.819084131252948,
            44.808128243038354
          ]
        ]
      }
    },
    {
      "type": "Feature",
      "properties": {
        "materiale": "PVC",
        "dn": "DE50",
        "classe_pre": null,
        "lunghezza": 2.85,
        "prof": 80,
        "anno_posa": 1980,
        "comune": "Pozzolo Formigaro",
        "localita": "CAPOLUOGO",
        "via": "Via Cascinotti Maggiori",
        "comune_posa": "Pozzolo Formigaro",
        "tipologia": "DISTRIBUZIONE",
        "tip_rete": "DISTRIBUZIONE",
        "id": 4624,
        "etichetta": "PVC DE50",
        "n_distretto": "04",
        "note_etichetta": null,
        "id_distretto": "POZ-DPZ04",
        "distretto_modello": "POZ-DPZ04"
      },
      "geometry": {
        "type": "LineString",
        "coordinates": [
          [
            8.819084131252948,
            44.808128243038354
          ],
          [
            8.819048954036978,
            44.808122493065746
          ]
        ]
      }
    },
    {
      "type": "Feature",
      "properties": {
        "materiale": "PE",
        "dn": "DE32",
        "classe_pre": null,
        "lunghezza": 67.97,
        "prof": 80,
        "anno_posa": 1980,
        "comune": "Pozzolo Formigaro",
        "localita": "CAPOLUOGO",
        "via": "Strada Circonvallazione di Bettole",
        "comune_posa": "Pozzolo Formigaro",
        "tipologia": "DISTRIBUZIONE",
        "tip_rete": "DISTRIBUZIONE",
        "id": 4625,
        "etichetta": "PE DE32",
        "n_distretto": "04",
        "note_etichetta": null,
        "id_distretto": "POZ-DPZ04",
        "distretto_modello": "POZ-DPZ04"
      },
      "geometry": {
        "type": "LineString",
        "coordinates": [
          [
            8.818906061362759,
            44.807519246264604
          ],
          [
            8.818938330875662,
            44.8076872775971
          ],
          [
            8.819016548637599,
            44.80799773780586
          ],
          [
            8.819048954036978,
            44.808122493065746
          ]
        ]
      }
    },
    {
      "type": "Feature",
      "properties": {
        "materiale": "PE",
        "dn": "DE75",
        "classe_pre": null,
        "lunghezza": 3.92,
        "prof": 80,
        "anno_posa": 1980,
        "comune": "Pozzolo Formigaro",
        "localita": "CAPOLUOGO",
        "via": "Strada Bissone",
        "comune_posa": "Pozzolo Formigaro",
        "tipologia": "DISTRIBUZIONE",
        "tip_rete": "DISTRIBUZIONE",
        "id": 4626,
        "etichetta": "PE DE75",
        "n_distretto": "04",
        "note_etichetta": null,
        "id_distretto": "POZ-DPZ04",
        "distretto_modello": "POZ-DPZ04"
      },
      "geometry": {
        "type": "LineString",
        "coordinates": [
          [
            8.81884226001682,
            44.80745878610181
          ],
          [
            8.818888692114353,
            44.80744633240955
          ]
        ]
      }
    },
    {
      "type": "Feature",
      "properties": {
        "materiale": "PE",
        "dn": "DE75",
        "classe_pre": null,
        "lunghezza": 8.55,
        "prof": 80,
        "anno_posa": 1980,
        "comune": "Pozzolo Formigaro",
        "localita": "CAPOLUOGO",
        "via": "Strada Bissone",
        "comune_posa": "Pozzolo Formigaro",
        "tipologia": "DISTRIBUZIONE",
        "tip_rete": "DISTRIBUZIONE",
        "id": 4627,
        "etichetta": "PE DE75",
        "n_distretto": "04",
        "note_etichetta": null,
        "id_distretto": "POZ-DPZ04",
        "distretto_modello": "POZ-DPZ04"
      },
      "geometry": {
        "type": "LineString",
        "coordinates": [
          [
            8.818744571529104,
            44.80749165771349
          ],
          [
            8.818800623600174,
            44.807472386232696
          ],
          [
            8.81884226001682,
            44.80745878610181
          ]
        ]
      }
    },
    {
      "type": "Feature",
      "properties": {
        "materiale": "PE",
        "dn": "DE75",
        "classe_pre": null,
        "lunghezza": 1325.79,
        "prof": 80,
        "anno_posa": 1980,
        "comune": "Pozzolo Formigaro",
        "localita": "CAPOLUOGO",
        "via": "Strada Bissone",
        "comune_posa": "Pozzolo Formigaro",
        "tipologia": "DISTRIBUZIONE",
        "tip_rete": "DISTRIBUZIONE",
        "id": 4628,
        "etichetta": "PE DE75",
        "n_distretto": "02",
        "note_etichetta": null,
        "id_distretto": "POZ-DPZ02",
        "distretto_modello": "POZ-DPZ02"
      },
      "geometry": {
        "type": "LineString",
        "coordinates": [
          [
            8.80147983010994,
            44.810101137345875
          ],
          [
            8.803213018289386,
            44.80980206782728
          ],
          [
            8.804552062445502,
            44.809595926230664
          ],
          [
            8.806496280136988,
            44.80928688579933
          ],
          [
            8.806847923531967,
            44.80921269994624
          ],
          [
            8.806987570992272,
            44.80917615779843
          ],
          [
            8.808148324924215,
            44.80899516864047
          ],
          [
            8.808885052888831,
            44.80888918439649
          ],
          [
            8.809515865898607,
            44.80878232374249
          ],
          [
            8.811176920851805,
            44.80862920647235
          ],
          [
            8.812465753534374,
            44.808475504028344
          ],
          [
            8.813178919716592,
            44.80839914420652
          ],
          [
            8.814152273245695,
            44.80825084296468
          ],
          [
            8.815342351168963,
            44.808096913755215
          ],
          [
            8.815618065182939,
            44.808061998608025
          ],
          [
            8.816976365930797,
            44.80785602588543
          ],
          [
            8.817775702546573,
            44.80769855109508
          ],
          [
            8.81778763416982,
            44.80772908949494
          ],
          [
            8.81785123175063,
            44.80771696675054
          ]
        ]
      }
    },
    {
      "type": "Feature",
      "properties": {
        "materiale": "PE",
        "dn": "DE90",
        "classe_pre": null,
        "lunghezza": 0.9,
        "prof": 80,
        "anno_posa": 1980,
        "comune": "Pozzolo Formigaro",
        "localita": "CAPOLUOGO",
        "via": "Viale Armano Oreste",
        "comune_posa": "Pozzolo Formigaro",
        "tipologia": "DISTRIBUZIONE",
        "tip_rete": "DISTRIBUZIONE",
        "id": 4629,
        "etichetta": "PE DE90",
        "n_distretto": "02",
        "note_etichetta": null,
        "id_distretto": "POZ-DPZ02",
        "distretto_modello": "POZ-DPZ02"
      },
      "geometry": {
        "type": "LineString",
        "coordinates": [
          [
            8.780552548789032,
            44.79274337057092
          ],
          [
            8.780551522760604,
            44.79273534448239
          ]
        ]
      }
    },
    {
      "type": "Feature",
      "properties": {
        "materiale": "PE",
        "dn": "DE90",
        "classe_pre": "",
        "lunghezza": 0.87,
        "prof": 80,
        "anno_posa": 1980,
        "comune": "Pozzolo Formigaro",
        "localita": "CAPOLUOGO",
        "via": "Viale Armano Oreste",
        "comune_posa": "Pozzolo Formigaro",
        "tipologia": "DISTRIBUZIONE",
        "tip_rete": "DISTRIBUZIONE",
        "id": 4630,
        "etichetta": "PE DE90",
        "n_distretto": "02",
        "note_etichetta": null,
        "id_distretto": "POZ-DPZ02",
        "distretto_modello": "POZ-DPZ02"
      },
      "geometry": {
        "type": "LineString",
        "coordinates": [
          [
            8.780567988890015,
            44.79273449848322
          ],
          [
            8.780568927834498,
            44.79274227365061
          ]
        ]
      }
    },
    {
      "type": "Feature",
      "properties": {
        "materiale": "PE",
        "dn": "DE90",
        "classe_pre": null,
        "lunghezza": 4.46,
        "prof": 80,
        "anno_posa": 1980,
        "comune": "Pozzolo Formigaro",
        "localita": "CAPOLUOGO",
        "via": "Viale Armano Oreste",
        "comune_posa": "Pozzolo Formigaro",
        "tipologia": "DISTRIBUZIONE",
        "tip_rete": "DISTRIBUZIONE",
        "id": 4631,
        "etichetta": "PE DE90",
        "n_distretto": "03",
        "note_etichetta": null,
        "id_distretto": "POZ-DPZ03",
        "distretto_modello": "POZ-DPZ03"
      },
      "geometry": {
        "type": "LineString",
        "coordinates": [
          [
            8.780201030794563,
            44.792791497298396
          ],
          [
            8.780169881311672,
            44.79279226436025
          ],
          [
            8.78016900804653,
            44.79277427832462
          ]
        ]
      }
    },
    {
      "type": "Feature",
      "properties": {
        "materiale": "GS",
        "dn": "DN150",
        "classe_pre": null,
        "lunghezza": 243.33,
        "prof": 80,
        "anno_posa": 1980,
        "comune": "Pozzolo Formigaro",
        "localita": "CAPOLUOGO",
        "via": "Strada San Bovo",
        "comune_posa": "Pozzolo Formigaro",
        "tipologia": "DISTRIBUZIONE",
        "tip_rete": "DISTRIBUZIONE",
        "id": 4632,
        "etichetta": "GS DN150",
        "n_distretto": "02",
        "note_etichetta": null,
        "id_distretto": "POZ-DPZ02",
        "distretto_modello": "POZ-DPZ02"
      },
      "geometry": {
        "type": "LineString",
        "coordinates": [
          [
            8.780434447934635,
            44.792741280907336
          ],
          [
            8.780279405899421,
            44.79242285520053
          ],
          [
            8.780237906843709,
            44.792340350604974
          ],
          [
            8.780159877906359,
            44.79217705635651
          ],
          [
            8.7801455211707,
            44.792147553077015
          ],
          [
            8.780037476612348,
            44.79192551907479
          ],
          [
            8.779968016930937,
            44.791783016475854
          ],
          [
            8.77989866165892,
            44.79164048813249
          ],
          [
            8.77982941081434,
            44.791497934083345
          ],
          [
            8.779816984766223,
            44.79147239775857
          ],
          [
            8.779776675350298,
            44.791389559162845
          ],
          [
            8.779574879070601,
            44.79094502951746
          ],
          [
            8.779462787053273,
            44.790695162701994
          ],
          [
            8.779450198592315,
            44.790666056907746
          ]
        ]
      }
    },
    {
      "type": "Feature",
      "properties": {
        "materiale": "PE",
        "dn": "DE110",
        "classe_pre": null,
        "lunghezza": 1.09,
        "prof": 70,
        "anno_posa": 1980,
        "comune": "Pozzolo Formigaro",
        "localita": "CAPOLUOGO",
        "via": "Via Principe Oddone",
        "comune_posa": "Pozzolo Formigaro",
        "tipologia": "DISTRIBUZIONE",
        "tip_rete": "DISTRIBUZIONE",
        "id": 4633,
        "etichetta": "PE DE110",
        "n_distretto": "02",
        "note_etichetta": null,
        "id_distretto": "POZ-DPZ02",
        "distretto_modello": "POZ-DPZ02"
      },
      "geometry": {
        "type": "LineString",
        "coordinates": [
          [
            8.781951331759663,
            44.79446808099011
          ],
          [
            8.781951307696458,
            44.7944680945678
          ],
          [
            8.781940671883625,
            44.79447425736083
          ]
        ]
      }
    },
    {
      "type": "Feature",
      "properties": {
        "materiale": "PVC",
        "dn": "DE160",
        "classe_pre": null,
        "lunghezza": 42.33,
        "prof": 80,
        "anno_posa": 1980,
        "comune": "Pozzolo Formigaro",
        "localita": "CAPOLUOGO",
        "via": null,
        "comune_posa": "Pozzolo Formigaro",
        "tipologia": "DISTRIBUZIONE",
        "tip_rete": "DISTRIBUZIONE",
        "id": 4634,
        "etichetta": "PVC DE160",
        "n_distretto": "03",
        "note_etichetta": null,
        "id_distretto": "POZ-DPZ03",
        "distretto_modello": "POZ-DPZ03"
      },
      "geometry": {
        "type": "LineString",
        "coordinates": [
          [
            8.78337704300511,
            44.799759887604985
          ],
          [
            8.783897490873759,
            44.79967116212522
          ]
        ]
      }
    },
    {
      "type": "Feature",
      "properties": {
        "materiale": "PVC",
        "dn": "DE110",
        "classe_pre": null,
        "lunghezza": 22.42,
        "prof": 80,
        "anno_posa": 1980,
        "comune": "Pozzolo Formigaro",
        "localita": "CAPOLUOGO",
        "via": "Via delle Ghiare",
        "comune_posa": "Pozzolo Formigaro",
        "tipologia": "DISTRIBUZIONE",
        "tip_rete": "DISTRIBUZIONE",
        "id": 4635,
        "etichetta": "PVC DE110",
        "n_distretto": "03",
        "note_etichetta": null,
        "id_distretto": "POZ-DPZ03",
        "distretto_modello": "POZ-DPZ03"
      },
      "geometry": {
        "type": "LineString",
        "coordinates": [
          [
            8.780025148643544,
            44.802669993219446
          ],
          [
            8.779956057692063,
            44.80247427748443
          ]
        ]
      }
    },
    {
      "type": "Feature",
      "properties": {
        "materiale": "PE",
        "dn": "DE110",
        "classe_pre": null,
        "lunghezza": 223.24,
        "prof": 80,
        "anno_posa": 1980,
        "comune": "Pozzolo Formigaro",
        "localita": "CAPOLUOGO",
        "via": "Strada Roveri",
        "comune_posa": "Pozzolo Formigaro",
        "tipologia": "DISTRIBUZIONE",
        "tip_rete": "DISTRIBUZIONE",
        "id": 4636,
        "etichetta": "PE DE110",
        "n_distretto": "03",
        "note_etichetta": null,
        "id_distretto": "POZ-DPZ03",
        "distretto_modello": "POZ-DPZ03"
      },
      "geometry": {
        "type": "LineString",
        "coordinates": [
          [
            8.780750516235148,
            44.805700616286835
          ],
          [
            8.780722850841768,
            44.8057512152954
          ],
          [
            8.780706013173331,
            44.805825907384005
          ],
          [
            8.78066575818411,
            44.806038468688946
          ],
          [
            8.780619395846388,
            44.80637539175728
          ],
          [
            8.780599214806632,
            44.806495714454975
          ],
          [
            8.780515263345887,
            44.80671320678925
          ],
          [
            8.780522167845623,
            44.80688968462831
          ],
          [
            8.780497130260768,
            44.807053673515945
          ],
          [
            8.780363528839713,
            44.807309789593425
          ],
          [
            8.780147710505178,
            44.807577274683155
          ],
          [
            8.780125832625803,
            44.807631873700984
          ]
        ]
      }
    },
    {
      "type": "Feature",
      "properties": {
        "materiale": "PE",
        "dn": "DE110",
        "classe_pre": null,
        "lunghezza": 1.33,
        "prof": 80,
        "anno_posa": 1980,
        "comune": "Pozzolo Formigaro",
        "localita": "CAPOLUOGO",
        "via": "Via del Commercio",
        "comune_posa": "Pozzolo Formigaro",
        "tipologia": "DISTRIBUZIONE",
        "tip_rete": "DISTRIBUZIONE",
        "id": 4637,
        "etichetta": "PE DE110",
        "n_distretto": "03",
        "note_etichetta": null,
        "id_distretto": "POZ-DPZ03",
        "distretto_modello": "POZ-DPZ03"
      },
      "geometry": {
        "type": "LineString",
        "coordinates": [
          [
            8.780734681335051,
            44.80569657383701
          ],
          [
            8.780750516235148,
            44.805700616286835
          ]
        ]
      }
    },
    {
      "type": "Feature",
      "properties": {
        "materiale": "PE",
        "dn": "DE110",
        "classe_pre": null,
        "lunghezza": 10.36,
        "prof": 80,
        "anno_posa": 1980,
        "comune": "Pozzolo Formigaro",
        "localita": "CAPOLUOGO",
        "via": "Via del Commercio",
        "comune_posa": "Pozzolo Formigaro",
        "tipologia": "DISTRIBUZIONE",
        "tip_rete": "DISTRIBUZIONE",
        "id": 4638,
        "etichetta": "PE DE110",
        "n_distretto": "03",
        "note_etichetta": null,
        "id_distretto": "POZ-DPZ03",
        "distretto_modello": "POZ-DPZ03"
      },
      "geometry": {
        "type": "LineString",
        "coordinates": [
          [
            8.780607612922717,
            44.80567401278201
          ],
          [
            8.780734681335051,
            44.80569657383701
          ]
        ]
      }
    },
    {
      "type": "Feature",
      "properties": {
        "materiale": "PE",
        "dn": "DE110",
        "classe_pre": null,
        "lunghezza": 70.45,
        "prof": 80,
        "anno_posa": 2024,
        "comune": "Pozzolo Formigaro",
        "localita": "CAPOLUOGO",
        "via": "Via del Commercio",
        "comune_posa": "Pozzolo Formigaro",
        "tipologia": "DISTRIBUZIONE",
        "tip_rete": "DISTRIBUZIONE",
        "id": 4639,
        "etichetta": "PE DE110",
        "n_distretto": "03",
        "note_etichetta": null,
        "id_distretto": "POZ-DPZ03",
        "distretto_modello": "POZ-DPZ03"
      },
      "geometry": {
        "type": "LineString",
        "coordinates": [
          [
            8.779744067193711,
            44.80582907130539
          ],
          [
            8.779760740263342,
            44.8058251089468
          ],
          [
            8.780032502708343,
            44.805771924432904
          ],
          [
            8.780258698640258,
            44.80572925991567
          ],
          [
            8.780607612922717,
            44.80567401278201
          ]
        ]
      }
    },
    {
      "type": "Feature",
      "properties": {
        "materiale": "PE",
        "dn": "DE110",
        "classe_pre": null,
        "lunghezza": 2.73,
        "prof": 80,
        "anno_posa": 1980,
        "comune": "Pozzolo Formigaro",
        "localita": "CAPOLUOGO",
        "via": "Via del Commercio",
        "comune_posa": "Pozzolo Formigaro",
        "tipologia": "DISTRIBUZIONE",
        "tip_rete": "DISTRIBUZIONE",
        "id": 4640,
        "etichetta": "PE DE110",
        "n_distretto": "03",
        "note_etichetta": null,
        "id_distretto": "POZ-DPZ03",
        "distretto_modello": "POZ-DPZ03"
      },
      "geometry": {
        "type": "LineString",
        "coordinates": [
          [
            8.777789237912598,
            44.80623688661566
          ],
          [
            8.777822652243431,
            44.806230810940434
          ]
        ]
      }
    },
    {
      "type": "Feature",
      "properties": {
        "materiale": "PE",
        "dn": "DE110",
        "classe_pre": "PN16",
        "lunghezza": 161.95,
        "prof": 80,
        "anno_posa": 2017,
        "comune": "Pozzolo Formigaro",
        "localita": "CAPOLUOGO",
        "via": "Via del Commercio",
        "comune_posa": "Pozzolo Formigaro",
        "tipologia": "DISTRIBUZIONE",
        "tip_rete": "DISTRIBUZIONE",
        "id": 4641,
        "etichetta": "PE DE110",
        "n_distretto": "03",
        "note_etichetta": null,
        "id_distretto": "POZ-DPZ03",
        "distretto_modello": "POZ-DPZ03"
      },
      "geometry": {
        "type": "LineString",
        "coordinates": [
          [
            8.777822652243431,
            44.806230810940434
          ],
          [
            8.778581742244183,
            44.806086055614315
          ],
          [
            8.779338161417673,
            44.805942086543254
          ],
          [
            8.779325920486542,
            44.80591112934652
          ],
          [
            8.779434312034615,
            44.805892748600414
          ],
          [
            8.779553355260036,
            44.80587094569495
          ],
          [
            8.779744067193711,
            44.80582907130539
          ]
        ]
      }
    },
    {
      "type": "Feature",
      "properties": {
        "materiale": "PE",
        "dn": "DE110",
        "classe_pre": null,
        "lunghezza": 188.5,
        "prof": 80,
        "anno_posa": 1980,
        "comune": "Pozzolo Formigaro",
        "localita": "CAPOLUOGO",
        "via": "Via del Commercio",
        "comune_posa": "Pozzolo Formigaro",
        "tipologia": "DISTRIBUZIONE",
        "tip_rete": "DISTRIBUZIONE",
        "id": 4642,
        "etichetta": "PE DE110",
        "n_distretto": "03",
        "note_etichetta": null,
        "id_distretto": "POZ-DPZ03",
        "distretto_modello": "POZ-DPZ03"
      },
      "geometry": {
        "type": "LineString",
        "coordinates": [
          [
            8.775447769272965,
            44.80666671032494
          ],
          [
            8.77561350239784,
            44.806633297952686
          ],
          [
            8.777443995623699,
            44.80629764410005
          ],
          [
            8.777755612421899,
            44.80624234001624
          ]
        ]
      }
    },
    {
      "type": "Feature",
      "properties": {
        "materiale": "PE",
        "dn": "DE110",
        "classe_pre": null,
        "lunghezza": 2.73,
        "prof": 80,
        "anno_posa": 1980,
        "comune": "Pozzolo Formigaro",
        "localita": "CAPOLUOGO",
        "via": "Via del Commercio",
        "comune_posa": "Pozzolo Formigaro",
        "tipologia": "DISTRIBUZIONE",
        "tip_rete": "DISTRIBUZIONE",
        "id": 4643,
        "etichetta": "PE DE110",
        "n_distretto": "03",
        "note_etichetta": null,
        "id_distretto": "POZ-DPZ03",
        "distretto_modello": "POZ-DPZ03"
      },
      "geometry": {
        "type": "LineString",
        "coordinates": [
          [
            8.777755612421899,
            44.80624234001624
          ],
          [
            8.777789237912598,
            44.80623688661566
          ]
        ]
      }
    },
    {
      "type": "Feature",
      "properties": {
        "materiale": "PE",
        "dn": "DE110",
        "classe_pre": null,
        "lunghezza": 345.64,
        "prof": 80,
        "anno_posa": 1980,
        "comune": "Pozzolo Formigaro",
        "localita": "CAPOLUOGO",
        "via": "Via Artigianato",
        "comune_posa": "Pozzolo Formigaro",
        "tipologia": "DISTRIBUZIONE",
        "tip_rete": "DISTRIBUZIONE",
        "id": 4644,
        "etichetta": "PE DE110",
        "n_distretto": "03",
        "note_etichetta": null,
        "id_distretto": "POZ-DPZ03",
        "distretto_modello": "POZ-DPZ03"
      },
      "geometry": {
        "type": "LineString",
        "coordinates": [
          [
            8.777779820056274,
            44.80621084824669
          ],
          [
            8.777747035482793,
            44.80611535951486
          ],
          [
            8.777615248875698,
            44.80579998582722
          ],
          [
            8.777376454921004,
            44.80521717450034
          ],
          [
            8.777164901680852,
            44.80468189751974
          ],
          [
            8.777218368863359,
            44.80467217569282
          ],
          [
            8.776786014605342,
            44.803616410154646
          ],
          [
            8.776666090920093,
            44.80332304578509
          ],
          [
            8.77664414775359,
            44.8032536931771
          ],
          [
            8.776643060533523,
            44.803248397050794
          ]
        ]
      }
    },
    {
      "type": "Feature",
      "properties": {
        "materiale": "PE",
        "dn": "DE110",
        "classe_pre": "PN16",
        "lunghezza": 116.28,
        "prof": 80,
        "anno_posa": 2023,
        "comune": "Pozzolo Formigaro",
        "localita": "CAPOLUOGO",
        "via": "Via Industria",
        "comune_posa": "Pozzolo Formigaro",
        "tipologia": "DISTRIBUZIONE",
        "tip_rete": "DISTRIBUZIONE",
        "id": 4645,
        "etichetta": "PE DE110",
        "n_distretto": "03",
        "note_etichetta": null,
        "id_distretto": "POZ-DPZ03",
        "distretto_modello": "POZ-DPZ03"
      },
      "geometry": {
        "type": "LineString",
        "coordinates": [
          [
            8.776643060533523,
            44.803248397050794
          ],
          [
            8.776836157508352,
            44.803175544687605
          ],
          [
            8.777092235332711,
            44.803077195622656
          ],
          [
            8.777353179612462,
            44.80297912971409
          ],
          [
            8.77757254179438,
            44.80289845848629
          ],
          [
            8.777575462796422,
            44.80289693627235
          ],
          [
            8.77782600683722,
            44.80280351415137
          ],
          [
            8.77777913271579,
            44.80272897165562
          ],
          [
            8.777795065556049,
            44.80272344878455
          ]
        ]
      }
    },
    {
      "type": "Feature",
      "properties": {
        "materiale": "PE",
        "dn": "DE110",
        "classe_pre": null,
        "lunghezza": 1.62,
        "prof": 80,
        "anno_posa": 1980,
        "comune": "Pozzolo Formigaro",
        "localita": "CAPOLUOGO",
        "via": "Via del Commercio",
        "comune_posa": "Pozzolo Formigaro",
        "tipologia": "DISTRIBUZIONE",
        "tip_rete": "DISTRIBUZIONE",
        "id": 4646,
        "etichetta": "PE DE110",
        "n_distretto": "03",
        "note_etichetta": null,
        "id_distretto": "POZ-DPZ03",
        "distretto_modello": "POZ-DPZ03"
      },
      "geometry": {
        "type": "LineString",
        "coordinates": [
          [
            8.779736369768187,
            44.80581551579368
          ],
          [
            8.779744067193711,
            44.80582907130539
          ]
        ]
      }
    },
    {
      "type": "Feature",
      "properties": {
        "materiale": "PE",
        "dn": "DE110",
        "classe_pre": null,
        "lunghezza": 256.51,
        "prof": 80,
        "anno_posa": 1980,
        "comune": "Pozzolo Formigaro",
        "localita": "CAPOLUOGO",
        "via": "Strada Roveri",
        "comune_posa": "Pozzolo Formigaro",
        "tipologia": "DISTRIBUZIONE",
        "tip_rete": "DISTRIBUZIONE",
        "id": 4647,
        "etichetta": "PE DE110",
        "n_distretto": "03",
        "note_etichetta": null,
        "id_distretto": "POZ-DPZ03",
        "distretto_modello": "POZ-DPZ03"
      },
      "geometry": {
        "type": "LineString",
        "coordinates": [
          [
            8.780125832625803,
            44.807631873700984
          ],
          [
            8.780052840614356,
            44.807797571933655
          ],
          [
            8.779999344848733,
            44.80796674655886
          ],
          [
            8.779953218433683,
            44.80829238196341
          ],
          [
            8.7799613617978,
            44.80846437250983
          ],
          [
            8.780044050951387,
            44.809292261529656
          ],
          [
            8.780083108784282,
            44.80970920658811
          ],
          [
            8.780079802378715,
            44.809924018467235
          ]
        ]
      }
    },
    {
      "type": "Feature",
      "properties": {
        "materiale": "PE",
        "dn": "DE110",
        "classe_pre": null,
        "lunghezza": 2.43,
        "prof": 80,
        "anno_posa": 1980,
        "comune": "Pozzolo Formigaro",
        "localita": "CAPOLUOGO",
        "via": "Strada della Cascina Cocoleta",
        "comune_posa": "Pozzolo Formigaro",
        "tipologia": "DISTRIBUZIONE",
        "tip_rete": "DISTRIBUZIONE",
        "id": 4648,
        "etichetta": "PE DE110",
        "n_distretto": "03",
        "note_etichetta": null,
        "id_distretto": "POZ-DPZ03",
        "distretto_modello": "POZ-DPZ03"
      },
      "geometry": {
        "type": "LineString",
        "coordinates": [
          [
            8.77604872980947,
            44.808238257685574
          ],
          [
            8.776018465275541,
            44.80824190520507
          ]
        ]
      }
    },
    {
      "type": "Feature",
      "properties": {
        "materiale": "PE",
        "dn": "DE110",
        "classe_pre": null,
        "lunghezza": 323.23,
        "prof": 80,
        "anno_posa": 1980,
        "comune": "Pozzolo Formigaro",
        "localita": "CAPOLUOGO",
        "via": "Strada della Cascina Cocoleta",
        "comune_posa": "Pozzolo Formigaro",
        "tipologia": "DISTRIBUZIONE",
        "tip_rete": "DISTRIBUZIONE",
        "id": 4649,
        "etichetta": "PE DE110",
        "n_distretto": "03",
        "note_etichetta": null,
        "id_distretto": "POZ-DPZ03",
        "distretto_modello": "POZ-DPZ03"
      },
      "geometry": {
        "type": "LineString",
        "coordinates": [
          [
            8.780087570326296,
            44.80764038117634
          ],
          [
            8.779532281307858,
            44.80774251184653
          ],
          [
            8.779216787389386,
            44.80779745159479
          ],
          [
            8.778401725110147,
            44.807927055042754
          ],
          [
            8.77790404343058,
            44.80800024810663
          ],
          [
            8.77722638965957,
            44.80809131019323
          ],
          [
            8.776420268143335,
            44.80820162128242
          ],
          [
            8.776088116405086,
            44.80823437393803
          ]
        ]
      }
    },
    {
      "type": "Feature",
      "properties": {
        "materiale": "PE",
        "dn": "DE110",
        "classe_pre": null,
        "lunghezza": 494.92,
        "prof": 80,
        "anno_posa": 1980,
        "comune": "Pozzolo Formigaro",
        "localita": "CAPOLUOGO",
        "via": "Strada Vicinale Cascina Giacobbe",
        "comune_posa": "Pozzolo Formigaro",
        "tipologia": "DISTRIBUZIONE",
        "tip_rete": "DISTRIBUZIONE",
        "id": 4650,
        "etichetta": "PE DE110",
        "n_distretto": "03",
        "note_etichetta": null,
        "id_distretto": "POZ-DPZ03",
        "distretto_modello": "POZ-DPZ03"
      },
      "geometry": {
        "type": "LineString",
        "coordinates": [
          [
            8.773695746476202,
            44.80873277045196
          ],
          [
            8.77281645959623,
            44.80903948043738
          ],
          [
            8.771469327885049,
            44.809427287166834
          ],
          [
            8.770838195066537,
            44.80962966059154
          ],
          [
            8.770323209667403,
            44.809824120096586
          ],
          [
            8.770282505964104,
            44.809861660103245
          ],
          [
            8.770394341903017,
            44.810592518195804
          ],
          [
            8.770382409193104,
            44.810648914457616
          ],
          [
            8.770273865358332,
            44.81073506748231
          ],
          [
            8.770182646627795,
            44.810772461427995
          ],
          [
            8.769943941770428,
            44.81085152848568
          ],
          [
            8.769792236426484,
            44.81091538258871
          ],
          [
            8.7697237117988,
            44.81096383237092
          ],
          [
            8.769449192260172,
            44.81131770750941
          ]
        ]
      }
    },
    {
      "type": "Feature",
      "properties": {
        "materiale": "PE",
        "dn": "DE110",
        "classe_pre": null,
        "lunghezza": 192.59,
        "prof": 80,
        "anno_posa": 1980,
        "comune": "Pozzolo Formigaro",
        "localita": "CAPOLUOGO",
        "via": "Strada della Cascina Cocoleta",
        "comune_posa": "Pozzolo Formigaro",
        "tipologia": "DISTRIBUZIONE",
        "tip_rete": "DISTRIBUZIONE",
        "id": 4651,
        "etichetta": "PE DE110",
        "n_distretto": "03",
        "note_etichetta": null,
        "id_distretto": "POZ-DPZ03",
        "distretto_modello": "POZ-DPZ03"
      },
      "geometry": {
        "type": "LineString",
        "coordinates": [
          [
            8.776018465275541,
            44.80824190520507
          ],
          [
            8.77567026964672,
            44.80829754079845
          ],
          [
            8.775108631998728,
            44.80839054344197
          ],
          [
            8.77486099000682,
            44.808439012829005
          ],
          [
            8.774611906897656,
            44.808483583778894
          ],
          [
            8.774361503771129,
            44.80852423462158
          ],
          [
            8.773874279912537,
            44.80864990843674
          ],
          [
            8.773726770656927,
            44.80872031377314
          ],
          [
            8.773695746476202,
            44.80873277045196
          ]
        ]
      }
    },
    {
      "type": "Feature",
      "properties": {
        "materiale": "PE",
        "dn": "DE110",
        "classe_pre": null,
        "lunghezza": 3.14,
        "prof": 80,
        "anno_posa": 1980,
        "comune": "Pozzolo Formigaro",
        "localita": "CAPOLUOGO",
        "via": "Via Regione Piemonte",
        "comune_posa": "Pozzolo Formigaro",
        "tipologia": "DISTRIBUZIONE",
        "tip_rete": "DISTRIBUZIONE",
        "id": 4652,
        "etichetta": "PE DE110",
        "n_distretto": "03",
        "note_etichetta": null,
        "id_distretto": "POZ-DPZ03",
        "distretto_modello": "POZ-DPZ03"
      },
      "geometry": {
        "type": "LineString",
        "coordinates": [
          [
            8.776042073477564,
            44.808210351038355
          ],
          [
            8.77604872980929,
            44.80823825768485
          ]
        ]
      }
    },
    {
      "type": "Feature",
      "properties": {
        "materiale": "PE",
        "dn": "DE110",
        "classe_pre": null,
        "lunghezza": 174.89,
        "prof": 80,
        "anno_posa": 1980,
        "comune": "Pozzolo Formigaro",
        "localita": "CAPOLUOGO",
        "via": "Via Regione Piemonte",
        "comune_posa": "Pozzolo Formigaro",
        "tipologia": "DISTRIBUZIONE",
        "tip_rete": "DISTRIBUZIONE",
        "id": 4653,
        "etichetta": "PE DE110",
        "n_distretto": "03",
        "note_etichetta": null,
        "id_distretto": "POZ-DPZ03",
        "distretto_modello": "POZ-DPZ03"
      },
      "geometry": {
        "type": "LineString",
        "coordinates": [
          [
            8.7754230535756,
            44.806699533576854
          ],
          [
            8.775443046241175,
            44.806747775994324
          ],
          [
            8.775770702261159,
            44.80752726606451
          ],
          [
            8.776006924019251,
            44.80808220414014
          ],
          [
            8.776042073477564,
            44.808210351038355
          ]
        ]
      }
    },
    {
      "type": "Feature",
      "properties": {
        "materiale": "PE",
        "dn": "DE110",
        "classe_pre": null,
        "lunghezza": 84.1,
        "prof": 80,
        "anno_posa": 1980,
        "comune": "Pozzolo Formigaro",
        "localita": "CAPOLUOGO",
        "via": "Strada Vicinale Cascina Giacobbe",
        "comune_posa": "Pozzolo Formigaro",
        "tipologia": "DISTRIBUZIONE",
        "tip_rete": "DISTRIBUZIONE",
        "id": 4654,
        "etichetta": "PE DE110",
        "n_distretto": "03",
        "note_etichetta": null,
        "id_distretto": "POZ-DPZ03",
        "distretto_modello": "POZ-DPZ03"
      },
      "geometry": {
        "type": "LineString",
        "coordinates": [
          [
            8.769449192260172,
            44.81131770750941
          ],
          [
            8.76892967201692,
            44.81197831712406
          ]
        ]
      }
    },
    {
      "type": "Feature",
      "properties": {
        "materiale": "PE",
        "dn": "DE110",
        "classe_pre": null,
        "lunghezza": 314.47,
        "prof": 80,
        "anno_posa": 1980,
        "comune": "Pozzolo Formigaro",
        "localita": "CAPOLUOGO",
        "via": "Via Regione Piemonte",
        "comune_posa": "Pozzolo Formigaro",
        "tipologia": "DISTRIBUZIONE",
        "tip_rete": "DISTRIBUZIONE",
        "id": 4655,
        "etichetta": "PE DE110",
        "n_distretto": "03",
        "note_etichetta": null,
        "id_distretto": "POZ-DPZ03",
        "distretto_modello": "POZ-DPZ03"
      },
      "geometry": {
        "type": "LineString",
        "coordinates": [
          [
            8.774299492143893,
            44.803956915866806
          ],
          [
            8.774343972058935,
            44.804052177844056
          ],
          [
            8.774774812647204,
            44.80511396862231
          ],
          [
            8.775009194224262,
            44.80567131027929
          ],
          [
            8.775235010561188,
            44.80622759053463
          ],
          [
            8.775413324778334,
            44.806674373851706
          ]
        ]
      }
    },
    {
      "type": "Feature",
      "properties": {
        "materiale": "PE",
        "dn": "DE110",
        "classe_pre": null,
        "lunghezza": 257.71,
        "prof": 80,
        "anno_posa": 1980,
        "comune": "Pozzolo Formigaro",
        "localita": "CAPOLUOGO",
        "via": "Strada Vicinale Cascina Giacobbe",
        "comune_posa": "Pozzolo Formigaro",
        "tipologia": "DISTRIBUZIONE",
        "tip_rete": "DISTRIBUZIONE",
        "id": 4656,
        "etichetta": "PE DE110",
        "n_distretto": "03",
        "note_etichetta": null,
        "id_distretto": "POZ-DPZ03",
        "distretto_modello": "POZ-DPZ03"
      },
      "geometry": {
        "type": "LineString",
        "coordinates": [
          [
            8.76892967201692,
            44.81197831712406
          ],
          [
            8.768744729928377,
            44.8121483521571
          ],
          [
            8.768496812071234,
            44.81246491457646
          ],
          [
            8.768162622527004,
            44.812947579553594
          ],
          [
            8.767844453713133,
            44.81341375153824
          ],
          [
            8.767416137352384,
            44.814028419189334
          ]
        ]
      }
    },
    {
      "type": "Feature",
      "properties": {
        "materiale": "PE",
        "dn": "DE110",
        "classe_pre": null,
        "lunghezza": 2.41,
        "prof": 80,
        "anno_posa": 1980,
        "comune": "Pozzolo Formigaro",
        "localita": "CAPOLUOGO",
        "via": "Strada Vicinale Cascina Giacobbe",
        "comune_posa": "Pozzolo Formigaro",
        "tipologia": "DISTRIBUZIONE",
        "tip_rete": "DISTRIBUZIONE",
        "id": 4657,
        "etichetta": "PE DE110",
        "n_distretto": "03",
        "note_etichetta": null,
        "id_distretto": "POZ-DPZ03",
        "distretto_modello": "POZ-DPZ03"
      },
      "geometry": {
        "type": "LineString",
        "coordinates": [
          [
            8.767416137352384,
            44.814028419189334
          ],
          [
            8.767403000140364,
            44.814048015324786
          ]
        ]
      }
    },
    {
      "type": "Feature",
      "properties": {
        "materiale": "PE",
        "dn": "DE50",
        "classe_pre": "",
        "lunghezza": 418.62,
        "prof": 80,
        "anno_posa": 1980,
        "comune": "Pozzolo Formigaro",
        "localita": "CAPOLUOGO",
        "via": "Strada Vicinale Cascina Giacobbe",
        "comune_posa": "Pozzolo Formigaro",
        "tipologia": "DISTRIBUZIONE",
        "tip_rete": "DISTRIBUZIONE",
        "id": 4658,
        "etichetta": "PE DE50",
        "n_distretto": "03",
        "note_etichetta": null,
        "id_distretto": "POZ-DPZ03",
        "distretto_modello": "POZ-DPZ03"
      },
      "geometry": {
        "type": "LineString",
        "coordinates": [
          [
            8.766597297371472,
            44.815054368364486
          ],
          [
            8.7664899343251,
            44.81487255112329
          ],
          [
            8.766229301865023,
            44.81453409313299
          ],
          [
            8.765328689576913,
            44.81355922414297
          ],
          [
            8.765041384477055,
            44.81321965945927
          ],
          [
            8.764982822255714,
            44.81313441371628
          ],
          [
            8.764800757504261,
            44.81291788776074
          ],
          [
            8.764261862024007,
            44.81235073543206
          ],
          [
            8.764170399227758,
            44.81224589115474
          ],
          [
            8.763580772279537,
            44.812450114346845
          ]
        ]
      }
    },
    {
      "type": "Feature",
      "properties": {
        "materiale": "PVC",
        "dn": "DE160",
        "classe_pre": null,
        "lunghezza": 356.26,
        "prof": 80,
        "anno_posa": 1980,
        "comune": "Pozzolo Formigaro",
        "localita": "CAPOLUOGO",
        "via": null,
        "comune_posa": "Pozzolo Formigaro",
        "tipologia": "DISTRIBUZIONE",
        "tip_rete": "DISTRIBUZIONE",
        "id": 4659,
        "etichetta": "PVC DE160",
        "n_distretto": "03",
        "note_etichetta": null,
        "id_distretto": "POZ-DPZ03",
        "distretto_modello": "POZ-DPZ03"
      },
      "geometry": {
        "type": "LineString",
        "coordinates": [
          [
            8.779176042666435,
            44.80018807339254
          ],
          [
            8.779510241169138,
            44.800542844070485
          ],
          [
            8.779953214091838,
            44.80029370822987
          ],
          [
            8.780540679553374,
            44.79999349088097
          ],
          [
            8.780583606169305,
            44.799980270232794
          ],
          [
            8.78118022623309,
            44.79990955342386
          ],
          [
            8.781522600119228,
            44.79988257797351
          ],
          [
            8.781936649440771,
            44.79985298387719
          ],
          [
            8.782164848398157,
            44.79983742302492
          ],
          [
            8.782403609806375,
            44.799823312784916
          ],
          [
            8.782667491994468,
            44.79980573086141
          ],
          [
            8.783112096762165,
            44.79977616083038
          ],
          [
            8.78313640550641,
            44.79977552602513
          ]
        ]
      }
    },
    {
      "type": "Feature",
      "properties": {
        "materiale": "PVC",
        "dn": "DE110",
        "classe_pre": null,
        "lunghezza": 24.26,
        "prof": 80,
        "anno_posa": 1980,
        "comune": "Pozzolo Formigaro",
        "localita": "CAPOLUOGO",
        "via": "Via Timone",
        "comune_posa": "Pozzolo Formigaro",
        "tipologia": "DISTRIBUZIONE",
        "tip_rete": "DISTRIBUZIONE",
        "id": 4660,
        "etichetta": "PVC DE110",
        "n_distretto": "03",
        "note_etichetta": null,
        "id_distretto": "POZ-DPZ03",
        "distretto_modello": "POZ-DPZ03"
      },
      "geometry": {
        "type": "LineString",
        "coordinates": [
          [
            8.778820374157277,
            44.800315221419766
          ],
          [
            8.778839641308965,
            44.80030804928037
          ],
          [
            8.778855779708234,
            44.80030204180571
          ],
          [
            8.7790143893657,
            44.800239156389694
          ],
          [
            8.779050716971886,
            44.80022270209716
          ],
          [
            8.779086077503617,
            44.80020624592238
          ]
        ]
      }
    },
    {
      "type": "Feature",
      "properties": {
        "materiale": "AC",
        "dn": "DN40",
        "classe_pre": null,
        "lunghezza": 38.99,
        "prof": 80,
        "anno_posa": 1980,
        "comune": "Pozzolo Formigaro",
        "localita": "CAPOLUOGO",
        "via": "Vicolo Marsala",
        "comune_posa": "Pozzolo Formigaro",
        "tipologia": "DISTRIBUZIONE",
        "tip_rete": "DISTRIBUZIONE",
        "id": 4661,
        "etichetta": "AC DN40",
        "n_distretto": "02",
        "note_etichetta": null,
        "id_distretto": "POZ-DPZ02",
        "distretto_modello": "POZ-DPZ02"
      },
      "geometry": {
        "type": "LineString",
        "coordinates": [
          [
            8.783370525541185,
            44.795814953301445
          ],
          [
            8.783846137602593,
            44.79572255302035
          ]
        ]
      }
    },
    {
      "type": "Feature",
      "properties": {
        "materiale": "PE",
        "dn": "DE50",
        "classe_pre": null,
        "lunghezza": 7.96,
        "prof": 80,
        "anno_posa": 1980,
        "comune": "Pozzolo Formigaro",
        "localita": "CAPOLUOGO",
        "via": "Vicolo Milazzo",
        "comune_posa": "Pozzolo Formigaro",
        "tipologia": "DISTRIBUZIONE",
        "tip_rete": "DISTRIBUZIONE",
        "id": 4662,
        "etichetta": "PE DE50",
        "n_distretto": "02",
        "note_etichetta": null,
        "id_distretto": "POZ-DPZ02",
        "distretto_modello": "POZ-DPZ02"
      },
      "geometry": {
        "type": "LineString",
        "coordinates": [
          [
            8.783212956918016,
            44.79604218747429
          ],
          [
            8.783117956473523,
            44.7960659387128
          ]
        ]
      }
    },
    {
      "type": "Feature",
      "properties": {
        "materiale": "PVC",
        "dn": "DE125",
        "classe_pre": null,
        "lunghezza": 48.97,
        "prof": 80,
        "anno_posa": 1980,
        "comune": "Pozzolo Formigaro",
        "localita": "CAPOLUOGO",
        "via": "Via della Liberta'",
        "comune_posa": "Pozzolo Formigaro",
        "tipologia": "DISTRIBUZIONE",
        "tip_rete": "DISTRIBUZIONE",
        "id": 4663,
        "etichetta": "PVC DE125",
        "n_distretto": "02",
        "note_etichetta": null,
        "id_distretto": "POZ-DPZ02",
        "distretto_modello": "POZ-DPZ02"
      },
      "geometry": {
        "type": "LineString",
        "coordinates": [
          [
            8.783312597560858,
            44.79603184507961
          ],
          [
            8.783297556246936,
            44.79614419333976
          ],
          [
            8.783302372057175,
            44.796286160423115
          ],
          [
            8.783307996546466,
            44.7964161632337
          ],
          [
            8.783322304587003,
            44.79647112429595
          ]
        ]
      }
    },
    {
      "type": "Feature",
      "properties": {
        "materiale": "PVC",
        "dn": "DE125",
        "classe_pre": null,
        "lunghezza": 27.45,
        "prof": 80,
        "anno_posa": 1980,
        "comune": "Pozzolo Formigaro",
        "localita": "CAPOLUOGO",
        "via": "Via della Liberta'",
        "comune_posa": "Pozzolo Formigaro",
        "tipologia": "DISTRIBUZIONE",
        "tip_rete": "DISTRIBUZIONE",
        "id": 4664,
        "etichetta": "PVC DE125",
        "n_distretto": "02",
        "note_etichetta": null,
        "id_distretto": "POZ-DPZ02",
        "distretto_modello": "POZ-DPZ02"
      },
      "geometry": {
        "type": "LineString",
        "coordinates": [
          [
            8.783322304587003,
            44.79647112429595
          ],
          [
            8.783382995546717,
            44.79671441708055
          ]
        ]
      }
    },
    {
      "type": "Feature",
      "properties": {
        "materiale": "AC",
        "dn": "DN40",
        "classe_pre": null,
        "lunghezza": 54.05,
        "prof": 80,
        "anno_posa": 1980,
        "comune": "Pozzolo Formigaro",
        "localita": "CAPOLUOGO",
        "via": "Vicolo Marengo",
        "comune_posa": "Pozzolo Formigaro",
        "tipologia": "DISTRIBUZIONE",
        "tip_rete": "DISTRIBUZIONE",
        "id": 4665,
        "etichetta": "AC DN40",
        "n_distretto": "02",
        "note_etichetta": null,
        "id_distretto": "POZ-DPZ02",
        "distretto_modello": "POZ-DPZ02"
      },
      "geometry": {
        "type": "LineString",
        "coordinates": [
          [
            8.783339024703182,
            44.796463226168115
          ],
          [
            8.783926123690014,
            44.79621415658048
          ]
        ]
      }
    },
    {
      "type": "Feature",
      "properties": {
        "materiale": "PVC",
        "dn": "DE125",
        "classe_pre": null,
        "lunghezza": 2.49,
        "prof": 80,
        "anno_posa": 1980,
        "comune": "Pozzolo Formigaro",
        "localita": "CAPOLUOGO",
        "via": "Piazza G. Marconi",
        "comune_posa": "Pozzolo Formigaro",
        "tipologia": "DISTRIBUZIONE",
        "tip_rete": "DISTRIBUZIONE",
        "id": 4666,
        "etichetta": "PVC DE125",
        "n_distretto": "02",
        "note_etichetta": null,
        "id_distretto": "POZ-DPZ02",
        "distretto_modello": "POZ-DPZ02"
      },
      "geometry": {
        "type": "LineString",
        "coordinates": [
          [
            8.783488975277578,
            44.79691100194261
          ],
          [
            8.783504549232978,
            44.79693045258127
          ]
        ]
      }
    },
    {
      "type": "Feature",
      "properties": {
        "materiale": "PVC",
        "dn": "DE125",
        "classe_pre": null,
        "lunghezza": 23.39,
        "prof": 80,
        "anno_posa": 1980,
        "comune": "Pozzolo Formigaro",
        "localita": "CAPOLUOGO",
        "via": "Piazza G. Marconi",
        "comune_posa": "Pozzolo Formigaro",
        "tipologia": "DISTRIBUZIONE",
        "tip_rete": "DISTRIBUZIONE",
        "id": 4667,
        "etichetta": "PVC DE125",
        "n_distretto": "02",
        "note_etichetta": null,
        "id_distretto": "POZ-DPZ02",
        "distretto_modello": "POZ-DPZ02"
      },
      "geometry": {
        "type": "LineString",
        "coordinates": [
          [
            8.783382995546717,
            44.79671441708055
          ],
          [
            8.783488975277578,
            44.79691100194261
          ]
        ]
      }
    },
    {
      "type": "Feature",
      "properties": {
        "materiale": "AC",
        "dn": "DN45",
        "classe_pre": null,
        "lunghezza": 51.02,
        "prof": 80,
        "anno_posa": 1980,
        "comune": "Pozzolo Formigaro",
        "localita": "CAPOLUOGO",
        "via": "Vicolo Montebello",
        "comune_posa": "Pozzolo Formigaro",
        "tipologia": "DISTRIBUZIONE",
        "tip_rete": "DISTRIBUZIONE",
        "id": 4668,
        "etichetta": "AC DN45",
        "n_distretto": "02",
        "note_etichetta": null,
        "id_distretto": "POZ-DPZ02",
        "distretto_modello": "POZ-DPZ02"
      },
      "geometry": {
        "type": "LineString",
        "coordinates": [
          [
            8.784570104560474,
            44.79532345365183
          ],
          [
            8.785152432995247,
            44.7951258130265
          ]
        ]
      }
    },
    {
      "type": "Feature",
      "properties": {
        "materiale": "AC",
        "dn": "DN40",
        "classe_pre": null,
        "lunghezza": 51.73,
        "prof": 80,
        "anno_posa": 1980,
        "comune": "Pozzolo Formigaro",
        "localita": "CAPOLUOGO",
        "via": "Vicolo Volturno",
        "comune_posa": "Pozzolo Formigaro",
        "tipologia": "DISTRIBUZIONE",
        "tip_rete": "DISTRIBUZIONE",
        "id": 4669,
        "etichetta": "AC DN40",
        "n_distretto": "02",
        "note_etichetta": null,
        "id_distretto": "POZ-DPZ02",
        "distretto_modello": "POZ-DPZ02"
      },
      "geometry": {
        "type": "LineString",
        "coordinates": [
          [
            8.783407036458303,
            44.795443100290335
          ],
          [
            8.782794075344137,
            44.795605492368914
          ]
        ]
      }
    },
    {
      "type": "Feature",
      "properties": {
        "materiale": "PE",
        "dn": "DE90",
        "classe_pre": null,
        "lunghezza": 384.99,
        "prof": 80,
        "anno_posa": 1980,
        "comune": "Pozzolo Formigaro",
        "localita": "CAPOLUOGO",
        "via": "Strada Nuova della Marcona",
        "comune_posa": "Pozzolo Formigaro",
        "tipologia": "DISTRIBUZIONE",
        "tip_rete": "DISTRIBUZIONE",
        "id": 4670,
        "etichetta": "PE DE90",
        "n_distretto": "03",
        "note_etichetta": null,
        "id_distretto": "POZ-DPZ03",
        "distretto_modello": "POZ-DPZ03"
      },
      "geometry": {
        "type": "LineString",
        "coordinates": [
          [
            8.772180296402162,
            44.81666834955221
          ],
          [
            8.772416694720352,
            44.816820640012175
          ],
          [
            8.772803702278415,
            44.817048622865244
          ],
          [
            8.773282399624867,
            44.817330491176286
          ],
          [
            8.773789165392998,
            44.8176096589782
          ],
          [
            8.774088820775432,
            44.817790817023884
          ],
          [
            8.775258882934088,
            44.81840143470884
          ],
          [
            8.775578896987753,
            44.81857350596562
          ],
          [
            8.776000218200542,
            44.81881497151737
          ]
        ]
      }
    },
    {
      "type": "Feature",
      "properties": {
        "materiale": "PE",
        "dn": "DE50",
        "classe_pre": null,
        "lunghezza": 254.46,
        "prof": 80,
        "anno_posa": 1980,
        "comune": "Pozzolo Formigaro",
        "localita": "CAPOLUOGO",
        "via": "Via Marcona",
        "comune_posa": "Pozzolo Formigaro",
        "tipologia": "DISTRIBUZIONE",
        "tip_rete": "DISTRIBUZIONE",
        "id": 4671,
        "etichetta": "PE DE50",
        "n_distretto": "03",
        "note_etichetta": null,
        "id_distretto": "POZ-DPZ03",
        "distretto_modello": "POZ-DPZ03"
      },
      "geometry": {
        "type": "LineString",
        "coordinates": [
          [
            8.772201138692775,
            44.81665703051118
          ],
          [
            8.773006948933613,
            44.81615893998304
          ],
          [
            8.773336709809849,
            44.81606044773098
          ],
          [
            8.773446514837234,
            44.815999658466836
          ],
          [
            8.773531597596474,
            44.81594412983653
          ],
          [
            8.773681569108158,
            44.81581119807251
          ],
          [
            8.773755984595205,
            44.815704968824484
          ],
          [
            8.773787481234137,
            44.81562808885067
          ],
          [
            8.773801509685905,
            44.81556563323883
          ],
          [
            8.773799508869283,
            44.815520703196185
          ],
          [
            8.773758717704345,
            44.81537706549554
          ],
          [
            8.773708719689251,
            44.815176090049846
          ],
          [
            8.773672999241501,
            44.81503452792415
          ],
          [
            8.773645545541845,
            44.81491273682433
          ]
        ]
      }
    },
    {
      "type": "Feature",
      "properties": {
        "materiale": "PE",
        "dn": "DE90",
        "classe_pre": null,
        "lunghezza": 398.88,
        "prof": 80,
        "anno_posa": 1980,
        "comune": "Pozzolo Formigaro",
        "localita": "CAPOLUOGO",
        "via": "Strada Moncastello",
        "comune_posa": "Pozzolo Formigaro",
        "tipologia": "DISTRIBUZIONE",
        "tip_rete": "DISTRIBUZIONE",
        "id": 4672,
        "etichetta": "PE DE90",
        "n_distretto": "03",
        "note_etichetta": null,
        "id_distretto": "POZ-DPZ03",
        "distretto_modello": "POZ-DPZ03"
      },
      "geometry": {
        "type": "LineString",
        "coordinates": [
          [
            8.776000218200542,
            44.81881497151737
          ],
          [
            8.775746509256289,
            44.81906665146394
          ],
          [
            8.775305160775856,
            44.81956237365757
          ],
          [
            8.774397002649978,
            44.82061663670444
          ],
          [
            8.773937799997233,
            44.82116203741101
          ],
          [
            8.773358438209998,
            44.82187282044423
          ]
        ]
      }
    },
    {
      "type": "Feature",
      "properties": {
        "materiale": "PE",
        "dn": "DE90",
        "classe_pre": null,
        "lunghezza": 82.46,
        "prof": 80,
        "anno_posa": 1980,
        "comune": "Pozzolo Formigaro",
        "localita": "CAPOLUOGO",
        "via": "Strada dei Bandetti",
        "comune_posa": "Pozzolo Formigaro",
        "tipologia": "DISTRIBUZIONE",
        "tip_rete": "DISTRIBUZIONE",
        "id": 4673,
        "etichetta": "PE DE90",
        "n_distretto": "03",
        "note_etichetta": null,
        "id_distretto": "POZ-DPZ03",
        "distretto_modello": "POZ-DPZ03"
      },
      "geometry": {
        "type": "LineString",
        "coordinates": [
          [
            8.773358438209998,
            44.82187282044423
          ],
          [
            8.773495272048377,
            44.822010796213206
          ],
          [
            8.773971372702814,
            44.82247339312766
          ]
        ]
      }
    },
    {
      "type": "Feature",
      "properties": {
        "materiale": "PE",
        "dn": "DE75",
        "classe_pre": null,
        "lunghezza": 621.07,
        "prof": 80,
        "anno_posa": 1980,
        "comune": "Pozzolo Formigaro",
        "localita": "CAPOLUOGO",
        "via": "Strada dei Bandetti",
        "comune_posa": "Pozzolo Formigaro",
        "tipologia": "DISTRIBUZIONE",
        "tip_rete": "DISTRIBUZIONE",
        "id": 4674,
        "etichetta": "PE DE75",
        "n_distretto": "03",
        "note_etichetta": null,
        "id_distretto": "POZ-DPZ03",
        "distretto_modello": "POZ-DPZ03"
      },
      "geometry": {
        "type": "LineString",
        "coordinates": [
          [
            8.778564288671705,
            44.827046855872474
          ],
          [
            8.77852485768424,
            44.82701657055743
          ],
          [
            8.778416346073994,
            44.82692960643815
          ],
          [
            8.778277265099305,
            44.82681489693677
          ],
          [
            8.77793429024924,
            44.82648730163852
          ],
          [
            8.777636868236732,
            44.82616249588584
          ],
          [
            8.7775499063919,
            44.82606866093964
          ],
          [
            8.776917188575455,
            44.82539825810846
          ],
          [
            8.776649958912214,
            44.825123043394264
          ],
          [
            8.775429836194668,
            44.82385976733877
          ],
          [
            8.774766672990776,
            44.82322081455543
          ],
          [
            8.774107764692562,
            44.82260138371294
          ],
          [
            8.774028245063962,
            44.82252617756268
          ],
          [
            8.7740017457401,
            44.82249927279048
          ]
        ]
      }
    },
    {
      "type": "Feature",
      "properties": {
        "materiale": "PE",
        "dn": "DE90",
        "classe_pre": null,
        "lunghezza": 3.18,
        "prof": 80,
        "anno_posa": 1980,
        "comune": "Pozzolo Formigaro",
        "localita": "CAPOLUOGO",
        "via": "Strada Roveri",
        "comune_posa": "Pozzolo Formigaro",
        "tipologia": "DISTRIBUZIONE",
        "tip_rete": "DISTRIBUZIONE",
        "id": 4675,
        "etichetta": "PE DE90",
        "n_distretto": "03",
        "note_etichetta": null,
        "id_distretto": "POZ-DPZ03",
        "distretto_modello": "POZ-DPZ03"
      },
      "geometry": {
        "type": "LineString",
        "coordinates": [
          [
            8.778745546571733,
            44.827180952357054
          ],
          [
            8.778764509700704,
            44.82715568595053
          ]
        ]
      }
    },
    {
      "type": "Feature",
      "properties": {
        "materiale": "PE",
        "dn": "DE90",
        "classe_pre": null,
        "lunghezza": 4.66,
        "prof": 80,
        "anno_posa": 1980,
        "comune": "Pozzolo Formigaro",
        "localita": "CAPOLUOGO",
        "via": "Strada Roveri",
        "comune_posa": "Pozzolo Formigaro",
        "tipologia": "DISTRIBUZIONE",
        "tip_rete": "DISTRIBUZIONE",
        "id": 4676,
        "etichetta": "PE DE90",
        "n_distretto": "03",
        "note_etichetta": null,
        "id_distretto": "POZ-DPZ03",
        "distretto_modello": "POZ-DPZ03"
      },
      "geometry": {
        "type": "LineString",
        "coordinates": [
          [
            8.779879382249852,
            44.82552171012965
          ],
          [
            8.779899098270834,
            44.825482168415455
          ]
        ]
      }
    },
    {
      "type": "Feature",
      "properties": {
        "materiale": "PE",
        "dn": "DE40",
        "classe_pre": null,
        "lunghezza": 345.32,
        "prof": 80,
        "anno_posa": 1980,
        "comune": "Pozzolo Formigaro",
        "localita": "CAPOLUOGO",
        "via": "Strada Matellini ",
        "comune_posa": "Pozzolo Formigaro",
        "tipologia": "DISTRIBUZIONE",
        "tip_rete": "DISTRIBUZIONE",
        "id": 4677,
        "etichetta": "PE DE40",
        "n_distretto": "03",
        "note_etichetta": null,
        "id_distretto": "POZ-DPZ03",
        "distretto_modello": "POZ-DPZ03"
      },
      "geometry": {
        "type": "LineString",
        "coordinates": [
          [
            8.783331705153936,
            44.82520575194665
          ],
          [
            8.783290732555454,
            44.82501979687266
          ],
          [
            8.783224616364555,
            44.824727413292784
          ],
          [
            8.783186468063912,
            44.82455476381006
          ],
          [
            8.783148026786835,
            44.82438214725137
          ],
          [
            8.783109292592002,
            44.82420956386857
          ],
          [
            8.783064334620777,
            44.82402084708286
          ],
          [
            8.78298044358889,
            44.82364567276956
          ],
          [
            8.784805312611917,
            44.82347041279851
          ],
          [
            8.784764325238557,
            44.82325428310762
          ]
        ]
      }
    },
    {
      "type": "Feature",
      "properties": {
        "materiale": "PE",
        "dn": "DE40",
        "classe_pre": null,
        "lunghezza": 272.37,
        "prof": 80,
        "anno_posa": 1980,
        "comune": "Pozzolo Formigaro",
        "localita": "CAPOLUOGO",
        "via": null,
        "comune_posa": "Pozzolo Formigaro",
        "tipologia": "DISTRIBUZIONE",
        "tip_rete": "DISTRIBUZIONE",
        "id": 4678,
        "etichetta": "PE DE40",
        "n_distretto": "03",
        "note_etichetta": null,
        "id_distretto": "POZ-DPZ03",
        "distretto_modello": "POZ-DPZ03"
      },
      "geometry": {
        "type": "LineString",
        "coordinates": [
          [
            8.7799177314275,
            44.82551872648871
          ],
          [
            8.78266184169828,
            44.825305195101066
          ],
          [
            8.78295349051789,
            44.82525149430258
          ],
          [
            8.783331705153936,
            44.82520575194665
          ]
        ]
      }
    },
    {
      "type": "Feature",
      "properties": {
        "materiale": "PE",
        "dn": "DE50",
        "classe_pre": null,
        "lunghezza": 192.29,
        "prof": 80,
        "anno_posa": 1980,
        "comune": "Pozzolo Formigaro",
        "localita": "CAPOLUOGO",
        "via": "Strada Leardina",
        "comune_posa": "Pozzolo Formigaro",
        "tipologia": "DISTRIBUZIONE",
        "tip_rete": "DISTRIBUZIONE",
        "id": 4680,
        "etichetta": "PE DE50",
        "n_distretto": "03",
        "note_etichetta": null,
        "id_distretto": "POZ-DPZ03",
        "distretto_modello": "POZ-DPZ03"
      },
      "geometry": {
        "type": "LineString",
        "coordinates": [
          [
            8.785034989113138,
            44.82993871480823
          ],
          [
            8.784360118947498,
            44.83000834382356
          ],
          [
            8.78357603823537,
            44.83010394205298
          ],
          [
            8.782805047979943,
            44.83019129754723
          ],
          [
            8.782704940926077,
            44.830181812094224
          ],
          [
            8.782635339061004,
            44.83016515515156
          ]
        ]
      }
    },
    {
      "type": "Feature",
      "properties": {
        "materiale": "PE",
        "dn": "DE90",
        "classe_pre": null,
        "lunghezza": 117.25,
        "prof": 80,
        "anno_posa": 1980,
        "comune": "Pozzolo Formigaro",
        "localita": "CAPOLUOGO",
        "via": "Strada Roveri",
        "comune_posa": "Pozzolo Formigaro",
        "tipologia": "DISTRIBUZIONE",
        "tip_rete": "DISTRIBUZIONE",
        "id": 4681,
        "etichetta": "PE DE90",
        "n_distretto": "03",
        "note_etichetta": null,
        "id_distretto": "POZ-DPZ03",
        "distretto_modello": "POZ-DPZ03"
      },
      "geometry": {
        "type": "LineString",
        "coordinates": [
          [
            8.77804283168636,
            44.828110336285285
          ],
          [
            8.778119791436191,
            44.828008264277116
          ],
          [
            8.778460086871275,
            44.82755117946779
          ],
          [
            8.778582703385958,
            44.827393849186414
          ],
          [
            8.778681627103127,
            44.82726943388525
          ],
          [
            8.778713253540673,
            44.827224191745344
          ],
          [
            8.778745546571733,
            44.827180952357054
          ]
        ]
      }
    },
    {
      "type": "Feature",
      "properties": {
        "materiale": "PE",
        "dn": "DE63",
        "classe_pre": null,
        "lunghezza": 33.15,
        "prof": 80,
        "anno_posa": 1980,
        "comune": "Pozzolo Formigaro",
        "localita": "CAPOLUOGO",
        "via": "Strada Roveri",
        "comune_posa": "Pozzolo Formigaro",
        "tipologia": "DISTRIBUZIONE",
        "tip_rete": "DISTRIBUZIONE",
        "id": 4682,
        "etichetta": "PE DE63",
        "n_distretto": "03",
        "note_etichetta": null,
        "id_distretto": "POZ-DPZ03",
        "distretto_modello": "POZ-DPZ03"
      },
      "geometry": {
        "type": "LineString",
        "coordinates": [
          [
            8.776983572736775,
            44.82805422237121
          ],
          [
            8.776565237472708,
            44.828033071013316
          ]
        ]
      }
    },
    {
      "type": "Feature",
      "properties": {
        "materiale": "PE",
        "dn": "DE63",
        "classe_pre": null,
        "lunghezza": 24.46,
        "prof": 80,
        "anno_posa": 1980,
        "comune": "Pozzolo Formigaro",
        "localita": "CAPOLUOGO",
        "via": "Strada Roveri",
        "comune_posa": "Pozzolo Formigaro",
        "tipologia": "DISTRIBUZIONE",
        "tip_rete": "DISTRIBUZIONE",
        "id": 4683,
        "etichetta": "PE DE63",
        "n_distretto": "03",
        "note_etichetta": null,
        "id_distretto": "POZ-DPZ03",
        "distretto_modello": "POZ-DPZ03"
      },
      "geometry": {
        "type": "LineString",
        "coordinates": [
          [
            8.776565237472708,
            44.828033071013316
          ],
          [
            8.776256137305458,
            44.82802301969868
          ]
        ]
      }
    },
    {
      "type": "Feature",
      "properties": {
        "materiale": "PE",
        "dn": "DE63",
        "classe_pre": null,
        "lunghezza": 36.26,
        "prof": 80,
        "anno_posa": 1980,
        "comune": "Pozzolo Formigaro",
        "localita": "CAPOLUOGO",
        "via": "Strada Roveri",
        "comune_posa": "Pozzolo Formigaro",
        "tipologia": "DISTRIBUZIONE",
        "tip_rete": "DISTRIBUZIONE",
        "id": 4684,
        "etichetta": "PE DE63",
        "n_distretto": "03",
        "note_etichetta": null,
        "id_distretto": "POZ-DPZ03",
        "distretto_modello": "POZ-DPZ03"
      },
      "geometry": {
        "type": "LineString",
        "coordinates": [
          [
            8.776256137305458,
            44.82802301969868
          ],
          [
            8.77579805849996,
            44.82800619088492
          ]
        ]
      }
    },
    {
      "type": "Feature",
      "properties": {
        "materiale": "PE",
        "dn": "DE63",
        "classe_pre": null,
        "lunghezza": 30.86,
        "prof": 80,
        "anno_posa": 1980,
        "comune": "Pozzolo Formigaro",
        "localita": "CAPOLUOGO",
        "via": "Strada Roveri",
        "comune_posa": "Pozzolo Formigaro",
        "tipologia": "DISTRIBUZIONE",
        "tip_rete": "DISTRIBUZIONE",
        "id": 4685,
        "etichetta": "PE DE63",
        "n_distretto": "03",
        "note_etichetta": null,
        "id_distretto": "POZ-DPZ03",
        "distretto_modello": "POZ-DPZ03"
      },
      "geometry": {
        "type": "LineString",
        "coordinates": [
          [
            8.77579805849996,
            44.82800619088492
          ],
          [
            8.775408631957658,
            44.82798655538873
          ]
        ]
      }
    },
    {
      "type": "Feature",
      "properties": {
        "materiale": "PE",
        "dn": "DE63",
        "classe_pre": null,
        "lunghezza": 48.73,
        "prof": 80,
        "anno_posa": 1980,
        "comune": "Pozzolo Formigaro",
        "localita": "CAPOLUOGO",
        "via": "Strada Roveri",
        "comune_posa": "Pozzolo Formigaro",
        "tipologia": "DISTRIBUZIONE",
        "tip_rete": "DISTRIBUZIONE",
        "id": 4686,
        "etichetta": "PE DE63",
        "n_distretto": "03",
        "note_etichetta": null,
        "id_distretto": "POZ-DPZ03",
        "distretto_modello": "POZ-DPZ03"
      },
      "geometry": {
        "type": "LineString",
        "coordinates": [
          [
            8.775408631957658,
            44.82798655538873
          ],
          [
            8.775164362393932,
            44.827974105558006
          ],
          [
            8.77479687932985,
            44.827935315159955
          ]
        ]
      }
    },
    {
      "type": "Feature",
      "properties": {
        "materiale": "PE",
        "dn": "DE50",
        "classe_pre": null,
        "lunghezza": 2.14,
        "prof": 80,
        "anno_posa": 1980,
        "comune": "Pozzolo Formigaro",
        "localita": "CAPOLUOGO",
        "via": "Strada Roveri",
        "comune_posa": "Pozzolo Formigaro",
        "tipologia": "DISTRIBUZIONE",
        "tip_rete": "DISTRIBUZIONE",
        "id": 4687,
        "etichetta": "PE DE50",
        "n_distretto": "03",
        "note_etichetta": null,
        "id_distretto": "POZ-DPZ03",
        "distretto_modello": "POZ-DPZ03"
      },
      "geometry": {
        "type": "LineString",
        "coordinates": [
          [
            8.772521592078254,
            44.82749980046825
          ],
          [
            8.77252744100927,
            44.827480962281264
          ]
        ]
      }
    },
    {
      "type": "Feature",
      "properties": {
        "materiale": "PVC",
        "dn": "DE63",
        "classe_pre": null,
        "lunghezza": 77.53,
        "prof": 80,
        "anno_posa": 1980,
        "comune": "Pozzolo Formigaro",
        "localita": "CAPOLUOGO",
        "via": "Strada Imperatore",
        "comune_posa": "Pozzolo Formigaro",
        "tipologia": "DISTRIBUZIONE",
        "tip_rete": "DISTRIBUZIONE",
        "id": 4691,
        "etichetta": "PVC DE63",
        "n_distretto": "04",
        "note_etichetta": null,
        "id_distretto": "POZ-DPZ04",
        "distretto_modello": "POZ-DPZ04"
      },
      "geometry": {
        "type": "LineString",
        "coordinates": [
          [
            8.83315414543819,
            44.8087882238484
          ],
          [
            8.833309744495539,
            44.80897669600227
          ],
          [
            8.833346280784603,
            44.809066718340446
          ],
          [
            8.8333971432914,
            44.809181816227735
          ],
          [
            8.833412947923497,
            44.80924903133091
          ],
          [
            8.83345264810989,
            44.80935158557654
          ],
          [
            8.833343726665385,
            44.809398119462536
          ]
        ]
      }
    },
    {
      "type": "Feature",
      "properties": {
        "materiale": "PVC",
        "dn": "DE50",
        "classe_pre": null,
        "lunghezza": 326.16,
        "prof": 80,
        "anno_posa": 1980,
        "comune": "Pozzolo Formigaro",
        "localita": "CAPOLUOGO",
        "via": "Via Cascinotti Minori",
        "comune_posa": "Pozzolo Formigaro",
        "tipologia": "DISTRIBUZIONE",
        "tip_rete": "DISTRIBUZIONE",
        "id": 4692,
        "etichetta": "PVC DE50",
        "n_distretto": "04",
        "note_etichetta": null,
        "id_distretto": "POZ-DPZ04",
        "distretto_modello": "POZ-DPZ04"
      },
      "geometry": {
        "type": "LineString",
        "coordinates": [
          [
            8.82349308038122,
            44.806914759154346
          ],
          [
            8.823317678988463,
            44.80756295548739
          ],
          [
            8.82312817894656,
            44.808324551832904
          ],
          [
            8.823050404157796,
            44.808646725460065
          ],
          [
            8.822950619888609,
            44.8090948383166
          ],
          [
            8.822949318591588,
            44.809136487116035
          ],
          [
            8.822970039376354,
            44.809161573899374
          ],
          [
            8.823032313273853,
            44.80920039125413
          ],
          [
            8.823081795780467,
            44.80923691106357
          ],
          [
            8.823139186890671,
            44.809303053153755
          ],
          [
            8.823354585920166,
            44.809360684821996
          ],
          [
            8.823461700106407,
            44.809384766260784
          ],
          [
            8.823544038170514,
            44.80940197623159
          ],
          [
            8.823759082672337,
            44.80944494391731
          ]
        ]
      }
    },
    {
      "type": "Feature",
      "properties": {
        "materiale": "PVC",
        "dn": "DE32",
        "classe_pre": null,
        "lunghezza": 302.02,
        "prof": 80,
        "anno_posa": 1980,
        "comune": "Pozzolo Formigaro",
        "localita": "CAPOLUOGO",
        "via": "Strada Barbotti",
        "comune_posa": "Pozzolo Formigaro",
        "tipologia": "DISTRIBUZIONE",
        "tip_rete": "DISTRIBUZIONE",
        "id": 4693,
        "etichetta": "PVC DE32",
        "n_distretto": "04",
        "note_etichetta": null,
        "id_distretto": "POZ-DPZ04",
        "distretto_modello": "POZ-DPZ04"
      },
      "geometry": {
        "type": "LineString",
        "coordinates": [
          [
            8.823759082672337,
            44.80944494391731
          ],
          [
            8.823774999066915,
            44.8094718025894
          ],
          [
            8.823767451641029,
            44.809584172821566
          ],
          [
            8.823806051377922,
            44.80987981678921
          ],
          [
            8.823829938553276,
            44.80996365813371
          ],
          [
            8.82386869660737,
            44.810113798309445
          ],
          [
            8.823886301822625,
            44.810222475211546
          ],
          [
            8.823890754759137,
            44.81033636688466
          ],
          [
            8.823896512906447,
            44.81045800198551
          ],
          [
            8.823899831192534,
            44.8105586657328
          ],
          [
            8.823901267681865,
            44.810950374761745
          ],
          [
            8.823895892358266,
            44.81109528697395
          ],
          [
            8.823892737271208,
            44.81126387906588
          ],
          [
            8.82388939749877,
            44.81143246935016
          ],
          [
            8.823885873041345,
            44.811601057724495
          ],
          [
            8.82388654344231,
            44.81178365965963
          ],
          [
            8.823883129259492,
            44.81190693829241
          ],
          [
            8.823878419908427,
            44.811985425633765
          ],
          [
            8.823877145784543,
            44.8121135220305
          ],
          [
            8.823822905880453,
            44.81212823936968
          ]
        ]
      }
    },
    {
      "type": "Feature",
      "properties": {
        "materiale": "PE",
        "dn": "DE63",
        "classe_pre": null,
        "lunghezza": 5.43,
        "prof": null,
        "anno_posa": 1980,
        "comune": "Pozzolo Formigaro",
        "localita": "CAPOLUOGO",
        "via": "Strada Provinciale Molino - Bettole",
        "comune_posa": "Pozzolo Formigaro",
        "tipologia": "DISTRIBUZIONE",
        "tip_rete": "DISTRIBUZIONE",
        "id": 4694,
        "etichetta": "PE DE63",
        "n_distretto": "03",
        "note_etichetta": null,
        "id_distretto": "DNL03",
        "distretto_modello": "DNL03"
      },
      "geometry": {
        "type": "LineString",
        "coordinates": [
          [
            8.82354012079462,
            44.80173137228135
          ],
          [
            8.823549822346854,
            44.801779806312304
          ]
        ]
      }
    },
    {
      "type": "Feature",
      "properties": {
        "materiale": "PE",
        "dn": "DE90",
        "classe_pre": null,
        "lunghezza": 2.05,
        "prof": 80,
        "anno_posa": 2002,
        "comune": "Pozzolo Formigaro",
        "localita": "CAPOLUOGO",
        "via": "Strada Bissone",
        "comune_posa": "Pozzolo Formigaro",
        "tipologia": "DISTRIBUZIONE",
        "tip_rete": "DISTRIBUZIONE",
        "id": 4695,
        "etichetta": "PE DE90",
        "n_distretto": "02",
        "note_etichetta": null,
        "id_distretto": "POZ-DPZ02",
        "distretto_modello": "POZ-DPZ02"
      },
      "geometry": {
        "type": "LineString",
        "coordinates": [
          [
            8.793381954295128,
            44.811156515143445
          ],
          [
            8.793390614488372,
            44.81117393868528
          ]
        ]
      }
    },
    {
      "type": "Feature",
      "properties": {
        "materiale": "PE",
        "dn": "DE90",
        "classe_pre": null,
        "lunghezza": 245.5,
        "prof": 80,
        "anno_posa": 2002,
        "comune": "Pozzolo Formigaro",
        "localita": "CAPOLUOGO",
        "via": "Strada Bissone",
        "comune_posa": "Pozzolo Formigaro",
        "tipologia": "DISTRIBUZIONE",
        "tip_rete": "DISTRIBUZIONE",
        "id": 4696,
        "etichetta": "PE DE90",
        "n_distretto": "02",
        "note_etichetta": null,
        "id_distretto": "POZ-DPZ02",
        "distretto_modello": "POZ-DPZ02"
      },
      "geometry": {
        "type": "LineString",
        "coordinates": [
          [
            8.793397782311288,
            44.81118914084238
          ],
          [
            8.793056878301446,
            44.811278230066044
          ],
          [
            8.791370794621475,
            44.81147698293936
          ],
          [
            8.79152883828919,
            44.81183958543101
          ],
          [
            8.791046268065946,
            44.81193037509573
          ]
        ]
      }
    },
    {
      "type": "Feature",
      "properties": {
        "materiale": "PE",
        "dn": "DE63",
        "classe_pre": null,
        "lunghezza": 16.74,
        "prof": 80,
        "anno_posa": 1980,
        "comune": "Pozzolo Formigaro",
        "localita": "CAPOLUOGO",
        "via": "Via XVI Aprile",
        "comune_posa": "Pozzolo Formigaro",
        "tipologia": "DISTRIBUZIONE",
        "tip_rete": "DISTRIBUZIONE",
        "id": 4714,
        "etichetta": "PE DE63",
        "n_distretto": "01",
        "note_etichetta": null,
        "id_distretto": "POZ-DPZ01",
        "distretto_modello": "POZ-DPZ01"
      },
      "geometry": {
        "type": "LineString",
        "coordinates": [
          [
            8.784679344225458,
            44.79127097531246
          ],
          [
            8.784658522515914,
            44.79128129336457
          ],
          [
            8.78478319043641,
            44.79137982179351
          ]
        ]
      }
    },
    {
      "type": "Feature",
      "properties": {
        "materiale": "PE",
        "dn": "DE63",
        "classe_pre": null,
        "lunghezza": 16.11,
        "prof": 80,
        "anno_posa": 1980,
        "comune": "Pozzolo Formigaro",
        "localita": "CAPOLUOGO",
        "via": "Via XVI Aprile",
        "comune_posa": "Pozzolo Formigaro",
        "tipologia": "DISTRIBUZIONE",
        "tip_rete": "DISTRIBUZIONE",
        "id": 4715,
        "etichetta": "PE DE63",
        "n_distretto": "02",
        "note_etichetta": null,
        "id_distretto": "POZ-DPZ02",
        "distretto_modello": "POZ-DPZ02"
      },
      "geometry": {
        "type": "LineString",
        "coordinates": [
          [
            8.78478319043641,
            44.79137982179351
          ],
          [
            8.784801338867052,
            44.79139310349689
          ],
          [
            8.78471669862939,
            44.79145174779803
          ],
          [
            8.78475822874643,
            44.79148214109628
          ]
        ]
      }
    },
    {
      "type": "Feature",
      "properties": {
        "materiale": "AC",
        "dn": "DN50",
        "classe_pre": null,
        "lunghezza": 5.84,
        "prof": 80,
        "anno_posa": 1980,
        "comune": "Pozzolo Formigaro",
        "localita": "CAPOLUOGO",
        "via": "Via XVI Aprile",
        "comune_posa": "Pozzolo Formigaro",
        "tipologia": "DISTRIBUZIONE",
        "tip_rete": "DISTRIBUZIONE",
        "id": 4716,
        "etichetta": "AC DN50",
        "n_distretto": "02",
        "note_etichetta": null,
        "id_distretto": "POZ-DPZ02",
        "distretto_modello": "POZ-DPZ02"
      },
      "geometry": {
        "type": "LineString",
        "coordinates": [
          [
            8.78475822874643,
            44.79148214109628
          ],
          [
            8.784705391389213,
            44.79151880745192
          ]
        ]
      }
    },
    {
      "type": "Feature",
      "properties": {
        "materiale": "AC",
        "dn": "DN50",
        "classe_pre": null,
        "lunghezza": 27.39,
        "prof": 80,
        "anno_posa": 1980,
        "comune": "Pozzolo Formigaro",
        "localita": "CAPOLUOGO",
        "via": "Via XVI Aprile",
        "comune_posa": "Pozzolo Formigaro",
        "tipologia": "DISTRIBUZIONE",
        "tip_rete": "DISTRIBUZIONE",
        "id": 4717,
        "etichetta": "AC DN50",
        "n_distretto": "02",
        "note_etichetta": null,
        "id_distretto": "POZ-DPZ02",
        "distretto_modello": "POZ-DPZ02"
      },
      "geometry": {
        "type": "LineString",
        "coordinates": [
          [
            8.784705391389213,
            44.79151880745192
          ],
          [
            8.784672644631257,
            44.79149263848514
          ],
          [
            8.784581246441181,
            44.79142284684375
          ],
          [
            8.784521106251516,
            44.791377331474145
          ],
          [
            8.78445853304274,
            44.79134760369482
          ]
        ]
      }
    },
    {
      "type": "Feature",
      "properties": {
        "materiale": "PVC",
        "dn": "DE125",
        "classe_pre": null,
        "lunghezza": 130.94,
        "prof": 80,
        "anno_posa": 1980,
        "comune": "Pozzolo Formigaro",
        "localita": "CAPOLUOGO",
        "via": "Via Fiamberti",
        "comune_posa": "Pozzolo Formigaro",
        "tipologia": "DISTRIBUZIONE",
        "tip_rete": "DISTRIBUZIONE",
        "id": 4718,
        "etichetta": "PVC DE125",
        "n_distretto": "02",
        "note_etichetta": null,
        "id_distretto": "POZ-DPZ02",
        "distretto_modello": "POZ-DPZ02"
      },
      "geometry": {
        "type": "LineString",
        "coordinates": [
          [
            8.783159458423304,
            44.79056452986101
          ],
          [
            8.783183175507128,
            44.790579989700035
          ],
          [
            8.783252147073577,
            44.79062721678503
          ],
          [
            8.783313870511382,
            44.790662911340824
          ],
          [
            8.783381990082995,
            44.79070411381652
          ],
          [
            8.783435430158468,
            44.790736067890414
          ],
          [
            8.78357364191771,
            44.79082798226315
          ],
          [
            8.783865926853546,
            44.7909969468656
          ],
          [
            8.784034388098446,
            44.79107297751973
          ],
          [
            8.784190084238883,
            44.79113208516984
          ],
          [
            8.784264755425676,
            44.79117352012491
          ],
          [
            8.784344068566297,
            44.79122428822013
          ],
          [
            8.784449372858841,
            44.7912963203545
          ]
        ]
      }
    },
    {
      "type": "Feature",
      "properties": {
        "materiale": "PVC",
        "dn": "DE125",
        "classe_pre": null,
        "lunghezza": 0.86,
        "prof": 80,
        "anno_posa": 1980,
        "comune": "Pozzolo Formigaro",
        "localita": "CAPOLUOGO",
        "via": "Via Fiamberti",
        "comune_posa": "Pozzolo Formigaro",
        "tipologia": "DISTRIBUZIONE",
        "tip_rete": "DISTRIBUZIONE",
        "id": 4719,
        "etichetta": "PVC DE125",
        "n_distretto": "02",
        "note_etichetta": null,
        "id_distretto": "POZ-DPZ02",
        "distretto_modello": "POZ-DPZ02"
      },
      "geometry": {
        "type": "LineString",
        "coordinates": [
          [
            8.783159458423304,
            44.79056452986101
          ],
          [
            8.783166772181765,
            44.79055884036843
          ]
        ]
      }
    },
    {
      "type": "Feature",
      "properties": {
        "materiale": "PVC",
        "dn": "DE160",
        "classe_pre": null,
        "lunghezza": 20.89,
        "prof": 80,
        "anno_posa": 1980,
        "comune": "Pozzolo Formigaro",
        "localita": "CAPOLUOGO",
        "via": "Via Cappelletta",
        "comune_posa": "Pozzolo Formigaro",
        "tipologia": "DISTRIBUZIONE",
        "tip_rete": "DISTRIBUZIONE",
        "id": 4720,
        "etichetta": "PVC DE160",
        "n_distretto": "01",
        "note_etichetta": null,
        "id_distretto": "POZ-DPZ01",
        "distretto_modello": "POZ-DPZ01"
      },
      "geometry": {
        "type": "LineString",
        "coordinates": [
          [
            8.788604286901387,
            44.78556267309515
          ],
          [
            8.788639609087836,
            44.785525567138336
          ],
          [
            8.788642085883941,
            44.785382367650946
          ]
        ]
      }
    },
    {
      "type": "Feature",
      "properties": {
        "materiale": "PVC",
        "dn": "DE160",
        "classe_pre": null,
        "lunghezza": 28.26,
        "prof": 80,
        "anno_posa": 1980,
        "comune": "Pozzolo Formigaro",
        "localita": "CAPOLUOGO",
        "via": "Via Belvedere",
        "comune_posa": "Pozzolo Formigaro",
        "tipologia": "DISTRIBUZIONE",
        "tip_rete": "DISTRIBUZIONE",
        "id": 4721,
        "etichetta": "PVC DE160",
        "n_distretto": "01",
        "note_etichetta": null,
        "id_distretto": "POZ-DPZ01",
        "distretto_modello": "POZ-DPZ01"
      },
      "geometry": {
        "type": "LineString",
        "coordinates": [
          [
            8.783355190810164,
            44.78986245402023
          ],
          [
            8.783454861975475,
            44.78984061023581
          ],
          [
            8.783567120526403,
            44.789813970541545
          ],
          [
            8.78369198313347,
            44.78977805951659
          ]
        ]
      }
    },
    {
      "type": "Feature",
      "properties": {
        "materiale": "PVC",
        "dn": "DE63",
        "classe_pre": null,
        "lunghezza": 1.59,
        "prof": 80,
        "anno_posa": 1980,
        "comune": "Pozzolo Formigaro",
        "localita": "CAPOLUOGO",
        "via": "Via Robinie",
        "comune_posa": "Pozzolo Formigaro",
        "tipologia": "DISTRIBUZIONE",
        "tip_rete": "DISTRIBUZIONE",
        "id": 4722,
        "etichetta": "PVC DE63",
        "n_distretto": "01",
        "note_etichetta": null,
        "id_distretto": "POZ-DPZ01",
        "distretto_modello": "POZ-DPZ01"
      },
      "geometry": {
        "type": "LineString",
        "coordinates": [
          [
            8.787895699018245,
            44.79236399991985
          ],
          [
            8.78790909240828,
            44.792360764995536
          ],
          [
            8.787911190574771,
            44.79236478095077
          ]
        ]
      }
    },
    {
      "type": "Feature",
      "properties": {
        "materiale": "PVC",
        "dn": "DE63",
        "classe_pre": null,
        "lunghezza": 1.45,
        "prof": 80,
        "anno_posa": 1980,
        "comune": "Pozzolo Formigaro",
        "localita": "CAPOLUOGO",
        "via": "Via Robinie",
        "comune_posa": "Pozzolo Formigaro",
        "tipologia": "DISTRIBUZIONE",
        "tip_rete": "DISTRIBUZIONE",
        "id": 4723,
        "etichetta": "PVC DE63",
        "n_distretto": "02",
        "note_etichetta": null,
        "id_distretto": "POZ-DPZ02",
        "distretto_modello": "POZ-DPZ02"
      },
      "geometry": {
        "type": "LineString",
        "coordinates": [
          [
            8.787911190574771,
            44.79236478095077
          ],
          [
            8.787912585372966,
            44.792368544846084
          ],
          [
            8.787900250248668,
            44.792371280228856
          ]
        ]
      }
    },
    {
      "type": "Feature",
      "properties": {
        "materiale": "PVC",
        "dn": "DE63",
        "classe_pre": null,
        "lunghezza": 1.08,
        "prof": 80,
        "anno_posa": 1980,
        "comune": "Pozzolo Formigaro",
        "localita": "CAPOLUOGO",
        "via": "Via Robinie",
        "comune_posa": "Pozzolo Formigaro",
        "tipologia": "DISTRIBUZIONE",
        "tip_rete": "DISTRIBUZIONE",
        "id": 4724,
        "etichetta": "PVC DE63",
        "n_distretto": "01",
        "note_etichetta": null,
        "id_distretto": "POZ-DPZ01",
        "distretto_modello": "POZ-DPZ01"
      },
      "geometry": {
        "type": "LineString",
        "coordinates": [
          [
            8.787882659607199,
            44.7923667339927
          ],
          [
            8.787895699018245,
            44.79236399991985
          ]
        ]
      }
    },
    {
      "type": "Feature",
      "properties": {
        "materiale": "PVC",
        "dn": "DE50",
        "classe_pre": null,
        "lunghezza": 1.24,
        "prof": 80,
        "anno_posa": 1980,
        "comune": "Pozzolo Formigaro",
        "localita": "CAPOLUOGO",
        "via": "Strada Cassano",
        "comune_posa": "Pozzolo Formigaro",
        "tipologia": "DISTRIBUZIONE",
        "tip_rete": "DISTRIBUZIONE",
        "id": 4725,
        "etichetta": "PVC DE50",
        "n_distretto": "02",
        "note_etichetta": null,
        "id_distretto": "POZ-DPZ02",
        "distretto_modello": "POZ-DPZ02"
      },
      "geometry": {
        "type": "LineString",
        "coordinates": [
          [
            8.78818680341979,
            44.7930291983167
          ],
          [
            8.78820184810293,
            44.79302598568168
          ]
        ]
      }
    },
    {
      "type": "Feature",
      "properties": {
        "materiale": "GS",
        "dn": "DN150",
        "classe_pre": null,
        "lunghezza": 1.84,
        "prof": 80,
        "anno_posa": 1980,
        "comune": "Pozzolo Formigaro",
        "localita": "CAPOLUOGO",
        "via": "Viale Armano Oreste",
        "comune_posa": "Pozzolo Formigaro",
        "tipologia": "DISTRIBUZIONE",
        "tip_rete": "DISTRIBUZIONE",
        "id": 4726,
        "etichetta": "GS DN150",
        "n_distretto": "02",
        "note_etichetta": null,
        "id_distretto": "POZ-DPZ02",
        "distretto_modello": "POZ-DPZ02"
      },
      "geometry": {
        "type": "LineString",
        "coordinates": [
          [
            8.780457648580246,
            44.79274012256634
          ],
          [
            8.780434447934635,
            44.792741280907336
          ]
        ]
      }
    },
    {
      "type": "Feature",
      "properties": {
        "materiale": "PVC",
        "dn": "DE160",
        "classe_pre": null,
        "lunghezza": 2.95,
        "prof": 80,
        "anno_posa": 1980,
        "comune": "Pozzolo Formigaro",
        "localita": "CAPOLUOGO",
        "via": "Piazza Italia",
        "comune_posa": "Pozzolo Formigaro",
        "tipologia": "DISTRIBUZIONE",
        "tip_rete": "DISTRIBUZIONE",
        "id": 4727,
        "etichetta": "PVC DE160",
        "n_distretto": "02",
        "note_etichetta": null,
        "id_distretto": "POZ-DPZ02",
        "distretto_modello": "POZ-DPZ02"
      },
      "geometry": {
        "type": "LineString",
        "coordinates": [
          [
            8.782922200432823,
            44.79258853604258
          ],
          [
            8.782897133902626,
            44.79256886542998
          ]
        ]
      }
    },
    {
      "type": "Feature",
      "properties": {
        "materiale": "AC",
        "dn": "DN100",
        "classe_pre": null,
        "lunghezza": 5.46,
        "prof": 80,
        "anno_posa": 1980,
        "comune": "Pozzolo Formigaro",
        "localita": "CAPOLUOGO",
        "via": "Via Palenzona",
        "comune_posa": "Pozzolo Formigaro",
        "tipologia": "DISTRIBUZIONE",
        "tip_rete": "DISTRIBUZIONE",
        "id": 4728,
        "etichetta": "AC DN100",
        "n_distretto": "02",
        "note_etichetta": null,
        "id_distretto": "POZ-DPZ02",
        "distretto_modello": "POZ-DPZ02"
      },
      "geometry": {
        "type": "LineString",
        "coordinates": [
          [
            8.782978792675452,
            44.79256041823915
          ],
          [
            8.782922200432823,
            44.79258853604258
          ]
        ]
      }
    },
    {
      "type": "Feature",
      "properties": {
        "materiale": "PVC",
        "dn": "DE160",
        "classe_pre": null,
        "lunghezza": 80.64,
        "prof": 80,
        "anno_posa": 1980,
        "comune": "Pozzolo Formigaro",
        "localita": "CAPOLUOGO",
        "via": "Piazza Italia",
        "comune_posa": "Pozzolo Formigaro",
        "tipologia": "DISTRIBUZIONE",
        "tip_rete": "DISTRIBUZIONE",
        "id": 4729,
        "etichetta": "PVC DE160",
        "n_distretto": "02",
        "note_etichetta": null,
        "id_distretto": "POZ-DPZ02",
        "distretto_modello": "POZ-DPZ02"
      },
      "geometry": {
        "type": "LineString",
        "coordinates": [
          [
            8.78299308291057,
            44.79257313902338
          ],
          [
            8.783440524353795,
            44.79295755300352
          ],
          [
            8.783641243735586,
            44.793133435408855
          ]
        ]
      }
    },
    {
      "type": "Feature",
      "properties": {
        "materiale": "PVC",
        "dn": "DE160",
        "classe_pre": null,
        "lunghezza": 2.2,
        "prof": 80,
        "anno_posa": 1980,
        "comune": "Pozzolo Formigaro",
        "localita": "CAPOLUOGO",
        "via": "Via Roma",
        "comune_posa": "Pozzolo Formigaro",
        "tipologia": "DISTRIBUZIONE",
        "tip_rete": "DISTRIBUZIONE",
        "id": 4730,
        "etichetta": "PVC DE160",
        "n_distretto": "02",
        "note_etichetta": null,
        "id_distretto": "POZ-DPZ02",
        "distretto_modello": "POZ-DPZ02"
      },
      "geometry": {
        "type": "LineString",
        "coordinates": [
          [
            8.784015699691158,
            44.79434777253144
          ],
          [
            8.784042986506007,
            44.79435137543113
          ]
        ]
      }
    },
    {
      "type": "Feature",
      "properties": {
        "materiale": "PVC",
        "dn": "DE160",
        "classe_pre": null,
        "lunghezza": 5.23,
        "prof": 80,
        "anno_posa": 1980,
        "comune": "Pozzolo Formigaro",
        "localita": "CAPOLUOGO",
        "via": "Piazza Italia",
        "comune_posa": "Pozzolo Formigaro",
        "tipologia": "DISTRIBUZIONE",
        "tip_rete": "DISTRIBUZIONE",
        "id": 4731,
        "etichetta": "PVC DE160",
        "n_distretto": "02",
        "note_etichetta": null,
        "id_distretto": "POZ-DPZ02",
        "distretto_modello": "POZ-DPZ02"
      },
      "geometry": {
        "type": "LineString",
        "coordinates": [
          [
            8.784144677302827,
            44.7937567693084
          ],
          [
            8.78414117444087,
            44.79380373982787
          ]
        ]
      }
    },
    {
      "type": "Feature",
      "properties": {
        "materiale": "PVC",
        "dn": "DE160",
        "classe_pre": null,
        "lunghezza": 2.66,
        "prof": 80,
        "anno_posa": 1980,
        "comune": "Pozzolo Formigaro",
        "localita": "CAPOLUOGO",
        "via": "Via Tortona ",
        "comune_posa": "Pozzolo Formigaro",
        "tipologia": "DISTRIBUZIONE",
        "tip_rete": "DISTRIBUZIONE",
        "id": 4732,
        "etichetta": "PVC DE160",
        "n_distretto": "02",
        "note_etichetta": null,
        "id_distretto": "POZ-DPZ02",
        "distretto_modello": "POZ-DPZ02"
      },
      "geometry": {
        "type": "LineString",
        "coordinates": [
          [
            8.786795103169672,
            44.79924551341603
          ],
          [
            8.786806665915101,
            44.79926797436368
          ]
        ]
      }
    },
    {
      "type": "Feature",
      "properties": {
        "materiale": "PE",
        "dn": "DE63",
        "classe_pre": null,
        "lunghezza": 33.34,
        "prof": 80,
        "anno_posa": 1980,
        "comune": "Pozzolo Formigaro",
        "localita": "CAPOLUOGO",
        "via": "Vicolo Magenta",
        "comune_posa": "Pozzolo Formigaro",
        "tipologia": "DISTRIBUZIONE",
        "tip_rete": "DISTRIBUZIONE",
        "id": 4733,
        "etichetta": "PE DE63",
        "n_distretto": "02",
        "note_etichetta": null,
        "id_distretto": "POZ-DPZ02",
        "distretto_modello": "POZ-DPZ02"
      },
      "geometry": {
        "type": "LineString",
        "coordinates": [
          [
            8.784008567552076,
            44.792943136019296
          ],
          [
            8.784257903393746,
            44.79318513015938
          ]
        ]
      }
    },
    {
      "type": "Feature",
      "properties": {
        "materiale": "PE",
        "dn": "DE63",
        "classe_pre": null,
        "lunghezza": 35.19,
        "prof": 80,
        "anno_posa": 1980,
        "comune": "Pozzolo Formigaro",
        "localita": "CAPOLUOGO",
        "via": "Vicolo Palestro",
        "comune_posa": "Pozzolo Formigaro",
        "tipologia": "DISTRIBUZIONE",
        "tip_rete": "DISTRIBUZIONE",
        "id": 4734,
        "etichetta": "PE DE63",
        "n_distretto": "02",
        "note_etichetta": null,
        "id_distretto": "POZ-DPZ02",
        "distretto_modello": "POZ-DPZ02"
      },
      "geometry": {
        "type": "LineString",
        "coordinates": [
          [
            8.784253342194408,
            44.792795611060264
          ],
          [
            8.784525678215545,
            44.79304614990543
          ]
        ]
      }
    },
    {
      "type": "Feature",
      "properties": {
        "materiale": "PVC",
        "dn": "DE50",
        "classe_pre": null,
        "lunghezza": 5.27,
        "prof": 80,
        "anno_posa": 1980,
        "comune": "Pozzolo Formigaro",
        "localita": "CAPOLUOGO",
        "via": "Via Gramsci",
        "comune_posa": "Pozzolo Formigaro",
        "tipologia": "DISTRIBUZIONE",
        "tip_rete": "DISTRIBUZIONE",
        "id": 4735,
        "etichetta": "PVC DE50",
        "n_distretto": "02",
        "note_etichetta": null,
        "id_distretto": "POZ-DPZ02",
        "distretto_modello": "POZ-DPZ02"
      },
      "geometry": {
        "type": "LineString",
        "coordinates": [
          [
            8.786111324012825,
            44.79305378575231
          ],
          [
            8.786091479277367,
            44.793008484203995
          ]
        ]
      }
    },
    {
      "type": "Feature",
      "properties": {
        "materiale": "PE",
        "dn": "DE50",
        "classe_pre": null,
        "lunghezza": 2.82,
        "prof": 80,
        "anno_posa": 1980,
        "comune": "Pozzolo Formigaro",
        "localita": "CAPOLUOGO",
        "via": "Via Gramsci",
        "comune_posa": "Pozzolo Formigaro",
        "tipologia": "DISTRIBUZIONE",
        "tip_rete": "DISTRIBUZIONE",
        "id": 4736,
        "etichetta": "PE DE50",
        "n_distretto": "02",
        "note_etichetta": null,
        "id_distretto": "POZ-DPZ02",
        "distretto_modello": "POZ-DPZ02"
      },
      "geometry": {
        "type": "LineString",
        "coordinates": [
          [
            8.786372765221241,
            44.79360712372511
          ],
          [
            8.786338221236859,
            44.793613309363025
          ]
        ]
      }
    },
    {
      "type": "Feature",
      "properties": {
        "materiale": "PE",
        "dn": "DE50",
        "classe_pre": null,
        "lunghezza": 1.46,
        "prof": 80,
        "anno_posa": 1980,
        "comune": "Pozzolo Formigaro",
        "localita": "CAPOLUOGO",
        "via": "Via Gramsci",
        "comune_posa": "Pozzolo Formigaro",
        "tipologia": "DISTRIBUZIONE",
        "tip_rete": "DISTRIBUZIONE",
        "id": 4737,
        "etichetta": "PE DE50",
        "n_distretto": "02",
        "note_etichetta": null,
        "id_distretto": "POZ-DPZ02",
        "distretto_modello": "POZ-DPZ02"
      },
      "geometry": {
        "type": "LineString",
        "coordinates": [
          [
            8.786338221236859,
            44.793613309363025
          ],
          [
            8.786320549551293,
            44.79361704833212
          ]
        ]
      }
    },
    {
      "type": "Feature",
      "properties": {
        "materiale": "PE",
        "dn": "DE50",
        "classe_pre": null,
        "lunghezza": 5.8,
        "prof": 80,
        "anno_posa": 1980,
        "comune": "Pozzolo Formigaro",
        "localita": "CAPOLUOGO",
        "via": "Vicolo Milazzo",
        "comune_posa": "Pozzolo Formigaro",
        "tipologia": "DISTRIBUZIONE",
        "tip_rete": "DISTRIBUZIONE",
        "id": 4738,
        "etichetta": "PE DE50",
        "n_distretto": "02",
        "note_etichetta": null,
        "id_distretto": "POZ-DPZ02",
        "distretto_modello": "POZ-DPZ02"
      },
      "geometry": {
        "type": "LineString",
        "coordinates": [
          [
            8.783284422498609,
            44.79603062925413
          ],
          [
            8.783212956918016,
            44.79604218747429
          ]
        ]
      }
    },
    {
      "type": "Feature",
      "properties": {
        "materiale": "PVC",
        "dn": "DE160",
        "classe_pre": null,
        "lunghezza": 102.65,
        "prof": 80,
        "anno_posa": 1980,
        "comune": "Pozzolo Formigaro",
        "localita": "CAPOLUOGO",
        "via": "Via Giuseppe Garibaldi",
        "comune_posa": "Pozzolo Formigaro",
        "tipologia": "DISTRIBUZIONE",
        "tip_rete": "DISTRIBUZIONE",
        "id": 4740,
        "etichetta": "PVC DE160",
        "n_distretto": "02",
        "note_etichetta": null,
        "id_distretto": "POZ-DPZ02",
        "distretto_modello": "POZ-DPZ02"
      },
      "geometry": {
        "type": "LineString",
        "coordinates": [
          [
            8.78371225654199,
            44.79924418382499
          ],
          [
            8.783674664410567,
            44.798977802141614
          ],
          [
            8.783653333636693,
            44.79884021442337
          ],
          [
            8.783645159535151,
            44.79877327654338
          ],
          [
            8.78360699311947,
            44.7986378248753
          ],
          [
            8.783601476564575,
            44.79858452481224
          ],
          [
            8.783597423719222,
            44.79845929860819
          ],
          [
            8.783592677131576,
            44.79838664264956
          ],
          [
            8.783591555165886,
            44.798349541248065
          ],
          [
            8.783590297257271,
            44.798325511922535
          ]
        ]
      }
    },
    {
      "type": "Feature",
      "properties": {
        "materiale": "PE",
        "dn": "DE110",
        "classe_pre": null,
        "lunghezza": 2.74,
        "prof": 80,
        "anno_posa": 1980,
        "comune": "Pozzolo Formigaro",
        "localita": "CAPOLUOGO",
        "via": "Via San Sebastiano",
        "comune_posa": "Pozzolo Formigaro",
        "tipologia": "DISTRIBUZIONE",
        "tip_rete": "DISTRIBUZIONE",
        "id": 4741,
        "etichetta": "PE DE110",
        "n_distretto": "02",
        "note_etichetta": null,
        "id_distretto": "POZ-DPZ02",
        "distretto_modello": "POZ-DPZ02"
      },
      "geometry": {
        "type": "LineString",
        "coordinates": [
          [
            8.785588291609715,
            44.79719703642343
          ],
          [
            8.78562107533558,
            44.7971891854948
          ]
        ]
      }
    },
    {
      "type": "Feature",
      "properties": {
        "materiale": "PE",
        "dn": "DE63",
        "classe_pre": null,
        "lunghezza": 31.79,
        "prof": 80,
        "anno_posa": 1980,
        "comune": "Pozzolo Formigaro",
        "localita": "CAPOLUOGO",
        "via": "Vicolo Goito",
        "comune_posa": "Pozzolo Formigaro",
        "tipologia": "DISTRIBUZIONE",
        "tip_rete": "DISTRIBUZIONE",
        "id": 4742,
        "etichetta": "PE DE63",
        "n_distretto": "02",
        "note_etichetta": null,
        "id_distretto": "POZ-DPZ02",
        "distretto_modello": "POZ-DPZ02"
      },
      "geometry": {
        "type": "LineString",
        "coordinates": [
          [
            8.783543245195341,
            44.798110998297574
          ],
          [
            8.783144574029226,
            44.79814706876586
          ]
        ]
      }
    },
    {
      "type": "Feature",
      "properties": {
        "materiale": "PE",
        "dn": "DE63",
        "classe_pre": null,
        "lunghezza": 24.31,
        "prof": 80,
        "anno_posa": 1980,
        "comune": "Pozzolo Formigaro",
        "localita": "CAPOLUOGO",
        "via": "Via Giuseppe Garibaldi",
        "comune_posa": "Pozzolo Formigaro",
        "tipologia": "DISTRIBUZIONE",
        "tip_rete": "DISTRIBUZIONE",
        "id": 4743,
        "etichetta": "PE DE63",
        "n_distretto": "02",
        "note_etichetta": null,
        "id_distretto": "POZ-DPZ02",
        "distretto_modello": "POZ-DPZ02"
      },
      "geometry": {
        "type": "LineString",
        "coordinates": [
          [
            8.7835656373575,
            44.798328210246865
          ],
          [
            8.783405191867312,
            44.79834143612348
          ],
          [
            8.783343336102957,
            44.798361797497
          ],
          [
            8.78326645317418,
            44.79836960932085
          ]
        ]
      }
    },
    {
      "type": "Feature",
      "properties": {
        "materiale": "PVC",
        "dn": "DE160",
        "classe_pre": null,
        "lunghezza": 2.04,
        "prof": 80,
        "anno_posa": 1980,
        "comune": "Pozzolo Formigaro",
        "localita": "CAPOLUOGO",
        "via": "Via Giuseppe Garibaldi",
        "comune_posa": "Pozzolo Formigaro",
        "tipologia": "DISTRIBUZIONE",
        "tip_rete": "DISTRIBUZIONE",
        "id": 4744,
        "etichetta": "PVC DE160",
        "n_distretto": "02",
        "note_etichetta": null,
        "id_distretto": "POZ-DPZ02",
        "distretto_modello": "POZ-DPZ02"
      },
      "geometry": {
        "type": "LineString",
        "coordinates": [
          [
            8.786736027124558,
            44.79926129823305
          ],
          [
            8.786711181941008,
            44.79926614693447
          ]
        ]
      }
    },
    {
      "type": "Feature",
      "properties": {
        "materiale": "PE",
        "dn": "DE110",
        "classe_pre": null,
        "lunghezza": 173.67,
        "prof": 100,
        "anno_posa": 1980,
        "comune": "Pozzolo Formigaro",
        "localita": "CAPOLUOGO",
        "via": "Strada Fossato",
        "comune_posa": "Pozzolo Formigaro",
        "tipologia": "DISTRIBUZIONE",
        "tip_rete": "DISTRIBUZIONE",
        "id": 4745,
        "etichetta": "PE DE110",
        "n_distretto": "02",
        "note_etichetta": null,
        "id_distretto": "POZ-DPZ02",
        "distretto_modello": "POZ-DPZ02"
      },
      "geometry": {
        "type": "LineString",
        "coordinates": [
          [
            8.79115591810302,
            44.80718257201834
          ],
          [
            8.791133628322136,
            44.807185814195684
          ],
          [
            8.791033596173383,
            44.807186153383824
          ],
          [
            8.790856530099306,
            44.80720043489636
          ],
          [
            8.78908040608533,
            44.807671074588335
          ]
        ]
      }
    },
    {
      "type": "Feature",
      "properties": {
        "materiale": "AC",
        "dn": "DN50",
        "classe_pre": null,
        "lunghezza": 20.88,
        "prof": 80,
        "anno_posa": 1980,
        "comune": "Pozzolo Formigaro",
        "localita": "CAPOLUOGO",
        "via": "Strada Tortona",
        "comune_posa": "Pozzolo Formigaro",
        "tipologia": "DISTRIBUZIONE",
        "tip_rete": "DISTRIBUZIONE",
        "id": 4746,
        "etichetta": "AC DN50",
        "n_distretto": "02",
        "note_etichetta": null,
        "id_distretto": "POZ-DPZ02",
        "distretto_modello": "POZ-DPZ02"
      },
      "geometry": {
        "type": "LineString",
        "coordinates": [
          [
            8.790026788806507,
            44.80467078572301
          ],
          [
            8.789926628939437,
            44.80449686711323
          ]
        ]
      }
    },
    {
      "type": "Feature",
      "properties": {
        "materiale": "PVC",
        "dn": "DE160",
        "classe_pre": null,
        "lunghezza": 285.01,
        "prof": 80,
        "anno_posa": 1980,
        "comune": "Pozzolo Formigaro",
        "localita": "CAPOLUOGO",
        "via": "Via Tortona ",
        "comune_posa": "Pozzolo Formigaro",
        "tipologia": "DISTRIBUZIONE",
        "tip_rete": "DISTRIBUZIONE",
        "id": 4747,
        "etichetta": "PVC DE160",
        "n_distretto": "02",
        "note_etichetta": null,
        "id_distretto": "POZ-DPZ02",
        "distretto_modello": "POZ-DPZ02"
      },
      "geometry": {
        "type": "LineString",
        "coordinates": [
          [
            8.78983523189488,
            44.804524377369724
          ],
          [
            8.79021632227547,
            44.805195162025406
          ],
          [
            8.790708296743015,
            44.806051074332004
          ],
          [
            8.791000699458747,
            44.80653296061325
          ],
          [
            8.7910736005684,
            44.806656015216255
          ],
          [
            8.791140822928815,
            44.8067649180066
          ],
          [
            8.791162429436365,
            44.80690394435163
          ]
        ]
      }
    },
    {
      "type": "Feature",
      "properties": {
        "materiale": "AC",
        "dn": "DN50",
        "classe_pre": null,
        "lunghezza": 314.37,
        "prof": 80,
        "anno_posa": 1980,
        "comune": "Pozzolo Formigaro",
        "localita": "CAPOLUOGO",
        "via": "Strada Tortona",
        "comune_posa": "Pozzolo Formigaro",
        "tipologia": "DISTRIBUZIONE",
        "tip_rete": "DISTRIBUZIONE",
        "id": 4748,
        "etichetta": "AC DN50",
        "n_distretto": "02",
        "note_etichetta": null,
        "id_distretto": "POZ-DPZ02",
        "distretto_modello": "POZ-DPZ02"
      },
      "geometry": {
        "type": "LineString",
        "coordinates": [
          [
            8.789926628939437,
            44.80449686711323
          ],
          [
            8.789407605435075,
            44.80359561126209
          ],
          [
            8.788584547298472,
            44.802175179757064
          ],
          [
            8.788519782660487,
            44.80206353022855
          ],
          [
            8.788497811205165,
            44.80200480159863
          ],
          [
            8.78848398743464,
            44.80190388227792
          ],
          [
            8.788482875426995,
            44.80186747011478
          ]
        ]
      }
    },
    {
      "type": "Feature",
      "properties": {
        "materiale": "PE",
        "dn": "DE63",
        "classe_pre": null,
        "lunghezza": 1.88,
        "prof": 80,
        "anno_posa": 1980,
        "comune": "Pozzolo Formigaro",
        "localita": "CAPOLUOGO",
        "via": "Strada Tortona",
        "comune_posa": "Pozzolo Formigaro",
        "tipologia": "DISTRIBUZIONE",
        "tip_rete": "DISTRIBUZIONE",
        "id": 4749,
        "etichetta": "PE DE63",
        "n_distretto": "02",
        "note_etichetta": null,
        "id_distretto": "POZ-DPZ02",
        "distretto_modello": "POZ-DPZ02"
      },
      "geometry": {
        "type": "LineString",
        "coordinates": [
          [
            8.789926628939437,
            44.80449686711323
          ],
          [
            8.789904577004558,
            44.80450328335756
          ]
        ]
      }
    },
    {
      "type": "Feature",
      "properties": {
        "materiale": "PE",
        "dn": "DE63",
        "classe_pre": null,
        "lunghezza": 4.42,
        "prof": 80,
        "anno_posa": 1980,
        "comune": "Pozzolo Formigaro",
        "localita": "CAPOLUOGO",
        "via": "Strada Tortona",
        "comune_posa": "Pozzolo Formigaro",
        "tipologia": "DISTRIBUZIONE",
        "tip_rete": "DISTRIBUZIONE",
        "id": 4750,
        "etichetta": "PE DE63",
        "n_distretto": "02",
        "note_etichetta": null,
        "id_distretto": "POZ-DPZ02",
        "distretto_modello": "POZ-DPZ02"
      },
      "geometry": {
        "type": "LineString",
        "coordinates": [
          [
            8.789904577004558,
            44.80450328335756
          ],
          [
            8.789852825199524,
            44.80451842685073
          ]
        ]
      }
    },
    {
      "type": "Feature",
      "properties": {
        "materiale": "PE",
        "dn": "DE63",
        "classe_pre": null,
        "lunghezza": 1.54,
        "prof": 80,
        "anno_posa": 1980,
        "comune": "Pozzolo Formigaro",
        "localita": "CAPOLUOGO",
        "via": "Strada Tortona",
        "comune_posa": "Pozzolo Formigaro",
        "tipologia": "DISTRIBUZIONE",
        "tip_rete": "DISTRIBUZIONE",
        "id": 4751,
        "etichetta": "PE DE63",
        "n_distretto": "02",
        "note_etichetta": null,
        "id_distretto": "POZ-DPZ02",
        "distretto_modello": "POZ-DPZ02"
      },
      "geometry": {
        "type": "LineString",
        "coordinates": [
          [
            8.789852825199524,
            44.80451842685073
          ],
          [
            8.78983523189488,
            44.804524377369724
          ]
        ]
      }
    },
    {
      "type": "Feature",
      "properties": {
        "materiale": "AC",
        "dn": "DN50",
        "classe_pre": null,
        "lunghezza": 5.93,
        "prof": 80,
        "anno_posa": 1980,
        "comune": "Pozzolo Formigaro",
        "localita": "CAPOLUOGO",
        "via": "Via Gramsci",
        "comune_posa": "Pozzolo Formigaro",
        "tipologia": "DISTRIBUZIONE",
        "tip_rete": "DISTRIBUZIONE",
        "id": 4752,
        "etichetta": "AC DN50",
        "n_distretto": "02",
        "note_etichetta": null,
        "id_distretto": "POZ-DPZ02",
        "distretto_modello": "POZ-DPZ02"
      },
      "geometry": {
        "type": "LineString",
        "coordinates": [
          [
            8.78871073624569,
            44.800471962847624
          ],
          [
            8.788719569680643,
            44.80041891768822
          ]
        ]
      }
    },
    {
      "type": "Feature",
      "properties": {
        "materiale": "PVC",
        "dn": "DE160",
        "classe_pre": null,
        "lunghezza": 3.31,
        "prof": 80,
        "anno_posa": 1980,
        "comune": "Pozzolo Formigaro",
        "localita": "CAPOLUOGO",
        "via": "Via Gramsci",
        "comune_posa": "Pozzolo Formigaro",
        "tipologia": "DISTRIBUZIONE",
        "tip_rete": "DISTRIBUZIONE",
        "id": 4753,
        "etichetta": "PVC DE160",
        "n_distretto": "02",
        "note_etichetta": null,
        "id_distretto": "POZ-DPZ02",
        "distretto_modello": "POZ-DPZ02"
      },
      "geometry": {
        "type": "LineString",
        "coordinates": [
          [
            8.790317349528085,
            44.8004954912735
          ],
          [
            8.79027676772131,
            44.80050289845282
          ]
        ]
      }
    },
    {
      "type": "Feature",
      "properties": {
        "materiale": "PE",
        "dn": "DE110",
        "classe_pre": null,
        "lunghezza": 25.3,
        "prof": 80,
        "anno_posa": 1980,
        "comune": "Pozzolo Formigaro",
        "localita": "CAPOLUOGO",
        "via": "Piazza Canonico Bottazzi",
        "comune_posa": "Pozzolo Formigaro",
        "tipologia": "DISTRIBUZIONE",
        "tip_rete": "DISTRIBUZIONE",
        "id": 4754,
        "etichetta": "PE DE110",
        "n_distretto": "02",
        "note_etichetta": null,
        "id_distretto": "POZ-DPZ02",
        "distretto_modello": "POZ-DPZ02"
      },
      "geometry": {
        "type": "LineString",
        "coordinates": [
          [
            8.785211594439911,
            44.79402444304388
          ],
          [
            8.785075215296342,
            44.79381840121877
          ]
        ]
      }
    },
    {
      "type": "Feature",
      "properties": {
        "materiale": "PE",
        "dn": "DE110",
        "classe_pre": null,
        "lunghezza": 4.68,
        "prof": 80,
        "anno_posa": 1980,
        "comune": "Pozzolo Formigaro",
        "localita": "CAPOLUOGO",
        "via": "Piazza Canonico Bottazzi",
        "comune_posa": "Pozzolo Formigaro",
        "tipologia": "DISTRIBUZIONE",
        "tip_rete": "DISTRIBUZIONE",
        "id": 4755,
        "etichetta": "PE DE110",
        "n_distretto": "02",
        "note_etichetta": null,
        "id_distretto": "POZ-DPZ02",
        "distretto_modello": "POZ-DPZ02"
      },
      "geometry": {
        "type": "LineString",
        "coordinates": [
          [
            8.785158550793263,
            44.7940432034275
          ],
          [
            8.785211594439911,
            44.79402444304388
          ]
        ]
      }
    },
    {
      "type": "Feature",
      "properties": {
        "materiale": "PE",
        "dn": "DE110",
        "classe_pre": null,
        "lunghezza": 28.71,
        "prof": 80,
        "anno_posa": 1980,
        "comune": "Pozzolo Formigaro",
        "localita": "CAPOLUOGO",
        "via": "Via Don Severino Ghezzi",
        "comune_posa": "Pozzolo Formigaro",
        "tipologia": "DISTRIBUZIONE",
        "tip_rete": "DISTRIBUZIONE",
        "id": 4756,
        "etichetta": "PE DE110",
        "n_distretto": "02",
        "note_etichetta": null,
        "id_distretto": "POZ-DPZ02",
        "distretto_modello": "POZ-DPZ02"
      },
      "geometry": {
        "type": "LineString",
        "coordinates": [
          [
            8.786102785801605,
            44.79528555476122
          ],
          [
            8.785954149781173,
            44.79504973394587
          ]
        ]
      }
    },
    {
      "type": "Feature",
      "properties": {
        "materiale": "PE",
        "dn": "DE50",
        "classe_pre": null,
        "lunghezza": 32.48,
        "prof": 80,
        "anno_posa": 1980,
        "comune": "Pozzolo Formigaro",
        "localita": "CAPOLUOGO",
        "via": "Via Don Severino Ghezzi",
        "comune_posa": "Pozzolo Formigaro",
        "tipologia": "DISTRIBUZIONE",
        "tip_rete": "DISTRIBUZIONE",
        "id": 4757,
        "etichetta": "PE DE50",
        "n_distretto": "02",
        "note_etichetta": null,
        "id_distretto": "POZ-DPZ02",
        "distretto_modello": "POZ-DPZ02"
      },
      "geometry": {
        "type": "LineString",
        "coordinates": [
          [
            8.785967108426032,
            44.795047243545326
          ],
          [
            8.786336557701075,
            44.794919507760255
          ]
        ]
      }
    },
    {
      "type": "Feature",
      "properties": {
        "materiale": "PE",
        "dn": "DE63",
        "classe_pre": "",
        "lunghezza": 249.21,
        "prof": 80,
        "anno_posa": 2023,
        "comune": "Pozzolo Formigaro",
        "localita": "CAPOLUOGO",
        "via": "Strada Vicinale Vecchia di Rivalta",
        "comune_posa": "Pozzolo Formigaro",
        "tipologia": "DISTRIBUZIONE",
        "tip_rete": "DISTRIBUZIONE",
        "id": 4758,
        "etichetta": "PE DE63",
        "n_distretto": "02",
        "note_etichetta": null,
        "id_distretto": "POZ-DPZ02",
        "distretto_modello": "POZ-DPZ02"
      },
      "geometry": {
        "type": "LineString",
        "coordinates": [
          [
            8.799588557620554,
            44.81898846159297
          ],
          [
            8.799234077154804,
            44.81852735948595
          ],
          [
            8.799080656551162,
            44.81836006435939
          ],
          [
            8.798638660907958,
            44.81776193837087
          ],
          [
            8.798137466032255,
            44.816998977468536
          ]
        ]
      }
    },
    {
      "type": "Feature",
      "properties": {
        "materiale": "PVC",
        "dn": "DE200",
        "classe_pre": null,
        "lunghezza": 16.78,
        "prof": 80,
        "anno_posa": 1980,
        "comune": "Pozzolo Formigaro",
        "localita": "CAPOLUOGO",
        "via": "Strada Bissone",
        "comune_posa": "Pozzolo Formigaro",
        "tipologia": "DISTRIBUZIONE",
        "tip_rete": "DISTRIBUZIONE",
        "id": 4759,
        "etichetta": "PVC DE200",
        "n_distretto": "02",
        "note_etichetta": null,
        "id_distretto": "POZ-DPZ02",
        "distretto_modello": "POZ-DPZ02"
      },
      "geometry": {
        "type": "LineString",
        "coordinates": [
          [
            8.794138774586052,
            44.81107962773502
          ],
          [
            8.793943104658686,
            44.811138118574895
          ]
        ]
      }
    },
    {
      "type": "Feature",
      "properties": {
        "materiale": "PE",
        "dn": "DE75",
        "classe_pre": null,
        "lunghezza": 13.35,
        "prof": 80,
        "anno_posa": 1980,
        "comune": "Pozzolo Formigaro",
        "localita": "CAPOLUOGO",
        "via": "Strada Vicinale Vecchia di Rivalta",
        "comune_posa": "Pozzolo Formigaro",
        "tipologia": "DISTRIBUZIONE",
        "tip_rete": "DISTRIBUZIONE",
        "id": 4760,
        "etichetta": "PE DE75",
        "n_distretto": "02",
        "note_etichetta": null,
        "id_distretto": "POZ-DPZ02",
        "distretto_modello": "POZ-DPZ02"
      },
      "geometry": {
        "type": "LineString",
        "coordinates": [
          [
            8.794246483664526,
            44.81117212691844
          ],
          [
            8.794138774586052,
            44.81107962773502
          ]
        ]
      }
    },
    {
      "type": "Feature",
      "properties": {
        "materiale": "PE",
        "dn": "DE90",
        "classe_pre": null,
        "lunghezza": 1.78,
        "prof": 80,
        "anno_posa": 2002,
        "comune": "Pozzolo Formigaro",
        "localita": "CAPOLUOGO",
        "via": "Strada Bissone",
        "comune_posa": "Pozzolo Formigaro",
        "tipologia": "DISTRIBUZIONE",
        "tip_rete": "DISTRIBUZIONE",
        "id": 4761,
        "etichetta": "PE DE90",
        "n_distretto": "02",
        "note_etichetta": null,
        "id_distretto": "POZ-DPZ02",
        "distretto_modello": "POZ-DPZ02"
      },
      "geometry": {
        "type": "LineString",
        "coordinates": [
          [
            8.793390614488372,
            44.81117393868528
          ],
          [
            8.793397782311288,
            44.81118914084238
          ]
        ]
      }
    },
    {
      "type": "Feature",
      "properties": {
        "materiale": "PE",
        "dn": "DE90",
        "classe_pre": null,
        "lunghezza": 1009.4,
        "prof": 80,
        "anno_posa": 2002,
        "comune": "Pozzolo Formigaro",
        "localita": "CAPOLUOGO",
        "via": "Strada Fossato",
        "comune_posa": "Pozzolo Formigaro",
        "tipologia": "DISTRIBUZIONE",
        "tip_rete": "DISTRIBUZIONE",
        "id": 4762,
        "etichetta": "PE DE90",
        "n_distretto": "02",
        "note_etichetta": null,
        "id_distretto": "POZ-DPZ02",
        "distretto_modello": "POZ-DPZ02"
      },
      "geometry": {
        "type": "LineString",
        "coordinates": [
          [
            8.791046268065946,
            44.81193037509573
          ],
          [
            8.794063646094532,
            44.81776814519196
          ],
          [
            8.794846248410186,
            44.81929096630438
          ],
          [
            8.795455182046982,
            44.82045812899213
          ]
        ]
      }
    },
    {
      "type": "Feature",
      "properties": {
        "materiale": "PE",
        "dn": "DE75",
        "classe_pre": null,
        "lunghezza": 360.2,
        "prof": 80,
        "anno_posa": 1980,
        "comune": "Pozzolo Formigaro",
        "localita": "CAPOLUOGO",
        "via": "Strada Bissone",
        "comune_posa": "Pozzolo Formigaro",
        "tipologia": "DISTRIBUZIONE",
        "tip_rete": "DISTRIBUZIONE",
        "id": 4763,
        "etichetta": "PE DE75",
        "n_distretto": "02",
        "note_etichetta": null,
        "id_distretto": "POZ-DPZ02",
        "distretto_modello": "POZ-DPZ02"
      },
      "geometry": {
        "type": "LineString",
        "coordinates": [
          [
            8.796984406658803,
            44.810613861130314
          ],
          [
            8.797194946264874,
            44.810573325974154
          ],
          [
            8.797627329930355,
            44.81052559278593
          ],
          [
            8.798475952283216,
            44.81045159750903
          ],
          [
            8.799084125211639,
            44.8103760680913
          ],
          [
            8.799334594682502,
            44.81034830691359
          ],
          [
            8.79992955417575,
            44.8102872403972
          ],
          [
            8.800200029063967,
            44.81026275413903
          ],
          [
            8.801280691969216,
            44.810131604825706
          ],
          [
            8.80147983010994,
            44.810101137345875
          ]
        ]
      }
    },
    {
      "type": "Feature",
      "properties": {
        "materiale": "PE",
        "dn": "DE75",
        "classe_pre": null,
        "lunghezza": 74.95,
        "prof": 80,
        "anno_posa": 1980,
        "comune": "Pozzolo Formigaro",
        "localita": "CAPOLUOGO",
        "via": "Strada Bissone",
        "comune_posa": "Pozzolo Formigaro",
        "tipologia": "DISTRIBUZIONE",
        "tip_rete": "DISTRIBUZIONE",
        "id": 4764,
        "etichetta": "PE DE75",
        "n_distretto": "04",
        "note_etichetta": null,
        "id_distretto": "POZ-DPZ04",
        "distretto_modello": "POZ-DPZ04"
      },
      "geometry": {
        "type": "LineString",
        "coordinates": [
          [
            8.81785123175063,
            44.80771696675054
          ],
          [
            8.818445170670321,
            44.80756976269993
          ],
          [
            8.818744571529104,
            44.80749165771349
          ]
        ]
      }
    },
    {
      "type": "Feature",
      "properties": {
        "materiale": "PE",
        "dn": "DE110",
        "classe_pre": "PN12.5",
        "lunghezza": 132.79,
        "prof": 80,
        "anno_posa": 2006,
        "comune": "Pozzolo Formigaro",
        "localita": "CAPOLUOGO",
        "via": "Via Bettole",
        "comune_posa": "Pozzolo Formigaro",
        "tipologia": "DISTRIBUZIONE",
        "tip_rete": "DISTRIBUZIONE",
        "id": 4765,
        "etichetta": "PE DE110",
        "n_distretto": "04",
        "note_etichetta": null,
        "id_distretto": "POZ-DPZ04",
        "distretto_modello": "POZ-DPZ04"
      },
      "geometry": {
        "type": "LineString",
        "coordinates": [
          [
            8.817157056988957,
            44.80099138659424
          ],
          [
            8.817160595771265,
            44.80101606627016
          ],
          [
            8.817227761011171,
            44.80134397427285
          ],
          [
            8.817275266904371,
            44.80149665616756
          ],
          [
            8.817322844922158,
            44.801626561158
          ],
          [
            8.817457449355873,
            44.802058400438185
          ],
          [
            8.81749311554694,
            44.80216152333739
          ]
        ]
      }
    },
    {
      "type": "Feature",
      "properties": {
        "materiale": "?",
        "dn": "?",
        "classe_pre": null,
        "lunghezza": 3.78,
        "prof": 80,
        "anno_posa": 1980,
        "comune": "Pozzolo Formigaro",
        "localita": "CAPOLUOGO",
        "via": "Via Cascinotti Lungotti",
        "comune_posa": "Pozzolo Formigaro",
        "tipologia": "DISTRIBUZIONE",
        "tip_rete": "DISTRIBUZIONE",
        "id": 4766,
        "etichetta": "? ?",
        "n_distretto": "04",
        "note_etichetta": null,
        "id_distretto": "POZ-DPZ04",
        "distretto_modello": "POZ-DPZ04"
      },
      "geometry": {
        "type": "LineString",
        "coordinates": [
          [
            8.8175338499251,
            44.80217924059557
          ],
          [
            8.81749311554694,
            44.80216152333739
          ]
        ]
      }
    },
    {
      "type": "Feature",
      "properties": {
        "materiale": "PE",
        "dn": "DE50",
        "classe_pre": null,
        "lunghezza": 2.84,
        "prof": 80,
        "anno_posa": 1980,
        "comune": "Pozzolo Formigaro",
        "localita": "CAPOLUOGO",
        "via": "Via Bettole",
        "comune_posa": "Pozzolo Formigaro",
        "tipologia": "DISTRIBUZIONE",
        "tip_rete": "DISTRIBUZIONE",
        "id": 4767,
        "etichetta": "PE DE50",
        "n_distretto": "04",
        "note_etichetta": null,
        "id_distretto": "POZ-DPZ04",
        "distretto_modello": "POZ-DPZ04"
      },
      "geometry": {
        "type": "LineString",
        "coordinates": [
          [
            8.818314689662524,
            44.80532140120423
          ],
          [
            8.818349747974857,
            44.80531601337173
          ]
        ]
      }
    },
    {
      "type": "Feature",
      "properties": {
        "materiale": "PE",
        "dn": "DE110",
        "classe_pre": "PN12.5",
        "lunghezza": 116.61,
        "prof": 80,
        "anno_posa": 2006,
        "comune": "Pozzolo Formigaro",
        "localita": "CAPOLUOGO",
        "via": "Via Bettole",
        "comune_posa": "Pozzolo Formigaro",
        "tipologia": "DISTRIBUZIONE",
        "tip_rete": "DISTRIBUZIONE",
        "id": 4768,
        "etichetta": "PE DE110",
        "n_distretto": "04",
        "note_etichetta": null,
        "id_distretto": "POZ-DPZ04",
        "distretto_modello": "POZ-DPZ04"
      },
      "geometry": {
        "type": "LineString",
        "coordinates": [
          [
            8.818349747974857,
            44.80531601337173
          ],
          [
            8.818446709172614,
            44.80568797369114
          ],
          [
            8.818524073138443,
            44.805981717090646
          ],
          [
            8.81855756236752,
            44.80611622074186
          ],
          [
            8.818640581449168,
            44.80634467194909
          ]
        ]
      }
    },
    {
      "type": "Feature",
      "properties": {
        "materiale": "PE",
        "dn": "DE90",
        "classe_pre": "PN12.5",
        "lunghezza": 3.36,
        "prof": 80,
        "anno_posa": 2006,
        "comune": "Pozzolo Formigaro",
        "localita": "CAPOLUOGO",
        "via": "Via Bettole",
        "comune_posa": "Pozzolo Formigaro",
        "tipologia": "DISTRIBUZIONE",
        "tip_rete": "DISTRIBUZIONE",
        "id": 4769,
        "etichetta": "PE DE90",
        "n_distretto": "04",
        "note_etichetta": null,
        "id_distretto": "POZ-DPZ04",
        "distretto_modello": "POZ-DPZ04"
      },
      "geometry": {
        "type": "LineString",
        "coordinates": [
          [
            8.818640581449168,
            44.80634467194909
          ],
          [
            8.818682967006863,
            44.8063470169471
          ]
        ]
      }
    },
    {
      "type": "Feature",
      "properties": {
        "materiale": "PE",
        "dn": "DE90",
        "classe_pre": "PN12.5",
        "lunghezza": 179.11,
        "prof": 80,
        "anno_posa": 2006,
        "comune": "Pozzolo Formigaro",
        "localita": "CAPOLUOGO",
        "via": "Via Bettole",
        "comune_posa": "Pozzolo Formigaro",
        "tipologia": "DISTRIBUZIONE",
        "tip_rete": "DISTRIBUZIONE",
        "id": 4770,
        "etichetta": "PE DE90",
        "n_distretto": "04",
        "note_etichetta": null,
        "id_distretto": "POZ-DPZ04",
        "distretto_modello": "POZ-DPZ04"
      },
      "geometry": {
        "type": "LineString",
        "coordinates": [
          [
            8.821263996774725,
            44.80663462326053
          ],
          [
            8.822037999456441,
            44.806722953904675
          ],
          [
            8.822756025909754,
            44.80680720647192
          ],
          [
            8.822922339368656,
            44.80682682489192
          ],
          [
            8.823441035779426,
            44.806897352990894
          ],
          [
            8.823493888933932,
            44.806911913282114
          ]
        ]
      }
    },
    {
      "type": "Feature",
      "properties": {
        "materiale": "PE",
        "dn": "DE90",
        "classe_pre": "PN12.5",
        "lunghezza": 206.62,
        "prof": 80,
        "anno_posa": 2006,
        "comune": "Pozzolo Formigaro",
        "localita": "CAPOLUOGO",
        "via": "Via Bettole",
        "comune_posa": "Pozzolo Formigaro",
        "tipologia": "DISTRIBUZIONE",
        "tip_rete": "DISTRIBUZIONE",
        "id": 4771,
        "etichetta": "PE DE90",
        "n_distretto": "04",
        "note_etichetta": null,
        "id_distretto": "POZ-DPZ04",
        "distretto_modello": "POZ-DPZ04"
      },
      "geometry": {
        "type": "LineString",
        "coordinates": [
          [
            8.818682967006863,
            44.8063470169471
          ],
          [
            8.818751674960104,
            44.80635677063509
          ],
          [
            8.819140279935095,
            44.8063983852581
          ],
          [
            8.819578432634398,
            44.806454312454434
          ],
          [
            8.820325273777671,
            44.80653008445924
          ],
          [
            8.820597120137332,
            44.80656524670572
          ],
          [
            8.821263996774725,
            44.80663462326053
          ]
        ]
      }
    },
    {
      "type": "Feature",
      "properties": {
        "materiale": "PVC",
        "dn": "DE63",
        "classe_pre": null,
        "lunghezza": 0.36,
        "prof": 80,
        "anno_posa": 1980,
        "comune": "Pozzolo Formigaro",
        "localita": "CAPOLUOGO",
        "via": "Via Bettole",
        "comune_posa": "Pozzolo Formigaro",
        "tipologia": "DISTRIBUZIONE",
        "tip_rete": "DISTRIBUZIONE",
        "id": 4772,
        "etichetta": "PVC DE63",
        "n_distretto": "04",
        "note_etichetta": null,
        "id_distretto": "POZ-DPZ04",
        "distretto_modello": "POZ-DPZ04"
      },
      "geometry": {
        "type": "LineString",
        "coordinates": [
          [
            8.823498363291424,
            44.806912617507884
          ],
          [
            8.823493888933932,
            44.806911913282114
          ]
        ]
      }
    },
    {
      "type": "Feature",
      "properties": {
        "materiale": "PE",
        "dn": "DE63",
        "classe_pre": null,
        "lunghezza": 76.58,
        "prof": 80,
        "anno_posa": 2003,
        "comune": "Pozzolo Formigaro",
        "localita": "CAPOLUOGO",
        "via": "Via Bettole",
        "comune_posa": "Pozzolo Formigaro",
        "tipologia": "DISTRIBUZIONE",
        "tip_rete": "DISTRIBUZIONE",
        "id": 4773,
        "etichetta": "PE DE63",
        "n_distretto": "04",
        "note_etichetta": null,
        "id_distretto": "POZ-DPZ04",
        "distretto_modello": "POZ-DPZ04"
      },
      "geometry": {
        "type": "LineString",
        "coordinates": [
          [
            8.82968832983215,
            44.80775718457442
          ],
          [
            8.8298378202929,
            44.80776238076173
          ],
          [
            8.829797637585965,
            44.807925813864735
          ],
          [
            8.82980913218987,
            44.807927298063014
          ],
          [
            8.830191396954952,
            44.80797712911344
          ],
          [
            8.830197447673498,
            44.80797767571262
          ],
          [
            8.830224373813662,
            44.80785152843755
          ]
        ]
      }
    },
    {
      "type": "Feature",
      "properties": {
        "materiale": "PVC",
        "dn": "DE63",
        "classe_pre": null,
        "lunghezza": 261.33,
        "prof": 80,
        "anno_posa": 1980,
        "comune": "Pozzolo Formigaro",
        "localita": "CAPOLUOGO",
        "via": "Via Bettole",
        "comune_posa": "Pozzolo Formigaro",
        "tipologia": "DISTRIBUZIONE",
        "tip_rete": "DISTRIBUZIONE",
        "id": 4774,
        "etichetta": "PVC DE63",
        "n_distretto": "04",
        "note_etichetta": null,
        "id_distretto": "POZ-DPZ04",
        "distretto_modello": "POZ-DPZ04"
      },
      "geometry": {
        "type": "LineString",
        "coordinates": [
          [
            8.830224373813662,
            44.80785152843755
          ],
          [
            8.830253238179242,
            44.80785525533323
          ],
          [
            8.830392934547278,
            44.80786987672383
          ],
          [
            8.830598492315723,
            44.80788926277419
          ],
          [
            8.831322658211773,
            44.8079587952207
          ],
          [
            8.83155381841032,
            44.807976510309416
          ],
          [
            8.831709187636255,
            44.807995942104874
          ],
          [
            8.831896643046031,
            44.80802456508504
          ],
          [
            8.832019873323336,
            44.80805309331008
          ],
          [
            8.832104571164795,
            44.80808065034547
          ],
          [
            8.832173862950464,
            44.808105441430854
          ],
          [
            8.832235429192913,
            44.80813662203991
          ],
          [
            8.83237906900964,
            44.8082145583353
          ],
          [
            8.832590544995604,
            44.808376720203086
          ],
          [
            8.832658473512492,
            44.80842894148235
          ],
          [
            8.832879595513983,
            44.80858745927741
          ],
          [
            8.832939845137032,
            44.808630067780214
          ],
          [
            8.833005869912709,
            44.80867451352797
          ],
          [
            8.833083431745637,
            44.808727205845415
          ],
          [
            8.833115466008284,
            44.808754570844044
          ]
        ]
      }
    },
    {
      "type": "Feature",
      "properties": {
        "materiale": "PE",
        "dn": "DE90",
        "classe_pre": null,
        "lunghezza": 80.82,
        "prof": 80,
        "anno_posa": 1998,
        "comune": "Pozzolo Formigaro",
        "localita": "CAPOLUOGO",
        "via": null,
        "comune_posa": "Pozzolo Formigaro",
        "tipologia": "DISTRIBUZIONE",
        "tip_rete": "DISTRIBUZIONE",
        "id": 4775,
        "etichetta": "PE DE90",
        "n_distretto": "02",
        "note_etichetta": null,
        "id_distretto": "POZ-DPZ02",
        "distretto_modello": "POZ-DPZ02"
      },
      "geometry": {
        "type": "LineString",
        "coordinates": [
          [
            8.788889864466048,
            44.795466428268476
          ],
          [
            8.788862936825955,
            44.79542597782268
          ],
          [
            8.788850932822703,
            44.79539782516023
          ],
          [
            8.78797397724717,
            44.79559005470936
          ]
        ]
      }
    },
    {
      "type": "Feature",
      "properties": {
        "materiale": "PE",
        "dn": "DE90",
        "classe_pre": null,
        "lunghezza": 44.16,
        "prof": 80,
        "anno_posa": 1998,
        "comune": "Pozzolo Formigaro",
        "localita": "CAPOLUOGO",
        "via": "Via Boxilio",
        "comune_posa": "Pozzolo Formigaro",
        "tipologia": "DISTRIBUZIONE",
        "tip_rete": "DISTRIBUZIONE",
        "id": 4776,
        "etichetta": "PE DE90",
        "n_distretto": "02",
        "note_etichetta": null,
        "id_distretto": "POZ-DPZ02",
        "distretto_modello": "POZ-DPZ02"
      },
      "geometry": {
        "type": "LineString",
        "coordinates": [
          [
            8.78797397724717,
            44.79559005470936
          ],
          [
            8.787439661489707,
            44.79570524869814
          ]
        ]
      }
    },
    {
      "type": "Feature",
      "properties": {
        "materiale": "PE",
        "dn": "DE110",
        "classe_pre": null,
        "lunghezza": 1.69,
        "prof": 80,
        "anno_posa": 2005,
        "comune": "Pozzolo Formigaro",
        "localita": "CAPOLUOGO",
        "via": "Via Boxilio",
        "comune_posa": "Pozzolo Formigaro",
        "tipologia": "DISTRIBUZIONE",
        "tip_rete": "DISTRIBUZIONE",
        "id": 4777,
        "etichetta": "PE DE110",
        "n_distretto": "02",
        "note_etichetta": null,
        "id_distretto": "POZ-DPZ02",
        "distretto_modello": "POZ-DPZ02"
      },
      "geometry": {
        "type": "LineString",
        "coordinates": [
          [
            8.78797397724717,
            44.79559005470936
          ],
          [
            8.787979721482401,
            44.795604704133346
          ]
        ]
      }
    },
    {
      "type": "Feature",
      "properties": {
        "materiale": "PE",
        "dn": "DE110",
        "classe_pre": null,
        "lunghezza": 44.74,
        "prof": 80,
        "anno_posa": 2005,
        "comune": "Pozzolo Formigaro",
        "localita": "CAPOLUOGO",
        "via": "Via Boxilio",
        "comune_posa": "Pozzolo Formigaro",
        "tipologia": "DISTRIBUZIONE",
        "tip_rete": "DISTRIBUZIONE",
        "id": 4778,
        "etichetta": "PE DE110",
        "n_distretto": "02",
        "note_etichetta": null,
        "id_distretto": "POZ-DPZ02",
        "distretto_modello": "POZ-DPZ02"
      },
      "geometry": {
        "type": "LineString",
        "coordinates": [
          [
            8.787979721482401,
            44.795604704133346
          ],
          [
            8.788144522076523,
            44.79599003327876
          ]
        ]
      }
    },
    {
      "type": "Feature",
      "properties": {
        "materiale": "GS",
        "dn": "DN200",
        "classe_pre": null,
        "lunghezza": 4.95,
        "prof": 80,
        "anno_posa": 2005,
        "comune": "Pozzolo Formigaro",
        "localita": "CAPOLUOGO",
        "via": "Strada Castelgazzo",
        "comune_posa": "Pozzolo Formigaro",
        "tipologia": "DISTRIBUZIONE",
        "tip_rete": "DISTRIBUZIONE",
        "id": 4779,
        "etichetta": "GS DN200",
        "n_distretto": "12",
        "note_etichetta": null,
        "id_distretto": "DNL01.1",
        "distretto_modello": "DNL01.1"
      },
      "geometry": {
        "type": "LineString",
        "coordinates": [
          [
            8.772368781314437,
            44.785000751507475
          ],
          [
            8.772347759887042,
            44.78495879808388
          ]
        ]
      }
    },
    {
      "type": "Feature",
      "properties": {
        "materiale": "PVC",
        "dn": "DE110",
        "classe_pre": null,
        "lunghezza": 269.12,
        "prof": 80,
        "anno_posa": 1980,
        "comune": "Pozzolo Formigaro",
        "localita": "CAPOLUOGO",
        "via": "Strada Pagnoletta",
        "comune_posa": "Pozzolo Formigaro",
        "tipologia": "DISTRIBUZIONE",
        "tip_rete": "DISTRIBUZIONE",
        "id": 4780,
        "etichetta": "PVC DE110",
        "n_distretto": "12",
        "note_etichetta": null,
        "id_distretto": "DNL01.1",
        "distretto_modello": "DNL01.1"
      },
      "geometry": {
        "type": "LineString",
        "coordinates": [
          [
            8.773339884915837,
            44.78731507611404
          ],
          [
            8.77332923201829,
            44.78730072282603
          ],
          [
            8.773320792993205,
            44.78728785920107
          ],
          [
            8.77314914167582,
            44.786804499404504
          ],
          [
            8.772948221186176,
            44.786413484855025
          ],
          [
            8.772880649856491,
            44.78623564568344
          ],
          [
            8.772778425709042,
            44.78589009146597
          ],
          [
            8.772673861893837,
            44.785541179557534
          ],
          [
            8.772522047662925,
            44.785235761409595
          ],
          [
            8.772368781314437,
            44.785000751507475
          ]
        ]
      }
    },
    {
      "type": "Feature",
      "properties": {
        "materiale": "PE",
        "dn": "DE63",
        "classe_pre": null,
        "lunghezza": 2.08,
        "prof": 80,
        "anno_posa": 1995,
        "comune": "Pozzolo Formigaro",
        "localita": "CAPOLUOGO",
        "via": "Strada Marencana",
        "comune_posa": "Pozzolo Formigaro",
        "tipologia": "DISTRIBUZIONE",
        "tip_rete": "DISTRIBUZIONE",
        "id": 4781,
        "etichetta": "PE DE63",
        "n_distretto": "03",
        "note_etichetta": null,
        "id_distretto": "POZ-DPZ03",
        "distretto_modello": "POZ-DPZ03"
      },
      "geometry": {
        "type": "LineString",
        "coordinates": [
          [
            8.776780419236598,
            44.79413979119582
          ],
          [
            8.776755216562593,
            44.79414516524178
          ]
        ]
      }
    },
    {
      "type": "Feature",
      "properties": {
        "materiale": "PVC",
        "dn": "DE110",
        "classe_pre": null,
        "lunghezza": 320.77,
        "prof": 80,
        "anno_posa": 1980,
        "comune": "Pozzolo Formigaro",
        "localita": "CAPOLUOGO",
        "via": "Via Belvedere",
        "comune_posa": "Pozzolo Formigaro",
        "tipologia": "DISTRIBUZIONE",
        "tip_rete": "DISTRIBUZIONE",
        "id": 4782,
        "etichetta": "PVC DE110",
        "n_distretto": "03",
        "note_etichetta": null,
        "id_distretto": "POZ-DPZ03",
        "distretto_modello": "POZ-DPZ03"
      },
      "geometry": {
        "type": "LineString",
        "coordinates": [
          [
            8.776780419236598,
            44.79413979119582
          ],
          [
            8.77660533142992,
            44.793976909558964
          ],
          [
            8.776331545599463,
            44.79304434811863
          ],
          [
            8.776485485478457,
            44.79207822487107
          ],
          [
            8.77654724564429,
            44.79190864874621
          ],
          [
            8.77676619504855,
            44.79158164876525
          ],
          [
            8.776773320931893,
            44.791516394619464
          ],
          [
            8.776767242255273,
            44.791427760574045
          ],
          [
            8.77670150022591,
            44.79138152942982
          ]
        ]
      }
    },
    {
      "type": "Feature",
      "properties": {
        "materiale": "PE",
        "dn": "DE63",
        "classe_pre": null,
        "lunghezza": 450.47,
        "prof": 80,
        "anno_posa": 1995,
        "comune": "Pozzolo Formigaro",
        "localita": "CAPOLUOGO",
        "via": "Strada Marencana",
        "comune_posa": "Pozzolo Formigaro",
        "tipologia": "DISTRIBUZIONE",
        "tip_rete": "DISTRIBUZIONE",
        "id": 4783,
        "etichetta": "PE DE63",
        "n_distretto": "03",
        "note_etichetta": null,
        "id_distretto": "POZ-DPZ03",
        "distretto_modello": "POZ-DPZ03"
      },
      "geometry": {
        "type": "LineString",
        "coordinates": [
          [
            8.776755216562593,
            44.79414516524178
          ],
          [
            8.776186079410094,
            44.794266522408215
          ],
          [
            8.775961804216388,
            44.79432571045308
          ],
          [
            8.775711255916331,
            44.79444370005318
          ],
          [
            8.775537744079951,
            44.794549855157754
          ],
          [
            8.775371063432987,
            44.79466272701045
          ],
          [
            8.775121018420844,
            44.794850748164016
          ],
          [
            8.775032358286031,
            44.79491741565695
          ],
          [
            8.774880387665426,
            44.795062264546644
          ],
          [
            8.774504799711952,
            44.79540895149051
          ],
          [
            8.77421550878271,
            44.795661624249604
          ],
          [
            8.774085718956673,
            44.79578887499666
          ],
          [
            8.773813996363021,
            44.79603620605278
          ],
          [
            8.77347241665122,
            44.796342611029004
          ],
          [
            8.773163819017006,
            44.79662153949743
          ],
          [
            8.772948363440625,
            44.79682078348226
          ],
          [
            8.772822686231962,
            44.79692663346056
          ],
          [
            8.772807252526489,
            44.796941195429945
          ]
        ]
      }
    },
    {
      "type": "Feature",
      "properties": {
        "materiale": "PVC",
        "dn": "DE110",
        "classe_pre": null,
        "lunghezza": 48.8,
        "prof": 80,
        "anno_posa": 1980,
        "comune": "Pozzolo Formigaro",
        "localita": "CAPOLUOGO",
        "via": "Via Belvedere",
        "comune_posa": "Pozzolo Formigaro",
        "tipologia": "DISTRIBUZIONE",
        "tip_rete": "DISTRIBUZIONE",
        "id": 4784,
        "etichetta": "PVC DE110",
        "n_distretto": "03",
        "note_etichetta": null,
        "id_distretto": "POZ-DPZ03",
        "distretto_modello": "POZ-DPZ03"
      },
      "geometry": {
        "type": "LineString",
        "coordinates": [
          [
            8.778183339762737,
            44.796378399646
          ],
          [
            8.77816530136525,
            44.79633152995707
          ],
          [
            8.778112124329608,
            44.796176533301214
          ],
          [
            8.778042914865342,
            44.79601160330092
          ],
          [
            8.778022008993533,
            44.79595451542264
          ]
        ]
      }
    },
    {
      "type": "Feature",
      "properties": {
        "materiale": "PVC",
        "dn": "DE110",
        "classe_pre": null,
        "lunghezza": 2.85,
        "prof": 80,
        "anno_posa": 1980,
        "comune": "Pozzolo Formigaro",
        "localita": "CAPOLUOGO",
        "via": "Via Belvedere",
        "comune_posa": "Pozzolo Formigaro",
        "tipologia": "DISTRIBUZIONE",
        "tip_rete": "DISTRIBUZIONE",
        "id": 4786,
        "etichetta": "PVC DE110",
        "n_distretto": "03",
        "note_etichetta": null,
        "id_distretto": "POZ-DPZ03",
        "distretto_modello": "POZ-DPZ03"
      },
      "geometry": {
        "type": "LineString",
        "coordinates": [
          [
            8.777667839047943,
            44.795097386984104
          ],
          [
            8.777656347923617,
            44.79507303557766
          ]
        ]
      }
    },
    {
      "type": "Feature",
      "properties": {
        "materiale": "PVC",
        "dn": "DE110",
        "classe_pre": null,
        "lunghezza": 122.56,
        "prof": 80,
        "anno_posa": 1980,
        "comune": "Pozzolo Formigaro",
        "localita": "CAPOLUOGO",
        "via": "Via Belvedere",
        "comune_posa": "Pozzolo Formigaro",
        "tipologia": "DISTRIBUZIONE",
        "tip_rete": "DISTRIBUZIONE",
        "id": 4787,
        "etichetta": "PVC DE110",
        "n_distretto": "03",
        "note_etichetta": null,
        "id_distretto": "POZ-DPZ03",
        "distretto_modello": "POZ-DPZ03"
      },
      "geometry": {
        "type": "LineString",
        "coordinates": [
          [
            8.777656347926097,
            44.79507303068452
          ],
          [
            8.777637940052994,
            44.795020949374894
          ],
          [
            8.777572232203513,
            44.794897193752476
          ],
          [
            8.777263025103524,
            44.794084820335165
          ],
          [
            8.777282650142652,
            44.79401049791956
          ]
        ]
      }
    },
    {
      "type": "Feature",
      "properties": {
        "materiale": "PVC",
        "dn": "DE110",
        "classe_pre": null,
        "lunghezza": 3.26,
        "prof": 80,
        "anno_posa": 1980,
        "comune": "Pozzolo Formigaro",
        "localita": "CAPOLUOGO",
        "via": "Via Belvedere",
        "comune_posa": "Pozzolo Formigaro",
        "tipologia": "DISTRIBUZIONE",
        "tip_rete": "DISTRIBUZIONE",
        "id": 4788,
        "etichetta": "PVC DE110",
        "n_distretto": "03",
        "note_etichetta": null,
        "id_distretto": "POZ-DPZ03",
        "distretto_modello": "POZ-DPZ03"
      },
      "geometry": {
        "type": "LineString",
        "coordinates": [
          [
            8.777678363886873,
            44.79512574453864
          ],
          [
            8.777667839047943,
            44.795097386984104
          ]
        ]
      }
    },
    {
      "type": "Feature",
      "properties": {
        "materiale": "PVC",
        "dn": "DE110",
        "classe_pre": null,
        "lunghezza": 1.64,
        "prof": 80,
        "anno_posa": 1980,
        "comune": "Pozzolo Formigaro",
        "localita": "CAPOLUOGO",
        "via": "Via Belvedere",
        "comune_posa": "Pozzolo Formigaro",
        "tipologia": "DISTRIBUZIONE",
        "tip_rete": "DISTRIBUZIONE",
        "id": 4789,
        "etichetta": "PVC DE110",
        "n_distretto": "03",
        "note_etichetta": null,
        "id_distretto": "POZ-DPZ03",
        "distretto_modello": "POZ-DPZ03"
      },
      "geometry": {
        "type": "LineString",
        "coordinates": [
          [
            8.777653861085426,
            44.79510831681226
          ],
          [
            8.77766783904791,
            44.79509738793718
          ]
        ]
      }
    },
    {
      "type": "Feature",
      "properties": {
        "materiale": "PE",
        "dn": "DE50",
        "classe_pre": null,
        "lunghezza": 2.52,
        "prof": 80,
        "anno_posa": 2005,
        "comune": "Pozzolo Formigaro",
        "localita": "CAPOLUOGO",
        "via": "Strada Pagnoletta",
        "comune_posa": "Pozzolo Formigaro",
        "tipologia": "DISTRIBUZIONE",
        "tip_rete": "DISTRIBUZIONE",
        "id": 4790,
        "etichetta": "PE DE50",
        "n_distretto": "03",
        "note_etichetta": null,
        "id_distretto": "POZ-DPZ03",
        "distretto_modello": "POZ-DPZ03"
      },
      "geometry": {
        "type": "LineString",
        "coordinates": [
          [
            8.778310043784817,
            44.79196383268321
          ],
          [
            8.778281067434614,
            44.79195431377209
          ]
        ]
      }
    },
    {
      "type": "Feature",
      "properties": {
        "materiale": "PE",
        "dn": "DE50",
        "classe_pre": null,
        "lunghezza": 2.56,
        "prof": 80,
        "anno_posa": 2005,
        "comune": "Pozzolo Formigaro",
        "localita": "CAPOLUOGO",
        "via": "Strada Pagnoletta",
        "comune_posa": "Pozzolo Formigaro",
        "tipologia": "DISTRIBUZIONE",
        "tip_rete": "DISTRIBUZIONE",
        "id": 4791,
        "etichetta": "PE DE50",
        "n_distretto": "03",
        "note_etichetta": null,
        "id_distretto": "POZ-DPZ03",
        "distretto_modello": "POZ-DPZ03"
      },
      "geometry": {
        "type": "LineString",
        "coordinates": [
          [
            8.77771508587947,
            44.79176838321091
          ],
          [
            8.777685721397303,
            44.791758736577826
          ]
        ]
      }
    },
    {
      "type": "Feature",
      "properties": {
        "materiale": "PE",
        "dn": "DE32",
        "classe_pre": null,
        "lunghezza": 76.49,
        "prof": 70,
        "anno_posa": 2006,
        "comune": "Pozzolo Formigaro",
        "localita": "CAPOLUOGO",
        "via": "Strada Pagnoletta",
        "comune_posa": "Pozzolo Formigaro",
        "tipologia": "DISTRIBUZIONE",
        "tip_rete": "DISTRIBUZIONE",
        "id": 4792,
        "etichetta": "PE DE32",
        "n_distretto": "03",
        "note_etichetta": null,
        "id_distretto": "POZ-DPZ03",
        "distretto_modello": "POZ-DPZ03"
      },
      "geometry": {
        "type": "LineString",
        "coordinates": [
          [
            8.778357129324208,
            44.79196156014334
          ],
          [
            8.778421754888315,
            44.79195844101874
          ],
          [
            8.77857177795833,
            44.79132490454095
          ]
        ]
      }
    },
    {
      "type": "Feature",
      "properties": {
        "materiale": "PE",
        "dn": "DE32",
        "classe_pre": null,
        "lunghezza": 3.73,
        "prof": 80,
        "anno_posa": 1980,
        "comune": "Pozzolo Formigaro",
        "localita": "CAPOLUOGO",
        "via": "Strada Pagnoletta",
        "comune_posa": "Pozzolo Formigaro",
        "tipologia": "DISTRIBUZIONE",
        "tip_rete": "DISTRIBUZIONE",
        "id": 4793,
        "etichetta": "PE DE32",
        "n_distretto": "03",
        "note_etichetta": null,
        "id_distretto": "POZ-DPZ03",
        "distretto_modello": "POZ-DPZ03"
      },
      "geometry": {
        "type": "LineString",
        "coordinates": [
          [
            8.778310043784817,
            44.79196383268321
          ],
          [
            8.778357129324208,
            44.79196156014334
          ]
        ]
      }
    },
    {
      "type": "Feature",
      "properties": {
        "materiale": "PE",
        "dn": "DE50",
        "classe_pre": null,
        "lunghezza": 49.3,
        "prof": 80,
        "anno_posa": 2005,
        "comune": "Pozzolo Formigaro",
        "localita": "CAPOLUOGO",
        "via": "Strada Pagnoletta",
        "comune_posa": "Pozzolo Formigaro",
        "tipologia": "DISTRIBUZIONE",
        "tip_rete": "DISTRIBUZIONE",
        "id": 4794,
        "etichetta": "PE DE50",
        "n_distretto": "03",
        "note_etichetta": null,
        "id_distretto": "POZ-DPZ03",
        "distretto_modello": "POZ-DPZ03"
      },
      "geometry": {
        "type": "LineString",
        "coordinates": [
          [
            8.778281067434614,
            44.79195431377209
          ],
          [
            8.77771508587947,
            44.79176838321091
          ]
        ]
      }
    },
    {
      "type": "Feature",
      "properties": {
        "materiale": "PE",
        "dn": "DE32",
        "classe_pre": null,
        "lunghezza": 46.72,
        "prof": 80,
        "anno_posa": 1980,
        "comune": "Pozzolo Formigaro",
        "localita": "CAPOLUOGO",
        "via": "Via Umberto Bosani",
        "comune_posa": "Pozzolo Formigaro",
        "tipologia": "DISTRIBUZIONE",
        "tip_rete": "DISTRIBUZIONE",
        "id": 4795,
        "etichetta": "PE DE32",
        "n_distretto": "03",
        "note_etichetta": null,
        "id_distretto": "POZ-DPZ03",
        "distretto_modello": "POZ-DPZ03"
      },
      "geometry": {
        "type": "LineString",
        "coordinates": [
          [
            8.779755670263222,
            44.79532716888556
          ],
          [
            8.779742137045059,
            44.795181705729874
          ],
          [
            8.779723373804194,
            44.794929912973174
          ],
          [
            8.779755099582701,
            44.79493104625516
          ]
        ]
      }
    },
    {
      "type": "Feature",
      "properties": {
        "materiale": "PVC",
        "dn": "DE110",
        "classe_pre": null,
        "lunghezza": 7.04,
        "prof": 80,
        "anno_posa": 1980,
        "comune": "Pozzolo Formigaro",
        "localita": "CAPOLUOGO",
        "via": "Via Timone",
        "comune_posa": "Pozzolo Formigaro",
        "tipologia": "DISTRIBUZIONE",
        "tip_rete": "DISTRIBUZIONE",
        "id": 4796,
        "etichetta": "PVC DE110",
        "n_distretto": "03",
        "note_etichetta": null,
        "id_distretto": "POZ-DPZ03",
        "distretto_modello": "POZ-DPZ03"
      },
      "geometry": {
        "type": "LineString",
        "coordinates": [
          [
            8.779086077503617,
            44.80020624592238
          ],
          [
            8.77915894400823,
            44.80016992205297
          ]
        ]
      }
    },
    {
      "type": "Feature",
      "properties": {
        "materiale": "PE",
        "dn": "DE90",
        "classe_pre": null,
        "lunghezza": 173.78,
        "prof": 80,
        "anno_posa": 1980,
        "comune": "Pozzolo Formigaro",
        "localita": "CAPOLUOGO",
        "via": "Via Timone",
        "comune_posa": "Pozzolo Formigaro",
        "tipologia": "DISTRIBUZIONE",
        "tip_rete": "DISTRIBUZIONE",
        "id": 4797,
        "etichetta": "PE DE90",
        "n_distretto": "03",
        "note_etichetta": null,
        "id_distretto": "POZ-DPZ03",
        "distretto_modello": "POZ-DPZ03"
      },
      "geometry": {
        "type": "LineString",
        "coordinates": [
          [
            8.778790957450376,
            44.80032674514715
          ],
          [
            8.778697008377195,
            44.80035687780125
          ],
          [
            8.778327151007066,
            44.80045797125767
          ],
          [
            8.77708235585036,
            44.8008148981599
          ],
          [
            8.776750615300255,
            44.800906994638375
          ]
        ]
      }
    },
    {
      "type": "Feature",
      "properties": {
        "materiale": "PVC",
        "dn": "DE50",
        "classe_pre": null,
        "lunghezza": 131.99,
        "prof": 80,
        "anno_posa": 1980,
        "comune": "Pozzolo Formigaro",
        "localita": "CAPOLUOGO",
        "via": "Strada Alessandria (SS35 Bis)",
        "comune_posa": "Pozzolo Formigaro",
        "tipologia": "DISTRIBUZIONE",
        "tip_rete": "DISTRIBUZIONE",
        "id": 4798,
        "etichetta": "PVC DE50",
        "n_distretto": "03",
        "note_etichetta": null,
        "id_distretto": "POZ-DPZ03",
        "distretto_modello": "POZ-DPZ03"
      },
      "geometry": {
        "type": "LineString",
        "coordinates": [
          [
            8.776003178299687,
            44.80105745343413
          ],
          [
            8.77490882947956,
            44.80195451413906
          ]
        ]
      }
    },
    {
      "type": "Feature",
      "properties": {
        "materiale": "PVC",
        "dn": "DE50",
        "classe_pre": null,
        "lunghezza": 3.3,
        "prof": 80,
        "anno_posa": 1980,
        "comune": "Pozzolo Formigaro",
        "localita": "CAPOLUOGO",
        "via": "Strada Alessandria (SS35 Bis)",
        "comune_posa": "Pozzolo Formigaro",
        "tipologia": "DISTRIBUZIONE",
        "tip_rete": "DISTRIBUZIONE",
        "id": 4799,
        "etichetta": "PVC DE50",
        "n_distretto": "03",
        "note_etichetta": null,
        "id_distretto": "POZ-DPZ03",
        "distretto_modello": "POZ-DPZ03"
      },
      "geometry": {
        "type": "LineString",
        "coordinates": [
          [
            8.77490882947956,
            44.80195451413906
          ],
          [
            8.774880698398217,
            44.80197649145749
          ]
        ]
      }
    },
    {
      "type": "Feature",
      "properties": {
        "materiale": "PVC",
        "dn": "DE50",
        "classe_pre": null,
        "lunghezza": 79.57,
        "prof": 80,
        "anno_posa": 1980,
        "comune": "Pozzolo Formigaro",
        "localita": "CAPOLUOGO",
        "via": "Strada Alessandria (SS35 Bis)",
        "comune_posa": "Pozzolo Formigaro",
        "tipologia": "DISTRIBUZIONE",
        "tip_rete": "DISTRIBUZIONE",
        "id": 4800,
        "etichetta": "PVC DE50",
        "n_distretto": "03",
        "note_etichetta": null,
        "id_distretto": "POZ-DPZ03",
        "distretto_modello": "POZ-DPZ03"
      },
      "geometry": {
        "type": "LineString",
        "coordinates": [
          [
            8.77492742772034,
            44.802005586909466
          ],
          [
            8.775177689129627,
            44.80269933805195
          ]
        ]
      }
    },
    {
      "type": "Feature",
      "properties": {
        "materiale": "PVC",
        "dn": "DE110",
        "classe_pre": null,
        "lunghezza": 256.36,
        "prof": 80,
        "anno_posa": 1980,
        "comune": "Pozzolo Formigaro",
        "localita": "CAPOLUOGO",
        "via": "Via delle Ghiare",
        "comune_posa": "Pozzolo Formigaro",
        "tipologia": "DISTRIBUZIONE",
        "tip_rete": "DISTRIBUZIONE",
        "id": 4801,
        "etichetta": "PVC DE110",
        "n_distretto": "03",
        "note_etichetta": null,
        "id_distretto": "POZ-DPZ03",
        "distretto_modello": "POZ-DPZ03"
      },
      "geometry": {
        "type": "LineString",
        "coordinates": [
          [
            8.779956057692063,
            44.80247427748443
          ],
          [
            8.77986700454624,
            44.80222201231011
          ],
          [
            8.779742004395711,
            44.80202794257862
          ],
          [
            8.779617243992957,
            44.80180864433794
          ],
          [
            8.779348229557087,
            44.80131619269912
          ],
          [
            8.779134891486017,
            44.80092000187753
          ],
          [
            8.77908368243967,
            44.800820758102
          ],
          [
            8.778820374157277,
            44.800315221419766
          ]
        ]
      }
    },
    {
      "type": "Feature",
      "properties": {
        "materiale": "PE",
        "dn": "DE110",
        "classe_pre": null,
        "lunghezza": 170.95,
        "prof": 80,
        "anno_posa": 1980,
        "comune": "Pozzolo Formigaro",
        "localita": "CAPOLUOGO",
        "via": "Strada Roveri",
        "comune_posa": "Pozzolo Formigaro",
        "tipologia": "DISTRIBUZIONE",
        "tip_rete": "DISTRIBUZIONE",
        "id": 4802,
        "etichetta": "PE DE110",
        "n_distretto": "03",
        "note_etichetta": null,
        "id_distretto": "POZ-DPZ03",
        "distretto_modello": "POZ-DPZ03"
      },
      "geometry": {
        "type": "LineString",
        "coordinates": [
          [
            8.780612851477228,
            44.80566751419003
          ],
          [
            8.78062509986465,
            44.805646816118625
          ],
          [
            8.781002603120756,
            44.80495615148254
          ],
          [
            8.781312944725817,
            44.80440054435606
          ],
          [
            8.781354323050852,
            44.8043078848814
          ],
          [
            8.78138231064069,
            44.804230169391055
          ]
        ]
      }
    },
    {
      "type": "Feature",
      "properties": {
        "materiale": "PE",
        "dn": "DE90",
        "classe_pre": null,
        "lunghezza": 2.84,
        "prof": 80,
        "anno_posa": 1980,
        "comune": "Pozzolo Formigaro",
        "localita": "CAPOLUOGO",
        "via": "Strada Roveri",
        "comune_posa": "Pozzolo Formigaro",
        "tipologia": "DISTRIBUZIONE",
        "tip_rete": "DISTRIBUZIONE",
        "id": 4803,
        "etichetta": "PE DE90",
        "n_distretto": "03",
        "note_etichetta": null,
        "id_distretto": "POZ-DPZ03",
        "distretto_modello": "POZ-DPZ03"
      },
      "geometry": {
        "type": "LineString",
        "coordinates": [
          [
            8.780078777230088,
            44.80999062036696
          ],
          [
            8.78004293164801,
            44.80998882731209
          ]
        ]
      }
    },
    {
      "type": "Feature",
      "properties": {
        "materiale": "PE",
        "dn": "DE90",
        "classe_pre": null,
        "lunghezza": 445.37,
        "prof": 80,
        "anno_posa": 1980,
        "comune": "Pozzolo Formigaro",
        "localita": "CAPOLUOGO",
        "via": "Strada Roveri",
        "comune_posa": "Pozzolo Formigaro",
        "tipologia": "DISTRIBUZIONE",
        "tip_rete": "DISTRIBUZIONE",
        "id": 4804,
        "etichetta": "PE DE90",
        "n_distretto": "03",
        "note_etichetta": null,
        "id_distretto": "POZ-DPZ03",
        "distretto_modello": "POZ-DPZ03"
      },
      "geometry": {
        "type": "LineString",
        "coordinates": [
          [
            8.78004293164801,
            44.80998882731209
          ],
          [
            8.779809134822377,
            44.809977132132204
          ],
          [
            8.779759164038662,
            44.8102847924067
          ],
          [
            8.779579833824018,
            44.810910866731014
          ],
          [
            8.77894249631331,
            44.81231742061438
          ],
          [
            8.778511651497563,
            44.813436867845745
          ],
          [
            8.77816267599637,
            44.81349515888339
          ]
        ]
      }
    },
    {
      "type": "Feature",
      "properties": {
        "materiale": "PE",
        "dn": "DE32",
        "classe_pre": null,
        "lunghezza": 3.21,
        "prof": 80,
        "anno_posa": 1980,
        "comune": "Pozzolo Formigaro",
        "localita": "CAPOLUOGO",
        "via": "Strada dei Bandetti",
        "comune_posa": "Pozzolo Formigaro",
        "tipologia": "DISTRIBUZIONE",
        "tip_rete": "DISTRIBUZIONE",
        "id": 4805,
        "etichetta": "PE DE32",
        "n_distretto": "03",
        "note_etichetta": null,
        "id_distretto": "POZ-DPZ03",
        "distretto_modello": "POZ-DPZ03"
      },
      "geometry": {
        "type": "LineString",
        "coordinates": [
          [
            8.7740255391272,
            44.82247591014244
          ],
          [
            8.7740017457401,
            44.82249927279048
          ]
        ]
      }
    },
    {
      "type": "Feature",
      "properties": {
        "materiale": "PE",
        "dn": "DE90",
        "classe_pre": null,
        "lunghezza": 3.75,
        "prof": 80,
        "anno_posa": 1980,
        "comune": "Pozzolo Formigaro",
        "localita": "CAPOLUOGO",
        "via": "Strada dei Bandetti",
        "comune_posa": "Pozzolo Formigaro",
        "tipologia": "DISTRIBUZIONE",
        "tip_rete": "DISTRIBUZIONE",
        "id": 4806,
        "etichetta": "PE DE90",
        "n_distretto": "03",
        "note_etichetta": null,
        "id_distretto": "POZ-DPZ03",
        "distretto_modello": "POZ-DPZ03"
      },
      "geometry": {
        "type": "LineString",
        "coordinates": [
          [
            8.773971372702814,
            44.82247339312766
          ],
          [
            8.7740017457401,
            44.82249927279048
          ]
        ]
      }
    },
    {
      "type": "Feature",
      "properties": {
        "materiale": "PE",
        "dn": "DE50",
        "classe_pre": null,
        "lunghezza": 30.65,
        "prof": 80,
        "anno_posa": 1980,
        "comune": "Pozzolo Formigaro",
        "localita": "CAPOLUOGO",
        "via": "Strada dei Bandetti",
        "comune_posa": "Pozzolo Formigaro",
        "tipologia": "DISTRIBUZIONE",
        "tip_rete": "DISTRIBUZIONE",
        "id": 4807,
        "etichetta": "PE DE50",
        "n_distretto": "03",
        "note_etichetta": null,
        "id_distretto": "POZ-DPZ03",
        "distretto_modello": "POZ-DPZ03"
      },
      "geometry": {
        "type": "LineString",
        "coordinates": [
          [
            8.778494530797413,
            44.82705176447338
          ],
          [
            8.778109535866339,
            44.827084444344884
          ]
        ]
      }
    },
    {
      "type": "Feature",
      "properties": {
        "materiale": "PE",
        "dn": "DE75",
        "classe_pre": null,
        "lunghezza": 2.84,
        "prof": 80,
        "anno_posa": 1980,
        "comune": "Pozzolo Formigaro",
        "localita": "CAPOLUOGO",
        "via": "Strada dei Bandetti",
        "comune_posa": "Pozzolo Formigaro",
        "tipologia": "DISTRIBUZIONE",
        "tip_rete": "DISTRIBUZIONE",
        "id": 4808,
        "etichetta": "PE DE75",
        "n_distretto": "03",
        "note_etichetta": null,
        "id_distretto": "POZ-DPZ03",
        "distretto_modello": "POZ-DPZ03"
      },
      "geometry": {
        "type": "LineString",
        "coordinates": [
          [
            8.778745546571733,
            44.827180952357054
          ],
          [
            8.77871767111808,
            44.827164890239004
          ]
        ]
      }
    },
    {
      "type": "Feature",
      "properties": {
        "materiale": "PE",
        "dn": "DE90",
        "classe_pre": null,
        "lunghezza": 201.84,
        "prof": 80,
        "anno_posa": 1980,
        "comune": "Pozzolo Formigaro",
        "localita": "CAPOLUOGO",
        "via": "Strada Roveri",
        "comune_posa": "Pozzolo Formigaro",
        "tipologia": "DISTRIBUZIONE",
        "tip_rete": "DISTRIBUZIONE",
        "id": 4809,
        "etichetta": "PE DE90",
        "n_distretto": "03",
        "note_etichetta": null,
        "id_distretto": "POZ-DPZ03",
        "distretto_modello": "POZ-DPZ03"
      },
      "geometry": {
        "type": "LineString",
        "coordinates": [
          [
            8.778764509700704,
            44.82715568595053
          ],
          [
            8.778870217113926,
            44.82701616018388
          ],
          [
            8.778966207570086,
            44.82688399779863
          ],
          [
            8.77904447347041,
            44.82676723828663
          ],
          [
            8.779107116368692,
            44.82666711541721
          ],
          [
            8.779383413142602,
            44.82626156326645
          ],
          [
            8.779445936230072,
            44.82616405813481
          ],
          [
            8.779531819659416,
            44.826043469195525
          ],
          [
            8.779657976349082,
            44.825867864566455
          ],
          [
            8.77971142293476,
            44.82579248804511
          ],
          [
            8.779804620583164,
            44.825644037812076
          ],
          [
            8.779879382249852,
            44.82552171012965
          ]
        ]
      }
    },
    {
      "type": "Feature",
      "properties": {
        "materiale": "PE",
        "dn": "DE75",
        "classe_pre": null,
        "lunghezza": 452.5,
        "prof": 80,
        "anno_posa": 1980,
        "comune": "Pozzolo Formigaro",
        "localita": "CAPOLUOGO",
        "via": "Strada dei Bandetti",
        "comune_posa": "Pozzolo Formigaro",
        "tipologia": "DISTRIBUZIONE",
        "tip_rete": "DISTRIBUZIONE",
        "id": 4810,
        "etichetta": "PE DE75",
        "n_distretto": "03",
        "note_etichetta": null,
        "id_distretto": "POZ-DPZ03",
        "distretto_modello": "POZ-DPZ03"
      },
      "geometry": {
        "type": "LineString",
        "coordinates": [
          [
            8.77876002161238,
            44.827190791821735
          ],
          [
            8.778856658084695,
            44.827252429474306
          ],
          [
            8.778876292526158,
            44.82724136509267
          ],
          [
            8.779060029823608,
            44.82739160308194
          ],
          [
            8.779159867228207,
            44.827470287559386
          ],
          [
            8.779751186540414,
            44.82793706411667
          ],
          [
            8.779849526721025,
            44.82801294592734
          ],
          [
            8.78006678503272,
            44.82818660754874
          ],
          [
            8.78017680246395,
            44.828272747062556
          ],
          [
            8.780299763664491,
            44.828371770601755
          ],
          [
            8.780500967712914,
            44.82853129606204
          ],
          [
            8.780655666967736,
            44.82864911217572
          ],
          [
            8.78084222910166,
            44.82878474422017
          ],
          [
            8.78096246110702,
            44.828878212286675
          ],
          [
            8.781332888813475,
            44.829171199159525
          ],
          [
            8.781472635017145,
            44.82927454892008
          ],
          [
            8.781546256389436,
            44.82933129856424
          ],
          [
            8.78172589279232,
            44.82946793782879
          ],
          [
            8.781846270877143,
            44.829562990343376
          ],
          [
            8.782056649380646,
            44.82972476933356
          ],
          [
            8.782313053125575,
            44.82992719662514
          ],
          [
            8.782635339061004,
            44.83016515515156
          ]
        ]
      }
    },
    {
      "type": "Feature",
      "properties": {
        "materiale": "PE",
        "dn": "DE75",
        "classe_pre": null,
        "lunghezza": 17.87,
        "prof": 80,
        "anno_posa": 1980,
        "comune": "Pozzolo Formigaro",
        "localita": "CAPOLUOGO",
        "via": "Strada dei Bandetti",
        "comune_posa": "Pozzolo Formigaro",
        "tipologia": "DISTRIBUZIONE",
        "tip_rete": "DISTRIBUZIONE",
        "id": 4811,
        "etichetta": "PE DE75",
        "n_distretto": "03",
        "note_etichetta": null,
        "id_distretto": "POZ-DPZ03",
        "distretto_modello": "POZ-DPZ03"
      },
      "geometry": {
        "type": "LineString",
        "coordinates": [
          [
            8.77871767111808,
            44.827164890239004
          ],
          [
            8.778634476837782,
            44.827098631007644
          ],
          [
            8.778596856881004,
            44.82706912381405
          ],
          [
            8.778564288671705,
            44.827046855872474
          ]
        ]
      }
    },
    {
      "type": "Feature",
      "properties": {
        "materiale": "PE",
        "dn": "DE40",
        "classe_pre": null,
        "lunghezza": 3.05,
        "prof": 80,
        "anno_posa": 1980,
        "comune": "Pozzolo Formigaro",
        "localita": "CAPOLUOGO",
        "via": "Strada Roveri",
        "comune_posa": "Pozzolo Formigaro",
        "tipologia": "DISTRIBUZIONE",
        "tip_rete": "DISTRIBUZIONE",
        "id": 4812,
        "etichetta": "PE DE40",
        "n_distretto": "03",
        "note_etichetta": null,
        "id_distretto": "POZ-DPZ03",
        "distretto_modello": "POZ-DPZ03"
      },
      "geometry": {
        "type": "LineString",
        "coordinates": [
          [
            8.7799177314275,
            44.82551872648871
          ],
          [
            8.779879382249852,
            44.82552171012965
          ]
        ]
      }
    },
    {
      "type": "Feature",
      "properties": {
        "materiale": "PE",
        "dn": "DE63",
        "classe_pre": null,
        "lunghezza": 77.54,
        "prof": 80,
        "anno_posa": 1980,
        "comune": "Pozzolo Formigaro",
        "localita": "CAPOLUOGO",
        "via": "Strada Roveri",
        "comune_posa": "Pozzolo Formigaro",
        "tipologia": "DISTRIBUZIONE",
        "tip_rete": "DISTRIBUZIONE",
        "id": 4813,
        "etichetta": "PE DE63",
        "n_distretto": "03",
        "note_etichetta": null,
        "id_distretto": "POZ-DPZ03",
        "distretto_modello": "POZ-DPZ03"
      },
      "geometry": {
        "type": "LineString",
        "coordinates": [
          [
            8.777961880161204,
            44.82810436607863
          ],
          [
            8.777684400542402,
            44.82809031838668
          ],
          [
            8.777276903337981,
            44.828069052472564
          ],
          [
            8.776983572736775,
            44.82805422237121
          ]
        ]
      }
    },
    {
      "type": "Feature",
      "properties": {
        "materiale": "PE",
        "dn": "DE32",
        "classe_pre": null,
        "lunghezza": 2.06,
        "prof": 80,
        "anno_posa": 1980,
        "comune": "Pozzolo Formigaro",
        "localita": "CAPOLUOGO",
        "via": "Strada dei Bandetti",
        "comune_posa": "Pozzolo Formigaro",
        "tipologia": "DISTRIBUZIONE",
        "tip_rete": "DISTRIBUZIONE",
        "id": 4814,
        "etichetta": "PE DE32",
        "n_distretto": "03",
        "note_etichetta": null,
        "id_distretto": "POZ-DPZ03",
        "distretto_modello": "POZ-DPZ03"
      },
      "geometry": {
        "type": "LineString",
        "coordinates": [
          [
            8.77251741830118,
            44.82751808836394
          ],
          [
            8.772521592078254,
            44.82749980046825
          ]
        ]
      }
    },
    {
      "type": "Feature",
      "properties": {
        "materiale": "PE",
        "dn": "DE50",
        "classe_pre": null,
        "lunghezza": 64.83,
        "prof": 80,
        "anno_posa": 1980,
        "comune": "Pozzolo Formigaro",
        "localita": "CAPOLUOGO",
        "via": "Strada Roveri",
        "comune_posa": "Pozzolo Formigaro",
        "tipologia": "DISTRIBUZIONE",
        "tip_rete": "DISTRIBUZIONE",
        "id": 4815,
        "etichetta": "PE DE50",
        "n_distretto": "03",
        "note_etichetta": null,
        "id_distretto": "POZ-DPZ03",
        "distretto_modello": "POZ-DPZ03"
      },
      "geometry": {
        "type": "LineString",
        "coordinates": [
          [
            8.77252744100927,
            44.827480962281264
          ],
          [
            8.772635722572447,
            44.827103567702174
          ],
          [
            8.77269373380354,
            44.82690945668542
          ]
        ]
      }
    },
    {
      "type": "Feature",
      "properties": {
        "materiale": "PE",
        "dn": "DE110",
        "classe_pre": null,
        "lunghezza": 108.85,
        "prof": 80,
        "anno_posa": 1980,
        "comune": "Pozzolo Formigaro",
        "localita": "CAPOLUOGO",
        "via": "Via Industria",
        "comune_posa": "Pozzolo Formigaro",
        "tipologia": "DISTRIBUZIONE",
        "tip_rete": "DISTRIBUZIONE",
        "id": 5600,
        "etichetta": "PE DE110",
        "n_distretto": "03",
        "note_etichetta": null,
        "id_distretto": "POZ-DPZ03",
        "distretto_modello": "POZ-DPZ03"
      },
      "geometry": {
        "type": "LineString",
        "coordinates": [
          [
            8.778901914626621,
            44.80215396325643
          ],
          [
            8.778615133384461,
            44.802360533401576
          ],
          [
            8.778235155760026,
            44.80255921713437
          ],
          [
            8.777795065556049,
            44.80272344878455
          ]
        ]
      }
    },
    {
      "type": "Feature",
      "properties": {
        "materiale": "GS",
        "dn": "DN150",
        "classe_pre": null,
        "lunghezza": 851.74,
        "prof": 80,
        "anno_posa": 1980,
        "comune": "Pozzolo Formigaro",
        "localita": "CAPOLUOGO",
        "via": "Strada San Bovo",
        "comune_posa": "Pozzolo Formigaro",
        "tipologia": "DISTRIBUZIONE",
        "tip_rete": "DISTRIBUZIONE",
        "id": 5603,
        "etichetta": "GS DN150",
        "n_distretto": "02",
        "note_etichetta": null,
        "id_distretto": "POZ-DPZ02",
        "distretto_modello": "POZ-DPZ02"
      },
      "geometry": {
        "type": "LineString",
        "coordinates": [
          [
            8.779450198592315,
            44.790666056907746
          ],
          [
            8.77900423166657,
            44.7897658377204
          ],
          [
            8.778494911222364,
            44.788733615031326
          ],
          [
            8.778243942862858,
            44.78820985024922
          ],
          [
            8.777064485385889,
            44.78572305903809
          ],
          [
            8.776813021722282,
            44.78517866669353
          ],
          [
            8.776326683353755,
            44.78414865402183
          ],
          [
            8.776037855657126,
            44.78339532850443
          ]
        ]
      }
    },
    {
      "type": "Feature",
      "properties": {
        "materiale": "PE",
        "dn": "DE90",
        "classe_pre": null,
        "lunghezza": 3.9,
        "prof": 80,
        "anno_posa": 1980,
        "comune": "Pozzolo Formigaro",
        "localita": "CAPOLUOGO",
        "via": null,
        "comune_posa": "Pozzolo Formigaro",
        "tipologia": "DISTRIBUZIONE",
        "tip_rete": "DISTRIBUZIONE",
        "id": 5604,
        "etichetta": "PE DE90",
        "n_distretto": "02",
        "note_etichetta": null,
        "id_distretto": "POZ-DPZ02",
        "distretto_modello": "POZ-DPZ02"
      },
      "geometry": {
        "type": "LineString",
        "coordinates": [
          [
            8.779450293240881,
            44.79066613555131
          ],
          [
            8.779493893834879,
            44.79064980705753
          ]
        ]
      }
    },
    {
      "type": "Feature",
      "properties": {
        "materiale": "PVC",
        "dn": "DE160",
        "classe_pre": null,
        "lunghezza": 8.27,
        "prof": 80,
        "anno_posa": 1980,
        "comune": "Pozzolo Formigaro",
        "localita": "CAPOLUOGO",
        "via": "Via Fossato Vignale",
        "comune_posa": "Pozzolo Formigaro",
        "tipologia": "DISTRIBUZIONE",
        "tip_rete": "DISTRIBUZIONE",
        "id": 5605,
        "etichetta": "PVC DE160",
        "n_distretto": "01",
        "note_etichetta": null,
        "id_distretto": "POZ-DPZ01",
        "distretto_modello": "POZ-DPZ01"
      },
      "geometry": {
        "type": "LineString",
        "coordinates": [
          [
            8.780738437678082,
            44.79033891153826
          ],
          [
            8.780731016218773,
            44.79029968910595
          ],
          [
            8.780725078097074,
            44.79026510345157
          ]
        ]
      }
    },
    {
      "type": "Feature",
      "properties": {
        "materiale": "PE",
        "dn": "DE90",
        "classe_pre": null,
        "lunghezza": 2.22,
        "prof": 80,
        "anno_posa": 1980,
        "comune": "Pozzolo Formigaro",
        "localita": "CAPOLUOGO",
        "via": null,
        "comune_posa": "Pozzolo Formigaro",
        "tipologia": "DISTRIBUZIONE",
        "tip_rete": "DISTRIBUZIONE",
        "id": 5606,
        "etichetta": "PE DE90",
        "n_distretto": "01",
        "note_etichetta": null,
        "id_distretto": "POZ-DPZ01",
        "distretto_modello": "POZ-DPZ01"
      },
      "geometry": {
        "type": "LineString",
        "coordinates": [
          [
            8.780710867649502,
            44.7903424733621
          ],
          [
            8.780738437678082,
            44.79033891153826
          ]
        ]
      }
    },
    {
      "type": "Feature",
      "properties": {
        "materiale": "PVC",
        "dn": "DE160",
        "classe_pre": null,
        "lunghezza": 235.12,
        "prof": 80,
        "anno_posa": 1980,
        "comune": "Pozzolo Formigaro",
        "localita": "CAPOLUOGO",
        "via": "Via Fossato Vignale",
        "comune_posa": "Pozzolo Formigaro",
        "tipologia": "DISTRIBUZIONE",
        "tip_rete": "DISTRIBUZIONE",
        "id": 5607,
        "etichetta": "PVC DE160",
        "n_distretto": "01",
        "note_etichetta": null,
        "id_distretto": "POZ-DPZ01",
        "distretto_modello": "POZ-DPZ01"
      },
      "geometry": {
        "type": "LineString",
        "coordinates": [
          [
            8.780725078097074,
            44.79026510345157
          ],
          [
            8.780607655560834,
            44.789670468829684
          ],
          [
            8.78029850774615,
            44.78817041575288
          ]
        ]
      }
    },
    {
      "type": "Feature",
      "properties": {
        "materiale": "PE",
        "dn": "DE63",
        "classe_pre": null,
        "lunghezza": 5.57,
        "prof": 80,
        "anno_posa": 1980,
        "comune": "Pozzolo Formigaro",
        "localita": "CAPOLUOGO",
        "via": "Via Fossato Vignale",
        "comune_posa": "Pozzolo Formigaro",
        "tipologia": "DISTRIBUZIONE",
        "tip_rete": "DISTRIBUZIONE",
        "id": 5608,
        "etichetta": "PE DE63",
        "n_distretto": "01",
        "note_etichetta": null,
        "id_distretto": "POZ-DPZ01",
        "distretto_modello": "POZ-DPZ01"
      },
      "geometry": {
        "type": "LineString",
        "coordinates": [
          [
            8.780725078097074,
            44.79026510345157
          ],
          [
            8.780750157929125,
            44.790263115413055
          ],
          [
            8.780795165611227,
            44.790260523326324
          ]
        ]
      }
    },
    {
      "type": "Feature",
      "properties": {
        "materiale": "?",
        "dn": "?",
        "classe_pre": null,
        "lunghezza": 4.02,
        "prof": 80,
        "anno_posa": 1980,
        "comune": "Pozzolo Formigaro",
        "localita": "CAPOLUOGO",
        "via": null,
        "comune_posa": "Pozzolo Formigaro",
        "tipologia": "DISTRIBUZIONE",
        "tip_rete": "DISTRIBUZIONE",
        "id": 5610,
        "etichetta": "? ?",
        "n_distretto": "02",
        "note_etichetta": null,
        "id_distretto": "POZ-DPZ02",
        "distretto_modello": "POZ-DPZ02"
      },
      "geometry": {
        "type": "LineString",
        "coordinates": [
          [
            8.779462787053273,
            44.790695162701994
          ],
          [
            8.779510192286013,
            44.790682200616764
          ]
        ]
      }
    },
    {
      "type": "Feature",
      "properties": {
        "materiale": "PE",
        "dn": "DE75",
        "classe_pre": "PN16",
        "lunghezza": 135.99,
        "prof": 70,
        "anno_posa": 2021,
        "comune": "Pozzolo Formigaro",
        "localita": "CAPOLUOGO",
        "via": "Strada Vecchia di San Marziano",
        "comune_posa": "Pozzolo Formigaro",
        "tipologia": "DISTRIBUZIONE",
        "tip_rete": "DISTRIBUZIONE",
        "id": 5611,
        "etichetta": "PE DE75",
        "n_distretto": "01",
        "note_etichetta": null,
        "id_distretto": "POZ-DPZ01",
        "distretto_modello": "POZ-DPZ01"
      },
      "geometry": {
        "type": "LineString",
        "coordinates": [
          [
            8.792958431859002,
            44.78945836859194
          ],
          [
            8.792709563244713,
            44.789516598413584
          ],
          [
            8.79250295851052,
            44.789560903345276
          ],
          [
            8.79231434981965,
            44.789608827985575
          ],
          [
            8.792042676905401,
            44.7896734136337
          ],
          [
            8.79182918283272,
            44.789703497759064
          ],
          [
            8.79173044504543,
            44.78970063155088
          ],
          [
            8.79165124379779,
            44.78968216223647
          ],
          [
            8.791572193320553,
            44.789645992373615
          ],
          [
            8.791543988353345,
            44.789626323680864
          ],
          [
            8.79151870027447,
            44.789599031973324
          ],
          [
            8.791483627020005,
            44.789560275569755
          ],
          [
            8.791455096908896,
            44.78951088401417
          ],
          [
            8.791458112686676,
            44.78948548001418
          ]
        ]
      }
    },
    {
      "type": "Feature",
      "properties": {
        "materiale": "PE",
        "dn": "DE90",
        "classe_pre": null,
        "lunghezza": 0.74,
        "prof": 80,
        "anno_posa": 1980,
        "comune": "Pozzolo Formigaro",
        "localita": "CAPOLUOGO",
        "via": "Via Montemanni",
        "comune_posa": "Pozzolo Formigaro",
        "tipologia": "DISTRIBUZIONE",
        "tip_rete": "DISTRIBUZIONE",
        "id": 5637,
        "etichetta": "PE DE90",
        "n_distretto": "01",
        "note_etichetta": null,
        "id_distretto": "POZ-DPZ01",
        "distretto_modello": "POZ-DPZ01"
      },
      "geometry": {
        "type": "LineString",
        "coordinates": [
          [
            8.789823361770546,
            44.79129220647681
          ],
          [
            8.789820631769722,
            44.79128584807997
          ]
        ]
      }
    },
    {
      "type": "Feature",
      "properties": {
        "materiale": "PE",
        "dn": "DE75",
        "classe_pre": null,
        "lunghezza": 1.82,
        "prof": 80,
        "anno_posa": 2006,
        "comune": "Pozzolo Formigaro",
        "localita": "CAPOLUOGO",
        "via": "Via Montemanni",
        "comune_posa": "Pozzolo Formigaro",
        "tipologia": "DISTRIBUZIONE",
        "tip_rete": "DISTRIBUZIONE",
        "id": 5638,
        "etichetta": "PE DE75",
        "n_distretto": "01",
        "note_etichetta": null,
        "id_distretto": "POZ-DPZ01",
        "distretto_modello": "POZ-DPZ01"
      },
      "geometry": {
        "type": "LineString",
        "coordinates": [
          [
            8.789830571268707,
            44.790761123337724
          ],
          [
            8.789836469553569,
            44.79077694260505
          ]
        ]
      }
    },
    {
      "type": "Feature",
      "properties": {
        "materiale": "PE",
        "dn": "DE90",
        "classe_pre": null,
        "lunghezza": 0.73,
        "prof": 80,
        "anno_posa": 2006,
        "comune": "Pozzolo Formigaro",
        "localita": "CAPOLUOGO",
        "via": "Via Montemanni",
        "comune_posa": "Pozzolo Formigaro",
        "tipologia": "DISTRIBUZIONE",
        "tip_rete": "DISTRIBUZIONE",
        "id": 5639,
        "etichetta": "PE DE90",
        "n_distretto": "01",
        "note_etichetta": null,
        "id_distretto": "POZ-DPZ01",
        "distretto_modello": "POZ-DPZ01"
      },
      "geometry": {
        "type": "LineString",
        "coordinates": [
          [
            8.789003520636772,
            44.7917438067187
          ],
          [
            8.789004905441358,
            44.791750328873334
          ]
        ]
      }
    },
    {
      "type": "Feature",
      "properties": {
        "materiale": "PE",
        "dn": "DE75",
        "classe_pre": null,
        "lunghezza": 4.79,
        "prof": 80,
        "anno_posa": 2006,
        "comune": "Pozzolo Formigaro",
        "localita": "CAPOLUOGO",
        "via": "Via Montemanni",
        "comune_posa": "Pozzolo Formigaro",
        "tipologia": "DISTRIBUZIONE",
        "tip_rete": "DISTRIBUZIONE",
        "id": 5640,
        "etichetta": "PE DE75",
        "n_distretto": "01",
        "note_etichetta": null,
        "id_distretto": "POZ-DPZ01",
        "distretto_modello": "POZ-DPZ01"
      },
      "geometry": {
        "type": "LineString",
        "coordinates": [
          [
            8.789836469553569,
            44.79077694260505
          ],
          [
            8.78985660050399,
            44.79081759082758
          ]
        ]
      }
    },
    {
      "type": "Feature",
      "properties": {
        "materiale": "PE",
        "dn": "DE75",
        "classe_pre": null,
        "lunghezza": 131.08,
        "prof": 80,
        "anno_posa": 1980,
        "comune": "Pozzolo Formigaro",
        "localita": "CAPOLUOGO",
        "via": "Via Montemanni",
        "comune_posa": "Pozzolo Formigaro",
        "tipologia": "DISTRIBUZIONE",
        "tip_rete": "DISTRIBUZIONE",
        "id": 5641,
        "etichetta": "PE DE75",
        "n_distretto": "01",
        "note_etichetta": null,
        "id_distretto": "POZ-DPZ01",
        "distretto_modello": "POZ-DPZ01"
      },
      "geometry": {
        "type": "LineString",
        "coordinates": [
          [
            8.789830571268707,
            44.790761123337724
          ],
          [
            8.790141384492095,
            44.790697878063185
          ],
          [
            8.790196609621484,
            44.79069679664523
          ],
          [
            8.790224971659802,
            44.79071031856076
          ],
          [
            8.79024638095908,
            44.790729916675716
          ],
          [
            8.790278562940752,
            44.790789153661
          ],
          [
            8.790340061745363,
            44.79093795726686
          ],
          [
            8.790406928361536,
            44.7911025687257
          ],
          [
            8.790406880995247,
            44.79111565606923
          ],
          [
            8.790401174966604,
            44.79112973975317
          ],
          [
            8.790346799932598,
            44.79114894366472
          ],
          [
            8.79005054905186,
            44.79121793704592
          ],
          [
            8.789959678214329,
            44.79124067515742
          ],
          [
            8.789823361770546,
            44.79129220647681
          ]
        ]
      }
    },
    {
      "type": "Feature",
      "properties": {
        "materiale": "PE",
        "dn": "DE75",
        "classe_pre": null,
        "lunghezza": 36.65,
        "prof": 80,
        "anno_posa": 1980,
        "comune": "Pozzolo Formigaro",
        "localita": "CAPOLUOGO",
        "via": "Via Montemanni",
        "comune_posa": "Pozzolo Formigaro",
        "tipologia": "DISTRIBUZIONE",
        "tip_rete": "DISTRIBUZIONE",
        "id": 5642,
        "etichetta": "PE DE75",
        "n_distretto": "01",
        "note_etichetta": null,
        "id_distretto": "POZ-DPZ01",
        "distretto_modello": "POZ-DPZ01"
      },
      "geometry": {
        "type": "LineString",
        "coordinates": [
          [
            8.789823361770546,
            44.79129220647681
          ],
          [
            8.789778772837614,
            44.79131420430763
          ],
          [
            8.789750955200283,
            44.791352254095244
          ],
          [
            8.789728973367327,
            44.79139333723526
          ],
          [
            8.789717539248628,
            44.791438953359055
          ],
          [
            8.789713863077422,
            44.79148157472164
          ],
          [
            8.789720004891404,
            44.791535748832025
          ],
          [
            8.789735151954005,
            44.791590200550345
          ],
          [
            8.789735457453935,
            44.7915957074192
          ]
        ]
      }
    },
    {
      "type": "Feature",
      "properties": {
        "materiale": "PE",
        "dn": "DE90",
        "classe_pre": null,
        "lunghezza": 2.41,
        "prof": 80,
        "anno_posa": 1980,
        "comune": "Pozzolo Formigaro",
        "localita": "CAPOLUOGO",
        "via": "Via Montemanni",
        "comune_posa": "Pozzolo Formigaro",
        "tipologia": "DISTRIBUZIONE",
        "tip_rete": "DISTRIBUZIONE",
        "id": 5643,
        "etichetta": "PE DE90",
        "n_distretto": "01",
        "note_etichetta": null,
        "id_distretto": "POZ-DPZ01",
        "distretto_modello": "POZ-DPZ01"
      },
      "geometry": {
        "type": "LineString",
        "coordinates": [
          [
            8.789820631769722,
            44.79128584807997
          ],
          [
            8.789812950115039,
            44.79126488343884
          ]
        ]
      }
    },
    {
      "type": "Feature",
      "properties": {
        "materiale": "PE",
        "dn": "DE75",
        "classe_pre": null,
        "lunghezza": 5.55,
        "prof": 80,
        "anno_posa": 1980,
        "comune": "Pozzolo Formigaro",
        "localita": "CAPOLUOGO",
        "via": "Via Montemanni",
        "comune_posa": "Pozzolo Formigaro",
        "tipologia": "DISTRIBUZIONE",
        "tip_rete": "DISTRIBUZIONE",
        "id": 5644,
        "etichetta": "PE DE75",
        "n_distretto": "01",
        "note_etichetta": null,
        "id_distretto": "POZ-DPZ01",
        "distretto_modello": "POZ-DPZ01"
      },
      "geometry": {
        "type": "LineString",
        "coordinates": [
          [
            8.789004905441358,
            44.791750328873334
          ],
          [
            8.788935853151294,
            44.791759228412346
          ]
        ]
      }
    },
    {
      "type": "Feature",
      "properties": {
        "materiale": "PE",
        "dn": "DE90",
        "classe_pre": null,
        "lunghezza": 3.94,
        "prof": 80,
        "anno_posa": 2006,
        "comune": "Pozzolo Formigaro",
        "localita": "CAPOLUOGO",
        "via": "Via Montemanni",
        "comune_posa": "Pozzolo Formigaro",
        "tipologia": "DISTRIBUZIONE",
        "tip_rete": "DISTRIBUZIONE",
        "id": 5645,
        "etichetta": "PE DE90",
        "n_distretto": "01",
        "note_etichetta": null,
        "id_distretto": "POZ-DPZ01",
        "distretto_modello": "POZ-DPZ01"
      },
      "geometry": {
        "type": "LineString",
        "coordinates": [
          [
            8.789003520636772,
            44.7917438067187
          ],
          [
            8.789000128063595,
            44.791708444178845
          ]
        ]
      }
    },
    {
      "type": "Feature",
      "properties": {
        "materiale": "PE",
        "dn": "DE90",
        "classe_pre": null,
        "lunghezza": 2.5,
        "prof": 70,
        "anno_posa": 1980,
        "comune": "Pozzolo Formigaro",
        "localita": "CAPOLUOGO",
        "via": "Via Principe Oddone",
        "comune_posa": "Pozzolo Formigaro",
        "tipologia": "DISTRIBUZIONE",
        "tip_rete": "DISTRIBUZIONE",
        "id": 5681,
        "etichetta": "PE DE90",
        "n_distretto": "02",
        "note_etichetta": null,
        "id_distretto": "POZ-DPZ02",
        "distretto_modello": "POZ-DPZ02"
      },
      "geometry": {
        "type": "LineString",
        "coordinates": [
          [
            8.78414117444087,
            44.79380373982787
          ],
          [
            8.784111436432005,
            44.793811488983195
          ]
        ]
      }
    },
    {
      "type": "Feature",
      "properties": {
        "materiale": "PE",
        "dn": "DE90",
        "classe_pre": null,
        "lunghezza": 105.23,
        "prof": 70,
        "anno_posa": 1980,
        "comune": "Pozzolo Formigaro",
        "localita": "CAPOLUOGO",
        "via": "Via Principe Oddone",
        "comune_posa": "Pozzolo Formigaro",
        "tipologia": "DISTRIBUZIONE",
        "tip_rete": "DISTRIBUZIONE",
        "id": 5682,
        "etichetta": "PE DE90",
        "n_distretto": "02",
        "note_etichetta": null,
        "id_distretto": "POZ-DPZ02",
        "distretto_modello": "POZ-DPZ02"
      },
      "geometry": {
        "type": "LineString",
        "coordinates": [
          [
            8.784111436432005,
            44.793811488983195
          ],
          [
            8.783997900515216,
            44.79384107417736
          ],
          [
            8.78373655889096,
            44.79391029791809
          ],
          [
            8.783322517848363,
            44.7940170624588
          ],
          [
            8.783116519214706,
            44.79408231591824
          ],
          [
            8.78301536567683,
            44.79411069756089
          ],
          [
            8.782872141491158,
            44.7941549770379
          ]
        ]
      }
    },
    {
      "type": "Feature",
      "properties": {
        "materiale": "PE",
        "dn": "DE40",
        "classe_pre": null,
        "lunghezza": 2.55,
        "prof": 80,
        "anno_posa": 1980,
        "comune": "Pozzolo Formigaro",
        "localita": "CAPOLUOGO",
        "via": "Via Pozzo Borlasca",
        "comune_posa": "Pozzolo Formigaro",
        "tipologia": "DISTRIBUZIONE",
        "tip_rete": "DISTRIBUZIONE",
        "id": 5683,
        "etichetta": "PE DE40",
        "n_distretto": "02",
        "note_etichetta": null,
        "id_distretto": "POZ-DPZ02",
        "distretto_modello": "POZ-DPZ02"
      },
      "geometry": {
        "type": "LineString",
        "coordinates": [
          [
            8.782827476667903,
            44.79326183211557
          ],
          [
            8.782858540527684,
            44.79325559578073
          ]
        ]
      }
    },
    {
      "type": "Feature",
      "properties": {
        "materiale": "PE",
        "dn": "DE40",
        "classe_pre": null,
        "lunghezza": 6.07,
        "prof": 80,
        "anno_posa": 1980,
        "comune": "Pozzolo Formigaro",
        "localita": "CAPOLUOGO",
        "via": "Via Pozzo Borlasca",
        "comune_posa": "Pozzolo Formigaro",
        "tipologia": "DISTRIBUZIONE",
        "tip_rete": "DISTRIBUZIONE",
        "id": 5684,
        "etichetta": "PE DE40",
        "n_distretto": "02",
        "note_etichetta": null,
        "id_distretto": "POZ-DPZ02",
        "distretto_modello": "POZ-DPZ02"
      },
      "geometry": {
        "type": "LineString",
        "coordinates": [
          [
            8.782858540527684,
            44.79325559578073
          ],
          [
            8.78293422123403,
            44.793246525771714
          ]
        ]
      }
    },
    {
      "type": "Feature",
      "properties": {
        "materiale": "PE",
        "dn": "DE40",
        "classe_pre": null,
        "lunghezza": 32.46,
        "prof": 80,
        "anno_posa": 1980,
        "comune": "Pozzolo Formigaro",
        "localita": "CAPOLUOGO",
        "via": "Vicolo San Martino",
        "comune_posa": "Pozzolo Formigaro",
        "tipologia": "DISTRIBUZIONE",
        "tip_rete": "DISTRIBUZIONE",
        "id": 5685,
        "etichetta": "PE DE40",
        "n_distretto": "02",
        "note_etichetta": null,
        "id_distretto": "POZ-DPZ02",
        "distretto_modello": "POZ-DPZ02"
      },
      "geometry": {
        "type": "LineString",
        "coordinates": [
          [
            8.78293422123403,
            44.793246525771714
          ],
          [
            8.783118453206795,
            44.79350761756171
          ]
        ]
      }
    },
    {
      "type": "Feature",
      "properties": {
        "materiale": "PE",
        "dn": "DE50",
        "classe_pre": null,
        "lunghezza": 11.71,
        "prof": 80,
        "anno_posa": 2016,
        "comune": "Pozzolo Formigaro",
        "localita": "CAPOLUOGO",
        "via": "Via Giovan Battista Oddini",
        "comune_posa": "Pozzolo Formigaro",
        "tipologia": "DISTRIBUZIONE",
        "tip_rete": "DISTRIBUZIONE",
        "id": 5686,
        "etichetta": "PE DE50",
        "n_distretto": "02",
        "note_etichetta": null,
        "id_distretto": "POZ-DPZ02",
        "distretto_modello": "POZ-DPZ02"
      },
      "geometry": {
        "type": "LineString",
        "coordinates": [
          [
            8.782781879067704,
            44.79327061504119
          ],
          [
            8.78265266747037,
            44.79329376591654
          ],
          [
            8.782638299555503,
            44.79329634020928
          ]
        ]
      }
    },
    {
      "type": "Feature",
      "properties": {
        "materiale": "PVC",
        "dn": "DE125",
        "classe_pre": null,
        "lunghezza": 3.75,
        "prof": 80,
        "anno_posa": 1980,
        "comune": "Pozzolo Formigaro",
        "localita": "CAPOLUOGO",
        "via": "Via Sant' Alessandro Sauli",
        "comune_posa": "Pozzolo Formigaro",
        "tipologia": "DISTRIBUZIONE",
        "tip_rete": "DISTRIBUZIONE",
        "id": 6192,
        "etichetta": "PVC DE125",
        "n_distretto": "02",
        "note_etichetta": null,
        "id_distretto": "POZ-DPZ02",
        "distretto_modello": "POZ-DPZ02"
      },
      "geometry": {
        "type": "LineString",
        "coordinates": [
          [
            8.783544121219201,
            44.79691185666035
          ],
          [
            8.783504549232978,
            44.79693045258127
          ]
        ]
      }
    },
    {
      "type": "Feature",
      "properties": {
        "materiale": "PE",
        "dn": "DE32",
        "classe_pre": null,
        "lunghezza": 33.08,
        "prof": 80,
        "anno_posa": 1980,
        "comune": "Pozzolo Formigaro",
        "localita": "CAPOLUOGO",
        "via": "Piazza G. Marconi",
        "comune_posa": "Pozzolo Formigaro",
        "tipologia": "DISTRIBUZIONE",
        "tip_rete": "DISTRIBUZIONE",
        "id": 6193,
        "etichetta": "PE DE32",
        "n_distretto": "02",
        "note_etichetta": null,
        "id_distretto": "POZ-DPZ02",
        "distretto_modello": "POZ-DPZ02"
      },
      "geometry": {
        "type": "LineString",
        "coordinates": [
          [
            8.783544121219201,
            44.79691185666035
          ],
          [
            8.783592446598934,
            44.79713501640036
          ],
          [
            8.783606967121258,
            44.79720624491872
          ]
        ]
      }
    },
    {
      "type": "Feature",
      "properties": {
        "materiale": "PE",
        "dn": "DE90",
        "classe_pre": null,
        "lunghezza": 32.67,
        "prof": 80,
        "anno_posa": 1980,
        "comune": "Pozzolo Formigaro",
        "localita": "CAPOLUOGO",
        "via": "Viale Armano Oreste",
        "comune_posa": "Pozzolo Formigaro",
        "tipologia": "DISTRIBUZIONE",
        "tip_rete": "DISTRIBUZIONE",
        "id": 6237,
        "etichetta": "PE DE90",
        "n_distretto": "03",
        "note_etichetta": null,
        "id_distretto": "POZ-DPZ03",
        "distretto_modello": "POZ-DPZ03"
      },
      "geometry": {
        "type": "LineString",
        "coordinates": [
          [
            8.780568927834498,
            44.79274227365061
          ],
          [
            8.780571633591263,
            44.79277167971541
          ],
          [
            8.780201030794563,
            44.792791497298396
          ]
        ]
      }
    },
    {
      "type": "Feature",
      "properties": {
        "materiale": "PE",
        "dn": "DE90",
        "classe_pre": null,
        "lunghezza": 29.31,
        "prof": 80,
        "anno_posa": 1980,
        "comune": "Pozzolo Formigaro",
        "localita": "CAPOLUOGO",
        "via": "Viale Armano Oreste",
        "comune_posa": "Pozzolo Formigaro",
        "tipologia": "DISTRIBUZIONE",
        "tip_rete": "DISTRIBUZIONE",
        "id": 6238,
        "etichetta": "PE DE90",
        "n_distretto": "03",
        "note_etichetta": null,
        "id_distretto": "POZ-DPZ03",
        "distretto_modello": "POZ-DPZ03"
      },
      "geometry": {
        "type": "LineString",
        "coordinates": [
          [
            8.780552550383177,
            44.79274338674751
          ],
          [
            8.78055373806215,
            44.79275478214744
          ],
          [
            8.780200157614543,
            44.79277351154943
          ]
        ]
      }
    },
    {
      "type": "Feature",
      "properties": {
        "materiale": "AC",
        "dn": "DN50",
        "classe_pre": null,
        "lunghezza": 2.72,
        "prof": 80,
        "anno_posa": 1980,
        "comune": "Pozzolo Formigaro",
        "localita": "CAPOLUOGO",
        "via": "Viale Partigiani",
        "comune_posa": "Pozzolo Formigaro",
        "tipologia": "DISTRIBUZIONE",
        "tip_rete": "DISTRIBUZIONE",
        "id": 6239,
        "etichetta": "AC DN50",
        "n_distretto": "03",
        "note_etichetta": null,
        "id_distretto": "POZ-DPZ03",
        "distretto_modello": "POZ-DPZ03"
      },
      "geometry": {
        "type": "LineString",
        "coordinates": [
          [
            8.779263271834775,
            44.792780926140054
          ],
          [
            8.779271100229169,
            44.79275707838037
          ]
        ]
      }
    },
    {
      "type": "Feature",
      "properties": {
        "materiale": "AC",
        "dn": "DN50",
        "classe_pre": null,
        "lunghezza": 0.24,
        "prof": 80,
        "anno_posa": 1980,
        "comune": "Pozzolo Formigaro",
        "localita": "CAPOLUOGO",
        "via": "Viale Partigiani",
        "comune_posa": "Pozzolo Formigaro",
        "tipologia": "DISTRIBUZIONE",
        "tip_rete": "DISTRIBUZIONE",
        "id": 6240,
        "etichetta": "AC DN50",
        "n_distretto": "03",
        "note_etichetta": null,
        "id_distretto": "POZ-DPZ03",
        "distretto_modello": "POZ-DPZ03"
      },
      "geometry": {
        "type": "LineString",
        "coordinates": [
          [
            8.779271100229169,
            44.79275707838037
          ],
          [
            8.77927149412773,
            44.79275493949019
          ]
        ]
      }
    },
    {
      "type": "Feature",
      "properties": {
        "materiale": "PVC",
        "dn": "DE110",
        "classe_pre": null,
        "lunghezza": 70.29,
        "prof": 80,
        "anno_posa": 1980,
        "comune": "Pozzolo Formigaro",
        "localita": "CAPOLUOGO",
        "via": "Viale Partigiani",
        "comune_posa": "Pozzolo Formigaro",
        "tipologia": "DISTRIBUZIONE",
        "tip_rete": "DISTRIBUZIONE",
        "id": 6241,
        "etichetta": "PVC DE110",
        "n_distretto": "03",
        "note_etichetta": null,
        "id_distretto": "POZ-DPZ03",
        "distretto_modello": "POZ-DPZ03"
      },
      "geometry": {
        "type": "LineString",
        "coordinates": [
          [
            8.779281281010707,
            44.79275672640588
          ],
          [
            8.779289363699725,
            44.792758697895536
          ],
          [
            8.779392644193074,
            44.79276477697661
          ],
          [
            8.78016900804653,
            44.79277427832462
          ]
        ]
      }
    },
    {
      "type": "Feature",
      "properties": {
        "materiale": "GS",
        "dn": "DN80",
        "classe_pre": null,
        "lunghezza": 70.27,
        "prof": 80,
        "anno_posa": 2008,
        "comune": "Pozzolo Formigaro",
        "localita": "CAPOLUOGO",
        "via": "Via Umberto Bosani",
        "comune_posa": "Pozzolo Formigaro",
        "tipologia": "DISTRIBUZIONE",
        "tip_rete": "DISTRIBUZIONE",
        "id": 6242,
        "etichetta": "GS DN80",
        "n_distretto": "03",
        "note_etichetta": null,
        "id_distretto": "POZ-DPZ03",
        "distretto_modello": "POZ-DPZ03"
      },
      "geometry": {
        "type": "LineString",
        "coordinates": [
          [
            8.779272785222794,
            44.79278359735461
          ],
          [
            8.779283836054768,
            44.79281211376679
          ],
          [
            8.779315234275364,
            44.79288818881386
          ],
          [
            8.779250500959192,
            44.79327229311444
          ],
          [
            8.77921400132386,
            44.79340661793391
          ]
        ]
      }
    },
    {
      "type": "Feature",
      "properties": {
        "materiale": "GS",
        "dn": "DN80",
        "classe_pre": null,
        "lunghezza": 3.06,
        "prof": 80,
        "anno_posa": 2008,
        "comune": "Pozzolo Formigaro",
        "localita": "CAPOLUOGO",
        "via": "Via Umberto Bosani",
        "comune_posa": "Pozzolo Formigaro",
        "tipologia": "DISTRIBUZIONE",
        "tip_rete": "DISTRIBUZIONE",
        "id": 6243,
        "etichetta": "GS DN80",
        "n_distretto": "03",
        "note_etichetta": null,
        "id_distretto": "POZ-DPZ03",
        "distretto_modello": "POZ-DPZ03"
      },
      "geometry": {
        "type": "LineString",
        "coordinates": [
          [
            8.779272785222794,
            44.79278359735461
          ],
          [
            8.779281281010707,
            44.79275672640588
          ]
        ]
      }
    },
    {
      "type": "Feature",
      "properties": {
        "materiale": "PE",
        "dn": "DE110",
        "classe_pre": null,
        "lunghezza": 2.99,
        "prof": 80,
        "anno_posa": 1980,
        "comune": "Pozzolo Formigaro",
        "localita": "CAPOLUOGO",
        "via": "Via Industria",
        "comune_posa": "Pozzolo Formigaro",
        "tipologia": "DISTRIBUZIONE",
        "tip_rete": "DISTRIBUZIONE",
        "id": 6258,
        "etichetta": "PE DE110",
        "n_distretto": "03",
        "note_etichetta": null,
        "id_distretto": "POZ-DPZ03",
        "distretto_modello": "POZ-DPZ03"
      },
      "geometry": {
        "type": "LineString",
        "coordinates": [
          [
            8.778901914626621,
            44.80215396325643
          ],
          [
            8.778923054658554,
            44.802131647817184
          ]
        ]
      }
    },
    {
      "type": "Feature",
      "properties": {
        "materiale": "GS",
        "dn": "DN100",
        "classe_pre": null,
        "lunghezza": 29.27,
        "prof": 120,
        "anno_posa": 2009,
        "comune": "Pozzolo Formigaro",
        "localita": "CAPOLUOGO",
        "via": "Via delle Ghiare",
        "comune_posa": "Pozzolo Formigaro",
        "tipologia": "DISTRIBUZIONE",
        "tip_rete": "DISTRIBUZIONE",
        "id": 6259,
        "etichetta": "GS DN100",
        "n_distretto": "03",
        "note_etichetta": null,
        "id_distretto": "POZ-DPZ03",
        "distretto_modello": "POZ-DPZ03"
      },
      "geometry": {
        "type": "LineString",
        "coordinates": [
          [
            8.780288984958776,
            44.802799123445126
          ],
          [
            8.780258213018277,
            44.80283436041599
          ],
          [
            8.780466637364865,
            44.802935890415625
          ],
          [
            8.780500102802486,
            44.80290106937727
          ]
        ]
      }
    },
    {
      "type": "Feature",
      "properties": {
        "materiale": "GS",
        "dn": "DN100",
        "classe_pre": null,
        "lunghezza": 3.13,
        "prof": 120,
        "anno_posa": 2009,
        "comune": "Pozzolo Formigaro",
        "localita": "CAPOLUOGO",
        "via": "Via delle Ghiare",
        "comune_posa": "Pozzolo Formigaro",
        "tipologia": "DISTRIBUZIONE",
        "tip_rete": "DISTRIBUZIONE",
        "id": 6260,
        "etichetta": "GS DN100",
        "n_distretto": "03",
        "note_etichetta": null,
        "id_distretto": "POZ-DPZ03",
        "distretto_modello": "POZ-DPZ03"
      },
      "geometry": {
        "type": "LineString",
        "coordinates": [
          [
            8.779992571033473,
            44.80265404857643
          ],
          [
            8.780025148643544,
            44.802669993219446
          ]
        ]
      }
    },
    {
      "type": "Feature",
      "properties": {
        "materiale": "GS",
        "dn": "DN100",
        "classe_pre": null,
        "lunghezza": 25.32,
        "prof": 120,
        "anno_posa": 2009,
        "comune": "Pozzolo Formigaro",
        "localita": "CAPOLUOGO",
        "via": "Via delle Ghiare",
        "comune_posa": "Pozzolo Formigaro",
        "tipologia": "DISTRIBUZIONE",
        "tip_rete": "DISTRIBUZIONE",
        "id": 6261,
        "etichetta": "GS DN100",
        "n_distretto": "03",
        "note_etichetta": null,
        "id_distretto": "POZ-DPZ03",
        "distretto_modello": "POZ-DPZ03"
      },
      "geometry": {
        "type": "LineString",
        "coordinates": [
          [
            8.780025148643544,
            44.802669993219446
          ],
          [
            8.780288984958776,
            44.802799123445126
          ]
        ]
      }
    },
    {
      "type": "Feature",
      "properties": {
        "materiale": "GS",
        "dn": "DN100",
        "classe_pre": null,
        "lunghezza": 45.04,
        "prof": 120,
        "anno_posa": 2009,
        "comune": "Pozzolo Formigaro",
        "localita": "CAPOLUOGO",
        "via": "Via delle Ghiare",
        "comune_posa": "Pozzolo Formigaro",
        "tipologia": "DISTRIBUZIONE",
        "tip_rete": "DISTRIBUZIONE",
        "id": 6262,
        "etichetta": "GS DN100",
        "n_distretto": "03",
        "note_etichetta": null,
        "id_distretto": "POZ-DPZ03",
        "distretto_modello": "POZ-DPZ03"
      },
      "geometry": {
        "type": "LineString",
        "coordinates": [
          [
            8.778923054658554,
            44.802131647817184
          ],
          [
            8.779393072368709,
            44.80236062934092
          ]
        ]
      }
    },
    {
      "type": "Feature",
      "properties": {
        "materiale": "GS",
        "dn": "DN100",
        "classe_pre": null,
        "lunghezza": 57.53,
        "prof": 120,
        "anno_posa": 2009,
        "comune": "Pozzolo Formigaro",
        "localita": "CAPOLUOGO",
        "via": "Via delle Ghiare",
        "comune_posa": "Pozzolo Formigaro",
        "tipologia": "DISTRIBUZIONE",
        "tip_rete": "DISTRIBUZIONE",
        "id": 6263,
        "etichetta": "GS DN100",
        "n_distretto": "03",
        "note_etichetta": null,
        "id_distretto": "POZ-DPZ03",
        "distretto_modello": "POZ-DPZ03"
      },
      "geometry": {
        "type": "LineString",
        "coordinates": [
          [
            8.779393072368709,
            44.80236062934092
          ],
          [
            8.779992571033473,
            44.80265404857643
          ]
        ]
      }
    },
    {
      "type": "Feature",
      "properties": {
        "materiale": "PE",
        "dn": "DE63",
        "classe_pre": null,
        "lunghezza": 2.46,
        "prof": 120,
        "anno_posa": 2009,
        "comune": "Pozzolo Formigaro",
        "localita": "CAPOLUOGO",
        "via": "Via delle Ghiare",
        "comune_posa": "Pozzolo Formigaro",
        "tipologia": "DISTRIBUZIONE",
        "tip_rete": "DISTRIBUZIONE",
        "id": 6264,
        "etichetta": "PE DE63",
        "n_distretto": "03",
        "note_etichetta": null,
        "id_distretto": "POZ-DPZ03",
        "distretto_modello": "POZ-DPZ03"
      },
      "geometry": {
        "type": "LineString",
        "coordinates": [
          [
            8.779393072368709,
            44.80236062934092
          ],
          [
            8.779410703919375,
            44.802342370056834
          ]
        ]
      }
    },
    {
      "type": "Feature",
      "properties": {
        "materiale": "PE",
        "dn": "DE63",
        "classe_pre": null,
        "lunghezza": 12.52,
        "prof": 120,
        "anno_posa": 2009,
        "comune": "Pozzolo Formigaro",
        "localita": "CAPOLUOGO",
        "via": "Via delle Ghiare",
        "comune_posa": "Pozzolo Formigaro",
        "tipologia": "DISTRIBUZIONE",
        "tip_rete": "DISTRIBUZIONE",
        "id": 6265,
        "etichetta": "PE DE63",
        "n_distretto": "03",
        "note_etichetta": null,
        "id_distretto": "POZ-DPZ03",
        "distretto_modello": "POZ-DPZ03"
      },
      "geometry": {
        "type": "LineString",
        "coordinates": [
          [
            8.779410703919375,
            44.802342370056834
          ],
          [
            8.779500419619726,
            44.80224946000011
          ]
        ]
      }
    },
    {
      "type": "Feature",
      "properties": {
        "materiale": "PE",
        "dn": "DE63",
        "classe_pre": null,
        "lunghezza": 3.18,
        "prof": 120,
        "anno_posa": 2009,
        "comune": "Pozzolo Formigaro",
        "localita": "CAPOLUOGO",
        "via": "Via delle Ghiare",
        "comune_posa": "Pozzolo Formigaro",
        "tipologia": "DISTRIBUZIONE",
        "tip_rete": "DISTRIBUZIONE",
        "id": 6266,
        "etichetta": "PE DE63",
        "n_distretto": "03",
        "note_etichetta": null,
        "id_distretto": "POZ-DPZ03",
        "distretto_modello": "POZ-DPZ03"
      },
      "geometry": {
        "type": "LineString",
        "coordinates": [
          [
            8.780569847112945,
            44.80299187505184
          ],
          [
            8.780592519766822,
            44.8029682839505
          ]
        ]
      }
    },
    {
      "type": "Feature",
      "properties": {
        "materiale": "PE",
        "dn": "DE63",
        "classe_pre": null,
        "lunghezza": 2.03,
        "prof": 120,
        "anno_posa": 2009,
        "comune": "Pozzolo Formigaro",
        "localita": "CAPOLUOGO",
        "via": "Via delle Ghiare",
        "comune_posa": "Pozzolo Formigaro",
        "tipologia": "DISTRIBUZIONE",
        "tip_rete": "DISTRIBUZIONE",
        "id": 6267,
        "etichetta": "PE DE63",
        "n_distretto": "03",
        "note_etichetta": null,
        "id_distretto": "POZ-DPZ03",
        "distretto_modello": "POZ-DPZ03"
      },
      "geometry": {
        "type": "LineString",
        "coordinates": [
          [
            8.780592519766822,
            44.8029682839505
          ],
          [
            8.78060704915358,
            44.80295316597958
          ]
        ]
      }
    },
    {
      "type": "Feature",
      "properties": {
        "materiale": "GS",
        "dn": "DN100",
        "classe_pre": null,
        "lunghezza": 10.25,
        "prof": 120,
        "anno_posa": 2009,
        "comune": "Pozzolo Formigaro",
        "localita": "CAPOLUOGO",
        "via": "Via delle Ghiare",
        "comune_posa": "Pozzolo Formigaro",
        "tipologia": "DISTRIBUZIONE",
        "tip_rete": "DISTRIBUZIONE",
        "id": 6268,
        "etichetta": "GS DN100",
        "n_distretto": "03",
        "note_etichetta": null,
        "id_distretto": "POZ-DPZ03",
        "distretto_modello": "POZ-DPZ03"
      },
      "geometry": {
        "type": "LineString",
        "coordinates": [
          [
            8.780500102802486,
            44.80290106937727
          ],
          [
            8.78060704915358,
            44.80295316597958
          ]
        ]
      }
    },
    {
      "type": "Feature",
      "properties": {
        "materiale": "GS",
        "dn": "DN100",
        "classe_pre": null,
        "lunghezza": 101.89,
        "prof": 120,
        "anno_posa": 2009,
        "comune": "Pozzolo Formigaro",
        "localita": "CAPOLUOGO",
        "via": "Via delle Ghiare",
        "comune_posa": "Pozzolo Formigaro",
        "tipologia": "DISTRIBUZIONE",
        "tip_rete": "DISTRIBUZIONE",
        "id": 6269,
        "etichetta": "GS DN100",
        "n_distretto": "03",
        "note_etichetta": null,
        "id_distretto": "POZ-DPZ03",
        "distretto_modello": "POZ-DPZ03"
      },
      "geometry": {
        "type": "LineString",
        "coordinates": [
          [
            8.78060704915358,
            44.80295316597958
          ],
          [
            8.781116138838671,
            44.80320115534962
          ],
          [
            8.781189287598163,
            44.80324916304115
          ],
          [
            8.781282608986887,
            44.80332540817739
          ],
          [
            8.781361376827677,
            44.80340682210528
          ],
          [
            8.781436381754585,
            44.803517004651376
          ],
          [
            8.781472225068171,
            44.80359793382654
          ]
        ]
      }
    },
    {
      "type": "Feature",
      "properties": {
        "materiale": "GS",
        "dn": "DN100",
        "classe_pre": null,
        "lunghezza": 14.29,
        "prof": 120,
        "anno_posa": 2009,
        "comune": "Pozzolo Formigaro",
        "localita": "CAPOLUOGO",
        "via": "Strada Roveri",
        "comune_posa": "Pozzolo Formigaro",
        "tipologia": "DISTRIBUZIONE",
        "tip_rete": "DISTRIBUZIONE",
        "id": 6270,
        "etichetta": "GS DN100",
        "n_distretto": "03",
        "note_etichetta": null,
        "id_distretto": "POZ-DPZ03",
        "distretto_modello": "POZ-DPZ03"
      },
      "geometry": {
        "type": "LineString",
        "coordinates": [
          [
            8.781472225068171,
            44.80359793382654
          ],
          [
            8.781649409987997,
            44.80362332022072
          ]
        ]
      }
    },
    {
      "type": "Feature",
      "properties": {
        "materiale": "PVC",
        "dn": "DE160",
        "classe_pre": null,
        "lunghezza": 16.37,
        "prof": 80,
        "anno_posa": 1980,
        "comune": "Pozzolo Formigaro",
        "localita": "CAPOLUOGO",
        "via": null,
        "comune_posa": "Pozzolo Formigaro",
        "tipologia": "DISTRIBUZIONE",
        "tip_rete": "DISTRIBUZIONE",
        "id": 6271,
        "etichetta": "PVC DE160",
        "n_distretto": "03",
        "note_etichetta": null,
        "id_distretto": "POZ-DPZ03",
        "distretto_modello": "POZ-DPZ03"
      },
      "geometry": {
        "type": "LineString",
        "coordinates": [
          [
            8.783170912132528,
            44.79977284358477
          ],
          [
            8.78337704300511,
            44.799759887604985
          ]
        ]
      }
    },
    {
      "type": "Feature",
      "properties": {
        "materiale": "GS",
        "dn": "DN100",
        "classe_pre": null,
        "lunghezza": 455.53,
        "prof": 120,
        "anno_posa": 2009,
        "comune": "Pozzolo Formigaro",
        "localita": "CAPOLUOGO",
        "via": "Strada Roveri",
        "comune_posa": "Pozzolo Formigaro",
        "tipologia": "DISTRIBUZIONE",
        "tip_rete": "DISTRIBUZIONE",
        "id": 6272,
        "etichetta": "GS DN100",
        "n_distretto": "03",
        "note_etichetta": null,
        "id_distretto": "POZ-DPZ03",
        "distretto_modello": "POZ-DPZ03"
      },
      "geometry": {
        "type": "LineString",
        "coordinates": [
          [
            8.781687957621475,
            44.803600506323974
          ],
          [
            8.781724032898449,
            44.80345139083597
          ],
          [
            8.781815838882446,
            44.803184536102876
          ],
          [
            8.781939367708748,
            44.8029765041185
          ],
          [
            8.7820548316251,
            44.80283552961497
          ],
          [
            8.782319649128256,
            44.80258577462801
          ],
          [
            8.782466025590237,
            44.802425903230194
          ],
          [
            8.782551014539605,
            44.80233809893432
          ],
          [
            8.782696669028907,
            44.80220199782278
          ],
          [
            8.78280811699623,
            44.80202380788644
          ],
          [
            8.78293404979067,
            44.80165194350196
          ],
          [
            8.783151016881403,
            44.80100118121324
          ],
          [
            8.783216696766104,
            44.80080113867086
          ],
          [
            8.783384703129508,
            44.80039468813736
          ],
          [
            8.783409074077708,
            44.80033173624958
          ],
          [
            8.7834145508839,
            44.800272384520355
          ],
          [
            8.783325395455558,
            44.80010220953382
          ],
          [
            8.783182185168318,
            44.79979650276313
          ]
        ]
      }
    },
    {
      "type": "Feature",
      "properties": {
        "materiale": "GS",
        "dn": "DN100",
        "classe_pre": null,
        "lunghezza": 2.58,
        "prof": 120,
        "anno_posa": 2009,
        "comune": "Pozzolo Formigaro",
        "localita": "CAPOLUOGO",
        "via": "Strada Roveri",
        "comune_posa": "Pozzolo Formigaro",
        "tipologia": "DISTRIBUZIONE",
        "tip_rete": "DISTRIBUZIONE",
        "id": 6273,
        "etichetta": "GS DN100",
        "n_distretto": "03",
        "note_etichetta": null,
        "id_distretto": "POZ-DPZ03",
        "distretto_modello": "POZ-DPZ03"
      },
      "geometry": {
        "type": "LineString",
        "coordinates": [
          [
            8.781649409987997,
            44.80362332022072
          ],
          [
            8.781681233231607,
            44.803628298213034
          ]
        ]
      }
    },
    {
      "type": "Feature",
      "properties": {
        "materiale": "GS",
        "dn": "DN100",
        "classe_pre": null,
        "lunghezza": 3.02,
        "prof": 120,
        "anno_posa": 2009,
        "comune": "Pozzolo Formigaro",
        "localita": "CAPOLUOGO",
        "via": "Strada Roveri",
        "comune_posa": "Pozzolo Formigaro",
        "tipologia": "DISTRIBUZIONE",
        "tip_rete": "DISTRIBUZIONE",
        "id": 6274,
        "etichetta": "GS DN100",
        "n_distretto": "03",
        "note_etichetta": null,
        "id_distretto": "POZ-DPZ03",
        "distretto_modello": "POZ-DPZ03"
      },
      "geometry": {
        "type": "LineString",
        "coordinates": [
          [
            8.781674747601507,
            44.80365510913273
          ],
          [
            8.781681233231607,
            44.803628298213034
          ]
        ]
      }
    },
    {
      "type": "Feature",
      "properties": {
        "materiale": "PE",
        "dn": "DE110",
        "classe_pre": null,
        "lunghezza": 4.51,
        "prof": 80,
        "anno_posa": 1980,
        "comune": "Pozzolo Formigaro",
        "localita": "CAPOLUOGO",
        "via": "Strada Roveri",
        "comune_posa": "Pozzolo Formigaro",
        "tipologia": "DISTRIBUZIONE",
        "tip_rete": "DISTRIBUZIONE",
        "id": 6275,
        "etichetta": "PE DE110",
        "n_distretto": "03",
        "note_etichetta": null,
        "id_distretto": "POZ-DPZ03",
        "distretto_modello": "POZ-DPZ03"
      },
      "geometry": {
        "type": "LineString",
        "coordinates": [
          [
            8.78138231064069,
            44.804230169391055
          ],
          [
            8.781399893656976,
            44.804191501069546
          ]
        ]
      }
    },
    {
      "type": "Feature",
      "properties": {
        "materiale": "GS",
        "dn": "DN100",
        "classe_pre": null,
        "lunghezza": 64.09,
        "prof": 120,
        "anno_posa": 2009,
        "comune": "Pozzolo Formigaro",
        "localita": "CAPOLUOGO",
        "via": "Strada Roveri",
        "comune_posa": "Pozzolo Formigaro",
        "tipologia": "DISTRIBUZIONE",
        "tip_rete": "DISTRIBUZIONE",
        "id": 6276,
        "etichetta": "GS DN100",
        "n_distretto": "03",
        "note_etichetta": null,
        "id_distretto": "POZ-DPZ03",
        "distretto_modello": "POZ-DPZ03"
      },
      "geometry": {
        "type": "LineString",
        "coordinates": [
          [
            8.781674747601507,
            44.80365510913273
          ],
          [
            8.781655519711503,
            44.80375052537929
          ],
          [
            8.781633419301304,
            44.80384722336253
          ],
          [
            8.78159544147546,
            44.803980511111476
          ],
          [
            8.781528063449905,
            44.80422242559946
          ]
        ]
      }
    },
    {
      "type": "Feature",
      "properties": {
        "materiale": "GS",
        "dn": "DN100",
        "classe_pre": null,
        "lunghezza": 28.91,
        "prof": 120,
        "anno_posa": 2009,
        "comune": "Pozzolo Formigaro",
        "localita": "CAPOLUOGO",
        "via": "Strada Roveri",
        "comune_posa": "Pozzolo Formigaro",
        "tipologia": "DISTRIBUZIONE",
        "tip_rete": "DISTRIBUZIONE",
        "id": 6277,
        "etichetta": "GS DN100",
        "n_distretto": "03",
        "note_etichetta": null,
        "id_distretto": "POZ-DPZ03",
        "distretto_modello": "POZ-DPZ03"
      },
      "geometry": {
        "type": "LineString",
        "coordinates": [
          [
            8.781516609841638,
            44.8042482256513
          ],
          [
            8.781397212034259,
            44.80449417460836
          ]
        ]
      }
    },
    {
      "type": "Feature",
      "properties": {
        "materiale": "GS",
        "dn": "DN100",
        "classe_pre": null,
        "lunghezza": 7.66,
        "prof": 120,
        "anno_posa": 2009,
        "comune": "Pozzolo Formigaro",
        "localita": "CAPOLUOGO",
        "via": "Strada Roveri",
        "comune_posa": "Pozzolo Formigaro",
        "tipologia": "DISTRIBUZIONE",
        "tip_rete": "DISTRIBUZIONE",
        "id": 6278,
        "etichetta": "GS DN100",
        "n_distretto": "03",
        "note_etichetta": null,
        "id_distretto": "POZ-DPZ03",
        "distretto_modello": "POZ-DPZ03"
      },
      "geometry": {
        "type": "LineString",
        "coordinates": [
          [
            8.781491610144508,
            44.80421376592229
          ],
          [
            8.781399893656976,
            44.804191501069546
          ]
        ]
      }
    },
    {
      "type": "Feature",
      "properties": {
        "materiale": "GS",
        "dn": "DN100",
        "classe_pre": null,
        "lunghezza": 3.04,
        "prof": 120,
        "anno_posa": 2009,
        "comune": "Pozzolo Formigaro",
        "localita": "CAPOLUOGO",
        "via": "Strada Roveri",
        "comune_posa": "Pozzolo Formigaro",
        "tipologia": "DISTRIBUZIONE",
        "tip_rete": "DISTRIBUZIONE",
        "id": 6279,
        "etichetta": "GS DN100",
        "n_distretto": "03",
        "note_etichetta": null,
        "id_distretto": "POZ-DPZ03",
        "distretto_modello": "POZ-DPZ03"
      },
      "geometry": {
        "type": "LineString",
        "coordinates": [
          [
            8.781491610144508,
            44.80421376592229
          ],
          [
            8.781528063449905,
            44.80422242559946
          ]
        ]
      }
    },
    {
      "type": "Feature",
      "properties": {
        "materiale": "GS",
        "dn": "DN100",
        "classe_pre": null,
        "lunghezza": 3.13,
        "prof": 120,
        "anno_posa": 2009,
        "comune": "Pozzolo Formigaro",
        "localita": "CAPOLUOGO",
        "via": "Strada Roveri",
        "comune_posa": "Pozzolo Formigaro",
        "tipologia": "DISTRIBUZIONE",
        "tip_rete": "DISTRIBUZIONE",
        "id": 6280,
        "etichetta": "GS DN100",
        "n_distretto": "03",
        "note_etichetta": null,
        "id_distretto": "POZ-DPZ03",
        "distretto_modello": "POZ-DPZ03"
      },
      "geometry": {
        "type": "LineString",
        "coordinates": [
          [
            8.781681233231607,
            44.803628298213034
          ],
          [
            8.78168795762142,
            44.80360050632424
          ]
        ]
      }
    },
    {
      "type": "Feature",
      "properties": {
        "materiale": "GS",
        "dn": "DN100",
        "classe_pre": null,
        "lunghezza": 3.01,
        "prof": 120,
        "anno_posa": 2009,
        "comune": "Pozzolo Formigaro",
        "localita": "CAPOLUOGO",
        "via": "Strada Roveri",
        "comune_posa": "Pozzolo Formigaro",
        "tipologia": "DISTRIBUZIONE",
        "tip_rete": "DISTRIBUZIONE",
        "id": 6281,
        "etichetta": "GS DN100",
        "n_distretto": "03",
        "note_etichetta": null,
        "id_distretto": "POZ-DPZ03",
        "distretto_modello": "POZ-DPZ03"
      },
      "geometry": {
        "type": "LineString",
        "coordinates": [
          [
            8.781528063449905,
            44.80422242559946
          ],
          [
            8.781516609841638,
            44.8042482256513
          ]
        ]
      }
    },
    {
      "type": "Feature",
      "properties": {
        "materiale": "GS",
        "dn": "DN100",
        "classe_pre": null,
        "lunghezza": 2.78,
        "prof": 120,
        "anno_posa": 2009,
        "comune": "Pozzolo Formigaro",
        "localita": "CAPOLUOGO",
        "via": "Strada Roveri",
        "comune_posa": "Pozzolo Formigaro",
        "tipologia": "DISTRIBUZIONE",
        "tip_rete": "DISTRIBUZIONE",
        "id": 6282,
        "etichetta": "GS DN100",
        "n_distretto": "03",
        "note_etichetta": null,
        "id_distretto": "POZ-DPZ03",
        "distretto_modello": "POZ-DPZ03"
      },
      "geometry": {
        "type": "LineString",
        "coordinates": [
          [
            8.783182185168318,
            44.79979650276313
          ],
          [
            8.783170912132528,
            44.79977284358477
          ]
        ]
      }
    },
    {
      "type": "Feature",
      "properties": {
        "materiale": "PVC",
        "dn": "DE160",
        "classe_pre": null,
        "lunghezza": 2.75,
        "prof": 80,
        "anno_posa": 1980,
        "comune": "Pozzolo Formigaro",
        "localita": "CAPOLUOGO",
        "via": null,
        "comune_posa": "Pozzolo Formigaro",
        "tipologia": "DISTRIBUZIONE",
        "tip_rete": "DISTRIBUZIONE",
        "id": 6283,
        "etichetta": "PVC DE160",
        "n_distretto": "03",
        "note_etichetta": null,
        "id_distretto": "POZ-DPZ03",
        "distretto_modello": "POZ-DPZ03"
      },
      "geometry": {
        "type": "LineString",
        "coordinates": [
          [
            8.783170912132528,
            44.79977284358477
          ],
          [
            8.78313640550641,
            44.79977552602513
          ]
        ]
      }
    },
    {
      "type": "Feature",
      "properties": {
        "materiale": "GS",
        "dn": "DN80",
        "classe_pre": null,
        "lunghezza": 71.8,
        "prof": 120,
        "anno_posa": 2009,
        "comune": "Pozzolo Formigaro",
        "localita": "CAPOLUOGO",
        "via": "Via Montemanni",
        "comune_posa": "Pozzolo Formigaro",
        "tipologia": "DISTRIBUZIONE",
        "tip_rete": "DISTRIBUZIONE",
        "id": 6287,
        "etichetta": "GS DN80",
        "n_distretto": "01",
        "note_etichetta": null,
        "id_distretto": "POZ-DPZ01",
        "distretto_modello": "POZ-DPZ01"
      },
      "geometry": {
        "type": "LineString",
        "coordinates": [
          [
            8.78882866586667,
            44.79041722996146
          ],
          [
            8.788441665427733,
            44.790494139115836
          ],
          [
            8.788333136342011,
            44.79051374756949
          ],
          [
            8.787950823169407,
            44.79058124338262
          ]
        ]
      }
    },
    {
      "type": "Feature",
      "properties": {
        "materiale": "PE",
        "dn": "DE63",
        "classe_pre": null,
        "lunghezza": 2.61,
        "prof": 120,
        "anno_posa": 2009,
        "comune": "Pozzolo Formigaro",
        "localita": "CAPOLUOGO",
        "via": "Via Montemanni",
        "comune_posa": "Pozzolo Formigaro",
        "tipologia": "DISTRIBUZIONE",
        "tip_rete": "DISTRIBUZIONE",
        "id": 6289,
        "etichetta": "PE DE63",
        "n_distretto": "01",
        "note_etichetta": null,
        "id_distretto": "POZ-DPZ01",
        "distretto_modello": "POZ-DPZ01"
      },
      "geometry": {
        "type": "LineString",
        "coordinates": [
          [
            8.78740802368961,
            44.79066846971892
          ],
          [
            8.787416230481458,
            44.79069127076608
          ]
        ]
      }
    },
    {
      "type": "Feature",
      "properties": {
        "materiale": "PE",
        "dn": "DE63",
        "classe_pre": null,
        "lunghezza": 1.27,
        "prof": 120,
        "anno_posa": 2009,
        "comune": "Pozzolo Formigaro",
        "localita": "CAPOLUOGO",
        "via": "Via Montemanni",
        "comune_posa": "Pozzolo Formigaro",
        "tipologia": "DISTRIBUZIONE",
        "tip_rete": "DISTRIBUZIONE",
        "id": 6292,
        "etichetta": "PE DE63",
        "n_distretto": "01",
        "note_etichetta": null,
        "id_distretto": "POZ-DPZ01",
        "distretto_modello": "POZ-DPZ01"
      },
      "geometry": {
        "type": "LineString",
        "coordinates": [
          [
            8.787950823169407,
            44.79058124338262
          ],
          [
            8.787953246781333,
            44.7905925318014
          ]
        ]
      }
    },
    {
      "type": "Feature",
      "properties": {
        "materiale": "PE",
        "dn": "DE63",
        "classe_pre": null,
        "lunghezza": 41.88,
        "prof": 120,
        "anno_posa": 2009,
        "comune": "Pozzolo Formigaro",
        "localita": "CAPOLUOGO",
        "via": "Via Montemanni",
        "comune_posa": "Pozzolo Formigaro",
        "tipologia": "DISTRIBUZIONE",
        "tip_rete": "DISTRIBUZIONE",
        "id": 6293,
        "etichetta": "PE DE63",
        "n_distretto": "01",
        "note_etichetta": null,
        "id_distretto": "POZ-DPZ01",
        "distretto_modello": "POZ-DPZ01"
      },
      "geometry": {
        "type": "LineString",
        "coordinates": [
          [
            8.787956007836886,
            44.79060783290665
          ],
          [
            8.788035634541977,
            44.790980600781815
          ]
        ]
      }
    },
    {
      "type": "Feature",
      "properties": {
        "materiale": "PE",
        "dn": "DE63",
        "classe_pre": null,
        "lunghezza": 44.41,
        "prof": 120,
        "anno_posa": 2009,
        "comune": "Pozzolo Formigaro",
        "localita": "CAPOLUOGO",
        "via": "Via Montemanni",
        "comune_posa": "Pozzolo Formigaro",
        "tipologia": "DISTRIBUZIONE",
        "tip_rete": "DISTRIBUZIONE",
        "id": 6294,
        "etichetta": "PE DE63",
        "n_distretto": "01",
        "note_etichetta": null,
        "id_distretto": "POZ-DPZ01",
        "distretto_modello": "POZ-DPZ01"
      },
      "geometry": {
        "type": "LineString",
        "coordinates": [
          [
            8.787956007836886,
            44.79060783290665
          ],
          [
            8.787919363990065,
            44.79061378295517
          ],
          [
            8.787998300884398,
            44.790982537515234
          ]
        ]
      }
    },
    {
      "type": "Feature",
      "properties": {
        "materiale": "PE",
        "dn": "DE63",
        "classe_pre": null,
        "lunghezza": 1.71,
        "prof": 120,
        "anno_posa": 2009,
        "comune": "Pozzolo Formigaro",
        "localita": "CAPOLUOGO",
        "via": "Via Montemanni",
        "comune_posa": "Pozzolo Formigaro",
        "tipologia": "DISTRIBUZIONE",
        "tip_rete": "DISTRIBUZIONE",
        "id": 6295,
        "etichetta": "PE DE63",
        "n_distretto": "01",
        "note_etichetta": null,
        "id_distretto": "POZ-DPZ01",
        "distretto_modello": "POZ-DPZ01"
      },
      "geometry": {
        "type": "LineString",
        "coordinates": [
          [
            8.787953246781333,
            44.7905925318014
          ],
          [
            8.787956007836886,
            44.79060783290665
          ]
        ]
      }
    },
    {
      "type": "Feature",
      "properties": {
        "materiale": "PE",
        "dn": "DE63",
        "classe_pre": null,
        "lunghezza": 4.66,
        "prof": 120,
        "anno_posa": 2009,
        "comune": "Pozzolo Formigaro",
        "localita": "CAPOLUOGO",
        "via": "Via Montemanni",
        "comune_posa": "Pozzolo Formigaro",
        "tipologia": "DISTRIBUZIONE",
        "tip_rete": "DISTRIBUZIONE",
        "id": 6297,
        "etichetta": "PE DE63",
        "n_distretto": "01",
        "note_etichetta": null,
        "id_distretto": "POZ-DPZ01",
        "distretto_modello": "POZ-DPZ01"
      },
      "geometry": {
        "type": "LineString",
        "coordinates": [
          [
            8.788333136342011,
            44.79051374756949
          ],
          [
            8.788320609208855,
            44.79047278880059
          ]
        ]
      }
    },
    {
      "type": "Feature",
      "properties": {
        "materiale": "PE",
        "dn": "DE63",
        "classe_pre": null,
        "lunghezza": 4.9,
        "prof": 120,
        "anno_posa": 2009,
        "comune": "Pozzolo Formigaro",
        "localita": "CAPOLUOGO",
        "via": "Via Montemanni",
        "comune_posa": "Pozzolo Formigaro",
        "tipologia": "DISTRIBUZIONE",
        "tip_rete": "DISTRIBUZIONE",
        "id": 6300,
        "etichetta": "PE DE63",
        "n_distretto": "01",
        "note_etichetta": null,
        "id_distretto": "POZ-DPZ01",
        "distretto_modello": "POZ-DPZ01"
      },
      "geometry": {
        "type": "LineString",
        "coordinates": [
          [
            8.788441665427733,
            44.790494139115836
          ],
          [
            8.78842632757986,
            44.79045141987543
          ]
        ]
      }
    },
    {
      "type": "Feature",
      "properties": {
        "materiale": "GS",
        "dn": "DN80",
        "classe_pre": null,
        "lunghezza": 113.76,
        "prof": 120,
        "anno_posa": 2009,
        "comune": "Pozzolo Formigaro",
        "localita": "CAPOLUOGO",
        "via": "Via del Gualdo",
        "comune_posa": "Pozzolo Formigaro",
        "tipologia": "DISTRIBUZIONE",
        "tip_rete": "DISTRIBUZIONE",
        "id": 6302,
        "etichetta": "GS DN80",
        "n_distretto": "01",
        "note_etichetta": null,
        "id_distretto": "POZ-DPZ01",
        "distretto_modello": "POZ-DPZ01"
      },
      "geometry": {
        "type": "LineString",
        "coordinates": [
          [
            8.787753854221247,
            44.79061548151464
          ],
          [
            8.787744960712663,
            44.790595916035755
          ],
          [
            8.787632419895177,
            44.790339770348965
          ],
          [
            8.787630930836674,
            44.790336450065354
          ],
          [
            8.787601007429593,
            44.79026937684136
          ],
          [
            8.787519605330115,
            44.79008899228443
          ],
          [
            8.78751543940153,
            44.790078037499235
          ],
          [
            8.78745435054515,
            44.78994008223727
          ],
          [
            8.787365401732112,
            44.78974185426408
          ],
          [
            8.787319178414728,
            44.789645608400235
          ],
          [
            8.787316211324775,
            44.789639987428835
          ]
        ]
      }
    },
    {
      "type": "Feature",
      "properties": {
        "materiale": "PE",
        "dn": "DE63",
        "classe_pre": null,
        "lunghezza": 4,
        "prof": 120,
        "anno_posa": 2009,
        "comune": "Pozzolo Formigaro",
        "localita": "CAPOLUOGO",
        "via": "Via del Gualdo",
        "comune_posa": "Pozzolo Formigaro",
        "tipologia": "DISTRIBUZIONE",
        "tip_rete": "DISTRIBUZIONE",
        "id": 6306,
        "etichetta": "PE DE63",
        "n_distretto": "01",
        "note_etichetta": null,
        "id_distretto": "POZ-DPZ01",
        "distretto_modello": "POZ-DPZ01"
      },
      "geometry": {
        "type": "LineString",
        "coordinates": [
          [
            8.787630930836674,
            44.790336450065354
          ],
          [
            8.78758264448432,
            44.79034710743678
          ]
        ]
      }
    },
    {
      "type": "Feature",
      "properties": {
        "materiale": "PE",
        "dn": "DE63",
        "classe_pre": null,
        "lunghezza": 2.04,
        "prof": 120,
        "anno_posa": 2009,
        "comune": "Pozzolo Formigaro",
        "localita": "CAPOLUOGO",
        "via": "Via del Gualdo",
        "comune_posa": "Pozzolo Formigaro",
        "tipologia": "DISTRIBUZIONE",
        "tip_rete": "DISTRIBUZIONE",
        "id": 6307,
        "etichetta": "PE DE63",
        "n_distretto": "01",
        "note_etichetta": null,
        "id_distretto": "POZ-DPZ01",
        "distretto_modello": "POZ-DPZ01"
      },
      "geometry": {
        "type": "LineString",
        "coordinates": [
          [
            8.787632419895177,
            44.790339770348965
          ],
          [
            8.787657340425614,
            44.79033521016184
          ]
        ]
      }
    },
    {
      "type": "Feature",
      "properties": {
        "materiale": "PE",
        "dn": "DE63",
        "classe_pre": null,
        "lunghezza": 1.81,
        "prof": 120,
        "anno_posa": 2009,
        "comune": "Pozzolo Formigaro",
        "localita": "CAPOLUOGO",
        "via": "Via del Gualdo",
        "comune_posa": "Pozzolo Formigaro",
        "tipologia": "DISTRIBUZIONE",
        "tip_rete": "DISTRIBUZIONE",
        "id": 6308,
        "etichetta": "PE DE63",
        "n_distretto": "01",
        "note_etichetta": null,
        "id_distretto": "POZ-DPZ01",
        "distretto_modello": "POZ-DPZ01"
      },
      "geometry": {
        "type": "LineString",
        "coordinates": [
          [
            8.787657340425614,
            44.79033521016184
          ],
          [
            8.787679190021183,
            44.79033048646295
          ]
        ]
      }
    },
    {
      "type": "Feature",
      "properties": {
        "materiale": "PE",
        "dn": "DE63",
        "classe_pre": null,
        "lunghezza": 3.9,
        "prof": 120,
        "anno_posa": 2009,
        "comune": "Pozzolo Formigaro",
        "localita": "CAPOLUOGO",
        "via": "Via del Gualdo",
        "comune_posa": "Pozzolo Formigaro",
        "tipologia": "DISTRIBUZIONE",
        "tip_rete": "DISTRIBUZIONE",
        "id": 6311,
        "etichetta": "PE DE63",
        "n_distretto": "01",
        "note_etichetta": null,
        "id_distretto": "POZ-DPZ01",
        "distretto_modello": "POZ-DPZ01"
      },
      "geometry": {
        "type": "LineString",
        "coordinates": [
          [
            8.787468096058442,
            44.79008786568317
          ],
          [
            8.78751543940153,
            44.790078037499235
          ]
        ]
      }
    },
    {
      "type": "Feature",
      "properties": {
        "materiale": "PE",
        "dn": "DE63",
        "classe_pre": null,
        "lunghezza": 3.62,
        "prof": 120,
        "anno_posa": 2009,
        "comune": "Pozzolo Formigaro",
        "localita": "CAPOLUOGO",
        "via": "Via del Gualdo",
        "comune_posa": "Pozzolo Formigaro",
        "tipologia": "DISTRIBUZIONE",
        "tip_rete": "DISTRIBUZIONE",
        "id": 6313,
        "etichetta": "PE DE63",
        "n_distretto": "01",
        "note_etichetta": null,
        "id_distretto": "POZ-DPZ01",
        "distretto_modello": "POZ-DPZ01"
      },
      "geometry": {
        "type": "LineString",
        "coordinates": [
          [
            8.787519605330115,
            44.79008899228443
          ],
          [
            8.787563553533278,
            44.790079768409825
          ]
        ]
      }
    },
    {
      "type": "Feature",
      "properties": {
        "materiale": "PE",
        "dn": "DE63",
        "classe_pre": null,
        "lunghezza": 3.35,
        "prof": 120,
        "anno_posa": 2009,
        "comune": "Pozzolo Formigaro",
        "localita": "CAPOLUOGO",
        "via": "Via del Gualdo",
        "comune_posa": "Pozzolo Formigaro",
        "tipologia": "DISTRIBUZIONE",
        "tip_rete": "DISTRIBUZIONE",
        "id": 6319,
        "etichetta": "PE DE63",
        "n_distretto": "01",
        "note_etichetta": null,
        "id_distretto": "POZ-DPZ01",
        "distretto_modello": "POZ-DPZ01"
      },
      "geometry": {
        "type": "LineString",
        "coordinates": [
          [
            8.78745435054515,
            44.78994008223727
          ],
          [
            8.787494380268228,
            44.78993019046754
          ]
        ]
      }
    },
    {
      "type": "Feature",
      "properties": {
        "materiale": "PE",
        "dn": "DE63",
        "classe_pre": null,
        "lunghezza": 3.21,
        "prof": 120,
        "anno_posa": 2009,
        "comune": "Pozzolo Formigaro",
        "localita": "CAPOLUOGO",
        "via": "Via del Gualdo",
        "comune_posa": "Pozzolo Formigaro",
        "tipologia": "DISTRIBUZIONE",
        "tip_rete": "DISTRIBUZIONE",
        "id": 6320,
        "etichetta": "PE DE63",
        "n_distretto": "01",
        "note_etichetta": null,
        "id_distretto": "POZ-DPZ01",
        "distretto_modello": "POZ-DPZ01"
      },
      "geometry": {
        "type": "LineString",
        "coordinates": [
          [
            8.787365401732112,
            44.78974185426408
          ],
          [
            8.787403203729593,
            44.789731423779564
          ]
        ]
      }
    },
    {
      "type": "Feature",
      "properties": {
        "materiale": "PE",
        "dn": "DE63",
        "classe_pre": null,
        "lunghezza": 3.98,
        "prof": 120,
        "anno_posa": 2009,
        "comune": "Pozzolo Formigaro",
        "localita": "CAPOLUOGO",
        "via": "Via del Gualdo",
        "comune_posa": "Pozzolo Formigaro",
        "tipologia": "DISTRIBUZIONE",
        "tip_rete": "DISTRIBUZIONE",
        "id": 6323,
        "etichetta": "PE DE63",
        "n_distretto": "01",
        "note_etichetta": null,
        "id_distretto": "POZ-DPZ01",
        "distretto_modello": "POZ-DPZ01"
      },
      "geometry": {
        "type": "LineString",
        "coordinates": [
          [
            8.787601007429593,
            44.79026937684136
          ],
          [
            8.787553308309711,
            44.79028085387569
          ]
        ]
      }
    },
    {
      "type": "Feature",
      "properties": {
        "materiale": "PE",
        "dn": "DE50",
        "classe_pre": null,
        "lunghezza": 0.89,
        "prof": 80,
        "anno_posa": 2009,
        "comune": "Pozzolo Formigaro",
        "localita": "CAPOLUOGO",
        "via": null,
        "comune_posa": "Pozzolo Formigaro",
        "tipologia": "DISTRIBUZIONE",
        "tip_rete": "DISTRIBUZIONE",
        "id": 6332,
        "etichetta": "PE DE50",
        "n_distretto": "02",
        "note_etichetta": null,
        "id_distretto": "POZ-DPZ02",
        "distretto_modello": "POZ-DPZ02"
      },
      "geometry": {
        "type": "LineString",
        "coordinates": [
          [
            8.787562131238499,
            44.799479220258725
          ],
          [
            8.78756712643804,
            44.79947203861298
          ]
        ]
      }
    },
    {
      "type": "Feature",
      "properties": {
        "materiale": "PE",
        "dn": "DE160",
        "classe_pre": null,
        "lunghezza": 44.72,
        "prof": 120,
        "anno_posa": 2009,
        "comune": "Pozzolo Formigaro",
        "localita": "CAPOLUOGO",
        "via": "Via Malpaga",
        "comune_posa": "Pozzolo Formigaro",
        "tipologia": "DISTRIBUZIONE",
        "tip_rete": "DISTRIBUZIONE",
        "id": 6400,
        "etichetta": "PE DE160",
        "n_distretto": "02",
        "note_etichetta": null,
        "id_distretto": "POZ-DPZ02",
        "distretto_modello": "POZ-DPZ02"
      },
      "geometry": {
        "type": "LineString",
        "coordinates": [
          [
            8.787562131238499,
            44.799479220258725
          ],
          [
            8.787495238939538,
            44.79945292103718
          ],
          [
            8.787404043319594,
            44.79942404826045
          ],
          [
            8.78722674309416,
            44.799361715736815
          ],
          [
            8.78712963424945,
            44.799327518064516
          ],
          [
            8.787051248464236,
            44.79930785210697
          ]
        ]
      }
    },
    {
      "type": "Feature",
      "properties": {
        "materiale": "PE",
        "dn": "DE160",
        "classe_pre": null,
        "lunghezza": 56.35,
        "prof": 120,
        "anno_posa": 2009,
        "comune": "Pozzolo Formigaro",
        "localita": "CAPOLUOGO",
        "via": "Via Malpaga",
        "comune_posa": "Pozzolo Formigaro",
        "tipologia": "DISTRIBUZIONE",
        "tip_rete": "DISTRIBUZIONE",
        "id": 6427,
        "etichetta": "PE DE160",
        "n_distretto": "02",
        "note_etichetta": null,
        "id_distretto": "POZ-DPZ02",
        "distretto_modello": "POZ-DPZ02"
      },
      "geometry": {
        "type": "LineString",
        "coordinates": [
          [
            8.78863393141609,
            44.800253273347835
          ],
          [
            8.78852709034175,
            44.80012042816363
          ],
          [
            8.788233409795605,
            44.799900415233715
          ],
          [
            8.788180372018704,
            44.79986665780627
          ]
        ]
      }
    },
    {
      "type": "Feature",
      "properties": {
        "materiale": "PE",
        "dn": "DE160",
        "classe_pre": null,
        "lunghezza": 12.99,
        "prof": 120,
        "anno_posa": 2009,
        "comune": "Pozzolo Formigaro",
        "localita": "CAPOLUOGO",
        "via": "Via Malpaga",
        "comune_posa": "Pozzolo Formigaro",
        "tipologia": "DISTRIBUZIONE",
        "tip_rete": "DISTRIBUZIONE",
        "id": 6428,
        "etichetta": "PE DE160",
        "n_distretto": "02",
        "note_etichetta": null,
        "id_distretto": "POZ-DPZ02",
        "distretto_modello": "POZ-DPZ02"
      },
      "geometry": {
        "type": "LineString",
        "coordinates": [
          [
            8.787051248464236,
            44.79930785210697
          ],
          [
            8.78701016459043,
            44.799290908460435
          ],
          [
            8.78694462043604,
            44.79927790821875
          ],
          [
            8.78689593680504,
            44.79927655178542
          ]
        ]
      }
    },
    {
      "type": "Feature",
      "properties": {
        "materiale": "PE",
        "dn": "DE160",
        "classe_pre": null,
        "lunghezza": 8.61,
        "prof": 120,
        "anno_posa": 2009,
        "comune": "Pozzolo Formigaro",
        "localita": "CAPOLUOGO",
        "via": "Strada Tortona",
        "comune_posa": "Pozzolo Formigaro",
        "tipologia": "DISTRIBUZIONE",
        "tip_rete": "DISTRIBUZIONE",
        "id": 6429,
        "etichetta": "PE DE160",
        "n_distretto": "02",
        "note_etichetta": null,
        "id_distretto": "POZ-DPZ02",
        "distretto_modello": "POZ-DPZ02"
      },
      "geometry": {
        "type": "LineString",
        "coordinates": [
          [
            8.786806665915101,
            44.79926797436368
          ],
          [
            8.786816279523666,
            44.79928664904565
          ],
          [
            8.78689593680504,
            44.79927655178542
          ]
        ]
      }
    },
    {
      "type": "Feature",
      "properties": {
        "materiale": "PE",
        "dn": "DE50",
        "classe_pre": null,
        "lunghezza": 1.53,
        "prof": 80,
        "anno_posa": 2009,
        "comune": "Pozzolo Formigaro",
        "localita": "CAPOLUOGO",
        "via": null,
        "comune_posa": "Pozzolo Formigaro",
        "tipologia": "DISTRIBUZIONE",
        "tip_rete": "DISTRIBUZIONE",
        "id": 6430,
        "etichetta": "PE DE50",
        "n_distretto": "02",
        "note_etichetta": null,
        "id_distretto": "POZ-DPZ02",
        "distretto_modello": "POZ-DPZ02"
      },
      "geometry": {
        "type": "LineString",
        "coordinates": [
          [
            8.78756712643804,
            44.79947203861298
          ],
          [
            8.787575307194382,
            44.79945956568494
          ]
        ]
      }
    },
    {
      "type": "Feature",
      "properties": {
        "materiale": "PE",
        "dn": "DE160",
        "classe_pre": null,
        "lunghezza": 34.92,
        "prof": 120,
        "anno_posa": 2009,
        "comune": "Pozzolo Formigaro",
        "localita": "CAPOLUOGO",
        "via": "Via Malpaga",
        "comune_posa": "Pozzolo Formigaro",
        "tipologia": "DISTRIBUZIONE",
        "tip_rete": "DISTRIBUZIONE",
        "id": 6431,
        "etichetta": "PE DE160",
        "n_distretto": "02",
        "note_etichetta": null,
        "id_distretto": "POZ-DPZ02",
        "distretto_modello": "POZ-DPZ02"
      },
      "geometry": {
        "type": "LineString",
        "coordinates": [
          [
            8.787907414332498,
            44.799672059517036
          ],
          [
            8.787885544222805,
            44.79965828321259
          ],
          [
            8.787726428834889,
            44.799549335736884
          ],
          [
            8.787627838563996,
            44.79950653555311
          ],
          [
            8.787562131238499,
            44.799479220258725
          ]
        ]
      }
    },
    {
      "type": "Feature",
      "properties": {
        "materiale": "PE",
        "dn": "DE50",
        "classe_pre": null,
        "lunghezza": 0.95,
        "prof": 80,
        "anno_posa": 2009,
        "comune": "Pozzolo Formigaro",
        "localita": "CAPOLUOGO",
        "via": null,
        "comune_posa": "Pozzolo Formigaro",
        "tipologia": "DISTRIBUZIONE",
        "tip_rete": "DISTRIBUZIONE",
        "id": 6432,
        "etichetta": "PE DE50",
        "n_distretto": "02",
        "note_etichetta": null,
        "id_distretto": "POZ-DPZ02",
        "distretto_modello": "POZ-DPZ02"
      },
      "geometry": {
        "type": "LineString",
        "coordinates": [
          [
            8.787915355532347,
            44.7996656688926
          ],
          [
            8.787907414332498,
            44.799672059517036
          ]
        ]
      }
    },
    {
      "type": "Feature",
      "properties": {
        "materiale": "PE",
        "dn": "DE50",
        "classe_pre": null,
        "lunghezza": 1.94,
        "prof": 80,
        "anno_posa": 2009,
        "comune": "Pozzolo Formigaro",
        "localita": "CAPOLUOGO",
        "via": null,
        "comune_posa": "Pozzolo Formigaro",
        "tipologia": "DISTRIBUZIONE",
        "tip_rete": "DISTRIBUZIONE",
        "id": 6433,
        "etichetta": "PE DE50",
        "n_distretto": "02",
        "note_etichetta": null,
        "id_distretto": "POZ-DPZ02",
        "distretto_modello": "POZ-DPZ02"
      },
      "geometry": {
        "type": "LineString",
        "coordinates": [
          [
            8.787915355532347,
            44.7996656688926
          ],
          [
            8.78793164728183,
            44.799652558216096
          ]
        ]
      }
    },
    {
      "type": "Feature",
      "properties": {
        "materiale": "PE",
        "dn": "DE160",
        "classe_pre": null,
        "lunghezza": 29.74,
        "prof": 120,
        "anno_posa": 2009,
        "comune": "Pozzolo Formigaro",
        "localita": "CAPOLUOGO",
        "via": "Via Malpaga",
        "comune_posa": "Pozzolo Formigaro",
        "tipologia": "DISTRIBUZIONE",
        "tip_rete": "DISTRIBUZIONE",
        "id": 6434,
        "etichetta": "PE DE160",
        "n_distretto": "02",
        "note_etichetta": null,
        "id_distretto": "POZ-DPZ02",
        "distretto_modello": "POZ-DPZ02"
      },
      "geometry": {
        "type": "LineString",
        "coordinates": [
          [
            8.788174478122066,
            44.79986054128437
          ],
          [
            8.787907414332498,
            44.799672059517036
          ]
        ]
      }
    },
    {
      "type": "Feature",
      "properties": {
        "materiale": "PE",
        "dn": "DE160",
        "classe_pre": null,
        "lunghezza": 0.8,
        "prof": 80,
        "anno_posa": 2009,
        "comune": "Pozzolo Formigaro",
        "localita": "CAPOLUOGO",
        "via": "Via Malpaga",
        "comune_posa": "Pozzolo Formigaro",
        "tipologia": "DISTRIBUZIONE",
        "tip_rete": "DISTRIBUZIONE",
        "id": 6435,
        "etichetta": "PE DE160",
        "n_distretto": "02",
        "note_etichetta": null,
        "id_distretto": "POZ-DPZ02",
        "distretto_modello": "POZ-DPZ02"
      },
      "geometry": {
        "type": "LineString",
        "coordinates": [
          [
            8.788182053839751,
            44.79986531329088
          ],
          [
            8.788174478122066,
            44.79986054128437
          ]
        ]
      }
    },
    {
      "type": "Feature",
      "properties": {
        "materiale": "PE",
        "dn": "DE50",
        "classe_pre": null,
        "lunghezza": 0.96,
        "prof": 80,
        "anno_posa": 2009,
        "comune": "Pozzolo Formigaro",
        "localita": "CAPOLUOGO",
        "via": null,
        "comune_posa": "Pozzolo Formigaro",
        "tipologia": "DISTRIBUZIONE",
        "tip_rete": "DISTRIBUZIONE",
        "id": 6436,
        "etichetta": "PE DE50",
        "n_distretto": "02",
        "note_etichetta": null,
        "id_distretto": "POZ-DPZ02",
        "distretto_modello": "POZ-DPZ02"
      },
      "geometry": {
        "type": "LineString",
        "coordinates": [
          [
            8.788182509348196,
            44.799854078190435
          ],
          [
            8.788174478122066,
            44.79986054128437
          ]
        ]
      }
    },
    {
      "type": "Feature",
      "properties": {
        "materiale": "PE",
        "dn": "DE32",
        "classe_pre": null,
        "lunghezza": 4.63,
        "prof": 80,
        "anno_posa": 2009,
        "comune": "Pozzolo Formigaro",
        "localita": "CAPOLUOGO",
        "via": "Via Malpaga",
        "comune_posa": "Pozzolo Formigaro",
        "tipologia": "DISTRIBUZIONE",
        "tip_rete": "DISTRIBUZIONE",
        "id": 6437,
        "etichetta": "PE DE32",
        "n_distretto": "02",
        "note_etichetta": null,
        "id_distretto": "POZ-DPZ02",
        "distretto_modello": "POZ-DPZ02"
      },
      "geometry": {
        "type": "LineString",
        "coordinates": [
          [
            8.78817369876128,
            44.799871484519066
          ],
          [
            8.78813308523181,
            44.799901482456605
          ]
        ]
      }
    },
    {
      "type": "Feature",
      "properties": {
        "materiale": "PE",
        "dn": "DE50",
        "classe_pre": null,
        "lunghezza": 1.83,
        "prof": 80,
        "anno_posa": 2009,
        "comune": "Pozzolo Formigaro",
        "localita": "CAPOLUOGO",
        "via": null,
        "comune_posa": "Pozzolo Formigaro",
        "tipologia": "DISTRIBUZIONE",
        "tip_rete": "DISTRIBUZIONE",
        "id": 6438,
        "etichetta": "PE DE50",
        "n_distretto": "02",
        "note_etichetta": null,
        "id_distretto": "POZ-DPZ02",
        "distretto_modello": "POZ-DPZ02"
      },
      "geometry": {
        "type": "LineString",
        "coordinates": [
          [
            8.7881825093482,
            44.799854078190435
          ],
          [
            8.788197858672232,
            44.79984172588385
          ]
        ]
      }
    },
    {
      "type": "Feature",
      "properties": {
        "materiale": "PE",
        "dn": "DE32",
        "classe_pre": null,
        "lunghezza": 0.95,
        "prof": 80,
        "anno_posa": 2009,
        "comune": "Pozzolo Formigaro",
        "localita": "CAPOLUOGO",
        "via": "Via Malpaga",
        "comune_posa": "Pozzolo Formigaro",
        "tipologia": "DISTRIBUZIONE",
        "tip_rete": "DISTRIBUZIONE",
        "id": 6439,
        "etichetta": "PE DE32",
        "n_distretto": "02",
        "note_etichetta": null,
        "id_distretto": "POZ-DPZ02",
        "distretto_modello": "POZ-DPZ02"
      },
      "geometry": {
        "type": "LineString",
        "coordinates": [
          [
            8.788182053839751,
            44.79986531329088
          ],
          [
            8.78817369876128,
            44.799871484519066
          ]
        ]
      }
    },
    {
      "type": "Feature",
      "properties": {
        "materiale": "GS",
        "dn": "DN80",
        "classe_pre": null,
        "lunghezza": 99.56,
        "prof": 80,
        "anno_posa": 2010,
        "comune": "Pozzolo Formigaro",
        "localita": "CAPOLUOGO",
        "via": "Via Martiri della Benedicta",
        "comune_posa": "Pozzolo Formigaro",
        "tipologia": "DISTRIBUZIONE",
        "tip_rete": "DISTRIBUZIONE",
        "id": 8284,
        "etichetta": "GS DN80",
        "n_distretto": "01",
        "note_etichetta": null,
        "id_distretto": "POZ-DPZ01",
        "distretto_modello": "POZ-DPZ01"
      },
      "geometry": {
        "type": "LineString",
        "coordinates": [
          [
            8.78455338332353,
            44.789686221279915
          ],
          [
            8.784892316558594,
            44.79032859508208
          ],
          [
            8.785002615728844,
            44.79041171364526
          ],
          [
            8.785107387931276,
            44.79047155227649
          ]
        ]
      }
    },
    {
      "type": "Feature",
      "properties": {
        "materiale": "GS",
        "dn": "DN80",
        "classe_pre": null,
        "lunghezza": 3.14,
        "prof": 80,
        "anno_posa": 2010,
        "comune": "Pozzolo Formigaro",
        "localita": "CAPOLUOGO",
        "via": "Via Martiri della Benedicta",
        "comune_posa": "Pozzolo Formigaro",
        "tipologia": "DISTRIBUZIONE",
        "tip_rete": "DISTRIBUZIONE",
        "id": 8285,
        "etichetta": "GS DN80",
        "n_distretto": "01",
        "note_etichetta": null,
        "id_distretto": "POZ-DPZ01",
        "distretto_modello": "POZ-DPZ01"
      },
      "geometry": {
        "type": "LineString",
        "coordinates": [
          [
            8.785107387931276,
            44.79047155227649
          ],
          [
            8.785124076979887,
            44.79048161382792
          ],
          [
            8.78513756632099,
            44.790489847399705
          ]
        ]
      }
    },
    {
      "type": "Feature",
      "properties": {
        "materiale": "PE",
        "dn": "DE63",
        "classe_pre": null,
        "lunghezza": 15.84,
        "prof": 95,
        "anno_posa": 2010,
        "comune": "Pozzolo Formigaro",
        "localita": "CAPOLUOGO",
        "via": "Via Vallicella",
        "comune_posa": "Pozzolo Formigaro",
        "tipologia": "DISTRIBUZIONE",
        "tip_rete": "DISTRIBUZIONE",
        "id": 8286,
        "etichetta": "PE DE63",
        "n_distretto": "02",
        "note_etichetta": null,
        "id_distretto": "POZ-DPZ02",
        "distretto_modello": "POZ-DPZ02"
      },
      "geometry": {
        "type": "LineString",
        "coordinates": [
          [
            8.787826361084878,
            44.79915625900391
          ],
          [
            8.787745606902027,
            44.799168223441214
          ],
          [
            8.787630780288195,
            44.799187026784494
          ]
        ]
      }
    },
    {
      "type": "Feature",
      "properties": {
        "materiale": "PE",
        "dn": "DE63",
        "classe_pre": null,
        "lunghezza": 4.88,
        "prof": 95,
        "anno_posa": 2010,
        "comune": "Pozzolo Formigaro",
        "localita": "CAPOLUOGO",
        "via": "Via Vallicella",
        "comune_posa": "Pozzolo Formigaro",
        "tipologia": "DISTRIBUZIONE",
        "tip_rete": "DISTRIBUZIONE",
        "id": 8287,
        "etichetta": "PE DE63",
        "n_distretto": "02",
        "note_etichetta": null,
        "id_distretto": "POZ-DPZ02",
        "distretto_modello": "POZ-DPZ02"
      },
      "geometry": {
        "type": "LineString",
        "coordinates": [
          [
            8.78706979178975,
            44.79927959774949
          ],
          [
            8.78701016459043,
            44.799290908460435
          ]
        ]
      }
    },
    {
      "type": "Feature",
      "properties": {
        "materiale": "PE",
        "dn": "DE63",
        "classe_pre": null,
        "lunghezza": 12.49,
        "prof": 95,
        "anno_posa": 2010,
        "comune": "Pozzolo Formigaro",
        "localita": "CAPOLUOGO",
        "via": "Via Vallicella",
        "comune_posa": "Pozzolo Formigaro",
        "tipologia": "DISTRIBUZIONE",
        "tip_rete": "DISTRIBUZIONE",
        "id": 8288,
        "etichetta": "PE DE63",
        "n_distretto": "02",
        "note_etichetta": null,
        "id_distretto": "POZ-DPZ02",
        "distretto_modello": "POZ-DPZ02"
      },
      "geometry": {
        "type": "LineString",
        "coordinates": [
          [
            8.788602825614499,
            44.799040704441474
          ],
          [
            8.788565777728524,
            44.799046499091396
          ],
          [
            8.788448567279879,
            44.79906467725063
          ]
        ]
      }
    },
    {
      "type": "Feature",
      "properties": {
        "materiale": "AC",
        "dn": "DN50",
        "classe_pre": null,
        "lunghezza": 6.83,
        "prof": 80,
        "anno_posa": 1980,
        "comune": "Pozzolo Formigaro",
        "localita": "CAPOLUOGO",
        "via": "Via Gramsci",
        "comune_posa": "Pozzolo Formigaro",
        "tipologia": "DISTRIBUZIONE",
        "tip_rete": "DISTRIBUZIONE",
        "id": 8289,
        "etichetta": "AC DN50",
        "n_distretto": "02",
        "note_etichetta": null,
        "id_distretto": "POZ-DPZ02",
        "distretto_modello": "POZ-DPZ02"
      },
      "geometry": {
        "type": "LineString",
        "coordinates": [
          [
            8.78877772698237,
            44.7989889229642
          ],
          [
            8.788772571396631,
            44.79899911732693
          ],
          [
            8.788763529073536,
            44.799008005617445
          ],
          [
            8.788760453784692,
            44.79904761757771
          ]
        ]
      }
    },
    {
      "type": "Feature",
      "properties": {
        "materiale": "PE",
        "dn": "DE63",
        "classe_pre": null,
        "lunghezza": 0.26,
        "prof": 80,
        "anno_posa": 1980,
        "comune": "Pozzolo Formigaro",
        "localita": "CAPOLUOGO",
        "via": "Via Ghiaione",
        "comune_posa": "Pozzolo Formigaro",
        "tipologia": "DISTRIBUZIONE",
        "tip_rete": "DISTRIBUZIONE",
        "id": 8290,
        "etichetta": "PE DE63",
        "n_distretto": "02",
        "note_etichetta": null,
        "id_distretto": "POZ-DPZ02",
        "distretto_modello": "POZ-DPZ02"
      },
      "geometry": {
        "type": "LineString",
        "coordinates": [
          [
            8.787825098149685,
            44.799154084879575
          ],
          [
            8.787826361084878,
            44.79915625900391
          ]
        ]
      }
    },
    {
      "type": "Feature",
      "properties": {
        "materiale": "PE",
        "dn": "DE110",
        "classe_pre": null,
        "lunghezza": 66.48,
        "prof": 80,
        "anno_posa": 2018,
        "comune": "Pozzolo Formigaro",
        "localita": "CAPOLUOGO",
        "via": "Via Vallicella",
        "comune_posa": "Pozzolo Formigaro",
        "tipologia": "DISTRIBUZIONE",
        "tip_rete": "DISTRIBUZIONE",
        "id": 8291,
        "etichetta": "PE DE110",
        "n_distretto": "02",
        "note_etichetta": null,
        "id_distretto": "POZ-DPZ02",
        "distretto_modello": "POZ-DPZ02"
      },
      "geometry": {
        "type": "LineString",
        "coordinates": [
          [
            8.789591223550733,
            44.79883931783268
          ],
          [
            8.789494169131748,
            44.798862501697606
          ],
          [
            8.789330211098452,
            44.798889666317486
          ],
          [
            8.789109257658515,
            44.79892805701642
          ],
          [
            8.78877772698237,
            44.7989889229642
          ]
        ]
      }
    },
    {
      "type": "Feature",
      "properties": {
        "materiale": "AC",
        "dn": "DN50",
        "classe_pre": null,
        "lunghezza": 14.2,
        "prof": 80,
        "anno_posa": 1980,
        "comune": "Pozzolo Formigaro",
        "localita": "CAPOLUOGO",
        "via": "Via Gramsci",
        "comune_posa": "Pozzolo Formigaro",
        "tipologia": "DISTRIBUZIONE",
        "tip_rete": "DISTRIBUZIONE",
        "id": 8292,
        "etichetta": "AC DN50",
        "n_distretto": "02",
        "note_etichetta": null,
        "id_distretto": "POZ-DPZ02",
        "distretto_modello": "POZ-DPZ02"
      },
      "geometry": {
        "type": "LineString",
        "coordinates": [
          [
            8.788602825614499,
            44.799040704441474
          ],
          [
            8.788645606702,
            44.79903118073383
          ],
          [
            8.788767797156884,
            44.79900011464547
          ],
          [
            8.788772571396631,
            44.79899911732693
          ]
        ]
      }
    },
    {
      "type": "Feature",
      "properties": {
        "materiale": "PE",
        "dn": "DE63",
        "classe_pre": null,
        "lunghezza": 0.75,
        "prof": 95,
        "anno_posa": 2010,
        "comune": "Pozzolo Formigaro",
        "localita": "CAPOLUOGO",
        "via": "Via Vallicella",
        "comune_posa": "Pozzolo Formigaro",
        "tipologia": "DISTRIBUZIONE",
        "tip_rete": "DISTRIBUZIONE",
        "id": 8293,
        "etichetta": "PE DE63",
        "n_distretto": "02",
        "note_etichetta": null,
        "id_distretto": "POZ-DPZ02",
        "distretto_modello": "POZ-DPZ02"
      },
      "geometry": {
        "type": "LineString",
        "coordinates": [
          [
            8.787360404878305,
            44.79923273192286
          ],
          [
            8.787351167818654,
            44.79923425963832
          ]
        ]
      }
    },
    {
      "type": "Feature",
      "properties": {
        "materiale": "PE",
        "dn": "DE63",
        "classe_pre": null,
        "lunghezza": 22.82,
        "prof": 95,
        "anno_posa": 2010,
        "comune": "Pozzolo Formigaro",
        "localita": "CAPOLUOGO",
        "via": "Via Vallicella",
        "comune_posa": "Pozzolo Formigaro",
        "tipologia": "DISTRIBUZIONE",
        "tip_rete": "DISTRIBUZIONE",
        "id": 8294,
        "etichetta": "PE DE63",
        "n_distretto": "02",
        "note_etichetta": null,
        "id_distretto": "POZ-DPZ02",
        "distretto_modello": "POZ-DPZ02"
      },
      "geometry": {
        "type": "LineString",
        "coordinates": [
          [
            8.787351167818654,
            44.79923425963832
          ],
          [
            8.787116951631912,
            44.79927299632901
          ],
          [
            8.78706979178975,
            44.79927959774949
          ]
        ]
      }
    },
    {
      "type": "Feature",
      "properties": {
        "materiale": "PE",
        "dn": "DE63",
        "classe_pre": null,
        "lunghezza": 21.98,
        "prof": 95,
        "anno_posa": 2010,
        "comune": "Pozzolo Formigaro",
        "localita": "CAPOLUOGO",
        "via": "Via Vallicella",
        "comune_posa": "Pozzolo Formigaro",
        "tipologia": "DISTRIBUZIONE",
        "tip_rete": "DISTRIBUZIONE",
        "id": 8295,
        "etichetta": "PE DE63",
        "n_distretto": "02",
        "note_etichetta": null,
        "id_distretto": "POZ-DPZ02",
        "distretto_modello": "POZ-DPZ02"
      },
      "geometry": {
        "type": "LineString",
        "coordinates": [
          [
            8.787630780288195,
            44.799187026784494
          ],
          [
            8.787426754239474,
            44.799221758391134
          ],
          [
            8.787360404878305,
            44.79923273192286
          ]
        ]
      }
    },
    {
      "type": "Feature",
      "properties": {
        "materiale": "PE",
        "dn": "DE63",
        "classe_pre": null,
        "lunghezza": 2.2,
        "prof": 95,
        "anno_posa": 2010,
        "comune": "Pozzolo Formigaro",
        "localita": "CAPOLUOGO",
        "via": "Via Vallicella",
        "comune_posa": "Pozzolo Formigaro",
        "tipologia": "DISTRIBUZIONE",
        "tip_rete": "DISTRIBUZIONE",
        "id": 8296,
        "etichetta": "PE DE63",
        "n_distretto": "02",
        "note_etichetta": null,
        "id_distretto": "POZ-DPZ02",
        "distretto_modello": "POZ-DPZ02"
      },
      "geometry": {
        "type": "LineString",
        "coordinates": [
          [
            8.787853593707279,
            44.79915222404531
          ],
          [
            8.787826361084878,
            44.79915625900391
          ]
        ]
      }
    },
    {
      "type": "Feature",
      "properties": {
        "materiale": "PE",
        "dn": "DE63",
        "classe_pre": null,
        "lunghezza": 48.05,
        "prof": 95,
        "anno_posa": 2010,
        "comune": "Pozzolo Formigaro",
        "localita": "CAPOLUOGO",
        "via": "Via Vallicella",
        "comune_posa": "Pozzolo Formigaro",
        "tipologia": "DISTRIBUZIONE",
        "tip_rete": "DISTRIBUZIONE",
        "id": 8297,
        "etichetta": "PE DE63",
        "n_distretto": "02",
        "note_etichetta": null,
        "id_distretto": "POZ-DPZ02",
        "distretto_modello": "POZ-DPZ02"
      },
      "geometry": {
        "type": "LineString",
        "coordinates": [
          [
            8.788448567279879,
            44.79906467725063
          ],
          [
            8.788029418892673,
            44.79912664230778
          ],
          [
            8.787853593707279,
            44.79915222404531
          ]
        ]
      }
    },
    {
      "type": "Feature",
      "properties": {
        "materiale": "PE",
        "dn": "DE110",
        "classe_pre": null,
        "lunghezza": 3.14,
        "prof": 80,
        "anno_posa": 1980,
        "comune": "Pozzolo Formigaro",
        "localita": "CAPOLUOGO",
        "via": "Strada della Cascina Cocoleta",
        "comune_posa": "Pozzolo Formigaro",
        "tipologia": "DISTRIBUZIONE",
        "tip_rete": "DISTRIBUZIONE",
        "id": 8314,
        "etichetta": "PE DE110",
        "n_distretto": "03",
        "note_etichetta": null,
        "id_distretto": "POZ-DPZ03",
        "distretto_modello": "POZ-DPZ03"
      },
      "geometry": {
        "type": "LineString",
        "coordinates": [
          [
            8.776088116405086,
            44.80823437393803
          ],
          [
            8.77604872980929,
            44.80823825768485
          ]
        ]
      }
    },
    {
      "type": "Feature",
      "properties": {
        "materiale": "PE",
        "dn": "DE110",
        "classe_pre": null,
        "lunghezza": 2.86,
        "prof": 80,
        "anno_posa": 1980,
        "comune": "Pozzolo Formigaro",
        "localita": "CAPOLUOGO",
        "via": "Via Regione Piemonte",
        "comune_posa": "Pozzolo Formigaro",
        "tipologia": "DISTRIBUZIONE",
        "tip_rete": "DISTRIBUZIONE",
        "id": 8315,
        "etichetta": "PE DE110",
        "n_distretto": "03",
        "note_etichetta": null,
        "id_distretto": "POZ-DPZ03",
        "distretto_modello": "POZ-DPZ03"
      },
      "geometry": {
        "type": "LineString",
        "coordinates": [
          [
            8.775413324778334,
            44.806674373851706
          ],
          [
            8.77542322638796,
            44.80669918307087
          ]
        ]
      }
    },
    {
      "type": "Feature",
      "properties": {
        "materiale": "PE",
        "dn": "DE75",
        "classe_pre": "",
        "lunghezza": 242.07,
        "prof": 80,
        "anno_posa": 2016,
        "comune": "Pozzolo Formigaro",
        "localita": "Cascina Graziosa",
        "via": "Strada Bissone",
        "comune_posa": "Pozzolo Formigaro",
        "tipologia": "DISTRIBUZIONE",
        "tip_rete": "DISTRIBUZIONE",
        "id": 14728,
        "etichetta": "PE DE75",
        "n_distretto": "02",
        "note_etichetta": null,
        "id_distretto": "POZ-DPZ02",
        "distretto_modello": "POZ-DPZ02"
      },
      "geometry": {
        "type": "LineString",
        "coordinates": [
          [
            8.795559287332631,
            44.810846451402846
          ],
          [
            8.795562279397146,
            44.810854584813626
          ],
          [
            8.795601918280935,
            44.810962336052114
          ],
          [
            8.79563453365833,
            44.811298852602285
          ],
          [
            8.795706783722403,
            44.811843112349464
          ],
          [
            8.795869622084448,
            44.812344710373104
          ],
          [
            8.795871507965593,
            44.81237169658042
          ],
          [
            8.795866530570343,
            44.81239848285265
          ],
          [
            8.795854852886979,
            44.8124241920044
          ],
          [
            8.795836857323318,
            44.81244798212212
          ],
          [
            8.795813133184604,
            44.81246907413512
          ],
          [
            8.795381748301159,
            44.81264035385007
          ],
          [
            8.795161429380851,
            44.81271529475489
          ]
        ]
      }
    },
    {
      "type": "Feature",
      "properties": {
        "materiale": "PE",
        "dn": "DE110",
        "classe_pre": null,
        "lunghezza": 66.22,
        "prof": 80,
        "anno_posa": 2016,
        "comune": "Pozzolo Formigaro",
        "localita": "CAPOLUOGO",
        "via": "Strada Bissone",
        "comune_posa": "Pozzolo Formigaro",
        "tipologia": "DISTRIBUZIONE",
        "tip_rete": "DISTRIBUZIONE",
        "id": 14729,
        "etichetta": "PE DE110",
        "n_distretto": "02",
        "note_etichetta": null,
        "id_distretto": "POZ-DPZ02",
        "distretto_modello": "POZ-DPZ02"
      },
      "geometry": {
        "type": "LineString",
        "coordinates": [
          [
            8.795559287332631,
            44.810846451402846
          ],
          [
            8.79487605543649,
            44.81098851624158
          ],
          [
            8.794757587658724,
            44.811018222685924
          ]
        ]
      }
    },
    {
      "type": "Feature",
      "properties": {
        "materiale": "PE",
        "dn": "DE110",
        "classe_pre": null,
        "lunghezza": 7.4,
        "prof": 80,
        "anno_posa": 1980,
        "comune": "Pozzolo Formigaro",
        "localita": "CAPOLUOGO",
        "via": "Strada Roveri",
        "comune_posa": "Pozzolo Formigaro",
        "tipologia": "DISTRIBUZIONE",
        "tip_rete": "DISTRIBUZIONE",
        "id": 14731,
        "etichetta": "PE DE110",
        "n_distretto": "03",
        "note_etichetta": null,
        "id_distretto": "POZ-DPZ03",
        "distretto_modello": "POZ-DPZ03"
      },
      "geometry": {
        "type": "LineString",
        "coordinates": [
          [
            8.780079802378715,
            44.809924018467235
          ],
          [
            8.780078777230088,
            44.80999062036696
          ]
        ]
      }
    },
    {
      "type": "Feature",
      "properties": {
        "materiale": "?",
        "dn": "?",
        "classe_pre": null,
        "lunghezza": 1.96,
        "prof": 80,
        "anno_posa": 1980,
        "comune": "Pozzolo Formigaro",
        "localita": "CAPOLUOGO",
        "via": null,
        "comune_posa": "Pozzolo Formigaro",
        "tipologia": "DISTRIBUZIONE",
        "tip_rete": "DISTRIBUZIONE",
        "id": 14732,
        "etichetta": "? ?",
        "n_distretto": "03",
        "note_etichetta": null,
        "id_distretto": "POZ-DPZ03",
        "distretto_modello": "POZ-DPZ03"
      },
      "geometry": {
        "type": "LineString",
        "coordinates": [
          [
            8.780104602985967,
            44.80992429718289
          ],
          [
            8.780079802378715,
            44.809924018467235
          ]
        ]
      }
    },
    {
      "type": "Feature",
      "properties": {
        "materiale": "PE",
        "dn": "DE110",
        "classe_pre": null,
        "lunghezza": 0.52,
        "prof": 80,
        "anno_posa": 1980,
        "comune": "Pozzolo Formigaro",
        "localita": "CAPOLUOGO",
        "via": "Via Industria",
        "comune_posa": "Pozzolo Formigaro",
        "tipologia": "DISTRIBUZIONE",
        "tip_rete": "DISTRIBUZIONE",
        "id": 14733,
        "etichetta": "PE DE110",
        "n_distretto": "03",
        "note_etichetta": null,
        "id_distretto": "POZ-DPZ03",
        "distretto_modello": "POZ-DPZ03"
      },
      "geometry": {
        "type": "LineString",
        "coordinates": [
          [
            8.77663741307121,
            44.80325081505823
          ],
          [
            8.776643060533523,
            44.803248397050794
          ]
        ]
      }
    },
    {
      "type": "Feature",
      "properties": {
        "materiale": "PE",
        "dn": "DE63",
        "classe_pre": null,
        "lunghezza": 125.12,
        "prof": 80,
        "anno_posa": 2006,
        "comune": "Pozzolo Formigaro",
        "localita": "CAPOLUOGO",
        "via": "Via Ca' Bianca",
        "comune_posa": "Pozzolo Formigaro",
        "tipologia": "DISTRIBUZIONE",
        "tip_rete": "DISTRIBUZIONE",
        "id": 15710,
        "etichetta": "PE DE63",
        "n_distretto": "02",
        "note_etichetta": null,
        "id_distretto": "POZ-DPZ02",
        "distretto_modello": "POZ-DPZ02"
      },
      "geometry": {
        "type": "LineString",
        "coordinates": [
          [
            8.788383703064628,
            44.79645487139565
          ],
          [
            8.78868972782631,
            44.796389487455876
          ],
          [
            8.788993877451054,
            44.79626921410408
          ],
          [
            8.7890253705271,
            44.79624371088765
          ],
          [
            8.78904182520679,
            44.79621765175686
          ],
          [
            8.78904242721046,
            44.79619726712538
          ],
          [
            8.789021926973652,
            44.796174942251724
          ],
          [
            8.788988477761047,
            44.79615798035643
          ],
          [
            8.78896051967265,
            44.79615475992819
          ],
          [
            8.788795332023534,
            44.79615677832556
          ],
          [
            8.788621911350436,
            44.79617335758101
          ],
          [
            8.788283758298016,
            44.796240314933506
          ]
        ]
      }
    },
    {
      "type": "Feature",
      "properties": {
        "materiale": "PE",
        "dn": "DE110",
        "classe_pre": null,
        "lunghezza": 39,
        "prof": 80,
        "anno_posa": 2005,
        "comune": "Pozzolo Formigaro",
        "localita": "CAPOLUOGO",
        "via": "Via Boxilio",
        "comune_posa": "Pozzolo Formigaro",
        "tipologia": "DISTRIBUZIONE",
        "tip_rete": "DISTRIBUZIONE",
        "id": 15711,
        "etichetta": "PE DE110",
        "n_distretto": "02",
        "note_etichetta": null,
        "id_distretto": "POZ-DPZ02",
        "distretto_modello": "POZ-DPZ02"
      },
      "geometry": {
        "type": "LineString",
        "coordinates": [
          [
            8.788350497745704,
            44.79646239570892
          ],
          [
            8.788495571481569,
            44.79679797769356
          ]
        ]
      }
    },
    {
      "type": "Feature",
      "properties": {
        "materiale": "PE",
        "dn": "DE110",
        "classe_pre": null,
        "lunghezza": 25.2,
        "prof": 80,
        "anno_posa": 2005,
        "comune": "Pozzolo Formigaro",
        "localita": "CAPOLUOGO",
        "via": "Via Boxilio",
        "comune_posa": "Pozzolo Formigaro",
        "tipologia": "DISTRIBUZIONE",
        "tip_rete": "DISTRIBUZIONE",
        "id": 15712,
        "etichetta": "PE DE110",
        "n_distretto": "02",
        "note_etichetta": null,
        "id_distretto": "POZ-DPZ02",
        "distretto_modello": "POZ-DPZ02"
      },
      "geometry": {
        "type": "LineString",
        "coordinates": [
          [
            8.788254079155783,
            44.796246191615964
          ],
          [
            8.788350497745704,
            44.79646239570892
          ]
        ]
      }
    },
    {
      "type": "Feature",
      "properties": {
        "materiale": "?",
        "dn": "?",
        "classe_pre": null,
        "lunghezza": 2.76,
        "prof": 80,
        "anno_posa": 2006,
        "comune": "Pozzolo Formigaro",
        "localita": "CAPOLUOGO",
        "via": null,
        "comune_posa": "Pozzolo Formigaro",
        "tipologia": "DISTRIBUZIONE",
        "tip_rete": "DISTRIBUZIONE",
        "id": 15713,
        "etichetta": "? ?",
        "n_distretto": "02",
        "note_etichetta": null,
        "id_distretto": "POZ-DPZ02",
        "distretto_modello": "POZ-DPZ02"
      },
      "geometry": {
        "type": "LineString",
        "coordinates": [
          [
            8.788383703064628,
            44.79645487139565
          ],
          [
            8.788350497745704,
            44.79646239570892
          ]
        ]
      }
    },
    {
      "type": "Feature",
      "properties": {
        "materiale": "PE",
        "dn": "DE63",
        "classe_pre": null,
        "lunghezza": 2.44,
        "prof": 80,
        "anno_posa": 2006,
        "comune": "Pozzolo Formigaro",
        "localita": "CAPOLUOGO",
        "via": "Via Ca' Bianca",
        "comune_posa": "Pozzolo Formigaro",
        "tipologia": "DISTRIBUZIONE",
        "tip_rete": "DISTRIBUZIONE",
        "id": 15714,
        "etichetta": "PE DE63",
        "n_distretto": "02",
        "note_etichetta": null,
        "id_distretto": "POZ-DPZ02",
        "distretto_modello": "POZ-DPZ02"
      },
      "geometry": {
        "type": "LineString",
        "coordinates": [
          [
            8.788283758298016,
            44.796240314933506
          ],
          [
            8.788254079155783,
            44.796246191615964
          ]
        ]
      }
    },
    {
      "type": "Feature",
      "properties": {
        "materiale": "PE",
        "dn": "DE110",
        "classe_pre": null,
        "lunghezza": 3.16,
        "prof": 80,
        "anno_posa": 2005,
        "comune": "Pozzolo Formigaro",
        "localita": "CAPOLUOGO",
        "via": "Via Boxilio",
        "comune_posa": "Pozzolo Formigaro",
        "tipologia": "DISTRIBUZIONE",
        "tip_rete": "DISTRIBUZIONE",
        "id": 15715,
        "etichetta": "PE DE110",
        "n_distretto": "02",
        "note_etichetta": null,
        "id_distretto": "POZ-DPZ02",
        "distretto_modello": "POZ-DPZ02"
      },
      "geometry": {
        "type": "LineString",
        "coordinates": [
          [
            8.788495571481569,
            44.79679797769356
          ],
          [
            8.78850733355355,
            44.79682518533061
          ]
        ]
      }
    },
    {
      "type": "Feature",
      "properties": {
        "materiale": "PE",
        "dn": "DE110",
        "classe_pre": null,
        "lunghezza": 29.75,
        "prof": 80,
        "anno_posa": 2005,
        "comune": "Pozzolo Formigaro",
        "localita": "CAPOLUOGO",
        "via": "Via Boxilio",
        "comune_posa": "Pozzolo Formigaro",
        "tipologia": "DISTRIBUZIONE",
        "tip_rete": "DISTRIBUZIONE",
        "id": 15716,
        "etichetta": "PE DE110",
        "n_distretto": "02",
        "note_etichetta": null,
        "id_distretto": "POZ-DPZ02",
        "distretto_modello": "POZ-DPZ02"
      },
      "geometry": {
        "type": "LineString",
        "coordinates": [
          [
            8.788144522076523,
            44.79599003327876
          ],
          [
            8.788254079155783,
            44.796246191615964
          ]
        ]
      }
    },
    {
      "type": "Feature",
      "properties": {
        "materiale": "PE",
        "dn": "DE63",
        "classe_pre": null,
        "lunghezza": 104.82,
        "prof": 80,
        "anno_posa": 2017,
        "comune": "Pozzolo Formigaro",
        "localita": "CAPOLUOGO",
        "via": "Strada Provinciale Villalvernia",
        "comune_posa": "Pozzolo Formigaro",
        "tipologia": "DISTRIBUZIONE",
        "tip_rete": "DISTRIBUZIONE",
        "id": 16346,
        "etichetta": "PE DE63",
        "n_distretto": "04",
        "note_etichetta": null,
        "id_distretto": "POZ-DPZ04",
        "distretto_modello": "POZ-DPZ04"
      },
      "geometry": {
        "type": "LineString",
        "coordinates": [
          [
            8.798721362770001,
            44.79638340034919
          ],
          [
            8.798852041677593,
            44.796369636696504
          ],
          [
            8.798896967398283,
            44.79636349580478
          ],
          [
            8.798940013434493,
            44.79635247112021
          ],
          [
            8.798980139384925,
            44.79633682910423
          ],
          [
            8.799016375427428,
            44.79631694781678
          ],
          [
            8.799047845759521,
            44.796293307778505
          ],
          [
            8.7990753748639,
            44.796257102532834
          ],
          [
            8.799110960543906,
            44.79622465217596
          ],
          [
            8.799153615930594,
            44.79619685661603
          ],
          [
            8.799202158104238,
            44.79617448667397
          ],
          [
            8.79925524089889,
            44.796158162707755
          ],
          [
            8.799311392233436,
            44.796148337409356
          ],
          [
            8.799369054933921,
            44.796145283251235
          ],
          [
            8.799426629915141,
            44.79614908493049
          ],
          [
            8.79948252052442,
            44.79615963702002
          ],
          [
            8.79953517681781,
            44.796176646892285
          ],
          [
            8.799583138541353,
            44.79619964283395
          ],
          [
            8.799625075625423,
            44.796227987126905
          ],
          [
            8.799659825069421,
            44.796260893732764
          ],
          [
            8.799818310032723,
            44.796361970832166
          ]
        ]
      }
    },
    {
      "type": "Feature",
      "properties": {
        "materiale": "PE",
        "dn": "DE110",
        "classe_pre": "PN16",
        "lunghezza": 52.67,
        "prof": 80,
        "anno_posa": 2018,
        "comune": "Pozzolo Formigaro",
        "localita": "CAPOLUOGO",
        "via": "Strada Bissone",
        "comune_posa": "Pozzolo Formigaro",
        "tipologia": "DISTRIBUZIONE",
        "tip_rete": "DISTRIBUZIONE",
        "id": 16347,
        "etichetta": "PE DE110",
        "n_distretto": "02",
        "note_etichetta": null,
        "id_distretto": "POZ-DPZ02",
        "distretto_modello": "POZ-DPZ02"
      },
      "geometry": {
        "type": "LineString",
        "coordinates": [
          [
            8.794757587658724,
            44.811018222685924
          ],
          [
            8.794228683992031,
            44.81109605946379
          ],
          [
            8.794193835765832,
            44.81110032627037
          ],
          [
            8.794182175971146,
            44.811069429742126
          ],
          [
            8.794138774586052,
            44.81107962773502
          ]
        ]
      }
    },
    {
      "type": "Feature",
      "properties": {
        "materiale": "PE",
        "dn": "DE160",
        "classe_pre": null,
        "lunghezza": 251.3,
        "prof": 80,
        "anno_posa": 2018,
        "comune": "Pozzolo Formigaro",
        "localita": "CAPOLUOGO",
        "via": "Via Frascheta",
        "comune_posa": "Pozzolo Formigaro",
        "tipologia": "DISTRIBUZIONE",
        "tip_rete": "DISTRIBUZIONE",
        "id": 16376,
        "etichetta": "PE DE160",
        "n_distretto": "02",
        "note_etichetta": null,
        "id_distretto": "POZ-DPZ02",
        "distretto_modello": "POZ-DPZ02"
      },
      "geometry": {
        "type": "LineString",
        "coordinates": [
          [
            8.789144700214072,
            44.79509740834889
          ],
          [
            8.789161434168578,
            44.79504819634523
          ],
          [
            8.788928027325172,
            44.79495014768219
          ],
          [
            8.788926080707622,
            44.79494748007159
          ],
          [
            8.78896497132518,
            44.79488741845992
          ],
          [
            8.788989535894872,
            44.794846635761004
          ],
          [
            8.788779361102943,
            44.79434049390422
          ],
          [
            8.788612392325165,
            44.79394922123743
          ],
          [
            8.788588609214061,
            44.79389876645966
          ],
          [
            8.78820953065849,
            44.79304162734838
          ],
          [
            8.78820184810293,
            44.79302598568169
          ]
        ]
      }
    },
    {
      "type": "Feature",
      "properties": {
        "materiale": "PE",
        "dn": "DE63",
        "classe_pre": null,
        "lunghezza": 33.02,
        "prof": 80,
        "anno_posa": 2018,
        "comune": "Pozzolo Formigaro",
        "localita": "CAPOLUOGO",
        "via": "Via Frascheta",
        "comune_posa": "Pozzolo Formigaro",
        "tipologia": "DISTRIBUZIONE",
        "tip_rete": "DISTRIBUZIONE",
        "id": 16377,
        "etichetta": "PE DE63",
        "n_distretto": "02",
        "note_etichetta": null,
        "id_distretto": "POZ-DPZ02",
        "distretto_modello": "POZ-DPZ02"
      },
      "geometry": {
        "type": "LineString",
        "coordinates": [
          [
            8.788185542325156,
            44.79299410468167
          ],
          [
            8.788201442987498,
            44.7929916395512
          ],
          [
            8.788594091547386,
            44.792932832903844
          ]
        ]
      }
    },
    {
      "type": "Feature",
      "properties": {
        "materiale": "PVC",
        "dn": "DE63",
        "classe_pre": null,
        "lunghezza": 27.47,
        "prof": 80,
        "anno_posa": 1980,
        "comune": "Pozzolo Formigaro",
        "localita": "CAPOLUOGO",
        "via": "Strada Provinciale Villalvernia",
        "comune_posa": "Pozzolo Formigaro",
        "tipologia": "DISTRIBUZIONE",
        "tip_rete": "DISTRIBUZIONE",
        "id": 16378,
        "etichetta": "PVC DE63",
        "n_distretto": "02",
        "note_etichetta": null,
        "id_distretto": "POZ-DPZ02",
        "distretto_modello": "POZ-DPZ02"
      },
      "geometry": {
        "type": "LineString",
        "coordinates": [
          [
            8.788926080707622,
            44.79494748007159
          ],
          [
            8.78892368976963,
            44.79494492279326
          ],
          [
            8.788691928533549,
            44.794764860018425
          ]
        ]
      }
    },
    {
      "type": "Feature",
      "properties": {
        "materiale": "PE",
        "dn": "DE160",
        "classe_pre": null,
        "lunghezza": 48.79,
        "prof": 80,
        "anno_posa": 2018,
        "comune": "Pozzolo Formigaro",
        "localita": "CAPOLUOGO",
        "via": "Via Frascheta",
        "comune_posa": "Pozzolo Formigaro",
        "tipologia": "DISTRIBUZIONE",
        "tip_rete": "DISTRIBUZIONE",
        "id": 16379,
        "etichetta": "PE DE160",
        "n_distretto": "02",
        "note_etichetta": null,
        "id_distretto": "POZ-DPZ02",
        "distretto_modello": "POZ-DPZ02"
      },
      "geometry": {
        "type": "LineString",
        "coordinates": [
          [
            8.788185542325143,
            44.79299410468168
          ],
          [
            8.787948711027289,
            44.7925885542397
          ]
        ]
      }
    },
    {
      "type": "Feature",
      "properties": {
        "materiale": "PE",
        "dn": "DE180",
        "classe_pre": null,
        "lunghezza": 3.77,
        "prof": 80,
        "anno_posa": 2018,
        "comune": "Pozzolo Formigaro",
        "localita": "CAPOLUOGO",
        "via": "Via Frascheta",
        "comune_posa": "Pozzolo Formigaro",
        "tipologia": "DISTRIBUZIONE",
        "tip_rete": "DISTRIBUZIONE",
        "id": 16380,
        "etichetta": "PE DE180",
        "n_distretto": "02",
        "note_etichetta": null,
        "id_distretto": "POZ-DPZ02",
        "distretto_modello": "POZ-DPZ02"
      },
      "geometry": {
        "type": "LineString",
        "coordinates": [
          [
            8.78820184810293,
            44.79302598568168
          ],
          [
            8.788185542325156,
            44.79299410468167
          ]
        ]
      }
    },
    {
      "type": "Feature",
      "properties": {
        "materiale": "PE",
        "dn": "DE110",
        "classe_pre": "PN16",
        "lunghezza": 84.39,
        "prof": 80,
        "anno_posa": 2018,
        "comune": "Pozzolo Formigaro",
        "localita": "CAPOLUOGO",
        "via": "Via Vallicella",
        "comune_posa": "Pozzolo Formigaro",
        "tipologia": "DISTRIBUZIONE",
        "tip_rete": "DISTRIBUZIONE",
        "id": 16391,
        "etichetta": "PE DE110",
        "n_distretto": "02",
        "note_etichetta": null,
        "id_distretto": "POZ-DPZ02",
        "distretto_modello": "POZ-DPZ02"
      },
      "geometry": {
        "type": "LineString",
        "coordinates": [
          [
            8.790644607746229,
            44.798696811839285
          ],
          [
            8.790624706658578,
            44.798700296016335
          ],
          [
            8.790091213991882,
            44.79879013401641
          ],
          [
            8.78960845358851,
            44.7988778947669
          ]
        ]
      }
    },
    {
      "type": "Feature",
      "properties": {
        "materiale": "PE",
        "dn": "DE160",
        "classe_pre": "PN16",
        "lunghezza": 82.75,
        "prof": 80,
        "anno_posa": 2018,
        "comune": "Pozzolo Formigaro",
        "localita": "CAPOLUOGO",
        "via": "Via Frascheta",
        "comune_posa": "Pozzolo Formigaro",
        "tipologia": "DISTRIBUZIONE",
        "tip_rete": "DISTRIBUZIONE",
        "id": 16395,
        "etichetta": "PE DE160",
        "n_distretto": "02",
        "note_etichetta": null,
        "id_distretto": "POZ-DPZ02",
        "distretto_modello": "POZ-DPZ02"
      },
      "geometry": {
        "type": "LineString",
        "coordinates": [
          [
            8.791596504479484,
            44.80116838804399
          ],
          [
            8.791379310880819,
            44.800451355461234
          ],
          [
            8.791374771920395,
            44.80044044066346
          ]
        ]
      }
    },
    {
      "type": "Feature",
      "properties": {
        "materiale": "PE",
        "dn": "DE90",
        "classe_pre": null,
        "lunghezza": 39.58,
        "prof": 80,
        "anno_posa": 1980,
        "comune": "Pozzolo Formigaro",
        "localita": "CAPOLUOGO",
        "via": null,
        "comune_posa": "Pozzolo Formigaro",
        "tipologia": "DISTRIBUZIONE",
        "tip_rete": "DISTRIBUZIONE",
        "id": 16396,
        "etichetta": "PE DE90",
        "n_distretto": "02",
        "note_etichetta": null,
        "id_distretto": "POZ-DPZ02",
        "distretto_modello": "POZ-DPZ02"
      },
      "geometry": {
        "type": "LineString",
        "coordinates": [
          [
            8.789302432900525,
            44.795483629450125
          ],
          [
            8.78927343335495,
            44.79548914032543
          ],
          [
            8.788946359648994,
            44.795551294592194
          ],
          [
            8.788889864466048,
            44.795466428268476
          ]
        ]
      }
    },
    {
      "type": "Feature",
      "properties": {
        "materiale": "PE",
        "dn": "DE160",
        "classe_pre": "PN16",
        "lunghezza": 45.64,
        "prof": 80,
        "anno_posa": 2018,
        "comune": "Pozzolo Formigaro",
        "localita": "CAPOLUOGO",
        "via": "Via Frascheta",
        "comune_posa": "Pozzolo Formigaro",
        "tipologia": "DISTRIBUZIONE",
        "tip_rete": "DISTRIBUZIONE",
        "id": 16397,
        "etichetta": "PE DE160",
        "n_distretto": "02",
        "note_etichetta": null,
        "id_distretto": "POZ-DPZ02",
        "distretto_modello": "POZ-DPZ02"
      },
      "geometry": {
        "type": "LineString",
        "coordinates": [
          [
            8.789302432900525,
            44.795483629450125
          ],
          [
            8.789258371351993,
            44.79538314587921
          ],
          [
            8.78912602835616,
            44.79512182946496
          ],
          [
            8.789144700214072,
            44.79509740834889
          ]
        ]
      }
    },
    {
      "type": "Feature",
      "properties": {
        "materiale": "PE",
        "dn": "DE160",
        "classe_pre": "PN16",
        "lunghezza": 115.02,
        "prof": 80,
        "anno_posa": 2018,
        "comune": "Pozzolo Formigaro",
        "localita": "CAPOLUOGO",
        "via": "Via Frascheta",
        "comune_posa": "Pozzolo Formigaro",
        "tipologia": "DISTRIBUZIONE",
        "tip_rete": "DISTRIBUZIONE",
        "id": 16398,
        "etichetta": "PE DE160",
        "n_distretto": "02",
        "note_etichetta": null,
        "id_distretto": "POZ-DPZ02",
        "distretto_modello": "POZ-DPZ02"
      },
      "geometry": {
        "type": "LineString",
        "coordinates": [
          [
            8.789739479028746,
            44.79647020134774
          ],
          [
            8.789425592397585,
            44.79569913910854
          ],
          [
            8.789302432900525,
            44.795483629450125
          ]
        ]
      }
    },
    {
      "type": "Feature",
      "properties": {
        "materiale": "PE",
        "dn": "DE160",
        "classe_pre": "PN16",
        "lunghezza": 250.46,
        "prof": 80,
        "anno_posa": 2018,
        "comune": "Pozzolo Formigaro",
        "localita": "CAPOLUOGO",
        "via": "Via Frascheta",
        "comune_posa": "Pozzolo Formigaro",
        "tipologia": "DISTRIBUZIONE",
        "tip_rete": "DISTRIBUZIONE",
        "id": 16399,
        "etichetta": "PE DE160",
        "n_distretto": "02",
        "note_etichetta": null,
        "id_distretto": "POZ-DPZ02",
        "distretto_modello": "POZ-DPZ02"
      },
      "geometry": {
        "type": "LineString",
        "coordinates": [
          [
            8.790613433215926,
            44.798636503096354
          ],
          [
            8.790567684214114,
            44.79854536523854
          ],
          [
            8.790469612436347,
            44.79831827268293
          ],
          [
            8.790342156214123,
            44.798025155016205
          ],
          [
            8.7903404709919,
            44.798021867016224
          ],
          [
            8.79025843454745,
            44.79782498001614
          ],
          [
            8.789986762846697,
            44.797160865595615
          ],
          [
            8.789865666463227,
            44.796850619790334
          ],
          [
            8.789739479028746,
            44.79647020134774
          ]
        ]
      }
    },
    {
      "type": "Feature",
      "properties": {
        "materiale": "PE",
        "dn": "DE160",
        "classe_pre": "PN16",
        "lunghezza": 7.14,
        "prof": 80,
        "anno_posa": 2018,
        "comune": "Pozzolo Formigaro",
        "localita": "CAPOLUOGO",
        "via": "Via Frascheta",
        "comune_posa": "Pozzolo Formigaro",
        "tipologia": "DISTRIBUZIONE",
        "tip_rete": "DISTRIBUZIONE",
        "id": 16400,
        "etichetta": "PE DE160",
        "n_distretto": "02",
        "note_etichetta": null,
        "id_distretto": "POZ-DPZ02",
        "distretto_modello": "POZ-DPZ02"
      },
      "geometry": {
        "type": "LineString",
        "coordinates": [
          [
            8.790644607746229,
            44.798696811839285
          ],
          [
            8.790613433215926,
            44.798636503096354
          ]
        ]
      }
    },
    {
      "type": "Feature",
      "properties": {
        "materiale": "PE",
        "dn": "DE160",
        "classe_pre": null,
        "lunghezza": 35.37,
        "prof": 80,
        "anno_posa": 2018,
        "comune": "Pozzolo Formigaro",
        "localita": "CAPOLUOGO",
        "via": "Via Frascheta",
        "comune_posa": "Pozzolo Formigaro",
        "tipologia": "DISTRIBUZIONE",
        "tip_rete": "DISTRIBUZIONE",
        "id": 16401,
        "etichetta": "PE DE160",
        "n_distretto": "02",
        "note_etichetta": null,
        "id_distretto": "POZ-DPZ02",
        "distretto_modello": "POZ-DPZ02"
      },
      "geometry": {
        "type": "LineString",
        "coordinates": [
          [
            8.791596504479482,
            44.80116838804399
          ],
          [
            8.791580309547493,
            44.801171029794745
          ],
          [
            8.79116367162994,
            44.80124856348355
          ]
        ]
      }
    },
    {
      "type": "Feature",
      "properties": {
        "materiale": "PE",
        "dn": "DE160",
        "classe_pre": "PN16",
        "lunghezza": 188.2,
        "prof": 80,
        "anno_posa": 2018,
        "comune": "Pozzolo Formigaro",
        "localita": "CAPOLUOGO",
        "via": "Via Frascheta",
        "comune_posa": "Pozzolo Formigaro",
        "tipologia": "DISTRIBUZIONE",
        "tip_rete": "DISTRIBUZIONE",
        "id": 16402,
        "etichetta": "PE DE160",
        "n_distretto": "02",
        "note_etichetta": null,
        "id_distretto": "POZ-DPZ02",
        "distretto_modello": "POZ-DPZ02"
      },
      "geometry": {
        "type": "LineString",
        "coordinates": [
          [
            8.791325303769701,
            44.800320113905656
          ],
          [
            8.791246686658592,
            44.800137028127786
          ],
          [
            8.79124530876971,
            44.80013441468336
          ],
          [
            8.791033475880814,
            44.79964007234992
          ],
          [
            8.7907766458808,
            44.799036113905366
          ],
          [
            8.790644607746229,
            44.798696811839285
          ]
        ]
      }
    },
    {
      "type": "Feature",
      "properties": {
        "materiale": "PE",
        "dn": "DE160",
        "classe_pre": "PN16",
        "lunghezza": 1.81,
        "prof": 80,
        "anno_posa": 2018,
        "comune": "Pozzolo Formigaro",
        "localita": "CAPOLUOGO",
        "via": "Via Frascheta",
        "comune_posa": "Pozzolo Formigaro",
        "tipologia": "DISTRIBUZIONE",
        "tip_rete": "DISTRIBUZIONE",
        "id": 16403,
        "etichetta": "PE DE160",
        "n_distretto": "02",
        "note_etichetta": null,
        "id_distretto": "POZ-DPZ02",
        "distretto_modello": "POZ-DPZ02"
      },
      "geometry": {
        "type": "LineString",
        "coordinates": [
          [
            8.791331743369113,
            44.800335762674614
          ],
          [
            8.791325303769714,
            44.800320113905656
          ]
        ]
      }
    },
    {
      "type": "Feature",
      "properties": {
        "materiale": "PE",
        "dn": "DE160",
        "classe_pre": null,
        "lunghezza": 725.33,
        "prof": 80,
        "anno_posa": 2018,
        "comune": "Pozzolo Formigaro",
        "localita": "CAPOLUOGO",
        "via": "Via Frascheta",
        "comune_posa": "Pozzolo Formigaro",
        "tipologia": "DISTRIBUZIONE",
        "tip_rete": "DISTRIBUZIONE",
        "id": 16443,
        "etichetta": "PE DE160",
        "n_distretto": "02",
        "note_etichetta": null,
        "id_distretto": "POZ-DPZ02",
        "distretto_modello": "POZ-DPZ02"
      },
      "geometry": {
        "type": "LineString",
        "coordinates": [
          [
            8.79174597694478,
            44.80694980527336
          ],
          [
            8.791761704722832,
            44.80694615615217
          ],
          [
            8.792452973890265,
            44.80678576694331
          ],
          [
            8.792624511313402,
            44.806728713100384
          ],
          [
            8.792777734766561,
            44.80665348824346
          ],
          [
            8.792878878629203,
            44.80658683129189
          ],
          [
            8.792982286789682,
            44.806504325300914
          ],
          [
            8.79308132184253,
            44.806405537796856
          ],
          [
            8.793155605589467,
            44.80629880010026
          ],
          [
            8.79319867050036,
            44.80620678333351
          ],
          [
            8.793224574647052,
            44.80613384902513
          ],
          [
            8.793244442785506,
            44.80604135500377
          ],
          [
            8.79325000375244,
            44.805957054873936
          ],
          [
            8.793238785499234,
            44.80583256229034
          ],
          [
            8.793216116784217,
            44.80573349070281
          ],
          [
            8.791596504479482,
            44.80116838804399
          ]
        ]
      }
    },
    {
      "type": "Feature",
      "properties": {
        "materiale": "PE",
        "dn": "DE160",
        "classe_pre": null,
        "lunghezza": 501.55,
        "prof": 80,
        "anno_posa": 2019,
        "comune": "Pozzolo Formigaro",
        "localita": "CAPOLUOGO",
        "via": "Via Frascheta",
        "comune_posa": "Pozzolo Formigaro",
        "tipologia": "DISTRIBUZIONE",
        "tip_rete": "DISTRIBUZIONE",
        "id": 16444,
        "etichetta": "PE DE160",
        "n_distretto": "02",
        "note_etichetta": null,
        "id_distretto": "POZ-DPZ02",
        "distretto_modello": "POZ-DPZ02"
      },
      "geometry": {
        "type": "LineString",
        "coordinates": [
          [
            8.793943104658691,
            44.81113811857485
          ],
          [
            8.793905512547571,
            44.811059571352644
          ],
          [
            8.792791411547542,
            44.80923932712999
          ],
          [
            8.792471672991965,
            44.80871142701878
          ],
          [
            8.79176815721417,
            44.80748184068515
          ],
          [
            8.791819014214163,
            44.80706745201834
          ],
          [
            8.791767914290402,
            44.806956662121515
          ],
          [
            8.791763861769722,
            44.80694978646278
          ],
          [
            8.791761704722832,
            44.80694615615217
          ]
        ]
      }
    },
    {
      "type": "Feature",
      "properties": {
        "materiale": "PVC",
        "dn": "DE200",
        "classe_pre": null,
        "lunghezza": 51.64,
        "prof": 80,
        "anno_posa": 1980,
        "comune": "Pozzolo Formigaro",
        "localita": "CAPOLUOGO",
        "via": "Strada Bissone",
        "comune_posa": "Pozzolo Formigaro",
        "tipologia": "DISTRIBUZIONE",
        "tip_rete": "DISTRIBUZIONE",
        "id": 16672,
        "etichetta": "PVC DE200",
        "n_distretto": "02",
        "note_etichetta": null,
        "id_distretto": "POZ-DPZ02",
        "distretto_modello": "POZ-DPZ02"
      },
      "geometry": {
        "type": "LineString",
        "coordinates": [
          [
            8.793943104658686,
            44.811138118574895
          ],
          [
            8.793857730927051,
            44.811161476477984
          ],
          [
            8.793573915025352,
            44.8110878253989
          ],
          [
            8.793381954295128,
            44.811156515143445
          ],
          [
            8.79333919624561,
            44.81116578477456
          ]
        ]
      }
    },
    {
      "type": "Feature",
      "properties": {
        "materiale": "PVC",
        "dn": "DE160",
        "classe_pre": null,
        "lunghezza": 1.89,
        "prof": 80,
        "anno_posa": 1980,
        "comune": "Pozzolo Formigaro",
        "localita": "CAPOLUOGO",
        "via": "Via Tortona ",
        "comune_posa": "Pozzolo Formigaro",
        "tipologia": "DISTRIBUZIONE",
        "tip_rete": "DISTRIBUZIONE",
        "id": 16814,
        "etichetta": "PVC DE160",
        "n_distretto": "02",
        "note_etichetta": null,
        "id_distretto": "POZ-DPZ02",
        "distretto_modello": "POZ-DPZ02"
      },
      "geometry": {
        "type": "LineString",
        "coordinates": [
          [
            8.791162429436365,
            44.80690394435163
          ],
          [
            8.791171279035359,
            44.80691974628421
          ]
        ]
      }
    },
    {
      "type": "Feature",
      "properties": {
        "materiale": "PE",
        "dn": "DE160",
        "classe_pre": "PN16",
        "lunghezza": 26.8,
        "prof": 80,
        "anno_posa": 2019,
        "comune": "Pozzolo Formigaro",
        "localita": "CAPOLUOGO",
        "via": "Strada Tortona (SP211)",
        "comune_posa": "Pozzolo Formigaro",
        "tipologia": "DISTRIBUZIONE",
        "tip_rete": "DISTRIBUZIONE",
        "id": 16815,
        "etichetta": "PE DE160",
        "n_distretto": "02",
        "note_etichetta": null,
        "id_distretto": "POZ-DPZ02",
        "distretto_modello": "POZ-DPZ02"
      },
      "geometry": {
        "type": "LineString",
        "coordinates": [
          [
            8.79115591810302,
            44.80718257201834
          ],
          [
            8.791175245818586,
            44.80719011680361
          ],
          [
            8.791254768896344,
            44.80721259398367
          ],
          [
            8.791329537449457,
            44.80724649291624
          ],
          [
            8.791373953104113,
            44.8072741977575
          ],
          [
            8.791417343436365,
            44.807325018018425
          ]
        ]
      }
    },
    {
      "type": "Feature",
      "properties": {
        "materiale": "PE",
        "dn": "DE160",
        "classe_pre": "PN16",
        "lunghezza": 30.49,
        "prof": 80,
        "anno_posa": 2019,
        "comune": "Pozzolo Formigaro",
        "localita": "CAPOLUOGO",
        "via": "Strada Tortona (SP211)",
        "comune_posa": "Pozzolo Formigaro",
        "tipologia": "DISTRIBUZIONE",
        "tip_rete": "DISTRIBUZIONE",
        "id": 16816,
        "etichetta": "PE DE160",
        "n_distretto": "02",
        "note_etichetta": null,
        "id_distretto": "POZ-DPZ02",
        "distretto_modello": "POZ-DPZ02"
      },
      "geometry": {
        "type": "LineString",
        "coordinates": [
          [
            8.791171279035371,
            44.80691974628425
          ],
          [
            8.791162527547474,
            44.80694269735163
          ],
          [
            8.791124672436355,
            44.80701902824057
          ],
          [
            8.79110918343636,
            44.807066286796186
          ],
          [
            8.791119530436369,
            44.8071039973517
          ],
          [
            8.79114202054747,
            44.80714837412952
          ],
          [
            8.79115591810302,
            44.80718257201834
          ]
        ]
      }
    },
    {
      "type": "Feature",
      "properties": {
        "materiale": "PE",
        "dn": "DE160",
        "classe_pre": "PN16",
        "lunghezza": 45.75,
        "prof": 80,
        "anno_posa": 2019,
        "comune": "Pozzolo Formigaro",
        "localita": "CAPOLUOGO",
        "via": "Strada Tortona (SP211)",
        "comune_posa": "Pozzolo Formigaro",
        "tipologia": "DISTRIBUZIONE",
        "tip_rete": "DISTRIBUZIONE",
        "id": 16817,
        "etichetta": "PE DE160",
        "n_distretto": "02",
        "note_etichetta": null,
        "id_distretto": "POZ-DPZ02",
        "distretto_modello": "POZ-DPZ02"
      },
      "geometry": {
        "type": "LineString",
        "coordinates": [
          [
            8.79174597694478,
            44.80694980527336
          ],
          [
            8.791703991770264,
            44.80695538133665
          ],
          [
            8.7916003052397,
            44.80695318125948
          ],
          [
            8.791365162214156,
            44.806927553907244
          ],
          [
            8.791171279035371,
            44.80691974628425
          ]
        ]
      }
    },
    {
      "type": "Feature",
      "properties": {
        "materiale": "PE",
        "dn": "DE63",
        "classe_pre": null,
        "lunghezza": 89.19,
        "prof": 80,
        "anno_posa": 2019,
        "comune": "Pozzolo Formigaro",
        "localita": "CAPOLUOGO",
        "via": "S. P. 151 Pozzolo - Villalvernia",
        "comune_posa": "Pozzolo Formigaro",
        "tipologia": "DISTRIBUZIONE",
        "tip_rete": "DISTRIBUZIONE",
        "id": 17807,
        "etichetta": "PE DE63",
        "n_distretto": "04",
        "note_etichetta": null,
        "id_distretto": "POZ-DPZ04",
        "distretto_modello": "POZ-DPZ04"
      },
      "geometry": {
        "type": "LineString",
        "coordinates": [
          [
            8.797601072547726,
            44.79646494379365
          ],
          [
            8.798132685325523,
            44.796432760015804
          ],
          [
            8.798597966103335,
            44.79640552357134
          ],
          [
            8.798721362770001,
            44.79638340034919
          ]
        ]
      }
    },
    {
      "type": "Feature",
      "properties": {
        "materiale": "PVC",
        "dn": "DE63",
        "classe_pre": null,
        "lunghezza": 1470.92,
        "prof": 80,
        "anno_posa": 1980,
        "comune": "Pozzolo Formigaro",
        "localita": "CAPOLUOGO",
        "via": "Strada Provinciale Villalvernia",
        "comune_posa": "Pozzolo Formigaro",
        "tipologia": "DISTRIBUZIONE",
        "tip_rete": "DISTRIBUZIONE",
        "id": 17808,
        "etichetta": "PVC DE63",
        "n_distretto": "04",
        "note_etichetta": null,
        "id_distretto": "POZ-DPZ04",
        "distretto_modello": "POZ-DPZ04"
      },
      "geometry": {
        "type": "LineString",
        "coordinates": [
          [
            8.799818310032723,
            44.796361970832166
          ],
          [
            8.79999266423161,
            44.796451686711706
          ],
          [
            8.800141666733552,
            44.79645465003141
          ],
          [
            8.80029821101409,
            44.79647249066403
          ],
          [
            8.800591246222815,
            44.79652855319488
          ],
          [
            8.801176308898516,
            44.79667252924062
          ],
          [
            8.801388202510797,
            44.79675721153888
          ],
          [
            8.80160344850385,
            44.79683749359628
          ],
          [
            8.801821866683103,
            44.79691330819933
          ],
          [
            8.801842297941265,
            44.796919591306455
          ],
          [
            8.80195654828297,
            44.796951846167715
          ],
          [
            8.802441193291202,
            44.79703990903782
          ],
          [
            8.80256058745268,
            44.79705978797868
          ],
          [
            8.802693281306842,
            44.79708290166831
          ],
          [
            8.802861875672612,
            44.79710812428045
          ],
          [
            8.8030626180865,
            44.797136530500495
          ],
          [
            8.803403605383464,
            44.79718638277708
          ],
          [
            8.803540981043794,
            44.79720487303926
          ],
          [
            8.803872293505398,
            44.79725049034457
          ],
          [
            8.804165861740573,
            44.797307556271264
          ],
          [
            8.804392736676554,
            44.79735241880567
          ],
          [
            8.804489393779853,
            44.79737520970299
          ],
          [
            8.804688439736038,
            44.797424863761705
          ],
          [
            8.8049893899301,
            44.797496346318034
          ],
          [
            8.805229240482374,
            44.79755645817154
          ],
          [
            8.805359107597699,
            44.79758859828278
          ],
          [
            8.805488919689134,
            44.7976208510346
          ],
          [
            8.805618676564045,
            44.79765321637906
          ],
          [
            8.805751283962032,
            44.79768507023049
          ],
          [
            8.80588356229978,
            44.797718287650255
          ],
          [
            8.806015767359922,
            44.797751652787014
          ],
          [
            8.806147898817224,
            44.79778516555909
          ],
          [
            8.806593186793783,
            44.79789453107246
          ],
          [
            8.806821376877597,
            44.797947237377315
          ],
          [
            8.807049105684516,
            44.79800343050813
          ],
          [
            8.807322606452104,
            44.79806890461869
          ],
          [
            8.807604220662402,
            44.798141096541045
          ],
          [
            8.807800388377519,
            44.7981966295955
          ],
          [
            8.808167281551388,
            44.79829751802295
          ],
          [
            8.808321749837221,
            44.798342260032335
          ],
          [
            8.8084163467594,
            44.79837323606745
          ],
          [
            8.808910816365536,
            44.79852655040489
          ],
          [
            8.809074851305649,
            44.79858268980204
          ],
          [
            8.80927017593391,
            44.79864865809297
          ],
          [
            8.809504416548508,
            44.79873019115535
          ],
          [
            8.809769119127107,
            44.798820776567595
          ],
          [
            8.8098006400539,
            44.798818250130516
          ],
          [
            8.810172367185864,
            44.79896299095623
          ],
          [
            8.810373388106308,
            44.799040353688675
          ],
          [
            8.810440550517727,
            44.79906376206527
          ],
          [
            8.81075762895402,
            44.79916854769831
          ],
          [
            8.81080768236517,
            44.79918411474302
          ],
          [
            8.81089249155271,
            44.79920932739529
          ],
          [
            8.810970750016457,
            44.79924524243968
          ],
          [
            8.81103790249546,
            44.79926178486061
          ],
          [
            8.811511199641949,
            44.79941378345643
          ],
          [
            8.811689237938634,
            44.79947436525268
          ],
          [
            8.811727377579377,
            44.79948064429753
          ],
          [
            8.812240441034751,
            44.79969189393461
          ],
          [
            8.812418293580405,
            44.799765929564565
          ],
          [
            8.81270793076269,
            44.79987896654379
          ],
          [
            8.812960126074307,
            44.79996445153966
          ],
          [
            8.813171851302029,
            44.80002772047054
          ],
          [
            8.813417035939535,
            44.80010379033654
          ],
          [
            8.813753066124063,
            44.80021362143444
          ],
          [
            8.813920554654393,
            44.80025971511079
          ],
          [
            8.814288579747213,
            44.800321842784584
          ],
          [
            8.814459450225074,
            44.800353519516044
          ],
          [
            8.814612177564157,
            44.800383408059865
          ],
          [
            8.814843366766635,
            44.800447339286315
          ],
          [
            8.815011427713971,
            44.80049117858941
          ],
          [
            8.815179567119555,
            44.80053486537566
          ],
          [
            8.815347784710092,
            44.80057839957432
          ],
          [
            8.815501787939176,
            44.800617459109404
          ],
          [
            8.815639864400389,
            44.80065136407719
          ],
          [
            8.815711405606818,
            44.80067048440416
          ],
          [
            8.815862213450368,
            44.800702069250875
          ],
          [
            8.81615860621394,
            44.800762216625834
          ],
          [
            8.816301371742547,
            44.80079189027158
          ],
          [
            8.816445811031361,
            44.80082616726708
          ],
          [
            8.816611449757007,
            44.80085529042127
          ],
          [
            8.816905291805417,
            44.800898139795734
          ],
          [
            8.817038827630702,
            44.80090325304351
          ],
          [
            8.817094908856136,
            44.80090773205664
          ],
          [
            8.817130669149968,
            44.80091909078458
          ],
          [
            8.817142271338374,
            44.80094092255338
          ]
        ]
      }
    },
    {
      "type": "Feature",
      "properties": {
        "materiale": "GH",
        "dn": "DN90",
        "classe_pre": "PN 16",
        "lunghezza": 499.83,
        "prof": null,
        "anno_posa": 2020,
        "comune": "Pozzolo Formigaro",
        "localita": "Frazione Bettole di Pozzolo",
        "via": "Via Bettole",
        "comune_posa": "Pozzolo Formigaro",
        "tipologia": "DISTRIBUZIONE",
        "tip_rete": "DISTRIBUZIONE",
        "id": 20028,
        "etichetta": "GH DN90",
        "n_distretto": "04",
        "note_etichetta": null,
        "id_distretto": "POZ-DPZ04",
        "distretto_modello": "POZ-DPZ04"
      },
      "geometry": {
        "type": "LineString",
        "coordinates": [
          [
            8.823498363291424,
            44.806912617507884
          ],
          [
            8.823520577222192,
            44.80691437457936
          ],
          [
            8.823525571543918,
            44.80691333215486
          ],
          [
            8.823556510775035,
            44.80690462535348
          ],
          [
            8.823591766328892,
            44.80689419803622
          ],
          [
            8.823737570550175,
            44.80691215809056
          ],
          [
            8.82401091439813,
            44.806945827848615
          ],
          [
            8.824264524584533,
            44.806978213055686
          ],
          [
            8.824449134449157,
            44.807001786766115
          ],
          [
            8.824554723882214,
            44.80701526983956
          ],
          [
            8.824967859606616,
            44.8070653924775
          ],
          [
            8.825168435424128,
            44.80708972625675
          ],
          [
            8.825222445135916,
            44.8070962733058
          ],
          [
            8.825459798200693,
            44.80712504488789
          ],
          [
            8.825618000576197,
            44.80714422165247
          ],
          [
            8.825957250338112,
            44.80718617136247
          ],
          [
            8.825962179057413,
            44.80718667742247
          ],
          [
            8.826090238714446,
            44.8071998259673
          ],
          [
            8.82625218152955,
            44.80722073574586
          ],
          [
            8.826271572213097,
            44.807223239421255
          ],
          [
            8.826344722578375,
            44.80723203295689
          ],
          [
            8.826421176454511,
            44.80724122356054
          ],
          [
            8.826706092567088,
            44.807277230539825
          ],
          [
            8.826766399916231,
            44.807284851933524
          ],
          [
            8.826770246939743,
            44.80728533810331
          ],
          [
            8.827164684406727,
            44.80733388478158
          ],
          [
            8.827332393072059,
            44.80735452563541
          ],
          [
            8.827548759726037,
            44.8073804021171
          ],
          [
            8.827628581204424,
            44.80738994829868
          ],
          [
            8.82786897850403,
            44.807421664219625
          ],
          [
            8.828171733663451,
            44.80746160632287
          ],
          [
            8.82820204796136,
            44.80746560560242
          ],
          [
            8.828345589086986,
            44.80748949698647
          ],
          [
            8.82858342510489,
            44.80753331656175
          ],
          [
            8.828604705240869,
            44.80753723724634
          ],
          [
            8.828809418076691,
            44.80757897649552
          ],
          [
            8.829014887060001,
            44.80762071650951
          ],
          [
            8.829032503217055,
            44.80762428430637
          ],
          [
            8.829154012814922,
            44.80764889353555
          ],
          [
            8.829401653711509,
            44.80769904755773
          ],
          [
            8.829646151765406,
            44.80774839428041
          ],
          [
            8.829685686721634,
            44.807756373511864
          ],
          [
            8.82968832983215,
            44.80775718457442
          ]
        ]
      }
    },
    {
      "type": "Feature",
      "properties": {
        "materiale": "PVC",
        "dn": "DE150",
        "classe_pre": null,
        "lunghezza": 3.35,
        "prof": 80,
        "anno_posa": 1980,
        "comune": "Pozzolo Formigaro",
        "localita": "CAPOLUOGO",
        "via": "Via del Pozzo",
        "comune_posa": "Pozzolo Formigaro",
        "tipologia": "DISTRIBUZIONE",
        "tip_rete": "DISTRIBUZIONE",
        "id": 20095,
        "etichetta": "PVC DE150",
        "n_distretto": "02",
        "note_etichetta": null,
        "id_distretto": "POZ-DPZ02",
        "distretto_modello": "POZ-DPZ02"
      },
      "geometry": {
        "type": "LineString",
        "coordinates": [
          [
            8.791415285121815,
            44.80043168281715
          ],
          [
            8.791387931995777,
            44.8004375958169
          ],
          [
            8.791374771920395,
            44.80044044066346
          ]
        ]
      }
    },
    {
      "type": "Feature",
      "properties": {
        "materiale": "PE",
        "dn": "DE160",
        "classe_pre": "PN16",
        "lunghezza": 12.12,
        "prof": 80,
        "anno_posa": 2018,
        "comune": "Pozzolo Formigaro",
        "localita": "CAPOLUOGO",
        "via": "Via Frascheta",
        "comune_posa": "Pozzolo Formigaro",
        "tipologia": "DISTRIBUZIONE",
        "tip_rete": "DISTRIBUZIONE",
        "id": 20096,
        "etichetta": "PE DE160",
        "n_distretto": "02",
        "note_etichetta": null,
        "id_distretto": "POZ-DPZ02",
        "distretto_modello": "POZ-DPZ02"
      },
      "geometry": {
        "type": "LineString",
        "coordinates": [
          [
            8.791374771920395,
            44.80044044066346
          ],
          [
            8.791331743369113,
            44.800335762674614
          ]
        ]
      }
    },
    {
      "type": "Feature",
      "properties": {
        "materiale": "GH",
        "dn": "DN90",
        "classe_pre": "PN16",
        "lunghezza": 507.99,
        "prof": null,
        "anno_posa": 2020,
        "comune": "Pozzolo Formigaro",
        "localita": "CAPOLUOGO",
        "via": "Strada Imperatore",
        "comune_posa": "Pozzolo Formigaro",
        "tipologia": "DISTRIBUZIONE",
        "tip_rete": "DISTRIBUZIONE",
        "id": 20147,
        "etichetta": "GH DN90",
        "n_distretto": "04",
        "note_etichetta": null,
        "id_distretto": "POZ-DPZ04",
        "distretto_modello": "POZ-DPZ04"
      },
      "geometry": {
        "type": "LineString",
        "coordinates": [
          [
            8.833115466008284,
            44.808754570844044
          ],
          [
            8.833120729799372,
            44.808751471463225
          ],
          [
            8.833187288907725,
            44.808710892168726
          ],
          [
            8.833227326653136,
            44.8086341229341
          ],
          [
            8.83322995098327,
            44.808450635343604
          ],
          [
            8.833200811768403,
            44.8080179707124
          ],
          [
            8.833200049888125,
            44.807918764877414
          ],
          [
            8.833198195083822,
            44.807835221348334
          ],
          [
            8.8332069857662,
            44.80769351315014
          ],
          [
            8.83322963823458,
            44.807468284364845
          ],
          [
            8.833247202092574,
            44.80719083511776
          ],
          [
            8.833311344390278,
            44.80674786397666
          ],
          [
            8.83340170100123,
            44.80593347260407
          ],
          [
            8.833479413561484,
            44.80514293142547
          ],
          [
            8.83352903376095,
            44.80464772578562
          ],
          [
            8.833551483660957,
            44.80422011011902
          ]
        ]
      }
    },
    {
      "type": "Feature",
      "properties": {
        "materiale": "PVC",
        "dn": "DE63",
        "classe_pre": null,
        "lunghezza": 4.83,
        "prof": 80,
        "anno_posa": 1980,
        "comune": "Pozzolo Formigaro",
        "localita": "CAPOLUOGO",
        "via": "Via Bettole",
        "comune_posa": "Pozzolo Formigaro",
        "tipologia": "DISTRIBUZIONE",
        "tip_rete": "DISTRIBUZIONE",
        "id": 20148,
        "etichetta": "PVC DE63",
        "n_distretto": "04",
        "note_etichetta": null,
        "id_distretto": "POZ-DPZ04",
        "distretto_modello": "POZ-DPZ04"
      },
      "geometry": {
        "type": "LineString",
        "coordinates": [
          [
            8.833115466008284,
            44.808754570844044
          ],
          [
            8.83315414543819,
            44.8087882238484
          ]
        ]
      }
    },
    {
      "type": "Feature",
      "properties": {
        "materiale": "GH",
        "dn": "DN90",
        "classe_pre": "PN16",
        "lunghezza": 10.52,
        "prof": null,
        "anno_posa": 2020,
        "comune": "Pozzolo Formigaro",
        "localita": "CAPOLUOGO",
        "via": "Strada Imperatore",
        "comune_posa": "Pozzolo Formigaro",
        "tipologia": "DISTRIBUZIONE",
        "tip_rete": "DISTRIBUZIONE",
        "id": 20149,
        "etichetta": "GH DN90",
        "n_distretto": "03",
        "note_etichetta": null,
        "id_distretto": "DNL03",
        "distretto_modello": "DNL03"
      },
      "geometry": {
        "type": "LineString",
        "coordinates": [
          [
            8.833593088132725,
            44.80376644690646
          ],
          [
            8.83360218368829,
            44.803671933017576
          ]
        ]
      }
    },
    {
      "type": "Feature",
      "properties": {
        "materiale": "GH",
        "dn": "DN90",
        "classe_pre": "PN16",
        "lunghezza": 223.98,
        "prof": null,
        "anno_posa": 2020,
        "comune": "Pozzolo Formigaro",
        "localita": "Merella",
        "via": "Strada Grande",
        "comune_posa": "Pozzolo Formigaro",
        "tipologia": "DISTRIBUZIONE",
        "tip_rete": "DISTRIBUZIONE",
        "id": 20150,
        "etichetta": "GH DN90",
        "n_distretto": "03",
        "note_etichetta": null,
        "id_distretto": "DNL03",
        "distretto_modello": "DNL03"
      },
      "geometry": {
        "type": "LineString",
        "coordinates": [
          [
            8.83360218368829,
            44.803671933017576
          ],
          [
            8.833603708609848,
            44.80362974955205
          ],
          [
            8.833624396538644,
            44.80318291577739
          ],
          [
            8.83366647737455,
            44.80279406376965
          ],
          [
            8.833675129555928,
            44.802464886185454
          ],
          [
            8.833681291698806,
            44.802108272437486
          ],
          [
            8.833656460796611,
            44.80181013623749
          ],
          [
            8.83365141613273,
            44.801657700794856
          ]
        ]
      }
    },
    {
      "type": "Feature",
      "properties": {
        "materiale": "PE",
        "dn": "DE90",
        "classe_pre": "PN16",
        "lunghezza": 103.37,
        "prof": 80,
        "anno_posa": 1980,
        "comune": "Pozzolo Formigaro",
        "localita": "CAPOLUOGO",
        "via": "Strada Vecchia di San Marziano",
        "comune_posa": "Pozzolo Formigaro",
        "tipologia": "DISTRIBUZIONE",
        "tip_rete": "DISTRIBUZIONE",
        "id": 20870,
        "etichetta": "PE DE90",
        "n_distretto": "01",
        "note_etichetta": null,
        "id_distretto": "POZ-DPZ01",
        "distretto_modello": "POZ-DPZ01"
      },
      "geometry": {
        "type": "LineString",
        "coordinates": [
          [
            8.790187255279424,
            44.78951995770323
          ],
          [
            8.790331496298762,
            44.78952615553772
          ],
          [
            8.790658523105702,
            44.789553427862074
          ],
          [
            8.790846600746718,
            44.78956580908301
          ],
          [
            8.79096381677608,
            44.78957311484824
          ],
          [
            8.791041488131102,
            44.789573292236426
          ],
          [
            8.791103771102934,
            44.78957437765161
          ],
          [
            8.791203478061293,
            44.789563486000475
          ],
          [
            8.791318977575555,
            44.78954338956972
          ],
          [
            8.791373137028048,
            44.7895224008803
          ],
          [
            8.79145167290231,
            44.78947271672325
          ]
        ]
      }
    },
    {
      "type": "Feature",
      "properties": {
        "materiale": "PVC",
        "dn": "DE110",
        "classe_pre": null,
        "lunghezza": 96.02,
        "prof": 80,
        "anno_posa": 1980,
        "comune": "Pozzolo Formigaro",
        "localita": "CAPOLUOGO",
        "via": "Via Belvedere",
        "comune_posa": "Pozzolo Formigaro",
        "tipologia": "DISTRIBUZIONE",
        "tip_rete": "DISTRIBUZIONE",
        "id": 20902,
        "etichetta": "PVC DE110",
        "n_distretto": "03",
        "note_etichetta": null,
        "id_distretto": "POZ-DPZ03",
        "distretto_modello": "POZ-DPZ03"
      },
      "geometry": {
        "type": "LineString",
        "coordinates": [
          [
            8.778022008993698,
            44.79595451161021
          ],
          [
            8.777904111334232,
            44.795693601138844
          ],
          [
            8.777796353603653,
            44.79543364469542
          ],
          [
            8.777772450145637,
            44.79538346802439
          ],
          [
            8.777678363887299,
            44.79512573405453
          ]
        ]
      }
    },
    {
      "type": "Feature",
      "properties": {
        "materiale": "PVC",
        "dn": "DE50",
        "classe_pre": null,
        "lunghezza": 56.42,
        "prof": null,
        "anno_posa": 1980,
        "comune": "Pozzolo Formigaro",
        "localita": "CAPOLUOGO",
        "via": "Via Belvedere",
        "comune_posa": "Pozzolo Formigaro",
        "tipologia": "DISTRIBUZIONE",
        "tip_rete": "DISTRIBUZIONE",
        "id": 20903,
        "etichetta": "PVC DE50",
        "n_distretto": "03",
        "note_etichetta": null,
        "id_distretto": "POZ-DPZ03",
        "distretto_modello": "POZ-DPZ03"
      },
      "geometry": {
        "type": "LineString",
        "coordinates": [
          [
            8.778022008993737,
            44.79595451065707
          ],
          [
            8.778049488745824,
            44.795944186559915
          ],
          [
            8.77863886989009,
            44.795699504975374
          ]
        ]
      }
    },
    {
      "type": "Feature",
      "properties": {
        "materiale": "PVC",
        "dn": "DE63",
        "classe_pre": null,
        "lunghezza": 31.52,
        "prof": null,
        "anno_posa": 1980,
        "comune": "Pozzolo Formigaro",
        "localita": "CAPOLUOGO",
        "via": "Via Belvedere",
        "comune_posa": "Pozzolo Formigaro",
        "tipologia": "DISTRIBUZIONE",
        "tip_rete": "DISTRIBUZIONE",
        "id": 20917,
        "etichetta": "PVC DE63",
        "n_distretto": "03",
        "note_etichetta": null,
        "id_distretto": "POZ-DPZ03",
        "distretto_modello": "POZ-DPZ03"
      },
      "geometry": {
        "type": "LineString",
        "coordinates": [
          [
            8.777904111334076,
            44.79569360495124
          ],
          [
            8.77788993674754,
            44.795697285166035
          ],
          [
            8.778005615228391,
            44.79595755684513
          ]
        ]
      }
    },
    {
      "type": "Feature",
      "properties": {
        "materiale": "PVC",
        "dn": "DE63",
        "classe_pre": null,
        "lunghezza": 174.09,
        "prof": null,
        "anno_posa": 1980,
        "comune": "Pozzolo Formigaro",
        "localita": "CAPOLUOGO",
        "via": "Via Belvedere",
        "comune_posa": "Pozzolo Formigaro",
        "tipologia": "DISTRIBUZIONE",
        "tip_rete": "DISTRIBUZIONE",
        "id": 20918,
        "etichetta": "PVC DE63",
        "n_distretto": "03",
        "note_etichetta": null,
        "id_distretto": "POZ-DPZ03",
        "distretto_modello": "POZ-DPZ03"
      },
      "geometry": {
        "type": "LineString",
        "coordinates": [
          [
            8.778005615228437,
            44.79595755589203
          ],
          [
            8.778090287028649,
            44.79616952341395
          ],
          [
            8.778408516336636,
            44.797032262413516
          ],
          [
            8.778549518290015,
            44.79739053171771
          ],
          [
            8.778560478899594,
            44.797388571961285
          ],
          [
            8.77856593311873,
            44.79739205905945
          ],
          [
            8.778571768898136,
            44.79739082814189
          ],
          [
            8.778574343762937,
            44.79738678180088
          ],
          [
            8.778658516476321,
            44.79737682399862
          ]
        ]
      }
    },
    {
      "type": "Feature",
      "properties": {
        "materiale": "PVC",
        "dn": "DE160",
        "classe_pre": null,
        "lunghezza": 72.36,
        "prof": 80,
        "anno_posa": 1980,
        "comune": "Pozzolo Formigaro",
        "localita": "CAPOLUOGO",
        "via": "Via Cappelletta",
        "comune_posa": "Pozzolo Formigaro",
        "tipologia": "DISTRIBUZIONE",
        "tip_rete": "DISTRIBUZIONE",
        "id": 20963,
        "etichetta": "PVC DE160",
        "n_distretto": "01",
        "note_etichetta": null,
        "id_distretto": "POZ-DPZ01",
        "distretto_modello": "POZ-DPZ01"
      },
      "geometry": {
        "type": "LineString",
        "coordinates": [
          [
            8.787924123850866,
            44.78599436929952
          ],
          [
            8.788069771605386,
            44.78592286084462
          ],
          [
            8.788326275846357,
            44.785775647741616
          ],
          [
            8.788540437426333,
            44.78561450879999
          ],
          [
            8.788604286901355,
            44.78556267404827
          ]
        ]
      }
    },
    {
      "type": "Feature",
      "properties": {
        "materiale": "GH",
        "dn": "DN150",
        "classe_pre": "PN16",
        "lunghezza": 267.93,
        "prof": 100,
        "anno_posa": 2022,
        "comune": "Pozzolo Formigaro",
        "localita": "CAPOLUOGO",
        "via": "S.S: 35 dei Giovi",
        "comune_posa": "Pozzolo Formigaro",
        "tipologia": "DISTRIBUZIONE",
        "tip_rete": "DISTRIBUZIONE",
        "id": 20964,
        "etichetta": "GH DN150",
        "n_distretto": "01",
        "note_etichetta": null,
        "id_distretto": "POZ-DPZ01",
        "distretto_modello": "POZ-DPZ01"
      },
      "geometry": {
        "type": "LineString",
        "coordinates": [
          [
            8.787924123850866,
            44.78599436929952
          ],
          [
            8.787939455408297,
            44.786003153525485
          ],
          [
            8.788130953615324,
            44.7861457985463
          ],
          [
            8.788555653403764,
            44.786404782823936
          ],
          [
            8.788558173081253,
            44.78650909915023
          ],
          [
            8.788517087485191,
            44.786640187242504
          ],
          [
            8.788460052777557,
            44.78677021298755
          ],
          [
            8.788440652182947,
            44.786820783695504
          ],
          [
            8.788399803804678,
            44.78688680649342
          ],
          [
            8.788322965019988,
            44.7869910002654
          ],
          [
            8.78807691719336,
            44.787277053737746
          ],
          [
            8.788089814421973,
            44.78728230616149
          ],
          [
            8.78821033446444,
            44.78733136348767
          ],
          [
            8.788213353793436,
            44.78733333560985
          ],
          [
            8.787990477285028,
            44.787577757520445
          ],
          [
            8.787712370309608,
            44.78787907335004
          ],
          [
            8.787644045823438,
            44.78794930504155
          ]
        ]
      }
    },
    {
      "type": "Feature",
      "properties": {
        "materiale": "PE",
        "dn": "DE63",
        "classe_pre": "PN16",
        "lunghezza": 32.25,
        "prof": 100,
        "anno_posa": 2022,
        "comune": "Pozzolo Formigaro",
        "localita": "CAPOLUOGO",
        "via": "Via Roma",
        "comune_posa": "Pozzolo Formigaro",
        "tipologia": "DISTRIBUZIONE",
        "tip_rete": "DISTRIBUZIONE",
        "id": 20966,
        "etichetta": "PE DE63",
        "n_distretto": "01",
        "note_etichetta": null,
        "id_distretto": "POZ-DPZ01",
        "distretto_modello": "POZ-DPZ01"
      },
      "geometry": {
        "type": "LineString",
        "coordinates": [
          [
            8.78515137835207,
            44.79049843982053
          ],
          [
            8.785144805784158,
            44.790494315891344
          ],
          [
            8.78513756632099,
            44.790489847399705
          ],
          [
            8.785201008665963,
            44.79041441017118
          ],
          [
            8.785252341732035,
            44.790358219760044
          ],
          [
            8.785285480437677,
            44.79031955251673
          ],
          [
            8.785345182415556,
            44.79025537368937
          ]
        ]
      }
    },
    {
      "type": "Feature",
      "properties": {
        "materiale": "GH",
        "dn": "DN150",
        "classe_pre": "PN16",
        "lunghezza": 1.17,
        "prof": 100,
        "anno_posa": 2022,
        "comune": "Pozzolo Formigaro",
        "localita": "CAPOLUOGO",
        "via": "Via Roma",
        "comune_posa": "Pozzolo Formigaro",
        "tipologia": "DISTRIBUZIONE",
        "tip_rete": "DISTRIBUZIONE",
        "id": 20967,
        "etichetta": "GH DN150",
        "n_distretto": "01",
        "note_etichetta": null,
        "id_distretto": "POZ-DPZ01",
        "distretto_modello": "POZ-DPZ01"
      },
      "geometry": {
        "type": "LineString",
        "coordinates": [
          [
            8.785161709221788,
            44.790506039871126
          ],
          [
            8.78515137835207,
            44.79049843982053
          ]
        ]
      }
    },
    {
      "type": "Feature",
      "properties": {
        "materiale": "GH",
        "dn": "DN150",
        "classe_pre": "PN16",
        "lunghezza": 0.39,
        "prof": 100,
        "anno_posa": 2022,
        "comune": "Pozzolo Formigaro",
        "localita": "CAPOLUOGO",
        "via": "Via Roma",
        "comune_posa": "Pozzolo Formigaro",
        "tipologia": "DISTRIBUZIONE",
        "tip_rete": "DISTRIBUZIONE",
        "id": 20968,
        "etichetta": "GH DN150",
        "n_distretto": "01",
        "note_etichetta": null,
        "id_distretto": "POZ-DPZ01",
        "distretto_modello": "POZ-DPZ01"
      },
      "geometry": {
        "type": "LineString",
        "coordinates": [
          [
            8.785167692862661,
            44.79051147798979
          ],
          [
            8.785164832697943,
            44.790514296639216
          ]
        ]
      }
    },
    {
      "type": "Feature",
      "properties": {
        "materiale": "GH",
        "dn": "DN150",
        "classe_pre": "PN16",
        "lunghezza": 0.77,
        "prof": 100,
        "anno_posa": 2022,
        "comune": "Pozzolo Formigaro",
        "localita": "CAPOLUOGO",
        "via": "Via Roma",
        "comune_posa": "Pozzolo Formigaro",
        "tipologia": "DISTRIBUZIONE",
        "tip_rete": "DISTRIBUZIONE",
        "id": 20969,
        "etichetta": "GH DN150",
        "n_distretto": "01",
        "note_etichetta": null,
        "id_distretto": "POZ-DPZ01",
        "distretto_modello": "POZ-DPZ01"
      },
      "geometry": {
        "type": "LineString",
        "coordinates": [
          [
            8.785167692862661,
            44.79051147798979
          ],
          [
            8.785161709221788,
            44.790506039871126
          ]
        ]
      }
    },
    {
      "type": "Feature",
      "properties": {
        "materiale": "GH",
        "dn": "DN150",
        "classe_pre": "PN16",
        "lunghezza": 52.66,
        "prof": 100,
        "anno_posa": 2022,
        "comune": "Pozzolo Formigaro",
        "localita": "CAPOLUOGO",
        "via": "Via Roma",
        "comune_posa": "Pozzolo Formigaro",
        "tipologia": "DISTRIBUZIONE",
        "tip_rete": "DISTRIBUZIONE",
        "id": 20970,
        "etichetta": "GH DN150",
        "n_distretto": "01",
        "note_etichetta": null,
        "id_distretto": "POZ-DPZ01",
        "distretto_modello": "POZ-DPZ01"
      },
      "geometry": {
        "type": "LineString",
        "coordinates": [
          [
            8.78554489317923,
            44.790198266352604
          ],
          [
            8.785491485890649,
            44.790266024870235
          ],
          [
            8.785406289366811,
            44.79036088131615
          ],
          [
            8.785240258467866,
            44.790547374753004
          ],
          [
            8.785167692862661,
            44.79051147798979
          ]
        ]
      }
    },
    {
      "type": "Feature",
      "properties": {
        "materiale": "PE",
        "dn": "DE40",
        "classe_pre": "PN16",
        "lunghezza": 19.41,
        "prof": 100,
        "anno_posa": 2022,
        "comune": "Pozzolo Formigaro",
        "localita": "CAPOLUOGO",
        "via": "Via Roma",
        "comune_posa": "Pozzolo Formigaro",
        "tipologia": "DISTRIBUZIONE",
        "tip_rete": "DISTRIBUZIONE",
        "id": 20971,
        "etichetta": "PE DE40",
        "n_distretto": "01",
        "note_etichetta": null,
        "id_distretto": "POZ-DPZ01",
        "distretto_modello": "POZ-DPZ01"
      },
      "geometry": {
        "type": "LineString",
        "coordinates": [
          [
            8.785345182415556,
            44.79025537368937
          ],
          [
            8.785482413712085,
            44.790110524816946
          ]
        ]
      }
    },
    {
      "type": "Feature",
      "properties": {
        "materiale": "GH",
        "dn": "DN110",
        "classe_pre": "PN16",
        "lunghezza": 11.84,
        "prof": 100,
        "anno_posa": 2022,
        "comune": "Pozzolo Formigaro",
        "localita": "CAPOLUOGO",
        "via": "Via Mameli",
        "comune_posa": "Pozzolo Formigaro",
        "tipologia": "DISTRIBUZIONE",
        "tip_rete": "DISTRIBUZIONE",
        "id": 20972,
        "etichetta": "GH DN110",
        "n_distretto": "01",
        "note_etichetta": null,
        "id_distretto": "POZ-DPZ01",
        "distretto_modello": "POZ-DPZ01"
      },
      "geometry": {
        "type": "LineString",
        "coordinates": [
          [
            8.786461970889292,
            44.78932516620688
          ],
          [
            8.786470438142036,
            44.7893319257104
          ],
          [
            8.786487824913406,
            44.78934580575945
          ],
          [
            8.786564657383362,
            44.78940267628679
          ]
        ]
      }
    },
    {
      "type": "Feature",
      "properties": {
        "materiale": "GH",
        "dn": "DN150",
        "classe_pre": "PN16",
        "lunghezza": 0.34,
        "prof": 100,
        "anno_posa": 2022,
        "comune": "Pozzolo Formigaro",
        "localita": "CAPOLUOGO",
        "via": "S.S.35 dei Giovi",
        "comune_posa": "Pozzolo Formigaro",
        "tipologia": "DISTRIBUZIONE",
        "tip_rete": "DISTRIBUZIONE",
        "id": 20974,
        "etichetta": "GH DN150",
        "n_distretto": "01",
        "note_etichetta": null,
        "id_distretto": "POZ-DPZ01",
        "distretto_modello": "POZ-DPZ01"
      },
      "geometry": {
        "type": "LineString",
        "coordinates": [
          [
            8.787226717129265,
            44.7884190953761
          ],
          [
            8.787230433698925,
            44.78842058693349
          ]
        ]
      }
    },
    {
      "type": "Feature",
      "properties": {
        "materiale": "GH",
        "dn": "DN150",
        "classe_pre": "PN16",
        "lunghezza": 4.25,
        "prof": 100,
        "anno_posa": 2022,
        "comune": "Pozzolo Formigaro",
        "localita": "CAPOLUOGO",
        "via": "S.S. 35 dei Giovi",
        "comune_posa": "Pozzolo Formigaro",
        "tipologia": "DISTRIBUZIONE",
        "tip_rete": "DISTRIBUZIONE",
        "id": 20975,
        "etichetta": "GH DN150",
        "n_distretto": "01",
        "note_etichetta": null,
        "id_distretto": "POZ-DPZ01",
        "distretto_modello": "POZ-DPZ01"
      },
      "geometry": {
        "type": "LineString",
        "coordinates": [
          [
            8.78632849092279,
            44.78904406270475
          ],
          [
            8.786366476550587,
            44.78906677178581
          ],
          [
            8.786369649068773,
            44.78906866842211
          ]
        ]
      }
    },
    {
      "type": "Feature",
      "properties": {
        "materiale": "GH",
        "dn": "DN150",
        "classe_pre": "PN16",
        "lunghezza": 37.76,
        "prof": 100,
        "anno_posa": 2022,
        "comune": "Pozzolo Formigaro",
        "localita": "CAPOLUOGO",
        "via": "Via Roma",
        "comune_posa": "Pozzolo Formigaro",
        "tipologia": "DISTRIBUZIONE",
        "tip_rete": "DISTRIBUZIONE",
        "id": 20976,
        "etichetta": "GH DN150",
        "n_distretto": "01",
        "note_etichetta": null,
        "id_distretto": "POZ-DPZ01",
        "distretto_modello": "POZ-DPZ01"
      },
      "geometry": {
        "type": "LineString",
        "coordinates": [
          [
            8.786597707872358,
            44.78919089925581
          ],
          [
            8.786461970889292,
            44.78932516620688
          ],
          [
            8.78630095912519,
            44.789456674634046
          ]
        ]
      }
    },
    {
      "type": "Feature",
      "properties": {
        "materiale": "PE",
        "dn": "DE90",
        "classe_pre": "PN16",
        "lunghezza": 173.01,
        "prof": 100,
        "anno_posa": 2022,
        "comune": "Pozzolo Formigaro",
        "localita": "CAPOLUOGO",
        "via": "S.S. 35 dei Giovi",
        "comune_posa": "Pozzolo Formigaro",
        "tipologia": "DISTRIBUZIONE",
        "tip_rete": "DISTRIBUZIONE",
        "id": 20977,
        "etichetta": "PE DE90",
        "n_distretto": "01",
        "note_etichetta": null,
        "id_distretto": "POZ-DPZ01",
        "distretto_modello": "POZ-DPZ01"
      },
      "geometry": {
        "type": "LineString",
        "coordinates": [
          [
            8.786369649068773,
            44.78906866842211
          ],
          [
            8.786373923141872,
            44.78906493255953
          ],
          [
            8.786494352573651,
            44.78895206744764
          ],
          [
            8.786766153306043,
            44.788692570794254
          ],
          [
            8.786873897809024,
            44.788577874210496
          ],
          [
            8.787018046240517,
            44.78842322486857
          ],
          [
            8.7871443785965,
            44.788281968385775
          ],
          [
            8.787315492263366,
            44.788090188531065
          ],
          [
            8.787597258294563,
            44.787780618176576
          ]
        ]
      }
    },
    {
      "type": "Feature",
      "properties": {
        "materiale": "GH",
        "dn": "DN150",
        "classe_pre": "PN16",
        "lunghezza": 22.58,
        "prof": 100,
        "anno_posa": 2022,
        "comune": "Pozzolo Formigaro",
        "localita": "CAPOLUOGO",
        "via": "S.S. 35 dei Giovi",
        "comune_posa": "Pozzolo Formigaro",
        "tipologia": "DISTRIBUZIONE",
        "tip_rete": "DISTRIBUZIONE",
        "id": 20978,
        "etichetta": "GH DN150",
        "n_distretto": "01",
        "note_etichetta": null,
        "id_distretto": "POZ-DPZ01",
        "distretto_modello": "POZ-DPZ01"
      },
      "geometry": {
        "type": "LineString",
        "coordinates": [
          [
            8.786369649068773,
            44.78906866842211
          ],
          [
            8.78659318894403,
            44.789188825235364
          ],
          [
            8.786597707872358,
            44.78919089925581
          ]
        ]
      }
    },
    {
      "type": "Feature",
      "properties": {
        "materiale": "GH",
        "dn": "DN150",
        "classe_pre": "PN16",
        "lunghezza": 61.75,
        "prof": 100,
        "anno_posa": 2022,
        "comune": "Pozzolo Formigaro",
        "localita": "CAPOLUOGO",
        "via": "S.S: 35 dei Giovi",
        "comune_posa": "Pozzolo Formigaro",
        "tipologia": "DISTRIBUZIONE",
        "tip_rete": "DISTRIBUZIONE",
        "id": 20979,
        "etichetta": "GH DN150",
        "n_distretto": "01",
        "note_etichetta": null,
        "id_distretto": "POZ-DPZ01",
        "distretto_modello": "POZ-DPZ01"
      },
      "geometry": {
        "type": "LineString",
        "coordinates": [
          [
            8.78764404582333,
            44.78794930790085
          ],
          [
            8.78741057775807,
            44.78821184730509
          ],
          [
            8.787226717129265,
            44.7884190953761
          ]
        ]
      }
    },
    {
      "type": "Feature",
      "properties": {
        "materiale": "GH",
        "dn": "DN150",
        "classe_pre": "PN16",
        "lunghezza": 99.24,
        "prof": 100,
        "anno_posa": 2022,
        "comune": "Pozzolo Formigaro",
        "localita": "CAPOLUOGO",
        "via": "S.S: 35 dei Giovi",
        "comune_posa": "Pozzolo Formigaro",
        "tipologia": "DISTRIBUZIONE",
        "tip_rete": "DISTRIBUZIONE",
        "id": 20980,
        "etichetta": "GH DN150",
        "n_distretto": "01",
        "note_etichetta": null,
        "id_distretto": "POZ-DPZ01",
        "distretto_modello": "POZ-DPZ01"
      },
      "geometry": {
        "type": "LineString",
        "coordinates": [
          [
            8.787226717129265,
            44.7884190953761
          ],
          [
            8.78722453411126,
            44.78842115688572
          ],
          [
            8.787136597758435,
            44.7885231099687
          ],
          [
            8.78703678680856,
            44.78864969866136
          ],
          [
            8.786907223470012,
            44.78878191208981
          ],
          [
            8.786856178302784,
            44.78885921140848
          ],
          [
            8.786854718503161,
            44.788861790654764
          ],
          [
            8.786597707872358,
            44.78919089925581
          ]
        ]
      }
    },
    {
      "type": "Feature",
      "properties": {
        "materiale": "GH",
        "dn": "DN150",
        "classe_pre": "PN16",
        "lunghezza": 102.85,
        "prof": 100,
        "anno_posa": 2022,
        "comune": "Pozzolo Formigaro",
        "localita": "CAPOLUOGO",
        "via": "Via Roma",
        "comune_posa": "Pozzolo Formigaro",
        "tipologia": "DISTRIBUZIONE",
        "tip_rete": "DISTRIBUZIONE",
        "id": 20981,
        "etichetta": "GH DN150",
        "n_distretto": "01",
        "note_etichetta": null,
        "id_distretto": "POZ-DPZ01",
        "distretto_modello": "POZ-DPZ01"
      },
      "geometry": {
        "type": "LineString",
        "coordinates": [
          [
            8.78630095912519,
            44.789456674634046
          ],
          [
            8.786292245938009,
            44.789459724419736
          ],
          [
            8.786198473306415,
            44.78949508327831
          ],
          [
            8.786047405251749,
            44.78965668991358
          ],
          [
            8.785826765550814,
            44.78990414550663
          ],
          [
            8.785640020926508,
            44.79010389783937
          ],
          [
            8.78554489317923,
            44.790198266352604
          ]
        ]
      }
    },
    {
      "type": "Feature",
      "properties": {
        "materiale": "GH",
        "dn": "DN150",
        "classe_pre": "PN16",
        "lunghezza": 12.74,
        "prof": 100,
        "anno_posa": 2022,
        "comune": "Pozzolo Formigaro",
        "localita": "CAPOLUOGO",
        "via": "Via Roma",
        "comune_posa": "Pozzolo Formigaro",
        "tipologia": "DISTRIBUZIONE",
        "tip_rete": "DISTRIBUZIONE",
        "id": 21465,
        "etichetta": "GH DN150",
        "n_distretto": "02",
        "note_etichetta": null,
        "id_distretto": "POZ-DPZ02",
        "distretto_modello": "POZ-DPZ02"
      },
      "geometry": {
        "type": "LineString",
        "coordinates": [
          [
            8.783823310152576,
            44.79160427728072
          ],
          [
            8.783859243562077,
            44.79160153950793
          ],
          [
            8.78398146828247,
            44.791582948379755
          ]
        ]
      }
    },
    {
      "type": "Feature",
      "properties": {
        "materiale": "GH",
        "dn": "DN150",
        "classe_pre": "PN16",
        "lunghezza": 45.91,
        "prof": 100,
        "anno_posa": 2022,
        "comune": "Pozzolo Formigaro",
        "localita": "CAPOLUOGO",
        "via": "Via Roma",
        "comune_posa": "Pozzolo Formigaro",
        "tipologia": "DISTRIBUZIONE",
        "tip_rete": "DISTRIBUZIONE",
        "id": 21466,
        "etichetta": "GH DN150",
        "n_distretto": "02",
        "note_etichetta": null,
        "id_distretto": "POZ-DPZ02",
        "distretto_modello": "POZ-DPZ02"
      },
      "geometry": {
        "type": "LineString",
        "coordinates": [
          [
            8.78398146828247,
            44.791582948379755
          ],
          [
            8.784026668629785,
            44.791566452971104
          ],
          [
            8.784168520680383,
            44.791497968205604
          ],
          [
            8.784204661045894,
            44.79147696514329
          ],
          [
            8.784367127840707,
            44.791400322456866
          ],
          [
            8.784425684086038,
            44.79135395592111
          ],
          [
            8.784445150855715,
            44.79133854154428
          ]
        ]
      }
    },
    {
      "type": "Feature",
      "properties": {
        "materiale": "GH",
        "dn": "DN150",
        "classe_pre": "PN16",
        "lunghezza": 102.93,
        "prof": 100,
        "anno_posa": 2023,
        "comune": "Pozzolo Formigaro",
        "localita": "CAPOLUOGO",
        "via": "Via Roma",
        "comune_posa": "Pozzolo Formigaro",
        "tipologia": "DISTRIBUZIONE",
        "tip_rete": "DISTRIBUZIONE",
        "id": 21738,
        "etichetta": "GH DN150",
        "n_distretto": "01",
        "note_etichetta": null,
        "id_distretto": "POZ-DPZ01",
        "distretto_modello": "POZ-DPZ01"
      },
      "geometry": {
        "type": "LineString",
        "coordinates": [
          [
            8.785164832697943,
            44.790514296639216
          ],
          [
            8.785001586692303,
            44.79068641199277
          ],
          [
            8.784944256660914,
            44.79075020119747
          ],
          [
            8.78468008568144,
            44.791044442110405
          ],
          [
            8.784619165743562,
            44.79111325900538
          ],
          [
            8.784468138336733,
            44.79129668265016
          ]
        ]
      }
    },
    {
      "type": "Feature",
      "properties": {
        "materiale": "GH",
        "dn": "DN150",
        "classe_pre": "PN16",
        "lunghezza": 3.92,
        "prof": 100,
        "anno_posa": 2022,
        "comune": "Pozzolo Formigaro",
        "localita": "CAPOLUOGO",
        "via": "Via Roma",
        "comune_posa": "Pozzolo Formigaro",
        "tipologia": "DISTRIBUZIONE",
        "tip_rete": "DISTRIBUZIONE",
        "id": 21739,
        "etichetta": "GH DN150",
        "n_distretto": "02",
        "note_etichetta": null,
        "id_distretto": "POZ-DPZ02",
        "distretto_modello": "POZ-DPZ02"
      },
      "geometry": {
        "type": "LineString",
        "coordinates": [
          [
            8.784461150554773,
            44.79130509890802
          ],
          [
            8.784445150855715,
            44.79133854154428
          ]
        ]
      }
    },
    {
      "type": "Feature",
      "properties": {
        "materiale": "PE",
        "dn": "DE75",
        "classe_pre": "",
        "lunghezza": 322.14,
        "prof": 80,
        "anno_posa": 2001,
        "comune": "Pozzolo Formigaro",
        "localita": "CAPOLUOGO",
        "via": "Strada Vicinale Vecchia di Rivalta",
        "comune_posa": "Pozzolo Formigaro",
        "tipologia": "DISTRIBUZIONE",
        "tip_rete": "DISTRIBUZIONE",
        "id": 21826,
        "etichetta": "PE DE75",
        "n_distretto": "02",
        "note_etichetta": null,
        "id_distretto": "POZ-DPZ02",
        "distretto_modello": "POZ-DPZ02"
      },
      "geometry": {
        "type": "LineString",
        "coordinates": [
          [
            8.796980395861441,
            44.815309777046444
          ],
          [
            8.796770420536722,
            44.81500517411263
          ],
          [
            8.79597280108633,
            44.8138933444403
          ],
          [
            8.795549415185416,
            44.81329522860712
          ],
          [
            8.795368316885533,
            44.81304307259845
          ],
          [
            8.795161429380851,
            44.81271529475489
          ]
        ]
      }
    },
    {
      "type": "Feature",
      "properties": {
        "materiale": "PE",
        "dn": "DE63",
        "classe_pre": "",
        "lunghezza": 208.77,
        "prof": 80,
        "anno_posa": 2001,
        "comune": "Pozzolo Formigaro",
        "localita": "CAPOLUOGO",
        "via": "Strada Vicinale Vecchia di Rivalta",
        "comune_posa": "Pozzolo Formigaro",
        "tipologia": "DISTRIBUZIONE",
        "tip_rete": "DISTRIBUZIONE",
        "id": 21827,
        "etichetta": "PE DE63",
        "n_distretto": "02",
        "note_etichetta": null,
        "id_distretto": "POZ-DPZ02",
        "distretto_modello": "POZ-DPZ02"
      },
      "geometry": {
        "type": "LineString",
        "coordinates": [
          [
            8.798137466032255,
            44.816998977468536
          ],
          [
            8.797938385973245,
            44.81669591489079
          ],
          [
            8.797656320826412,
            44.81627147260421
          ],
          [
            8.796980395861441,
            44.815309777046444
          ]
        ]
      }
    },
    {
      "type": "Feature",
      "properties": {
        "materiale": "PVC",
        "dn": "DE63",
        "classe_pre": null,
        "lunghezza": 2.76,
        "prof": 80,
        "anno_posa": 1980,
        "comune": "Pozzolo Formigaro",
        "localita": "CAPOLUOGO",
        "via": "Via Robinie",
        "comune_posa": "Pozzolo Formigaro",
        "tipologia": "DISTRIBUZIONE",
        "tip_rete": "DISTRIBUZIONE",
        "id": 22645,
        "etichetta": "PVC DE63",
        "n_distretto": "01",
        "note_etichetta": null,
        "id_distretto": "POZ-DPZ01",
        "distretto_modello": "POZ-DPZ01"
      },
      "geometry": {
        "type": "LineString",
        "coordinates": [
          [
            8.788928011440703,
            44.792232009999886
          ],
          [
            8.788894551494286,
            44.79223920523848
          ]
        ]
      }
    },
    {
      "type": "Feature",
      "properties": {
        "materiale": "PVC",
        "dn": "DE50",
        "classe_pre": null,
        "lunghezza": 0.7,
        "prof": 80,
        "anno_posa": 1980,
        "comune": "Pozzolo Formigaro",
        "localita": "CAPOLUOGO",
        "via": "Via del Giardino",
        "comune_posa": "Pozzolo Formigaro",
        "tipologia": "DISTRIBUZIONE",
        "tip_rete": "DISTRIBUZIONE",
        "id": 22647,
        "etichetta": "PVC DE50",
        "n_distretto": "02",
        "note_etichetta": null,
        "id_distretto": "POZ-DPZ02",
        "distretto_modello": "POZ-DPZ02"
      },
      "geometry": {
        "type": "LineString",
        "coordinates": [
          [
            8.779834612329104,
            44.79577516690275
          ],
          [
            8.779834107917338,
            44.79576889709472
          ]
        ]
      }
    },
    {
      "type": "Feature",
      "properties": {
        "materiale": "GS",
        "dn": "DN80",
        "classe_pre": null,
        "lunghezza": 69.48,
        "prof": 120,
        "anno_posa": 2009,
        "comune": "Pozzolo Formigaro",
        "localita": "CAPOLUOGO",
        "via": "Via Montemanni",
        "comune_posa": "Pozzolo Formigaro",
        "tipologia": "DISTRIBUZIONE",
        "tip_rete": "DISTRIBUZIONE",
        "id": 22648,
        "etichetta": "GS DN80",
        "n_distretto": "01",
        "note_etichetta": null,
        "id_distretto": "POZ-DPZ01",
        "distretto_modello": "POZ-DPZ01"
      },
      "geometry": {
        "type": "LineString",
        "coordinates": [
          [
            8.787753854221247,
            44.79061548151464
          ],
          [
            8.78740802368961,
            44.79066846971892
          ],
          [
            8.786914268252263,
            44.790751127871694
          ],
          [
            8.786897652961267,
            44.79075481071013
          ]
        ]
      }
    },
    {
      "type": "Feature",
      "properties": {
        "materiale": "GS",
        "dn": "DN80",
        "classe_pre": null,
        "lunghezza": 16.04,
        "prof": 120,
        "anno_posa": 2009,
        "comune": "Pozzolo Formigaro",
        "localita": "CAPOLUOGO",
        "via": "Via Montemanni",
        "comune_posa": "Pozzolo Formigaro",
        "tipologia": "DISTRIBUZIONE",
        "tip_rete": "DISTRIBUZIONE",
        "id": 22649,
        "etichetta": "GS DN80",
        "n_distretto": "01",
        "note_etichetta": null,
        "id_distretto": "POZ-DPZ01",
        "distretto_modello": "POZ-DPZ01"
      },
      "geometry": {
        "type": "LineString",
        "coordinates": [
          [
            8.787950823169407,
            44.79058124338262
          ],
          [
            8.787753854221247,
            44.79061548151464
          ]
        ]
      }
    },
    {
      "type": "Feature",
      "properties": {
        "materiale": "PVC",
        "dn": "DE75",
        "classe_pre": null,
        "lunghezza": 4.37,
        "prof": null,
        "anno_posa": 1980,
        "comune": "Pozzolo Formigaro",
        "localita": "CAPOLUOGO",
        "via": "Strada Provinciale Molino - Bettole",
        "comune_posa": "Pozzolo Formigaro",
        "tipologia": "DISTRIBUZIONE",
        "tip_rete": "DISTRIBUZIONE",
        "id": 22755,
        "etichetta": "PVC DE75",
        "n_distretto": "03",
        "note_etichetta": null,
        "id_distretto": "DNL03",
        "distretto_modello": "DNL03"
      },
      "geometry": {
        "type": "LineString",
        "coordinates": [
          [
            8.823549822346854,
            44.801779806312304
          ],
          [
            8.823495434340627,
            44.80177267952906
          ]
        ]
      }
    },
    {
      "type": "Feature",
      "properties": {
        "materiale": "PE",
        "dn": "DE75",
        "classe_pre": null,
        "lunghezza": 508.94,
        "prof": null,
        "anno_posa": 1980,
        "comune": "Pozzolo Formigaro",
        "localita": "CAPOLUOGO",
        "via": "Strada Provinciale Molino - Bettole",
        "comune_posa": "Pozzolo Formigaro",
        "tipologia": "DISTRIBUZIONE",
        "tip_rete": "DISTRIBUZIONE",
        "id": 23005,
        "etichetta": "PE DE75",
        "n_distretto": "04",
        "note_etichetta": null,
        "id_distretto": "POZ-DPZ04",
        "distretto_modello": "POZ-DPZ04"
      },
      "geometry": {
        "type": "LineString",
        "coordinates": [
          [
            8.823482646057883,
            44.801770802279734
          ],
          [
            8.823485689901167,
            44.801763825641935
          ],
          [
            8.823487547987703,
            44.801757275553896
          ],
          [
            8.82245074711374,
            44.80161591955209
          ],
          [
            8.821591871238208,
            44.80149809076875
          ],
          [
            8.819946897464906,
            44.80127003778797
          ],
          [
            8.81853053497692,
            44.801084340450316
          ],
          [
            8.817371676146022,
            44.800933244112905
          ],
          [
            8.817276813124037,
            44.800945272955424
          ],
          [
            8.81720939196474,
            44.80095475973726
          ],
          [
            8.817184101965088,
            44.80095879924331
          ]
        ]
      }
    },
    {
      "type": "Feature",
      "properties": {
        "materiale": "GH",
        "dn": "DN90",
        "classe_pre": "PN16",
        "lunghezza": 50.51,
        "prof": null,
        "anno_posa": 2020,
        "comune": "Pozzolo Formigaro",
        "localita": "CAPOLUOGO",
        "via": "Strada Imperatore",
        "comune_posa": "Pozzolo Formigaro",
        "tipologia": "DISTRIBUZIONE",
        "tip_rete": "DISTRIBUZIONE",
        "id": 23100,
        "etichetta": "GH DN90",
        "n_distretto": "03",
        "note_etichetta": null,
        "id_distretto": "DNL03",
        "distretto_modello": "DNL03"
      },
      "geometry": {
        "type": "LineString",
        "coordinates": [
          [
            8.833551483660957,
            44.80422011011902
          ],
          [
            8.833557853193446,
            44.80409878492005
          ],
          [
            8.833593088132725,
            44.80376644690646
          ]
        ]
      }
    },
    {
      "type": "Feature",
      "properties": {
        "materiale": "PVC",
        "dn": "DE63",
        "classe_pre": null,
        "lunghezza": 21.58,
        "prof": 80,
        "anno_posa": 1980,
        "comune": "Pozzolo Formigaro",
        "localita": "CAPOLUOGO",
        "via": "Strada Provinciale Villalvernia",
        "comune_posa": "Pozzolo Formigaro",
        "tipologia": "DISTRIBUZIONE",
        "tip_rete": "DISTRIBUZIONE",
        "id": 23130,
        "etichetta": "PVC DE63",
        "n_distretto": "02",
        "note_etichetta": null,
        "id_distretto": "POZ-DPZ02",
        "distretto_modello": "POZ-DPZ02"
      },
      "geometry": {
        "type": "LineString",
        "coordinates": [
          [
            8.789179433547401,
            44.79505538379331
          ],
          [
            8.789419567474862,
            44.79514764610537
          ]
        ]
      }
    },
    {
      "type": "Feature",
      "properties": {
        "materiale": "PVC",
        "dn": "DE63",
        "classe_pre": null,
        "lunghezza": 13.94,
        "prof": 80,
        "anno_posa": 1980,
        "comune": "Pozzolo Formigaro",
        "localita": "CAPOLUOGO",
        "via": "Strada Provinciale Villalvernia",
        "comune_posa": "Pozzolo Formigaro",
        "tipologia": "DISTRIBUZIONE",
        "tip_rete": "DISTRIBUZIONE",
        "id": 23131,
        "etichetta": "PVC DE63",
        "n_distretto": "04",
        "note_etichetta": null,
        "id_distretto": "POZ-DPZ04",
        "distretto_modello": "POZ-DPZ04"
      },
      "geometry": {
        "type": "LineString",
        "coordinates": [
          [
            8.789437237319499,
            44.795154887849286
          ],
          [
            8.789434493486025,
            44.795158894847255
          ],
          [
            8.789364655155822,
            44.79526176308316
          ],
          [
            8.789356217775213,
            44.795258697146345
          ]
        ]
      }
    },
    {
      "type": "Feature",
      "properties": {
        "materiale": "PVC",
        "dn": "DE63",
        "classe_pre": null,
        "lunghezza": 14.36,
        "prof": 80,
        "anno_posa": 1980,
        "comune": "Pozzolo Formigaro",
        "localita": "CAPOLUOGO",
        "via": "Strada Provinciale Villalvernia",
        "comune_posa": "Pozzolo Formigaro",
        "tipologia": "DISTRIBUZIONE",
        "tip_rete": "DISTRIBUZIONE",
        "id": 23132,
        "etichetta": "PVC DE63",
        "n_distretto": "02",
        "note_etichetta": null,
        "id_distretto": "POZ-DPZ02",
        "distretto_modello": "POZ-DPZ02"
      },
      "geometry": {
        "type": "LineString",
        "coordinates": [
          [
            8.789356217775213,
            44.795258697146345
          ],
          [
            8.789343555822635,
            44.795253386611456
          ],
          [
            8.789416735372427,
            44.795151715628535
          ],
          [
            8.789419567474862,
            44.79514764610537
          ]
        ]
      }
    },
    {
      "type": "Feature",
      "properties": {
        "materiale": "PVC",
        "dn": "DE63",
        "classe_pre": null,
        "lunghezza": 0.87,
        "prof": 80,
        "anno_posa": 1980,
        "comune": "Pozzolo Formigaro",
        "localita": "CAPOLUOGO",
        "via": "Strada Provinciale Villalvernia",
        "comune_posa": "Pozzolo Formigaro",
        "tipologia": "DISTRIBUZIONE",
        "tip_rete": "DISTRIBUZIONE",
        "id": 23133,
        "etichetta": "PVC DE63",
        "n_distretto": "02",
        "note_etichetta": null,
        "id_distretto": "POZ-DPZ02",
        "distretto_modello": "POZ-DPZ02"
      },
      "geometry": {
        "type": "LineString",
        "coordinates": [
          [
            8.789419567474862,
            44.79514764610537
          ],
          [
            8.789428996576328,
            44.79515171715478
          ]
        ]
      }
    },
    {
      "type": "Feature",
      "properties": {
        "materiale": "PVC",
        "dn": "DE63",
        "classe_pre": null,
        "lunghezza": 0.74,
        "prof": 80,
        "anno_posa": 1980,
        "comune": "Pozzolo Formigaro",
        "localita": "CAPOLUOGO",
        "via": "Strada Provinciale Villalvernia",
        "comune_posa": "Pozzolo Formigaro",
        "tipologia": "DISTRIBUZIONE",
        "tip_rete": "DISTRIBUZIONE",
        "id": 23134,
        "etichetta": "PVC DE63",
        "n_distretto": "04",
        "note_etichetta": null,
        "id_distretto": "POZ-DPZ04",
        "distretto_modello": "POZ-DPZ04"
      },
      "geometry": {
        "type": "LineString",
        "coordinates": [
          [
            8.789428996576328,
            44.79515171715478
          ],
          [
            8.789437237319499,
            44.795154887849286
          ]
        ]
      }
    },
    {
      "type": "Feature",
      "properties": {
        "materiale": "PE",
        "dn": "DE160",
        "classe_pre": null,
        "lunghezza": 23.43,
        "prof": 80,
        "anno_posa": 2018,
        "comune": "Pozzolo Formigaro",
        "localita": "CAPOLUOGO",
        "via": "Via Frascheta",
        "comune_posa": "Pozzolo Formigaro",
        "tipologia": "DISTRIBUZIONE",
        "tip_rete": "DISTRIBUZIONE",
        "id": 23135,
        "etichetta": "PE DE160",
        "n_distretto": "01",
        "note_etichetta": null,
        "id_distretto": "POZ-DPZ01",
        "distretto_modello": "POZ-DPZ01"
      },
      "geometry": {
        "type": "LineString",
        "coordinates": [
          [
            8.787939612653618,
            44.79257286524202
          ],
          [
            8.787865186658472,
            44.79244551879266
          ],
          [
            8.787890536229986,
            44.79238260066823
          ],
          [
            8.78788685318178,
            44.79237551816
          ]
        ]
      }
    },
    {
      "type": "Feature",
      "properties": {
        "materiale": "PE",
        "dn": "DE160",
        "classe_pre": null,
        "lunghezza": 1.73,
        "prof": 80,
        "anno_posa": 2018,
        "comune": "Pozzolo Formigaro",
        "localita": "CAPOLUOGO",
        "via": "Via Frascheta",
        "comune_posa": "Pozzolo Formigaro",
        "tipologia": "DISTRIBUZIONE",
        "tip_rete": "DISTRIBUZIONE",
        "id": 23136,
        "etichetta": "PE DE160",
        "n_distretto": "02",
        "note_etichetta": null,
        "id_distretto": "POZ-DPZ02",
        "distretto_modello": "POZ-DPZ02"
      },
      "geometry": {
        "type": "LineString",
        "coordinates": [
          [
            8.787928682907246,
            44.79259472344194
          ],
          [
            8.787948711027289,
            44.7925885542397
          ]
        ]
      }
    },
    {
      "type": "Feature",
      "properties": {
        "materiale": "PE",
        "dn": "DE160",
        "classe_pre": null,
        "lunghezza": 1.7,
        "prof": 80,
        "anno_posa": 2018,
        "comune": "Pozzolo Formigaro",
        "localita": "CAPOLUOGO",
        "via": "Via Frascheta",
        "comune_posa": "Pozzolo Formigaro",
        "tipologia": "DISTRIBUZIONE",
        "tip_rete": "DISTRIBUZIONE",
        "id": 23137,
        "etichetta": "PE DE160",
        "n_distretto": "01",
        "note_etichetta": null,
        "id_distretto": "POZ-DPZ01",
        "distretto_modello": "POZ-DPZ01"
      },
      "geometry": {
        "type": "LineString",
        "coordinates": [
          [
            8.787939612653618,
            44.79257286524202
          ],
          [
            8.787919755416246,
            44.79257866075111
          ]
        ]
      }
    },
    {
      "type": "Feature",
      "properties": {
        "materiale": "PE",
        "dn": "DE160",
        "classe_pre": null,
        "lunghezza": 1.37,
        "prof": 80,
        "anno_posa": 2018,
        "comune": "Pozzolo Formigaro",
        "localita": "CAPOLUOGO",
        "via": "Via Frascheta",
        "comune_posa": "Pozzolo Formigaro",
        "tipologia": "DISTRIBUZIONE",
        "tip_rete": "DISTRIBUZIONE",
        "id": 23138,
        "etichetta": "PE DE160",
        "n_distretto": "02",
        "note_etichetta": null,
        "id_distretto": "POZ-DPZ02",
        "distretto_modello": "POZ-DPZ02"
      },
      "geometry": {
        "type": "LineString",
        "coordinates": [
          [
            8.787919319019007,
            44.79258796716305
          ],
          [
            8.78792438502616,
            44.79259615705685
          ],
          [
            8.787928682907246,
            44.79259472344194
          ]
        ]
      }
    },
    {
      "type": "Feature",
      "properties": {
        "materiale": "PE",
        "dn": "DE160",
        "classe_pre": null,
        "lunghezza": 1.44,
        "prof": 80,
        "anno_posa": 2018,
        "comune": "Pozzolo Formigaro",
        "localita": "CAPOLUOGO",
        "via": "Via Frascheta",
        "comune_posa": "Pozzolo Formigaro",
        "tipologia": "DISTRIBUZIONE",
        "tip_rete": "DISTRIBUZIONE",
        "id": 23139,
        "etichetta": "PE DE160",
        "n_distretto": "01",
        "note_etichetta": null,
        "id_distretto": "POZ-DPZ01",
        "distretto_modello": "POZ-DPZ01"
      },
      "geometry": {
        "type": "LineString",
        "coordinates": [
          [
            8.787919755416246,
            44.79257866075111
          ],
          [
            8.787914055069601,
            44.7925802150165
          ],
          [
            8.787919319019007,
            44.79258796716305
          ]
        ]
      }
    },
    {
      "type": "Feature",
      "properties": {
        "materiale": "PE",
        "dn": "DE160",
        "classe_pre": null,
        "lunghezza": 0.97,
        "prof": 80,
        "anno_posa": 2018,
        "comune": "Pozzolo Formigaro",
        "localita": "CAPOLUOGO",
        "via": "Via Frascheta",
        "comune_posa": "Pozzolo Formigaro",
        "tipologia": "DISTRIBUZIONE",
        "tip_rete": "DISTRIBUZIONE",
        "id": 23140,
        "etichetta": "PE DE160",
        "n_distretto": "02",
        "note_etichetta": null,
        "id_distretto": "POZ-DPZ02",
        "distretto_modello": "POZ-DPZ02"
      },
      "geometry": {
        "type": "LineString",
        "coordinates": [
          [
            8.787948711027289,
            44.7925885542397
          ],
          [
            8.787943810383767,
            44.79258052102312
          ]
        ]
      }
    },
    {
      "type": "Feature",
      "properties": {
        "materiale": "PVC",
        "dn": "DE160",
        "classe_pre": null,
        "lunghezza": 3.76,
        "prof": 80,
        "anno_posa": 1980,
        "comune": "Pozzolo Formigaro",
        "localita": "CAPOLUOGO",
        "via": "Via Fossato Vignale",
        "comune_posa": "Pozzolo Formigaro",
        "tipologia": "DISTRIBUZIONE",
        "tip_rete": "DISTRIBUZIONE",
        "id": 23141,
        "etichetta": "PVC DE160",
        "n_distretto": "01",
        "note_etichetta": null,
        "id_distretto": "POZ-DPZ01",
        "distretto_modello": "POZ-DPZ01"
      },
      "geometry": {
        "type": "LineString",
        "coordinates": [
          [
            8.7809567196991,
            44.791383713691
          ],
          [
            8.780955718298104,
            44.79136916805481
          ],
          [
            8.780942336134606,
            44.79136939314116
          ],
          [
            8.780928601833777,
            44.791369617550494
          ]
        ]
      }
    },
    {
      "type": "Feature",
      "properties": {
        "materiale": "PVC",
        "dn": "DE160",
        "classe_pre": null,
        "lunghezza": 4.74,
        "prof": 80,
        "anno_posa": 1980,
        "comune": "Pozzolo Formigaro",
        "localita": "CAPOLUOGO",
        "via": "Via Fossato Vignale",
        "comune_posa": "Pozzolo Formigaro",
        "tipologia": "DISTRIBUZIONE",
        "tip_rete": "DISTRIBUZIONE",
        "id": 23142,
        "etichetta": "PVC DE160",
        "n_distretto": "02",
        "note_etichetta": null,
        "id_distretto": "POZ-DPZ02",
        "distretto_modello": "POZ-DPZ02"
      },
      "geometry": {
        "type": "LineString",
        "coordinates": [
          [
            8.780900733692246,
            44.79143797642857
          ],
          [
            8.78092918943293,
            44.79140046138468
          ]
        ]
      }
    },
    {
      "type": "Feature",
      "properties": {
        "materiale": "PVC",
        "dn": "DE160",
        "classe_pre": null,
        "lunghezza": 3.99,
        "prof": 80,
        "anno_posa": 1980,
        "comune": "Pozzolo Formigaro",
        "localita": "CAPOLUOGO",
        "via": "Via Fossato Vignale",
        "comune_posa": "Pozzolo Formigaro",
        "tipologia": "DISTRIBUZIONE",
        "tip_rete": "DISTRIBUZIONE",
        "id": 23143,
        "etichetta": "PVC DE160",
        "n_distretto": "02",
        "note_etichetta": null,
        "id_distretto": "POZ-DPZ02",
        "distretto_modello": "POZ-DPZ02"
      },
      "geometry": {
        "type": "LineString",
        "coordinates": [
          [
            8.78092918943293,
            44.79140046138468
          ],
          [
            8.780943276827015,
            44.79139998689883
          ],
          [
            8.780957364220878,
            44.79139951241125
          ],
          [
            8.7809567196991,
            44.791383713691
          ]
        ]
      }
    },
    {
      "type": "Feature",
      "properties": {
        "materiale": "PVC",
        "dn": "DE160",
        "classe_pre": null,
        "lunghezza": 1.7,
        "prof": 80,
        "anno_posa": 1980,
        "comune": "Pozzolo Formigaro",
        "localita": "CAPOLUOGO",
        "via": "Via Fossato Vignale",
        "comune_posa": "Pozzolo Formigaro",
        "tipologia": "DISTRIBUZIONE",
        "tip_rete": "DISTRIBUZIONE",
        "id": 23144,
        "etichetta": "PVC DE160",
        "n_distretto": "02",
        "note_etichetta": null,
        "id_distretto": "POZ-DPZ02",
        "distretto_modello": "POZ-DPZ02"
      },
      "geometry": {
        "type": "LineString",
        "coordinates": [
          [
            8.780929247296324,
            44.79138516551902
          ],
          [
            8.78092918943293,
            44.79140046138468
          ]
        ]
      }
    },
    {
      "type": "Feature",
      "properties": {
        "materiale": "PVC",
        "dn": "DE160",
        "classe_pre": null,
        "lunghezza": 1.73,
        "prof": 80,
        "anno_posa": 1980,
        "comune": "Pozzolo Formigaro",
        "localita": "CAPOLUOGO",
        "via": "Via Fossato Vignale",
        "comune_posa": "Pozzolo Formigaro",
        "tipologia": "DISTRIBUZIONE",
        "tip_rete": "DISTRIBUZIONE",
        "id": 23145,
        "etichetta": "PVC DE160",
        "n_distretto": "01",
        "note_etichetta": null,
        "id_distretto": "POZ-DPZ01",
        "distretto_modello": "POZ-DPZ01"
      },
      "geometry": {
        "type": "LineString",
        "coordinates": [
          [
            8.780928601833777,
            44.791369617550494
          ],
          [
            8.780929247296324,
            44.79138516551902
          ]
        ]
      }
    },
    {
      "type": "Feature",
      "properties": {
        "materiale": "PE",
        "dn": "DE160",
        "classe_pre": null,
        "lunghezza": 0.91,
        "prof": 80,
        "anno_posa": 2018,
        "comune": "Pozzolo Formigaro",
        "localita": "CAPOLUOGO",
        "via": "Via Frascheta",
        "comune_posa": "Pozzolo Formigaro",
        "tipologia": "DISTRIBUZIONE",
        "tip_rete": "DISTRIBUZIONE",
        "id": 23146,
        "etichetta": "PE DE160",
        "n_distretto": "01",
        "note_etichetta": null,
        "id_distretto": "POZ-DPZ01",
        "distretto_modello": "POZ-DPZ01"
      },
      "geometry": {
        "type": "LineString",
        "coordinates": [
          [
            8.787943810383767,
            44.79258052102312
          ],
          [
            8.787939612653618,
            44.79257286524202
          ]
        ]
      }
    },
    {
      "type": "Feature",
      "properties": {
        "materiale": "GH",
        "dn": "DN150",
        "classe_pre": "PN16",
        "lunghezza": 1.09,
        "prof": 100,
        "anno_posa": 2023,
        "comune": "Pozzolo Formigaro",
        "localita": "CAPOLUOGO",
        "via": "Via Roma",
        "comune_posa": "Pozzolo Formigaro",
        "tipologia": "DISTRIBUZIONE",
        "tip_rete": "DISTRIBUZIONE",
        "id": 23239,
        "etichetta": "GH DN150",
        "n_distretto": "02",
        "note_etichetta": null,
        "id_distretto": "POZ-DPZ02",
        "distretto_modello": "POZ-DPZ02"
      },
      "geometry": {
        "type": "LineString",
        "coordinates": [
          [
            8.784468138336733,
            44.79129668265016
          ],
          [
            8.784461150554773,
            44.79130509890802
          ]
        ]
      }
    },
    {
      "type": "Feature",
      "properties": {
        "materiale": "AC",
        "dn": "DN100",
        "classe_pre": null,
        "lunghezza": 0.27,
        "prof": 80,
        "anno_posa": 1980,
        "comune": "Pozzolo Formigaro",
        "localita": "CAPOLUOGO",
        "via": "Via Roma",
        "comune_posa": "Pozzolo Formigaro",
        "tipologia": "DISTRIBUZIONE",
        "tip_rete": "DISTRIBUZIONE",
        "id": 23240,
        "etichetta": "AC DN100",
        "n_distretto": "01",
        "note_etichetta": null,
        "id_distretto": "POZ-DPZ01",
        "distretto_modello": "POZ-DPZ01"
      },
      "geometry": {
        "type": "LineString",
        "coordinates": [
          [
            8.78515950624414,
            44.7905079393795
          ],
          [
            8.785161709221788,
            44.790506039871126
          ]
        ]
      }
    },
    {
      "type": "Feature",
      "properties": {
        "materiale": "PVC",
        "dn": "DE160",
        "classe_pre": "",
        "lunghezza": 7.95,
        "prof": 80,
        "anno_posa": 1980,
        "comune": "Pozzolo Formigaro",
        "localita": "CAPOLUOGO",
        "via": null,
        "comune_posa": "Pozzolo Formigaro",
        "tipologia": "DISTRIBUZIONE",
        "tip_rete": "DISTRIBUZIONE",
        "id": 23241,
        "etichetta": "PVC DE160",
        "n_distretto": "02",
        "note_etichetta": null,
        "id_distretto": "POZ-DPZ02",
        "distretto_modello": "POZ-DPZ02"
      },
      "geometry": {
        "type": "LineString",
        "coordinates": [
          [
            8.783897490873759,
            44.79967116212522
          ],
          [
            8.783930239070266,
            44.799663210337215
          ],
          [
            8.783953980131889,
            44.799619450459346
          ]
        ]
      }
    }
  ]
}
