{
  "type": "FeatureCollection",
  "name": "condotte",
  "crs": {
    "type": "name",
    "properties": {
      "name": "urn:ogc:def:crs:EPSG::32632"
    }
  },
  "features": [
    {
      "type": "Feature",
      "properties": {
        "materiale": "AC",
        "dn": "DN110",
        "lunghezza": 336.25,
        "anno_posa": 1980,
        "comune": "Tassarolo",
        "localita": null,
        "via": "Via Dei Martiri",
        "tip_rete": "ADDUZIONE",
        "id_distretto": "DTS05"
      },
      "geometry": {
        "type": "LineString",
        "coordinates": [
          [
            8.769766342807626,
            44.726007061514075
          ],
          [
            8.769859812380629,
            44.72583528695303
          ],
          [
            8.769946951084265,
            44.725677741527775
          ],
          [
            8.770016778863168,
            44.725555471843194
          ],
          [
            8.770254426990789,
            44.72516894937573
          ],
          [
            8.770259164703443,
            44.725160837450794
          ],
          [
            8.770360763834326,
            44.72499378272455
          ],
          [
            8.77045433445638,
            44.72487909343911
          ],
          [
            8.770598118715911,
            44.724783065248985
          ],
          [
            8.770710802634703,
            44.72469706202522
          ],
          [
            8.770875522245452,
            44.7245823879204
          ],
          [
            8.771881910220207,
            44.72367385781357
          ],
          [
            8.772082313841493,
            44.723511946488955
          ]
        ]
      }
    },
    {
      "type": "Feature",
      "properties": {
        "materiale": "AC",
        "dn": "DN110",
        "lunghezza": 56.49,
        "anno_posa": 1980,
        "comune": "Tassarolo",
        "localita": null,
        "via": "Piazza della Libertà",
        "tip_rete": "ADDUZIONE",
        "id_distretto": "DTS05"
      },
      "geometry": {
        "type": "LineString",
        "coordinates": [
          [
            8.769676358037392,
            44.72650711450121
          ],
          [
            8.76967989809054,
            44.72623911369636
          ],
          [
            8.769726728955241,
            44.72608748996858
          ],
          [
            8.769766342807626,
            44.726007061514075
          ]
        ]
      }
    },
    {
      "type": "Feature",
      "properties": {
        "materiale": "AC",
        "dn": "DN110",
        "lunghezza": 94.98,
        "anno_posa": 1980,
        "comune": "Tassarolo",
        "localita": null,
        "via": "Strada Francavilla",
        "tip_rete": "ADDUZIONE",
        "id_distretto": "DTS05"
      },
      "geometry": {
        "type": "LineString",
        "coordinates": [
          [
            8.769138005533259,
            44.72836699864525
          ],
          [
            8.769198138954623,
            44.72834108304356
          ],
          [
            8.769393331452022,
            44.728247960818734
          ],
          [
            8.769460998198689,
            44.72820710473488
          ],
          [
            8.769543938162736,
            44.72809766122178
          ],
          [
            8.76961069061669,
            44.72797214437188
          ],
          [
            8.769716592491534,
            44.7276656530525
          ]
        ]
      }
    },
    {
      "type": "Feature",
      "properties": {
        "materiale": "AC",
        "dn": "DN100",
        "lunghezza": 536.82,
        "anno_posa": 1980,
        "comune": "Tassarolo",
        "localita": null,
        "via": "Strada Francavilla",
        "tip_rete": "ADDUZIONE",
        "id_distretto": "DTS05"
      },
      "geometry": {
        "type": "LineString",
        "coordinates": [
          [
            8.75608650492303,
            44.73172725825239
          ],
          [
            8.756097302112153,
            44.73172629885174
          ],
          [
            8.75626466950471,
            44.73170649549174
          ],
          [
            8.756344218824703,
            44.73169964717001
          ],
          [
            8.756559305601993,
            44.731699026142095
          ],
          [
            8.75693774542388,
            44.73175381729107
          ],
          [
            8.757057363293566,
            44.73176378912458
          ],
          [
            8.757164142690675,
            44.73176509591844
          ],
          [
            8.757270264114075,
            44.73174264776731
          ],
          [
            8.757375383037589,
            44.73170265785284
          ],
          [
            8.757504318334414,
            44.731615965031345
          ],
          [
            8.757674343979586,
            44.731461163746495
          ],
          [
            8.757869573358526,
            44.73135666939252
          ],
          [
            8.758755457080431,
            44.731019595881115
          ],
          [
            8.759523767609366,
            44.73072763624554
          ],
          [
            8.75961242540492,
            44.730715406313
          ],
          [
            8.759691162011027,
            44.73072151037599
          ],
          [
            8.759845518869657,
            44.730754765981324
          ],
          [
            8.759915960770186,
            44.73075221482841
          ],
          [
            8.760779571576698,
            44.73050569548511
          ],
          [
            8.760990532450823,
            44.73040248574355
          ],
          [
            8.761095584199367,
            44.73027098185138
          ],
          [
            8.761185515893715,
            44.730132968029025
          ],
          [
            8.761426126866002,
            44.729817118084405
          ],
          [
            8.761547074441877,
            44.729726254759896
          ],
          [
            8.76170542657946,
            44.729644812189214
          ]
        ]
      }
    },
    {
      "type": "Feature",
      "properties": {
        "materiale": "AC",
        "dn": "DN100",
        "lunghezza": 301.61,
        "anno_posa": 1980,
        "comune": "Tassarolo",
        "localita": null,
        "via": "Strada Francavilla",
        "tip_rete": "ADDUZIONE",
        "id_distretto": "DTS05"
      },
      "geometry": {
        "type": "LineString",
        "coordinates": [
          [
            8.752311058655255,
            44.7315421326782
          ],
          [
            8.752456588312025,
            44.73157163863249
          ],
          [
            8.752950408826802,
            44.73156299059634
          ],
          [
            8.75407890819335,
            44.73154707121547
          ],
          [
            8.754322870720026,
            44.73157079952631
          ],
          [
            8.755255359574447,
            44.7317139266491
          ],
          [
            8.755535767352569,
            44.731737855976995
          ],
          [
            8.755872780432252,
            44.73174624503817
          ],
          [
            8.756086504923198,
            44.73172725444005
          ]
        ]
      }
    },
    {
      "type": "Feature",
      "properties": {
        "materiale": "PVC",
        "dn": "DN160",
        "lunghezza": 108.32,
        "anno_posa": 1980,
        "comune": "Tassarolo",
        "localita": null,
        "via": "Strada delle Vigne",
        "tip_rete": "DISTRIBUZIONE",
        "id_distretto": "DTS03"
      },
      "geometry": {
        "type": "LineString",
        "coordinates": [
          [
            8.777272338558749,
            44.71921857974644
          ],
          [
            8.777260457978635,
            44.719354940473295
          ],
          [
            8.777216384654436,
            44.71959758716994
          ],
          [
            8.777157755672889,
            44.719762315170485
          ],
          [
            8.777104337367302,
            44.71991616560322
          ],
          [
            8.777048485328729,
            44.720015868176354
          ],
          [
            8.777043639626545,
            44.720074003675926
          ],
          [
            8.777053572743014,
            44.72017351211012
          ]
        ]
      }
    },
    {
      "type": "Feature",
      "properties": {
        "materiale": "PVC",
        "dn": "DN160",
        "lunghezza": 280.33,
        "anno_posa": 1980,
        "comune": "Tassarolo",
        "localita": null,
        "via": "Strada delle Vigne",
        "tip_rete": "DISTRIBUZIONE",
        "id_distretto": "DTS03"
      },
      "geometry": {
        "type": "LineString",
        "coordinates": [
          [
            8.777053572743014,
            44.72017351211012
          ],
          [
            8.777081096462956,
            44.720146674503034
          ],
          [
            8.777202202551782,
            44.72005336209451
          ],
          [
            8.777322598177893,
            44.71999804139223
          ],
          [
            8.777536823529694,
            44.71992689585061
          ],
          [
            8.777734084965049,
            44.71980204462101
          ],
          [
            8.778205503068785,
            44.719474336124115
          ],
          [
            8.778445493742398,
            44.71922621455309
          ],
          [
            8.77857692225764,
            44.719047561843084
          ],
          [
            8.778620784243044,
            44.718974200595326
          ],
          [
            8.778698990567124,
            44.71872576475417
          ],
          [
            8.778855733736938,
            44.71848830956782
          ],
          [
            8.779168362036495,
            44.71823797301424
          ]
        ]
      }
    },
    {
      "type": "Feature",
      "properties": {
        "materiale": "?",
        "dn": "?",
        "lunghezza": 215.36,
        "anno_posa": 1980,
        "comune": "Tassarolo",
        "localita": null,
        "via": "Strada Vicinale della Carretta",
        "tip_rete": "DISTRIBUZIONE",
        "id_distretto": "DTS03"
      },
      "geometry": {
        "type": "LineString",
        "coordinates": [
          [
            8.779168362036495,
            44.71823797301424
          ],
          [
            8.779266839669024,
            44.71821462291058
          ],
          [
            8.779409662582081,
            44.71816405142917
          ],
          [
            8.779477097707936,
            44.71814252441988
          ],
          [
            8.779593385868624,
            44.71812391651852
          ],
          [
            8.7797254680859,
            44.71811946324843
          ],
          [
            8.779835052927512,
            44.71812720750655
          ],
          [
            8.77999868785884,
            44.71816047950568
          ],
          [
            8.780224236469477,
            44.71823530166983
          ],
          [
            8.780524877495694,
            44.7183592319096
          ],
          [
            8.781205863774098,
            44.71869077085952
          ],
          [
            8.781596847226908,
            44.718817972123205
          ]
        ]
      }
    },
    {
      "type": "Feature",
      "properties": {
        "materiale": "?",
        "dn": "?",
        "lunghezza": 478.24,
        "anno_posa": 1980,
        "comune": "Tassarolo",
        "localita": null,
        "via": "Località San Pietro",
        "tip_rete": "DISTRIBUZIONE",
        "id_distretto": "DTS03"
      },
      "geometry": {
        "type": "LineString",
        "coordinates": [
          [
            8.779168362036495,
            44.71823797301424
          ],
          [
            8.779234109964671,
            44.71813923012148
          ],
          [
            8.779283008521421,
            44.717935078235676
          ],
          [
            8.779308745764036,
            44.71771068014048
          ],
          [
            8.779319182363299,
            44.71764692773094
          ],
          [
            8.779347162568143,
            44.717582010069705
          ],
          [
            8.779406923684625,
            44.717494554929594
          ],
          [
            8.7794811185355,
            44.717431609726646
          ],
          [
            8.779575108321607,
            44.717372469158214
          ],
          [
            8.77970209210768,
            44.71731904187472
          ],
          [
            8.779805165156347,
            44.71730229150176
          ],
          [
            8.780011321779458,
            44.71726596563915
          ],
          [
            8.780292742982335,
            44.71723260907677
          ],
          [
            8.782083879457414,
            44.71713717070518
          ],
          [
            8.782229246691735,
            44.71711108264344
          ],
          [
            8.782406425131922,
            44.717053981573116
          ],
          [
            8.782647169143532,
            44.716949920254464
          ],
          [
            8.783000622042378,
            44.71672366212192
          ],
          [
            8.783427815439646,
            44.71655403990569
          ],
          [
            8.783821168458237,
            44.71625064208253
          ]
        ]
      }
    },
    {
      "type": "Feature",
      "properties": {
        "materiale": "PVC",
        "dn": "DN160",
        "lunghezza": 137.04,
        "anno_posa": 1980,
        "comune": "Tassarolo",
        "localita": null,
        "via": "Strada delle Vigne",
        "tip_rete": "DISTRIBUZIONE",
        "id_distretto": "DTS03"
      },
      "geometry": {
        "type": "LineString",
        "coordinates": [
          [
            8.773342133036248,
            44.72267547181276
          ],
          [
            8.773123381834807,
            44.72288690158891
          ],
          [
            8.773006127139492,
            44.722980830428526
          ],
          [
            8.77288167238053,
            44.72305826650833
          ],
          [
            8.77218357274027,
            44.723456004535294
          ],
          [
            8.772093674943752,
            44.72351973751119
          ]
        ]
      }
    },
    {
      "type": "Feature",
      "properties": {
        "materiale": "PVC",
        "dn": "DN160",
        "lunghezza": 134.28,
        "anno_posa": 1980,
        "comune": "Tassarolo",
        "localita": null,
        "via": "Strada delle Vigne",
        "tip_rete": "DISTRIBUZIONE",
        "id_distretto": "DTS03"
      },
      "geometry": {
        "type": "LineString",
        "coordinates": [
          [
            8.776438614018799,
            44.72079786734859
          ],
          [
            8.776333917429964,
            44.72089135341212
          ],
          [
            8.775727798314676,
            44.72124947898198
          ],
          [
            8.775538265288938,
            44.72138320056696
          ],
          [
            8.775182126276828,
            44.721606134464544
          ]
        ]
      }
    },
    {
      "type": "Feature",
      "properties": {
        "materiale": "PVC",
        "dn": "DN160",
        "lunghezza": 84.79,
        "anno_posa": 1980,
        "comune": "Tassarolo",
        "localita": null,
        "via": "Strada delle Vigne",
        "tip_rete": "DISTRIBUZIONE",
        "id_distretto": "DTS03"
      },
      "geometry": {
        "type": "LineString",
        "coordinates": [
          [
            8.777053572743014,
            44.72017351211012
          ],
          [
            8.777039115811016,
            44.72018760864622
          ],
          [
            8.776988161923896,
            44.720248094828456
          ],
          [
            8.776769460310847,
            44.720452469636
          ],
          [
            8.776438614018799,
            44.72079786734859
          ]
        ]
      }
    },
    {
      "type": "Feature",
      "properties": {
        "materiale": "PVC",
        "dn": "DN160",
        "lunghezza": 2.58,
        "anno_posa": 1980,
        "comune": "Tassarolo",
        "localita": null,
        "via": "Strada delle Vigne",
        "tip_rete": "DISTRIBUZIONE",
        "id_distretto": "DTS03"
      },
      "geometry": {
        "type": "LineString",
        "coordinates": [
          [
            8.776438614018799,
            44.72079786734859
          ],
          [
            8.776464975528247,
            44.720811572418484
          ]
        ]
      }
    },
    {
      "type": "Feature",
      "properties": {
        "materiale": "?",
        "dn": "?",
        "lunghezza": 3.69,
        "anno_posa": 1980,
        "comune": "Tassarolo",
        "localita": null,
        "via": "Località Filagnotti",
        "tip_rete": "DISTRIBUZIONE",
        "id_distretto": "DTS03"
      },
      "geometry": {
        "type": "LineString",
        "coordinates": [
          [
            8.773342133036248,
            44.72267547181276
          ],
          [
            8.77338319995763,
            44.7226912351741
          ]
        ]
      }
    },
    {
      "type": "Feature",
      "properties": {
        "materiale": "PE",
        "dn": "DN90",
        "lunghezza": 48.25,
        "anno_posa": 1980,
        "comune": "Tassarolo",
        "localita": null,
        "via": "Via Dei Martiri",
        "tip_rete": "DISTRIBUZIONE",
        "id_distretto": "DTS03"
      },
      "geometry": {
        "type": "LineString",
        "coordinates": [
          [
            8.77027953270118,
            44.72516099195105
          ],
          [
            8.770189958237811,
            44.72531015467091
          ],
          [
            8.77003195887167,
            44.72555785645525
          ]
        ]
      }
    },
    {
      "type": "Feature",
      "properties": {
        "materiale": "PE",
        "dn": "DN90",
        "lunghezza": 53.36,
        "anno_posa": 1980,
        "comune": "Tassarolo",
        "localita": null,
        "via": "Via Dei Martiri",
        "tip_rete": "DISTRIBUZIONE",
        "id_distretto": "DTS03"
      },
      "geometry": {
        "type": "LineString",
        "coordinates": [
          [
            8.770648837567617,
            44.724768905453324
          ],
          [
            8.770464859868763,
            44.72488947239126
          ],
          [
            8.770377900696745,
            44.725002291742186
          ],
          [
            8.77027953270118,
            44.72516099195105
          ]
        ]
      }
    },
    {
      "type": "Feature",
      "properties": {
        "materiale": "PE",
        "dn": "DN90",
        "lunghezza": 177.95,
        "anno_posa": 1980,
        "comune": "Tassarolo",
        "localita": null,
        "via": "Via Dei Martiri",
        "tip_rete": "DISTRIBUZIONE",
        "id_distretto": "DTS03"
      },
      "geometry": {
        "type": "LineString",
        "coordinates": [
          [
            8.77207694620631,
            44.72353347529316
          ],
          [
            8.771703632667977,
            44.72384777636378
          ],
          [
            8.771392413988734,
            44.72413050545844
          ],
          [
            8.7708886985511,
            44.724590418107205
          ],
          [
            8.770648837567617,
            44.724768905453324
          ]
        ]
      }
    },
    {
      "type": "Feature",
      "properties": {
        "materiale": "PE",
        "dn": "DN63",
        "lunghezza": 30,
        "anno_posa": 1980,
        "comune": "Tassarolo",
        "localita": null,
        "via": "Strada Francavilla",
        "tip_rete": "DISTRIBUZIONE",
        "id_distretto": "DTS03"
      },
      "geometry": {
        "type": "LineString",
        "coordinates": [
          [
            8.76946714944631,
            44.72823206922731
          ],
          [
            8.76915092391379,
            44.72836947379605
          ],
          [
            8.769144129074439,
            44.72837306917002
          ]
        ]
      }
    },
    {
      "type": "Feature",
      "properties": {
        "materiale": "PE",
        "dn": "DN63",
        "lunghezza": 100,
        "anno_posa": 1980,
        "comune": "Tassarolo",
        "localita": null,
        "via": "Strada Francavilla",
        "tip_rete": "DISTRIBUZIONE",
        "id_distretto": "DTS03"
      },
      "geometry": {
        "type": "LineString",
        "coordinates": [
          [
            8.76974635668355,
            44.72737103284533
          ],
          [
            8.769743266312672,
            44.72764001441954
          ],
          [
            8.769669680695294,
            44.72791255660098
          ],
          [
            8.769583915615922,
            44.728103979903125
          ],
          [
            8.76946714944631,
            44.72823206922731
          ]
        ]
      }
    },
    {
      "type": "Feature",
      "properties": {
        "materiale": "PE",
        "dn": "DN90",
        "lunghezza": 96.04,
        "anno_posa": 1980,
        "comune": "Tassarolo",
        "localita": null,
        "via": "VIa Giuseppe Mazzini",
        "tip_rete": "DISTRIBUZIONE",
        "id_distretto": "DTS03"
      },
      "geometry": {
        "type": "LineString",
        "coordinates": [
          [
            8.769686260551314,
            44.72650807608898
          ],
          [
            8.769691630300766,
            44.72656952747217
          ],
          [
            8.769730274332124,
            44.72690011319358
          ],
          [
            8.769749639841965,
            44.72717934185923
          ],
          [
            8.769748501145772,
            44.72734980581399
          ],
          [
            8.76974635668355,
            44.72737103284533
          ]
        ]
      }
    },
    {
      "type": "Feature",
      "properties": {
        "materiale": "PE",
        "dn": "DN90",
        "lunghezza": 54.24,
        "anno_posa": 1980,
        "comune": "Tassarolo",
        "localita": null,
        "via": "Via Dei Martiri",
        "tip_rete": "DISTRIBUZIONE",
        "id_distretto": "DTS03"
      },
      "geometry": {
        "type": "LineString",
        "coordinates": [
          [
            8.77003195887167,
            44.72555785645525
          ],
          [
            8.76996212552414,
            44.725681538564615
          ],
          [
            8.769871033734557,
            44.72583672199138
          ],
          [
            8.769778872876326,
            44.726011559457476
          ]
        ]
      }
    },
    {
      "type": "Feature",
      "properties": {
        "materiale": "PE",
        "dn": "DE63",
        "lunghezza": 21.4,
        "anno_posa": 1980,
        "comune": "Tassarolo",
        "localita": null,
        "via": "Strada Francavilla",
        "tip_rete": "DISTRIBUZIONE",
        "id_distretto": "DTS03"
      },
      "geometry": {
        "type": "LineString",
        "coordinates": [
          [
            8.769132889448594,
            44.72838039356403
          ],
          [
            8.768913218504872,
            44.728471421688695
          ],
          [
            8.768900135802095,
            44.728478246137726
          ]
        ]
      }
    },
    {
      "type": "Feature",
      "properties": {
        "materiale": "?",
        "dn": "?",
        "lunghezza": 1.21,
        "anno_posa": 1980,
        "comune": "Tassarolo",
        "localita": null,
        "via": "Strada Francavilla",
        "tip_rete": "DISTRIBUZIONE",
        "id_distretto": "DTS03"
      },
      "geometry": {
        "type": "LineString",
        "coordinates": [
          [
            8.769144129074439,
            44.72837306917002
          ],
          [
            8.76913860095011,
            44.72837640931066
          ],
          [
            8.769132889448594,
            44.72838039356403
          ]
        ]
      }
    },
    {
      "type": "Feature",
      "properties": {
        "materiale": "PE",
        "dn": "DE63",
        "lunghezza": 178.67,
        "anno_posa": 1980,
        "comune": "Tassarolo",
        "localita": null,
        "via": "Strada Vicinale dei Preissi",
        "tip_rete": "DISTRIBUZIONE",
        "id_distretto": "DTS02"
      },
      "geometry": {
        "type": "LineString",
        "coordinates": [
          [
            8.760471252467351,
            44.72956256045372
          ],
          [
            8.760137908185706,
            44.72943756737028
          ],
          [
            8.759817537605988,
            44.72929000178257
          ],
          [
            8.75938409474894,
            44.729175389132436
          ],
          [
            8.75900973935182,
            44.72890765131863
          ],
          [
            8.75873000348754,
            44.728757343551216
          ],
          [
            8.758582538695821,
            44.72872242749151
          ]
        ]
      }
    },
    {
      "type": "Feature",
      "properties": {
        "materiale": "PE",
        "dn": "DE63",
        "lunghezza": 47.98,
        "anno_posa": 1980,
        "comune": "Tassarolo",
        "localita": null,
        "via": "Strada Comunale Cavallari",
        "tip_rete": "DISTRIBUZIONE",
        "id_distretto": "DTS02"
      },
      "geometry": {
        "type": "LineString",
        "coordinates": [
          [
            8.757716287302099,
            44.729665100715785
          ],
          [
            8.757583954236546,
            44.72972517667882
          ],
          [
            8.757135458586296,
            44.72973992224554
          ]
        ]
      }
    },
    {
      "type": "Feature",
      "properties": {
        "materiale": "PE",
        "dn": "DE63",
        "lunghezza": 128.69,
        "anno_posa": 1980,
        "comune": "Tassarolo",
        "localita": null,
        "via": "Strada Comunale Cavallari",
        "tip_rete": "DISTRIBUZIONE",
        "id_distretto": "DTS02"
      },
      "geometry": {
        "type": "LineString",
        "coordinates": [
          [
            8.758582538695821,
            44.72872242749151
          ],
          [
            8.7583825897388,
            44.72883629600631
          ],
          [
            8.758374596885167,
            44.728841253538604
          ],
          [
            8.75826035868508,
            44.728895586995364
          ],
          [
            8.758156185182111,
            44.72900827403731
          ],
          [
            8.758034591520145,
            44.72928618361471
          ],
          [
            8.757833247137771,
            44.72957055169618
          ],
          [
            8.757716287302099,
            44.729665100715785
          ]
        ]
      }
    },
    {
      "type": "Feature",
      "properties": {
        "materiale": "PE",
        "dn": "DE63",
        "lunghezza": 32.18,
        "anno_posa": 1980,
        "comune": "Tassarolo",
        "localita": null,
        "via": "Strada Comunale Cavallari",
        "tip_rete": "DISTRIBUZIONE",
        "id_distretto": "DTS02"
      },
      "geometry": {
        "type": "LineString",
        "coordinates": [
          [
            8.756775562557138,
            44.72975175356914
          ],
          [
            8.756561342017607,
            44.72976926503339
          ],
          [
            8.756465837558903,
            44.72978903591741
          ],
          [
            8.756426362437999,
            44.72981162548688
          ],
          [
            8.756408078301202,
            44.729837499350076
          ]
        ]
      }
    },
    {
      "type": "Feature",
      "properties": {
        "materiale": "PE",
        "dn": "DE63",
        "lunghezza": 18.95,
        "anno_posa": 1980,
        "comune": "Tassarolo",
        "localita": null,
        "via": "Strada Comunale Cavallari",
        "tip_rete": "DISTRIBUZIONE",
        "id_distretto": "DTS02"
      },
      "geometry": {
        "type": "LineString",
        "coordinates": [
          [
            8.756408078301202,
            44.729837499350076
          ],
          [
            8.756375568465566,
            44.729824473575704
          ],
          [
            8.756178804631023,
            44.7297916625999
          ]
        ]
      }
    },
    {
      "type": "Feature",
      "properties": {
        "materiale": "PE",
        "dn": "DE63",
        "lunghezza": 660.26,
        "anno_posa": 1980,
        "comune": "Tassarolo",
        "localita": null,
        "via": "Strada Comunale Cavallari",
        "tip_rete": "DISTRIBUZIONE",
        "id_distretto": "DTS02"
      },
      "geometry": {
        "type": "LineString",
        "coordinates": [
          [
            8.758582538695821,
            44.72872242749151
          ],
          [
            8.758620317493726,
            44.72869037465264
          ],
          [
            8.758790094756657,
            44.72836234430037
          ],
          [
            8.759172346720353,
            44.72768094915276
          ],
          [
            8.75921470381047,
            44.727500247900245
          ],
          [
            8.75932658686657,
            44.72727590794525
          ],
          [
            8.759442264693226,
            44.72716183443379
          ],
          [
            8.75992652806975,
            44.72698727964869
          ],
          [
            8.760570288196272,
            44.72668883403608
          ],
          [
            8.760806575579213,
            44.72656362319539
          ],
          [
            8.761084927413217,
            44.72632691816788
          ],
          [
            8.761218274973437,
            44.72618030467805
          ],
          [
            8.76138021848907,
            44.72582471163019
          ],
          [
            8.761517985035631,
            44.72556652529615
          ],
          [
            8.761793526032205,
            44.72504732725692
          ],
          [
            8.761917049781452,
            44.724879506023655
          ],
          [
            8.762108095277423,
            44.72467227736231
          ],
          [
            8.762298971674223,
            44.72450600840604
          ],
          [
            8.762438249718054,
            44.72436081821463
          ],
          [
            8.762572744564348,
            44.72417395130602
          ],
          [
            8.762620725831287,
            44.72406811900964
          ],
          [
            8.762631093719348,
            44.723955146385904
          ],
          [
            8.762624540860276,
            44.72386191257202
          ],
          [
            8.762608963073253,
            44.72379549611459
          ]
        ]
      }
    },
    {
      "type": "Feature",
      "properties": {
        "materiale": "PE",
        "dn": "DE75",
        "lunghezza": 183.76,
        "anno_posa": 1980,
        "comune": "Tassarolo",
        "localita": null,
        "via": "Strada Comunale Cavallari",
        "tip_rete": "DISTRIBUZIONE",
        "id_distretto": "DTS02"
      },
      "geometry": {
        "type": "LineString",
        "coordinates": [
          [
            8.762608963073253,
            44.72379549611459
          ],
          [
            8.762623883703535,
            44.72377503889921
          ],
          [
            8.762719537914151,
            44.723643889973445
          ],
          [
            8.763035901710046,
            44.72331121397883
          ],
          [
            8.763457468893527,
            44.722927907642635
          ],
          [
            8.763903932356317,
            44.72244176240075
          ],
          [
            8.763915171579544,
            44.72243115232143
          ]
        ]
      }
    },
    {
      "type": "Feature",
      "properties": {
        "materiale": "PE",
        "dn": "DE63",
        "lunghezza": 254.92,
        "anno_posa": 1980,
        "comune": "Tassarolo",
        "localita": null,
        "via": "Località Ortolana",
        "tip_rete": "DISTRIBUZIONE",
        "id_distretto": "DTS02"
      },
      "geometry": {
        "type": "LineString",
        "coordinates": [
          [
            8.762608963073253,
            44.72379549611459
          ],
          [
            8.76246398503206,
            44.72384545139015
          ],
          [
            8.76238216152182,
            44.72383844951353
          ],
          [
            8.762214322557389,
            44.72374624930931
          ],
          [
            8.76157377887868,
            44.723183444188585
          ],
          [
            8.761374745804583,
            44.72294564856236
          ],
          [
            8.761318326704215,
            44.72293114889191
          ],
          [
            8.760818853508809,
            44.72306782993369
          ],
          [
            8.760289889938278,
            44.723460500878595
          ]
        ]
      }
    },
    {
      "type": "Feature",
      "properties": {
        "materiale": "?",
        "dn": "?",
        "lunghezza": 23.76,
        "anno_posa": 1980,
        "comune": "Tassarolo",
        "localita": null,
        "via": "Via Dei Martiri",
        "tip_rete": "DISTRIBUZIONE",
        "id_distretto": "DTS04"
      },
      "geometry": {
        "type": "LineString",
        "coordinates": [
          [
            8.769645424663038,
            44.72610179666826
          ],
          [
            8.76971628229401,
            44.72607918202239
          ],
          [
            8.76975786483416,
            44.7260009315833
          ],
          [
            8.769767706581913,
            44.72599623565881
          ],
          [
            8.76977696167126,
            44.72599390027141
          ],
          [
            8.769785217740576,
            44.72599368150948
          ],
          [
            8.769794289053367,
            44.72599605383914
          ],
          [
            8.769800381982556,
            44.726000067995926
          ],
          [
            8.769804319240981,
            44.72600643185192
          ],
          [
            8.76980294565608,
            44.726014282359
          ],
          [
            8.769836484136876,
            44.72602421483182
          ]
        ]
      }
    },
    {
      "type": "Feature",
      "properties": {
        "materiale": "PE",
        "dn": "DE75",
        "lunghezza": 818.89,
        "anno_posa": 1980,
        "comune": "Tassarolo",
        "localita": null,
        "via": "Via Gavi",
        "tip_rete": "DISTRIBUZIONE",
        "id_distretto": "DTS04"
      },
      "geometry": {
        "type": "LineString",
        "coordinates": [
          [
            8.764253712332176,
            44.722239583174
          ],
          [
            8.764496747067897,
            44.72236830924668
          ],
          [
            8.76519194643178,
            44.72268643068963
          ],
          [
            8.765200721500214,
            44.722721053204054
          ],
          [
            8.765248927661975,
            44.72280307309421
          ],
          [
            8.765295952089275,
            44.722932406853424
          ],
          [
            8.765305497766365,
            44.72326646554754
          ],
          [
            8.765357024515353,
            44.72350739028005
          ],
          [
            8.765393456121913,
            44.72380689970124
          ],
          [
            8.765393073653016,
            44.72390153153811
          ],
          [
            8.765360375954957,
            44.72414863911836
          ],
          [
            8.765365640063408,
            44.72431672875923
          ],
          [
            8.765390841595405,
            44.72445378595767
          ],
          [
            8.765620592169745,
            44.7249613189775
          ],
          [
            8.765856797467606,
            44.72534315873666
          ],
          [
            8.76591959240639,
            44.725493004701065
          ],
          [
            8.765972368023307,
            44.725723152924864
          ],
          [
            8.766017551433237,
            44.725766510014815
          ],
          [
            8.766080828228787,
            44.72579700680997
          ],
          [
            8.76615310596544,
            44.72580633559947
          ],
          [
            8.766221495227015,
            44.725797294836376
          ],
          [
            8.766736483158805,
            44.72558436518282
          ],
          [
            8.766789025163936,
            44.72557458549776
          ],
          [
            8.76685345161977,
            44.72556553626377
          ],
          [
            8.766955450297708,
            44.725574219001736
          ],
          [
            8.76704550217706,
            44.7255977077619
          ],
          [
            8.767559654668089,
            44.72583957410421
          ],
          [
            8.767802822940007,
            44.725970718221355
          ],
          [
            8.767875925159126,
            44.726021714183375
          ],
          [
            8.767928190655889,
            44.72608114231943
          ],
          [
            8.767954655001635,
            44.72615181742456
          ],
          [
            8.767949309457997,
            44.726249970213765
          ],
          [
            8.767920736257308,
            44.72645895128885
          ],
          [
            8.767861399725367,
            44.726681287875465
          ],
          [
            8.767863203039163,
            44.726725782975564
          ],
          [
            8.767883842435209,
            44.72676678529321
          ],
          [
            8.767921407817187,
            44.72679349353925
          ],
          [
            8.767997442341198,
            44.72681865196847
          ],
          [
            8.768081748201796,
            44.72682227197901
          ],
          [
            8.768186829795479,
            44.72680973281766
          ],
          [
            8.768523009611492,
            44.72671511655794
          ],
          [
            8.768700512228659,
            44.72667027853576
          ],
          [
            8.76898998915238,
            44.72661719222571
          ],
          [
            8.769098457217178,
            44.72655655953201
          ],
          [
            8.769196476045895,
            44.72648707795191
          ],
          [
            8.769241530363148,
            44.726450445903296
          ]
        ]
      }
    },
    {
      "type": "Feature",
      "properties": {
        "materiale": "PE",
        "dn": "DE50",
        "lunghezza": 59.61,
        "anno_posa": 1980,
        "comune": "Tassarolo",
        "localita": null,
        "via": "Vicolo Maddalena",
        "tip_rete": "DISTRIBUZIONE",
        "id_distretto": "DTS04"
      },
      "geometry": {
        "type": "LineString",
        "coordinates": [
          [
            8.769645424663038,
            44.72610179666826
          ],
          [
            8.769094900288763,
            44.72573577375138
          ]
        ]
      }
    },
    {
      "type": "Feature",
      "properties": {
        "materiale": "PE",
        "dn": "DE63",
        "lunghezza": 386.22,
        "anno_posa": 1980,
        "comune": "Tassarolo",
        "localita": null,
        "via": "Via Vecchia Novi Ligure",
        "tip_rete": "DISTRIBUZIONE",
        "id_distretto": "DTS01"
      },
      "geometry": {
        "type": "LineString",
        "coordinates": [
          [
            8.769423945356747,
            44.729096170965846
          ],
          [
            8.769342031307907,
            44.729142262506755
          ],
          [
            8.769233726759646,
            44.72922290510133
          ],
          [
            8.769235410451264,
            44.729297767074264
          ],
          [
            8.769330171020702,
            44.72963376274307
          ],
          [
            8.769482944045944,
            44.730080397730035
          ],
          [
            8.769506625146542,
            44.73010445676183
          ],
          [
            8.769562033482675,
            44.73012222389404
          ],
          [
            8.76963037778812,
            44.730121186796474
          ],
          [
            8.770734081372906,
            44.7299826339554
          ],
          [
            8.770831684704287,
            44.72997753325112
          ],
          [
            8.770878156254945,
            44.73000057840868
          ],
          [
            8.77086917760666,
            44.73039807736691
          ],
          [
            8.770959564913584,
            44.730734626421636
          ],
          [
            8.771270333072394,
            44.73063059575717
          ],
          [
            8.771439156247844,
            44.73086351314295
          ],
          [
            8.771308144578128,
            44.73092398517225
          ],
          [
            8.771319062463744,
            44.730940920666924
          ],
          [
            8.771322916964424,
            44.73094637815489
          ]
        ]
      }
    },
    {
      "type": "Feature",
      "properties": {
        "materiale": "PE",
        "dn": "DE63",
        "lunghezza": 4.68,
        "anno_posa": 1980,
        "comune": "Tassarolo",
        "localita": null,
        "via": null,
        "tip_rete": "DISTRIBUZIONE",
        "id_distretto": "DTS01"
      },
      "geometry": {
        "type": "LineString",
        "coordinates": [
          [
            8.769468619436443,
            44.72906859319346
          ],
          [
            8.769434121459433,
            44.72909071835976
          ],
          [
            8.769423945356747,
            44.729096170965846
          ]
        ]
      }
    },
    {
      "type": "Feature",
      "properties": {
        "materiale": "PE",
        "dn": "DE90",
        "lunghezza": 4.11,
        "anno_posa": 1980,
        "comune": "Tassarolo",
        "localita": null,
        "via": "Vicolo Levante",
        "tip_rete": "DISTRIBUZIONE",
        "id_distretto": "DTS03"
      },
      "geometry": {
        "type": "LineString",
        "coordinates": [
          [
            8.770690469769814,
            44.72479093150364
          ],
          [
            8.770648837567617,
            44.724768905453324
          ]
        ]
      }
    },
    {
      "type": "Feature",
      "properties": {
        "materiale": "PVC",
        "dn": "DN110",
        "lunghezza": 148.58,
        "anno_posa": 1980,
        "comune": "Tassarolo",
        "localita": null,
        "via": "Via Xxv Aprile",
        "tip_rete": "DISTRIBUZIONE",
        "id_distretto": "DTS03"
      },
      "geometry": {
        "type": "LineString",
        "coordinates": [
          [
            8.770941676191539,
            44.72622478101785
          ],
          [
            8.770951550456877,
            44.726141673390096
          ],
          [
            8.770952338683035,
            44.725941929875205
          ],
          [
            8.770909553975205,
            44.72499535567624
          ],
          [
            8.770875625772073,
            44.72489076802081
          ]
        ]
      }
    },
    {
      "type": "Feature",
      "properties": {
        "materiale": "PE",
        "dn": "DN63",
        "lunghezza": 152.4,
        "anno_posa": 1980,
        "comune": "Tassarolo",
        "localita": null,
        "via": "Via XXV Aprile",
        "tip_rete": "DISTRIBUZIONE",
        "id_distretto": "DTS03"
      },
      "geometry": {
        "type": "LineString",
        "coordinates": [
          [
            8.770869974187049,
            44.72761897638795
          ],
          [
            8.770862862760513,
            44.72741068645993
          ],
          [
            8.770846656666041,
            44.72729566557772
          ],
          [
            8.770851801361367,
            44.72714343777771
          ],
          [
            8.770873200361835,
            44.72690216708297
          ],
          [
            8.770904803759226,
            44.726569681931075
          ],
          [
            8.770909982322157,
            44.726408816551775
          ],
          [
            8.770937112916416,
            44.726250154604706
          ]
        ]
      }
    },
    {
      "type": "Feature",
      "properties": {
        "materiale": "PE",
        "dn": "DE63",
        "lunghezza": 3.73,
        "anno_posa": 1980,
        "comune": "Tassarolo",
        "localita": null,
        "via": "Via Crosa",
        "tip_rete": "DISTRIBUZIONE",
        "id_distretto": "DTS01"
      },
      "geometry": {
        "type": "LineString",
        "coordinates": [
          [
            8.770992912269113,
            44.72862611762701
          ],
          [
            8.77098509032883,
            44.72861856644967
          ],
          [
            8.770963711983867,
            44.728599741719975
          ]
        ]
      }
    },
    {
      "type": "Feature",
      "properties": {
        "materiale": "?",
        "dn": "?",
        "lunghezza": 7.3,
        "anno_posa": 1980,
        "comune": "Tassarolo",
        "localita": null,
        "via": "Strada Francavilla",
        "tip_rete": "DISTRIBUZIONE",
        "id_distretto": "DTS03"
      },
      "geometry": {
        "type": "LineString",
        "coordinates": [
          [
            8.769132889448594,
            44.72838039356403
          ],
          [
            8.769185609016054,
            44.7284343578945
          ]
        ]
      }
    },
    {
      "type": "Feature",
      "properties": {
        "materiale": "?",
        "dn": "?",
        "lunghezza": 18.79,
        "anno_posa": 1980,
        "comune": "Tassarolo",
        "localita": null,
        "via": "Via Sant'Ambrogio",
        "tip_rete": "DISTRIBUZIONE",
        "id_distretto": "DTS01"
      },
      "geometry": {
        "type": "LineString",
        "coordinates": [
          [
            8.771335451848811,
            44.73235376733933
          ],
          [
            8.771338482574857,
            44.73235531700062
          ],
          [
            8.771357095657327,
            44.73236997507207
          ],
          [
            8.7713646858131,
            44.73237415628146
          ],
          [
            8.771421466979444,
            44.73242431934896
          ],
          [
            8.771332451205831,
            44.73246505417521
          ]
        ]
      }
    },
    {
      "type": "Feature",
      "properties": {
        "materiale": "?",
        "dn": "?",
        "lunghezza": 18.59,
        "anno_posa": 1980,
        "comune": "Tassarolo",
        "localita": null,
        "via": "Via Sant'Ambrogio",
        "tip_rete": "DISTRIBUZIONE",
        "id_distretto": "DTS01"
      },
      "geometry": {
        "type": "LineString",
        "coordinates": [
          [
            8.776096269797263,
            44.72961643422219
          ],
          [
            8.776324960815025,
            44.72957874649844
          ]
        ]
      }
    },
    {
      "type": "Feature",
      "properties": {
        "materiale": "?",
        "dn": "?",
        "lunghezza": 2.22,
        "anno_posa": 1980,
        "comune": "Tassarolo",
        "localita": null,
        "via": "Via Rovere Verde",
        "tip_rete": "DISTRIBUZIONE",
        "id_distretto": "DTS01"
      },
      "geometry": {
        "type": "LineString",
        "coordinates": [
          [
            8.776840721311004,
            44.72946460501792
          ],
          [
            8.776867854752892,
            44.72945942988879
          ]
        ]
      }
    },
    {
      "type": "Feature",
      "properties": {
        "materiale": "PE",
        "dn": "DE50",
        "lunghezza": 446.12,
        "anno_posa": 1980,
        "comune": "Tassarolo",
        "localita": null,
        "via": "Via Vecchia Novi Ligure",
        "tip_rete": "DISTRIBUZIONE",
        "id_distretto": "DTS01"
      },
      "geometry": {
        "type": "LineString",
        "coordinates": [
          [
            8.776840721311004,
            44.72946460501792
          ],
          [
            8.776853369561636,
            44.72948412659726
          ],
          [
            8.775364046620474,
            44.730332558806076
          ],
          [
            8.775286151362232,
            44.73038668965925
          ],
          [
            8.77521974417709,
            44.73042625075065
          ],
          [
            8.775216866800504,
            44.73043273996193
          ],
          [
            8.775209843544207,
            44.73047556703569
          ],
          [
            8.775220302259292,
            44.73063501343367
          ],
          [
            8.775285149121402,
            44.731496040357925
          ],
          [
            8.775376082091938,
            44.731786669789855
          ],
          [
            8.775527012208553,
            44.731977554317325
          ],
          [
            8.775799206164509,
            44.73255116119467
          ],
          [
            8.776036367908542,
            44.73280152733498
          ]
        ]
      }
    },
    {
      "type": "Feature",
      "properties": {
        "materiale": "PE",
        "dn": "DE63",
        "lunghezza": 386.3,
        "anno_posa": 1980,
        "comune": "Tassarolo",
        "localita": null,
        "via": "Strada Vicinale del Colletto",
        "tip_rete": "DISTRIBUZIONE",
        "id_distretto": "DTS01"
      },
      "geometry": {
        "type": "LineString",
        "coordinates": [
          [
            8.767741401569715,
            44.73358345034492
          ],
          [
            8.76773712953549,
            44.7336606542118
          ],
          [
            8.767703870928218,
            44.733718966792836
          ],
          [
            8.76714683933619,
            44.73394005393205
          ],
          [
            8.766710397522592,
            44.734066281475556
          ],
          [
            8.76626341609535,
            44.73418495284705
          ],
          [
            8.766022700322567,
            44.734256964409674
          ],
          [
            8.765865257041982,
            44.73431690519666
          ],
          [
            8.765791443773676,
            44.73436667359562
          ],
          [
            8.764829654908633,
            44.73492566625097
          ],
          [
            8.765007052456303,
            44.73537275024655
          ],
          [
            8.76496267941494,
            44.73584402051916
          ]
        ]
      }
    },
    {
      "type": "Feature",
      "properties": {
        "materiale": "PE",
        "dn": "DE63",
        "lunghezza": 394.79,
        "anno_posa": 1980,
        "comune": "Tassarolo",
        "localita": null,
        "via": null,
        "tip_rete": "DISTRIBUZIONE",
        "id_distretto": "DTS01"
      },
      "geometry": {
        "type": "LineString",
        "coordinates": [
          [
            8.771332451205831,
            44.73246505417521
          ],
          [
            8.771101787709256,
            44.73232444225071
          ],
          [
            8.771009057618832,
            44.732306317178924
          ],
          [
            8.770912285044542,
            44.73231195896906
          ],
          [
            8.769551590985449,
            44.73248165938797
          ],
          [
            8.768563100390631,
            44.73258135513309
          ],
          [
            8.768140171304323,
            44.73263511106912
          ],
          [
            8.767925857407594,
            44.73271377157684
          ],
          [
            8.767764374444127,
            44.73279442235611
          ],
          [
            8.767597260178887,
            44.732961690177476
          ],
          [
            8.767520145382644,
            44.733085826623146
          ],
          [
            8.76748414116439,
            44.73317002801357
          ],
          [
            8.767496405675876,
            44.73324114503492
          ],
          [
            8.767741401569715,
            44.73358345034492
          ]
        ]
      }
    },
    {
      "type": "Feature",
      "properties": {
        "materiale": "PE",
        "dn": "DE63",
        "lunghezza": 342.59,
        "anno_posa": 1980,
        "comune": "Tassarolo",
        "localita": null,
        "via": "Località Fara Nuova",
        "tip_rete": "DISTRIBUZIONE",
        "id_distretto": "DTS01"
      },
      "geometry": {
        "type": "LineString",
        "coordinates": [
          [
            8.767741401569715,
            44.73358345034492
          ],
          [
            8.767981942500194,
            44.733884314933604
          ],
          [
            8.768224744501323,
            44.7342663028683
          ],
          [
            8.768517642976406,
            44.73470460825698
          ],
          [
            8.768798570352473,
            44.73514962020852
          ],
          [
            8.768916548055754,
            44.73537961334689
          ],
          [
            8.768955714189996,
            44.73549645299924
          ],
          [
            8.768926328866762,
            44.73557737254197
          ],
          [
            8.768522933453433,
            44.736027589789025
          ],
          [
            8.768351788710605,
            44.736209916307665
          ],
          [
            8.76821305425352,
            44.736312904020586
          ]
        ]
      }
    },
    {
      "type": "Feature",
      "properties": {
        "materiale": "PE",
        "dn": "DN90",
        "lunghezza": 88.77,
        "anno_posa": 1980,
        "comune": "Tassarolo",
        "localita": null,
        "via": "Strada Francavilla",
        "tip_rete": "DISTRIBUZIONE",
        "id_distretto": "DTS02"
      },
      "geometry": {
        "type": "LineString",
        "coordinates": [
          [
            8.766589004561695,
            44.729228780132004
          ],
          [
            8.76643069737205,
            44.72954612501989
          ],
          [
            8.766377012136081,
            44.729801530045634
          ],
          [
            8.76635255285661,
            44.729883060552886
          ],
          [
            8.766319522571795,
            44.72997261209844
          ],
          [
            8.766301975947616,
            44.7299977893942
          ]
        ]
      }
    },
    {
      "type": "Feature",
      "properties": {
        "materiale": "?",
        "dn": "?",
        "lunghezza": 1.22,
        "anno_posa": 1980,
        "comune": "Tassarolo",
        "localita": null,
        "via": "Via Pasturana",
        "tip_rete": "DISTRIBUZIONE",
        "id_distretto": "DTS05"
      },
      "geometry": {
        "type": "LineString",
        "coordinates": [
          [
            8.766226387482686,
            44.73010736132015
          ],
          [
            8.766241693395392,
            44.7301058063189
          ]
        ]
      }
    },
    {
      "type": "Feature",
      "properties": {
        "materiale": "PE",
        "dn": "DE90",
        "lunghezza": 36.7,
        "anno_posa": 1980,
        "comune": "Tassarolo",
        "localita": null,
        "via": "Vicolo Piazzo",
        "tip_rete": "DISTRIBUZIONE",
        "id_distretto": "DTS03"
      },
      "geometry": {
        "type": "LineString",
        "coordinates": [
          [
            8.77027953270118,
            44.72516099195105
          ],
          [
            8.77027491734468,
            44.725159099431664
          ],
          [
            8.770268295628863,
            44.72516355879723
          ],
          [
            8.770260540768472,
            44.72516419162894
          ],
          [
            8.77025486729404,
            44.72516232169253
          ],
          [
            8.770250490879665,
            44.72515693165568
          ],
          [
            8.770248205564467,
            44.725150335732856
          ],
          [
            8.769864120964957,
            44.72503511651968
          ]
        ]
      }
    },
    {
      "type": "Feature",
      "properties": {
        "materiale": "PE",
        "dn": "DE50",
        "lunghezza": 43.5,
        "anno_posa": 1980,
        "comune": "Tassarolo",
        "localita": null,
        "via": "Vicolo Corte Dei Sori",
        "tip_rete": "DISTRIBUZIONE",
        "id_distretto": "DTS03"
      },
      "geometry": {
        "type": "LineString",
        "coordinates": [
          [
            8.770086880332583,
            44.7255750488472
          ],
          [
            8.770593782377052,
            44.72572595388968
          ]
        ]
      }
    },
    {
      "type": "Feature",
      "properties": {
        "materiale": "PE",
        "dn": "DE90",
        "lunghezza": 4.75,
        "anno_posa": 1980,
        "comune": "Tassarolo",
        "localita": null,
        "via": "Vicolo Corte dei Sori",
        "tip_rete": "DISTRIBUZIONE",
        "id_distretto": "DTS03"
      },
      "geometry": {
        "type": "LineString",
        "coordinates": [
          [
            8.77003195887167,
            44.72555785645525
          ],
          [
            8.770086880332583,
            44.7255750488472
          ]
        ]
      }
    },
    {
      "type": "Feature",
      "properties": {
        "materiale": "PE",
        "dn": "DE63",
        "lunghezza": 78.97,
        "anno_posa": 1980,
        "comune": "Tassarolo",
        "localita": null,
        "via": "Via Giuseppe Garibaldi",
        "tip_rete": "DISTRIBUZIONE",
        "id_distretto": "DTS04"
      },
      "geometry": {
        "type": "LineString",
        "coordinates": [
          [
            8.770373629579389,
            44.72624886748029
          ],
          [
            8.770414103388587,
            44.72653520063652
          ],
          [
            8.770412259248477,
            44.72666749421399
          ],
          [
            8.770391340210388,
            44.72678021087455
          ],
          [
            8.770346008794961,
            44.72688699333187
          ],
          [
            8.77031551205161,
            44.726916592959014
          ],
          [
            8.77028242483316,
            44.726933240125035
          ]
        ]
      }
    },
    {
      "type": "Feature",
      "properties": {
        "materiale": "PE",
        "dn": "DE63",
        "lunghezza": 5.21,
        "anno_posa": 1980,
        "comune": "Tassarolo",
        "localita": null,
        "via": "Via Giuseppe Garibaldi",
        "tip_rete": "DISTRIBUZIONE",
        "id_distretto": "DTS04"
      },
      "geometry": {
        "type": "LineString",
        "coordinates": [
          [
            8.770326870609116,
            44.726215816835825
          ],
          [
            8.770373629579389,
            44.72624886748029
          ]
        ]
      }
    },
    {
      "type": "Feature",
      "properties": {
        "materiale": "PE",
        "dn": "DE50",
        "lunghezza": 21.42,
        "anno_posa": 1980,
        "comune": "Tassarolo",
        "localita": null,
        "via": "Via Campobasso",
        "tip_rete": "DISTRIBUZIONE",
        "id_distretto": "DTS04"
      },
      "geometry": {
        "type": "LineString",
        "coordinates": [
          [
            8.77010678268225,
            44.72610374775662
          ],
          [
            8.770326870609116,
            44.726215816835825
          ]
        ]
      }
    },
    {
      "type": "Feature",
      "properties": {
        "materiale": "PE",
        "dn": "DE50",
        "lunghezza": 23.16,
        "anno_posa": 1980,
        "comune": "Tassarolo",
        "localita": null,
        "via": "Via Campobasso",
        "tip_rete": "DISTRIBUZIONE",
        "id_distretto": "DTS04"
      },
      "geometry": {
        "type": "LineString",
        "coordinates": [
          [
            8.769836484136876,
            44.72602421483182
          ],
          [
            8.77010678268225,
            44.72610374775662
          ]
        ]
      }
    },
    {
      "type": "Feature",
      "properties": {
        "materiale": "PE",
        "dn": "DE63",
        "lunghezza": 63.52,
        "anno_posa": 1980,
        "comune": "Tassarolo",
        "localita": null,
        "via": "Via Luigi Bisio",
        "tip_rete": "DISTRIBUZIONE",
        "id_distretto": "DTS04"
      },
      "geometry": {
        "type": "LineString",
        "coordinates": [
          [
            8.770088092003478,
            44.72689212411541
          ],
          [
            8.770040682518161,
            44.72685648259943
          ],
          [
            8.769956436037996,
            44.72678380837752
          ],
          [
            8.769938742797509,
            44.72674893288412
          ],
          [
            8.769922147858749,
            44.72665093046688
          ],
          [
            8.769893866250577,
            44.72661583897943
          ],
          [
            8.76979063315576,
            44.72658479295905
          ],
          [
            8.769711211804296,
            44.72654272659991
          ],
          [
            8.76970588677668,
            44.72654583487275
          ],
          [
            8.769696184854604,
            44.72654937989218
          ],
          [
            8.769688999799744,
            44.72654869704366
          ],
          [
            8.76968307185331,
            44.72654623443821
          ],
          [
            8.769677148327668,
            44.72654265790907
          ],
          [
            8.769674039151356,
            44.726538641482534
          ],
          [
            8.769672190620081,
            44.72653195416086
          ],
          [
            8.769589173946455,
            44.72651322310074
          ]
        ]
      }
    },
    {
      "type": "Feature",
      "properties": {
        "materiale": "PE",
        "dn": "DE63",
        "lunghezza": 16.44,
        "anno_posa": 1980,
        "comune": "Tassarolo",
        "localita": null,
        "via": "Vicolo Forno",
        "tip_rete": "DISTRIBUZIONE",
        "id_distretto": "DTS04"
      },
      "geometry": {
        "type": "LineString",
        "coordinates": [
          [
            8.77028242483316,
            44.726933240125035
          ],
          [
            8.770182067787035,
            44.726926211494636
          ],
          [
            8.770123018802057,
            44.72691126217848
          ],
          [
            8.770088092003478,
            44.72689212411541
          ]
        ]
      }
    },
    {
      "type": "Feature",
      "properties": {
        "materiale": "PE",
        "dn": "DE50",
        "lunghezza": 36.58,
        "anno_posa": 1980,
        "comune": "Tassarolo",
        "localita": null,
        "via": "Via San Nicolao",
        "tip_rete": "DISTRIBUZIONE",
        "id_distretto": "DTS04"
      },
      "geometry": {
        "type": "LineString",
        "coordinates": [
          [
            8.770326870609116,
            44.726215816835825
          ],
          [
            8.770237101643286,
            44.72637053239139
          ],
          [
            8.77001034559979,
            44.72637939169367
          ]
        ]
      }
    },
    {
      "type": "Feature",
      "properties": {
        "materiale": "PE",
        "dn": "DE50",
        "lunghezza": 2.55,
        "anno_posa": 1980,
        "comune": "Tassarolo",
        "localita": null,
        "via": "Vicolo Andrea Gemme",
        "tip_rete": "DISTRIBUZIONE",
        "id_distretto": "DTS04"
      },
      "geometry": {
        "type": "LineString",
        "coordinates": [
          [
            8.77010678268225,
            44.72610374775662
          ],
          [
            8.770118591351741,
            44.72608237616201
          ]
        ]
      }
    },
    {
      "type": "Feature",
      "properties": {
        "materiale": "PE",
        "dn": "DN75",
        "lunghezza": 143.23,
        "anno_posa": 1980,
        "comune": "Tassarolo",
        "localita": null,
        "via": "Via Campolasso",
        "tip_rete": "DISTRIBUZIONE",
        "id_distretto": "DTS03"
      },
      "geometry": {
        "type": "LineString",
        "coordinates": [
          [
            8.77097738191606,
            44.72622384959843
          ],
          [
            8.771242019201472,
            44.726223233308005
          ],
          [
            8.771360190228128,
            44.72621375261482
          ],
          [
            8.77143299146082,
            44.726187445609035
          ],
          [
            8.77151557839292,
            44.726146568372236
          ],
          [
            8.771710202828459,
            44.72602771682988
          ],
          [
            8.771887204672662,
            44.72599724185465
          ],
          [
            8.772112873183746,
            44.72608186460316
          ],
          [
            8.772254655277052,
            44.72616457388141
          ],
          [
            8.772396542089165,
            44.726247192020686
          ],
          [
            8.77253853350507,
            44.72632971895336
          ]
        ]
      }
    },
    {
      "type": "Feature",
      "properties": {
        "materiale": "PE",
        "dn": "DN63",
        "lunghezza": 10.72,
        "anno_posa": 1980,
        "comune": "Tassarolo",
        "localita": null,
        "via": "Via Campolasso",
        "tip_rete": "DISTRIBUZIONE",
        "id_distretto": "DTS03"
      },
      "geometry": {
        "type": "LineString",
        "coordinates": [
          [
            8.770941676191539,
            44.72622478101785
          ],
          [
            8.770903691568883,
            44.7262238271804
          ],
          [
            8.770827081689509,
            44.726221394789384
          ],
          [
            8.770806973566529,
            44.72621813183203
          ]
        ]
      }
    },
    {
      "type": "Feature",
      "properties": {
        "materiale": "PE",
        "dn": "DE63",
        "lunghezza": 31.18,
        "anno_posa": 1980,
        "comune": "Tassarolo",
        "localita": null,
        "via": "Via Garibaldi",
        "tip_rete": "DISTRIBUZIONE",
        "id_distretto": "DTS04"
      },
      "geometry": {
        "type": "LineString",
        "coordinates": [
          [
            8.770088092003478,
            44.72689212411541
          ],
          [
            8.770086333179265,
            44.72689906379076
          ],
          [
            8.770060590411862,
            44.72699917775361
          ],
          [
            8.770038700452558,
            44.727106713491374
          ],
          [
            8.770046437139344,
            44.72715428075785
          ],
          [
            8.770052983557207,
            44.72716888901132
          ]
        ]
      }
    },
    {
      "type": "Feature",
      "properties": {
        "materiale": "PE",
        "dn": "DE50",
        "lunghezza": 25.26,
        "anno_posa": 1980,
        "comune": "Tassarolo",
        "localita": null,
        "via": "Vicolo alla Via Garibaldi",
        "tip_rete": "DISTRIBUZIONE",
        "id_distretto": "DTS04"
      },
      "geometry": {
        "type": "LineString",
        "coordinates": [
          [
            8.770052983557207,
            44.72716888901132
          ],
          [
            8.770068805880133,
            44.72716853854603
          ],
          [
            8.770130921075449,
            44.727167162669915
          ],
          [
            8.770370584287367,
            44.727185535529905
          ]
        ]
      }
    },
    {
      "type": "Feature",
      "properties": {
        "materiale": "PE",
        "dn": "DE63",
        "lunghezza": 22.6,
        "anno_posa": 1980,
        "comune": "Tassarolo",
        "localita": null,
        "via": "Via Garibaldi",
        "tip_rete": "DISTRIBUZIONE",
        "id_distretto": "DTS04"
      },
      "geometry": {
        "type": "LineString",
        "coordinates": [
          [
            8.770052983557207,
            44.72716888901132
          ],
          [
            8.770059949792245,
            44.72724423244375
          ],
          [
            8.770024202261538,
            44.727361362547846
          ],
          [
            8.770021502920766,
            44.727369248033426
          ]
        ]
      }
    },
    {
      "type": "Feature",
      "properties": {
        "materiale": "PE",
        "dn": "DE63",
        "lunghezza": 72.53,
        "anno_posa": 1980,
        "comune": "Tassarolo",
        "localita": null,
        "via": "Vicolo Franco Buffarello",
        "tip_rete": "DISTRIBUZIONE",
        "id_distretto": "DTS03"
      },
      "geometry": {
        "type": "LineString",
        "coordinates": [
          [
            8.769998303723128,
            44.72742162678302
          ],
          [
            8.770253348990922,
            44.727479790645795
          ],
          [
            8.770401865157424,
            44.72750033409
          ],
          [
            8.770533961037835,
            44.72753174399848
          ],
          [
            8.77072142939987,
            44.727578580879474
          ],
          [
            8.770869974187049,
            44.72761897638795
          ]
        ]
      }
    },
    {
      "type": "Feature",
      "properties": {
        "materiale": "PE",
        "dn": "DE63",
        "lunghezza": 20.73,
        "anno_posa": 1980,
        "comune": "Tassarolo",
        "localita": null,
        "via": "Vicolo Franco Buffarello",
        "tip_rete": "DISTRIBUZIONE",
        "id_distretto": "DTS03"
      },
      "geometry": {
        "type": "LineString",
        "coordinates": [
          [
            8.76974635668355,
            44.72737103284533
          ],
          [
            8.769890764985943,
            44.727398081566314
          ],
          [
            8.769998303723128,
            44.72742162678302
          ]
        ]
      }
    },
    {
      "type": "Feature",
      "properties": {
        "materiale": "PE",
        "dn": "DE63",
        "lunghezza": 41.74,
        "anno_posa": 1980,
        "comune": "Tassarolo",
        "localita": null,
        "via": "Vicolo Merlani II",
        "tip_rete": "DISTRIBUZIONE",
        "id_distretto": "DTS03"
      },
      "geometry": {
        "type": "LineString",
        "coordinates": [
          [
            8.769550645981873,
            44.72829729136351
          ],
          [
            8.769652999935468,
            44.728335817107066
          ],
          [
            8.769853247734888,
            44.72859197957935
          ]
        ]
      }
    },
    {
      "type": "Feature",
      "properties": {
        "materiale": "PE",
        "dn": "DE63",
        "lunghezza": 9.81,
        "anno_posa": 1980,
        "comune": "Tassarolo",
        "localita": null,
        "via": "Vicolo Merlani II",
        "tip_rete": "DISTRIBUZIONE",
        "id_distretto": "DTS03"
      },
      "geometry": {
        "type": "LineString",
        "coordinates": [
          [
            8.76946714944631,
            44.72823206922731
          ],
          [
            8.769550645981873,
            44.72829729136351
          ]
        ]
      }
    },
    {
      "type": "Feature",
      "properties": {
        "materiale": "PE",
        "dn": "DE63",
        "lunghezza": 35.49,
        "anno_posa": 1980,
        "comune": "Tassarolo",
        "localita": null,
        "via": "Vicolo Merlani I",
        "tip_rete": "DISTRIBUZIONE",
        "id_distretto": null
      },
      "geometry": {
        "type": "LineString",
        "coordinates": [
          [
            8.769550645981873,
            44.72829729136351
          ],
          [
            8.769521260834027,
            44.728456747117036
          ],
          [
            8.769604432293448,
            44.72860395394198
          ]
        ]
      }
    },
    {
      "type": "Feature",
      "properties": {
        "materiale": "PE",
        "dn": "DE50",
        "lunghezza": 25.89,
        "anno_posa": 1980,
        "comune": "Tassarolo",
        "localita": null,
        "via": "Vicolo Forno",
        "tip_rete": "DISTRIBUZIONE",
        "id_distretto": "DTS04"
      },
      "geometry": {
        "type": "LineString",
        "coordinates": [
          [
            8.770484185236,
            44.72701674352351
          ],
          [
            8.7704758542903,
            44.72711936310023
          ],
          [
            8.77052272031608,
            44.7272452905266
          ]
        ]
      }
    },
    {
      "type": "Feature",
      "properties": {
        "materiale": "PE",
        "dn": "DE50",
        "lunghezza": 19.84,
        "anno_posa": 1980,
        "comune": "Tassarolo",
        "localita": null,
        "via": "Vicolo Forno",
        "tip_rete": "DISTRIBUZIONE",
        "id_distretto": "DTS04"
      },
      "geometry": {
        "type": "LineString",
        "coordinates": [
          [
            8.77028242483316,
            44.726933240125035
          ],
          [
            8.770287202467324,
            44.726938209875435
          ],
          [
            8.770337200710864,
            44.72698885251838
          ],
          [
            8.770394765399363,
            44.72701093386822
          ],
          [
            8.770484185236,
            44.72701674352351
          ]
        ]
      }
    },
    {
      "type": "Feature",
      "properties": {
        "materiale": "PE",
        "dn": "DE50",
        "lunghezza": 17.58,
        "anno_posa": 1980,
        "comune": "Tassarolo",
        "localita": null,
        "via": "Vicolo Forno",
        "tip_rete": "DISTRIBUZIONE",
        "id_distretto": "DTS04"
      },
      "geometry": {
        "type": "LineString",
        "coordinates": [
          [
            8.770484185236,
            44.72701674352351
          ],
          [
            8.770501648493058,
            44.72694286163364
          ],
          [
            8.770618535688788,
            44.726944979691986
          ]
        ]
      }
    },
    {
      "type": "Feature",
      "properties": {
        "materiale": "?",
        "dn": "?",
        "lunghezza": 2.49,
        "anno_posa": 1980,
        "comune": "Tassarolo",
        "localita": null,
        "via": "Via Sant'Ambrogio",
        "tip_rete": "DISTRIBUZIONE",
        "id_distretto": "DTS01"
      },
      "geometry": {
        "type": "LineString",
        "coordinates": [
          [
            8.776810787428992,
            44.72947137943544
          ],
          [
            8.776840721311004,
            44.72946460501792
          ]
        ]
      }
    },
    {
      "type": "Feature",
      "properties": {
        "materiale": "PE",
        "dn": "DE63",
        "lunghezza": 75.46,
        "anno_posa": 1980,
        "comune": "Tassarolo",
        "localita": null,
        "via": "Via XXV Aprile",
        "tip_rete": "DISTRIBUZIONE",
        "id_distretto": "DTS03"
      },
      "geometry": {
        "type": "LineString",
        "coordinates": [
          [
            8.770494389023,
            44.72823592330665
          ],
          [
            8.770631004552953,
            44.728093071911594
          ],
          [
            8.770714621082842,
            44.7279915451281
          ],
          [
            8.770869974187049,
            44.72761897638795
          ]
        ]
      }
    },
    {
      "type": "Feature",
      "properties": {
        "materiale": "PE",
        "dn": "DE50",
        "lunghezza": 147.21,
        "anno_posa": 1980,
        "comune": "Tassarolo",
        "localita": null,
        "via": "Via Rovere Verde",
        "tip_rete": "DISTRIBUZIONE",
        "id_distretto": "DTS01"
      },
      "geometry": {
        "type": "LineString",
        "coordinates": [
          [
            8.776867854752892,
            44.72945942988879
          ],
          [
            8.776969311876686,
            44.729451196739404
          ],
          [
            8.777774901615471,
            44.72914956634432
          ],
          [
            8.778528562347212,
            44.728874156404785
          ]
        ]
      }
    },
    {
      "type": "Feature",
      "properties": {
        "materiale": "PE",
        "dn": "DE50",
        "lunghezza": 265.5,
        "anno_posa": 1980,
        "comune": "Tassarolo",
        "localita": null,
        "via": "Strada Vicinale Castel di Serra",
        "tip_rete": "DISTRIBUZIONE",
        "id_distretto": "DTS01"
      },
      "geometry": {
        "type": "LineString",
        "coordinates": [
          [
            8.778528562347212,
            44.728874156404785
          ],
          [
            8.778948259952848,
            44.72869892551222
          ],
          [
            8.779302633052612,
            44.72850939452342
          ],
          [
            8.780392980086324,
            44.72791546212954
          ],
          [
            8.780560961527478,
            44.7278545798771
          ],
          [
            8.780691972666673,
            44.727789859920456
          ],
          [
            8.780845694164176,
            44.72765738693332
          ],
          [
            8.780943704387024,
            44.727586953649876
          ],
          [
            8.780999375876993,
            44.727535271452815
          ],
          [
            8.781089895474306,
            44.72738332566266
          ]
        ]
      }
    },
    {
      "type": "Feature",
      "properties": {
        "materiale": "PE",
        "dn": "DE50",
        "lunghezza": 29.69,
        "anno_posa": 1980,
        "comune": "Tassarolo",
        "localita": null,
        "via": "Strada Francavilla",
        "tip_rete": "DISTRIBUZIONE",
        "id_distretto": "DTS02"
      },
      "geometry": {
        "type": "LineString",
        "coordinates": [
          [
            8.768621133538293,
            44.72860675967448
          ],
          [
            8.768351804430491,
            44.72871900227513
          ],
          [
            8.768299339480974,
            44.728743750222634
          ]
        ]
      }
    },
    {
      "type": "Feature",
      "properties": {
        "materiale": "AC",
        "dn": "DN110",
        "lunghezza": 128.86,
        "anno_posa": 1980,
        "comune": "Tassarolo",
        "localita": null,
        "via": "VIa Giuseppe Mazzini",
        "tip_rete": "ADDUZIONE",
        "id_distretto": "DTS05"
      },
      "geometry": {
        "type": "LineString",
        "coordinates": [
          [
            8.769716592491534,
            44.7276656530525
          ],
          [
            8.769732271351863,
            44.72731231032468
          ],
          [
            8.769719677706561,
            44.72690762476884
          ],
          [
            8.769684512834225,
            44.72661565238562
          ],
          [
            8.769676358037392,
            44.72650711450121
          ]
        ]
      }
    },
    {
      "type": "Feature",
      "properties": {
        "materiale": "PE",
        "dn": "DN63",
        "lunghezza": 96.56,
        "anno_posa": 1980,
        "comune": "Tassarolo",
        "localita": null,
        "via": "VIa Giuseppe Mazzini",
        "tip_rete": "DISTRIBUZIONE",
        "id_distretto": "DTS03"
      },
      "geometry": {
        "type": "LineString",
        "coordinates": [
          [
            8.769698803798343,
            44.726509278405416
          ],
          [
            8.769706053005896,
            44.72659639265982
          ],
          [
            8.769764850145227,
            44.727174193626475
          ],
          [
            8.769767769067338,
            44.72735404846752
          ],
          [
            8.76974635668355,
            44.72737103284533
          ]
        ]
      }
    },
    {
      "type": "Feature",
      "properties": {
        "materiale": "PE",
        "dn": "DE63",
        "lunghezza": 50.41,
        "anno_posa": 1980,
        "comune": "Tassarolo",
        "localita": null,
        "via": "Via Gavi",
        "tip_rete": "DISTRIBUZIONE",
        "id_distretto": "DTS04"
      },
      "geometry": {
        "type": "LineString",
        "coordinates": [
          [
            8.769241530363148,
            44.726450445903296
          ],
          [
            8.769334362813037,
            44.726356471663465
          ],
          [
            8.769415225215864,
            44.72628318877002
          ],
          [
            8.76950403107032,
            44.726205213761496
          ],
          [
            8.769571632465162,
            44.7261450866396
          ],
          [
            8.769623491180093,
            44.72611466389196
          ],
          [
            8.769645424663038,
            44.72610179666826
          ]
        ]
      }
    },
    {
      "type": "Feature",
      "properties": {
        "materiale": "PE",
        "dn": "DE63",
        "lunghezza": 28.4,
        "anno_posa": 1980,
        "comune": "Tassarolo",
        "localita": null,
        "via": "Via Rinaldo Bianchi",
        "tip_rete": "DISTRIBUZIONE",
        "id_distretto": "DTS04"
      },
      "geometry": {
        "type": "LineString",
        "coordinates": [
          [
            8.769589173946455,
            44.72651322310074
          ],
          [
            8.769241530363148,
            44.726450445903296
          ]
        ]
      }
    },
    {
      "type": "Feature",
      "properties": {
        "materiale": "PE",
        "dn": "DN63",
        "lunghezza": 57.19,
        "anno_posa": 1980,
        "comune": "Tassarolo",
        "localita": null,
        "via": "Piazza della Libertà",
        "tip_rete": "DISTRIBUZIONE",
        "id_distretto": "DTS03"
      },
      "geometry": {
        "type": "LineString",
        "coordinates": [
          [
            8.769794755418832,
            44.726003352316994
          ],
          [
            8.76978611218878,
            44.72601792997037
          ],
          [
            8.769747837856944,
            44.72609365304333
          ],
          [
            8.769705605654117,
            44.72625140656801
          ],
          [
            8.769698803798343,
            44.726509278405416
          ]
        ]
      }
    },
    {
      "type": "Feature",
      "properties": {
        "materiale": "PE",
        "dn": "DE50",
        "lunghezza": 145.88,
        "anno_posa": 1980,
        "comune": "Tassarolo",
        "localita": null,
        "via": "Vicolo Maddalena",
        "tip_rete": "DISTRIBUZIONE",
        "id_distretto": "DTS04"
      },
      "geometry": {
        "type": "LineString",
        "coordinates": [
          [
            8.769094900288763,
            44.72573577375138
          ],
          [
            8.768912166250454,
            44.72558262554121
          ],
          [
            8.768757518587226,
            44.72541435715256
          ],
          [
            8.768739590224348,
            44.72511893121459
          ],
          [
            8.768875998853197,
            44.7248770124177
          ],
          [
            8.768899061878558,
            44.72468547318922
          ],
          [
            8.768871215777157,
            44.724524356519105
          ]
        ]
      }
    },
    {
      "type": "Feature",
      "properties": {
        "materiale": "PE",
        "dn": "DE50",
        "lunghezza": 26.94,
        "anno_posa": 1980,
        "comune": "Tassarolo",
        "localita": null,
        "via": "Vicolo Andrea Gemme",
        "tip_rete": "DISTRIBUZIONE",
        "id_distretto": "DTS04"
      },
      "geometry": {
        "type": "LineString",
        "coordinates": [
          [
            8.770118591351741,
            44.72608237616201
          ],
          [
            8.770182326378471,
            44.72596702678778
          ],
          [
            8.770285324379701,
            44.72598980677623
          ],
          [
            8.770343210820714,
            44.72598422548647
          ]
        ]
      }
    },
    {
      "type": "Feature",
      "properties": {
        "materiale": "AC",
        "dn": "DN110",
        "lunghezza": 653.26,
        "anno_posa": 1980,
        "comune": "Tassarolo",
        "localita": null,
        "via": "Strada delle Vigne",
        "tip_rete": "ADDUZIONE",
        "id_distretto": "DTS05"
      },
      "geometry": {
        "type": "LineString",
        "coordinates": [
          [
            8.772082313841493,
            44.723511946488955
          ],
          [
            8.772182318494753,
            44.72343905290565
          ],
          [
            8.772864543091076,
            44.72304787464201
          ],
          [
            8.773083073154282,
            44.72289341283567
          ],
          [
            8.773633206382318,
            44.72237614366111
          ],
          [
            8.773904009140136,
            44.722194006118
          ],
          [
            8.774328854783256,
            44.721966033110924
          ],
          [
            8.77486088764912,
            44.72168365599105
          ],
          [
            8.77516764938635,
            44.72159292330669
          ],
          [
            8.77551784514606,
            44.72136997777206
          ],
          [
            8.775715805285618,
            44.721237598485274
          ],
          [
            8.776325392700855,
            44.72087580000941
          ],
          [
            8.776377716547318,
            44.72083541287156
          ],
          [
            8.776418164864106,
            44.7207921776057
          ],
          [
            8.776536855364771,
            44.720665762191786
          ],
          [
            8.776745696830927,
            44.720450069138685
          ],
          [
            8.777008808058218,
            44.720202466632905
          ],
          [
            8.77702409545466,
            44.72017660196499
          ],
          [
            8.777029769693662,
            44.720074682812296
          ],
          [
            8.777037270343646,
            44.72001302142606
          ],
          [
            8.777087830623952,
            44.719915662576994
          ],
          [
            8.777131837027415,
            44.719805343655956
          ],
          [
            8.777192955848747,
            44.71959286067028
          ],
          [
            8.77723141489542,
            44.7193468596065
          ],
          [
            8.777272338558749,
            44.71921857974644
          ]
        ]
      }
    },
    {
      "type": "Feature",
      "properties": {
        "materiale": "PE",
        "dn": "DN90",
        "lunghezza": 1.59,
        "anno_posa": 1980,
        "comune": "Tassarolo",
        "localita": null,
        "via": "Via Dei Martiri",
        "tip_rete": "DISTRIBUZIONE",
        "id_distretto": "DTS03"
      },
      "geometry": {
        "type": "LineString",
        "coordinates": [
          [
            8.77207694620631,
            44.72353347529316
          ],
          [
            8.77209292675861,
            44.72354209945025
          ]
        ]
      }
    },
    {
      "type": "Feature",
      "properties": {
        "materiale": "PVC",
        "dn": "DN110",
        "lunghezza": 18.38,
        "anno_posa": 1980,
        "comune": "Tassarolo",
        "localita": null,
        "via": "Vicolo Levante",
        "tip_rete": "DISTRIBUZIONE",
        "id_distretto": "DTS03"
      },
      "geometry": {
        "type": "LineString",
        "coordinates": [
          [
            8.770875625772073,
            44.72489076802081
          ],
          [
            8.770690469769814,
            44.72479093150364
          ]
        ]
      }
    },
    {
      "type": "Feature",
      "properties": {
        "materiale": "PE",
        "dn": "DE50",
        "lunghezza": 456.94,
        "anno_posa": 1980,
        "comune": "Tassarolo",
        "localita": null,
        "via": "Località Filagnotti",
        "tip_rete": "DISTRIBUZIONE",
        "id_distretto": "DTS03"
      },
      "geometry": {
        "type": "LineString",
        "coordinates": [
          [
            8.77338319995763,
            44.7226912351741
          ],
          [
            8.773515621531173,
            44.722736265234225
          ],
          [
            8.77377719495701,
            44.722761039571054
          ],
          [
            8.774253044790738,
            44.72296742924133
          ],
          [
            8.77448962767172,
            44.72296117793439
          ],
          [
            8.77481836330732,
            44.72292227675982
          ],
          [
            8.775545910867587,
            44.72295789410254
          ],
          [
            8.77572860764799,
            44.722988392079884
          ],
          [
            8.775961340632831,
            44.72310163045761
          ],
          [
            8.776024630956247,
            44.723174887979624
          ],
          [
            8.776024977718183,
            44.72329792286995
          ],
          [
            8.775919111097739,
            44.723432940106484
          ],
          [
            8.77575342183915,
            44.72357131806738
          ],
          [
            8.776139321510309,
            44.723838131401884
          ],
          [
            8.777609727420863,
            44.72318738077875
          ]
        ]
      }
    },
    {
      "type": "Feature",
      "properties": {
        "materiale": "PE",
        "dn": "DE50",
        "lunghezza": 90.7,
        "anno_posa": 1980,
        "comune": "Tassarolo",
        "localita": null,
        "via": "Strada delle Vigne",
        "tip_rete": "DISTRIBUZIONE",
        "id_distretto": "DTS03"
      },
      "geometry": {
        "type": "LineString",
        "coordinates": [
          [
            8.776464975528247,
            44.720811572418484
          ],
          [
            8.776763328834416,
            44.720963139363725
          ],
          [
            8.776704589868537,
            44.721516874468804
          ]
        ]
      }
    },
    {
      "type": "Feature",
      "properties": {
        "materiale": "?",
        "dn": "?",
        "lunghezza": 7.1,
        "anno_posa": 1980,
        "comune": "Tassarolo",
        "localita": null,
        "via": "Via Pasturana",
        "tip_rete": "DISTRIBUZIONE",
        "id_distretto": "DTS05"
      },
      "geometry": {
        "type": "LineString",
        "coordinates": [
          [
            8.766241693395392,
            44.7301058063189
          ],
          [
            8.766329531357417,
            44.730092918984546
          ]
        ]
      }
    },
    {
      "type": "Feature",
      "properties": {
        "materiale": "?",
        "dn": "?",
        "lunghezza": 2.12,
        "anno_posa": 1980,
        "comune": "Tassarolo",
        "localita": null,
        "via": "Strada Vicinale del Colletto",
        "tip_rete": "DISTRIBUZIONE",
        "id_distretto": "DTS05"
      },
      "geometry": {
        "type": "LineString",
        "coordinates": [
          [
            8.766226387482686,
            44.73010736132015
          ],
          [
            8.766220237452627,
            44.73011581003882
          ],
          [
            8.766217366312492,
            44.730120305747505
          ],
          [
            8.7662140874208,
            44.73012425875708
          ]
        ]
      }
    },
    {
      "type": "Feature",
      "properties": {
        "materiale": "PE",
        "dn": "DN63",
        "lunghezza": 788.22,
        "anno_posa": 1980,
        "comune": "Tassarolo",
        "localita": null,
        "via": "Località Alborina",
        "tip_rete": "DISTRIBUZIONE",
        "id_distretto": "DTS02"
      },
      "geometry": {
        "type": "LineString",
        "coordinates": [
          [
            8.755976865846876,
            44.731755074842326
          ],
          [
            8.755648328907236,
            44.73221446044505
          ],
          [
            8.755572049323932,
            44.73234386145908
          ],
          [
            8.755085457561187,
            44.73232053667268
          ],
          [
            8.754913110427191,
            44.732529780237485
          ],
          [
            8.754686826094382,
            44.73253006207939
          ],
          [
            8.754427240637469,
            44.73254250314456
          ],
          [
            8.753954863949081,
            44.73253837078182
          ],
          [
            8.753234620540587,
            44.732615884498
          ],
          [
            8.751560703110641,
            44.73326691192844
          ],
          [
            8.74911405795623,
            44.734211160582205
          ],
          [
            8.748367613047572,
            44.73426732909379
          ],
          [
            8.74728882438848,
            44.73424195083996
          ]
        ]
      }
    },
    {
      "type": "Feature",
      "properties": {
        "materiale": "PE",
        "dn": "DE63",
        "lunghezza": 222.13,
        "anno_posa": 1980,
        "comune": "Tassarolo",
        "localita": null,
        "via": null,
        "tip_rete": "DISTRIBUZIONE",
        "id_distretto": "DTS02"
      },
      "geometry": {
        "type": "LineString",
        "coordinates": [
          [
            8.756408078301202,
            44.729837499350076
          ],
          [
            8.756420911745378,
            44.729847244044045
          ],
          [
            8.756436740440417,
            44.72986509289302
          ],
          [
            8.756494840230049,
            44.729915962800554
          ],
          [
            8.756538419892669,
            44.72999811309708
          ],
          [
            8.75655333962855,
            44.73005213002386
          ],
          [
            8.75655762986255,
            44.73011260250565
          ],
          [
            8.75645892244023,
            44.73053455569699
          ],
          [
            8.756125874533012,
            44.73170950578646
          ],
          [
            8.756134002240014,
            44.73171276224817
          ],
          [
            8.756140792706974,
            44.73171885007206
          ],
          [
            8.756141346527654,
            44.73172222532376
          ],
          [
            8.756139814849234,
            44.73172627093626
          ],
          [
            8.756132790810403,
            44.73173070970932
          ],
          [
            8.756125018796547,
            44.731732919999104
          ],
          [
            8.756125170696205,
            44.73174182786602
          ],
          [
            8.756088818231905,
            44.73174507498142
          ]
        ]
      }
    },
    {
      "type": "Feature",
      "properties": {
        "materiale": "PE",
        "dn": "DN90",
        "lunghezza": 42.96,
        "anno_posa": 1980,
        "comune": "Tassarolo",
        "localita": null,
        "via": "Via Dei Martiri",
        "tip_rete": "DISTRIBUZIONE",
        "id_distretto": "DTS03"
      },
      "geometry": {
        "type": "LineString",
        "coordinates": [
          [
            8.771754177140151,
            44.723828498795314
          ],
          [
            8.771419335603731,
            44.72412697940132
          ],
          [
            8.771420146649275,
            44.724131502585145
          ]
        ]
      }
    },
    {
      "type": "Feature",
      "properties": {
        "materiale": "PE",
        "dn": "DN90",
        "lunghezza": 56.13,
        "anno_posa": 1980,
        "comune": "Tassarolo",
        "localita": null,
        "via": "Piazza della Libertà",
        "tip_rete": "DISTRIBUZIONE",
        "id_distretto": "DTS03"
      },
      "geometry": {
        "type": "LineString",
        "coordinates": [
          [
            8.769778872876326,
            44.726011559457476
          ],
          [
            8.769735304971324,
            44.72608986130424
          ],
          [
            8.769694412245737,
            44.726242909436785
          ],
          [
            8.769686260551314,
            44.72650807608898
          ]
        ]
      }
    },
    {
      "type": "Feature",
      "properties": {
        "materiale": "PE",
        "dn": "DE63",
        "lunghezza": 28.53,
        "anno_posa": 1980,
        "comune": "Tassarolo",
        "localita": null,
        "via": "Strada Comunale Cavallari",
        "tip_rete": "DISTRIBUZIONE",
        "id_distretto": "DTS02"
      },
      "geometry": {
        "type": "LineString",
        "coordinates": [
          [
            8.757135458586296,
            44.72973992224554
          ],
          [
            8.756775562557138,
            44.72975175356914
          ]
        ]
      }
    },
    {
      "type": "Feature",
      "properties": {
        "materiale": "AC",
        "dn": "?",
        "lunghezza": 90.64,
        "anno_posa": 1980,
        "comune": "Francavilla Bisio",
        "localita": null,
        "via": "Via Guasco",
        "tip_rete": "ADDUZIONE",
        "id_distretto": "DTS05"
      },
      "geometry": {
        "type": "LineString",
        "coordinates": [
          [
            8.735458315909984,
            44.73050870158998
          ],
          [
            8.735205680791003,
            44.73083038859893
          ],
          [
            8.735113999047298,
            44.73095218813518
          ],
          [
            8.73511714878246,
            44.73095383154141
          ],
          [
            8.73511953651585,
            44.73095913043517
          ],
          [
            8.735117100478611,
            44.73096441623497
          ],
          [
            8.735110771153119,
            44.73096767185084
          ],
          [
            8.735102966127034,
            44.73096765279473
          ],
          [
            8.735099816391614,
            44.73096600748195
          ],
          [
            8.73493346623324,
            44.731133396296435
          ],
          [
            8.734841417150518,
            44.731094765530756
          ]
        ]
      }
    },
    {
      "type": "Feature",
      "properties": {
        "materiale": "PE",
        "dn": "DE110",
        "lunghezza": 37.37,
        "anno_posa": 1980,
        "comune": "Francavilla Bisio",
        "localita": null,
        "via": "Via GiosuÃš Carducci",
        "tip_rete": "ADDUZIONE",
        "id_distretto": "DTS05"
      },
      "geometry": {
        "type": "LineString",
        "coordinates": [
          [
            8.735458315910474,
            44.730508691106074
          ],
          [
            8.735430019715253,
            44.73060414222502
          ],
          [
            8.735425199480503,
            44.7306198472133
          ],
          [
            8.735422795424826,
            44.7306263698929
          ],
          [
            8.735421858793943,
            44.73063272974292
          ],
          [
            8.735419422798076,
            44.73063801459635
          ],
          [
            8.735421810546361,
            44.730643310624934
          ],
          [
            8.735427282530678,
            44.730646592644284
          ],
          [
            8.735435914984265,
            44.7306466116889
          ],
          [
            8.735437174128979,
            44.730655456913226
          ],
          [
            8.735530925749101,
            44.730820850158615
          ]
        ]
      }
    },
    {
      "type": "Feature",
      "properties": {
        "materiale": "?",
        "dn": "?",
        "lunghezza": 264.03,
        "anno_posa": 1980,
        "comune": "Tassarolo",
        "localita": null,
        "via": "Strada Vicinale della Carretta",
        "tip_rete": "DISTRIBUZIONE",
        "id_distretto": "DTS03"
      },
      "geometry": {
        "type": "LineString",
        "coordinates": [
          [
            8.781596847226908,
            44.718817972123205
          ],
          [
            8.781744392952941,
            44.718916182556995
          ],
          [
            8.781855194914774,
            44.7190376825463
          ],
          [
            8.782168210260167,
            44.719448736410236
          ],
          [
            8.782423797354316,
            44.71996686999163
          ],
          [
            8.782449506452652,
            44.72015342336737
          ],
          [
            8.782460309151483,
            44.72031436369352
          ],
          [
            8.782467583903438,
            44.72046935015306
          ],
          [
            8.782610982792812,
            44.72061839894956
          ],
          [
            8.782779570920713,
            44.7207420717704
          ],
          [
            8.782888921669542,
            44.72081384271827
          ],
          [
            8.783023447059607,
            44.72086400416238
          ]
        ]
      }
    },
    {
      "type": "Feature",
      "properties": {
        "materiale": "PVC",
        "dn": "DN160",
        "lunghezza": 190.3,
        "anno_posa": 1980,
        "comune": "Tassarolo",
        "localita": null,
        "via": "Strada delle Vigne",
        "tip_rete": "DISTRIBUZIONE",
        "id_distretto": "DTS03"
      },
      "geometry": {
        "type": "LineString",
        "coordinates": [
          [
            8.775182126276828,
            44.721606134464544
          ],
          [
            8.77490182644501,
            44.721684678305344
          ],
          [
            8.774347297427607,
            44.721978310591425
          ],
          [
            8.773930379848974,
            44.72220535774177
          ],
          [
            8.773655611229106,
            44.72238842910571
          ],
          [
            8.773342133036248,
            44.72267547181276
          ]
        ]
      }
    },
    {
      "type": "Feature",
      "properties": {
        "materiale": "?",
        "dn": "?",
        "lunghezza": 29.33,
        "anno_posa": 1980,
        "comune": "Tassarolo",
        "localita": null,
        "via": "Strada delle Vigne",
        "tip_rete": "DISTRIBUZIONE",
        "id_distretto": "DTS03"
      },
      "geometry": {
        "type": "LineString",
        "coordinates": [
          [
            8.775182126276828,
            44.721606134464544
          ],
          [
            8.775548076526814,
            44.72164653290868
          ]
        ]
      }
    },
    {
      "type": "Feature",
      "properties": {
        "materiale": "PE",
        "dn": "DN90",
        "lunghezza": 41.61,
        "anno_posa": 1980,
        "comune": "Tassarolo",
        "localita": null,
        "via": "Via Dei Martiri",
        "tip_rete": "DISTRIBUZIONE",
        "id_distretto": "DTS03"
      },
      "geometry": {
        "type": "LineString",
        "coordinates": [
          [
            8.77209292675861,
            44.72354209945025
          ],
          [
            8.771754177140151,
            44.723828498795314
          ]
        ]
      }
    },
    {
      "type": "Feature",
      "properties": {
        "materiale": "?",
        "dn": "?",
        "lunghezza": 4.78,
        "anno_posa": 1980,
        "comune": "Tassarolo",
        "localita": null,
        "via": "Vicolo Europa",
        "tip_rete": "DISTRIBUZIONE",
        "id_distretto": "DTS03"
      },
      "geometry": {
        "type": "LineString",
        "coordinates": [
          [
            8.77209292675861,
            44.72354209945025
          ],
          [
            8.772116103931596,
            44.72352590278525
          ],
          [
            8.772140002615085,
            44.72353619056672
          ]
        ]
      }
    },
    {
      "type": "Feature",
      "properties": {
        "materiale": "?",
        "dn": "?",
        "lunghezza": 45.71,
        "anno_posa": 1980,
        "comune": "Tassarolo",
        "localita": null,
        "via": "Vicolo Europa",
        "tip_rete": "DISTRIBUZIONE",
        "id_distretto": "DTS03"
      },
      "geometry": {
        "type": "LineString",
        "coordinates": [
          [
            8.772140002615085,
            44.72353619056672
          ],
          [
            8.772600145381302,
            44.72378463556439
          ]
        ]
      }
    },
    {
      "type": "Feature",
      "properties": {
        "materiale": "?",
        "dn": "?",
        "lunghezza": 2.6,
        "anno_posa": 1980,
        "comune": "Tassarolo",
        "localita": null,
        "via": "Vicolo Dante Alighieri",
        "tip_rete": "DISTRIBUZIONE",
        "id_distretto": "DTS03"
      },
      "geometry": {
        "type": "LineString",
        "coordinates": [
          [
            8.771754177140151,
            44.723828498795314
          ],
          [
            8.7717812011502,
            44.723841735454
          ]
        ]
      }
    },
    {
      "type": "Feature",
      "properties": {
        "materiale": "PE",
        "dn": "DN90",
        "lunghezza": 249.96,
        "anno_posa": 1980,
        "comune": "Tassarolo",
        "localita": null,
        "via": "Via Dei Martiri",
        "tip_rete": "DISTRIBUZIONE",
        "id_distretto": "DTS03"
      },
      "geometry": {
        "type": "LineString",
        "coordinates": [
          [
            8.771420146649275,
            44.724131502585145
          ],
          [
            8.77089458635775,
            44.72460455418878
          ],
          [
            8.770663677122531,
            44.72477117341282
          ],
          [
            8.77066561326271,
            44.72477545947465
          ],
          [
            8.770661372695464,
            44.72477879655364
          ],
          [
            8.770655199209319,
            44.724777845035405
          ],
          [
            8.770479351398825,
            44.72489891769516
          ],
          [
            8.770392416451356,
            44.72500561658896
          ],
          [
            8.770289425679703,
            44.725164307512365
          ],
          [
            8.770202317571801,
            44.72531455573608
          ],
          [
            8.770055133694958,
            44.725542601827435
          ],
          [
            8.770062701317356,
            44.725549443793255
          ],
          [
            8.770067612397767,
            44.725560046881654
          ],
          [
            8.77006768438131,
            44.72556686367342
          ],
          [
            8.770059970169779,
            44.72557203712307
          ],
          [
            8.770048068871729,
            44.72557554422792
          ],
          [
            8.770034195680317,
            44.725576693316356
          ],
          [
            8.769974665799785,
            44.72568344705829
          ],
          [
            8.769888849847392,
            44.725840524360784
          ],
          [
            8.769794755418832,
            44.726003352316994
          ]
        ]
      }
    },
    {
      "type": "Feature",
      "properties": {
        "materiale": "?",
        "dn": "?",
        "lunghezza": 2.96,
        "anno_posa": 1980,
        "comune": "Tassarolo",
        "localita": null,
        "via": "Vicolo Alessandro Manzoni",
        "tip_rete": "DISTRIBUZIONE",
        "id_distretto": "DTS03"
      },
      "geometry": {
        "type": "LineString",
        "coordinates": [
          [
            8.771420146649275,
            44.724131502585145
          ],
          [
            8.771451789745413,
            44.724145690183896
          ]
        ]
      }
    },
    {
      "type": "Feature",
      "properties": {
        "materiale": "?",
        "dn": "?",
        "lunghezza": 51.96,
        "anno_posa": 1980,
        "comune": "Tassarolo",
        "localita": null,
        "via": "Vicolo Dante Alighieri",
        "tip_rete": "DISTRIBUZIONE",
        "id_distretto": "DTS03"
      },
      "geometry": {
        "type": "LineString",
        "coordinates": [
          [
            8.7717812011502,
            44.723841735454
          ],
          [
            8.771805583626143,
            44.72385496682835
          ],
          [
            8.772312399707946,
            44.72411633576486
          ]
        ]
      }
    },
    {
      "type": "Feature",
      "properties": {
        "materiale": "PE",
        "dn": "DN50",
        "lunghezza": 72.24,
        "anno_posa": 1980,
        "comune": "Tassarolo",
        "localita": null,
        "via": "Vicolo Alessandro Manzoni",
        "tip_rete": "DISTRIBUZIONE",
        "id_distretto": "DTS03"
      },
      "geometry": {
        "type": "LineString",
        "coordinates": [
          [
            8.771451789745413,
            44.724145690183896
          ],
          [
            8.772169482947016,
            44.724547155168956
          ]
        ]
      }
    },
    {
      "type": "Feature",
      "properties": {
        "materiale": "PVC",
        "dn": "DN110",
        "lunghezza": 49.64,
        "anno_posa": 1980,
        "comune": "Tassarolo",
        "localita": null,
        "via": "Vicolo Levante",
        "tip_rete": "DISTRIBUZIONE",
        "id_distretto": "DTS03"
      },
      "geometry": {
        "type": "LineString",
        "coordinates": [
          [
            8.770875625772073,
            44.72489076802081
          ],
          [
            8.771429540959813,
            44.725099975513736
          ]
        ]
      }
    },
    {
      "type": "Feature",
      "properties": {
        "materiale": "PE",
        "dn": "DE50",
        "lunghezza": 48.15,
        "anno_posa": 1980,
        "comune": "Tassarolo",
        "localita": null,
        "via": "Via Campolasso",
        "tip_rete": "DISTRIBUZIONE",
        "id_distretto": "DTS03"
      },
      "geometry": {
        "type": "LineString",
        "coordinates": [
          [
            8.77253853350507,
            44.72632971895336
          ],
          [
            8.772695745246166,
            44.72642091499438
          ],
          [
            8.772853084722838,
            44.72651199922792
          ],
          [
            8.773010551778908,
            44.726602971563004
          ]
        ]
      }
    },
    {
      "type": "Feature",
      "properties": {
        "materiale": "PE",
        "dn": "DN50",
        "lunghezza": 105.02,
        "anno_posa": 1980,
        "comune": "Tassarolo",
        "localita": null,
        "via": "Via Campolasso",
        "tip_rete": "DISTRIBUZIONE",
        "id_distretto": "DTS03"
      },
      "geometry": {
        "type": "LineString",
        "coordinates": [
          [
            8.77253853350507,
            44.72632971895336
          ],
          [
            8.772763512476068,
            44.72606117520163
          ],
          [
            8.773002403033189,
            44.725949918639174
          ],
          [
            8.773313915689567,
            44.72558266467134
          ]
        ]
      }
    },
    {
      "type": "Feature",
      "properties": {
        "materiale": "PE",
        "dn": "DN63",
        "lunghezza": 2.84,
        "anno_posa": 1980,
        "comune": "Tassarolo",
        "localita": null,
        "via": "Via XXV Aprile",
        "tip_rete": "DISTRIBUZIONE",
        "id_distretto": "DTS03"
      },
      "geometry": {
        "type": "LineString",
        "coordinates": [
          [
            8.770937112916416,
            44.726250154604706
          ],
          [
            8.770941676191539,
            44.72622478101785
          ]
        ]
      }
    },
    {
      "type": "Feature",
      "properties": {
        "materiale": "PE",
        "dn": "DN63",
        "lunghezza": 3.01,
        "anno_posa": 1980,
        "comune": "Tassarolo",
        "localita": null,
        "via": "Via Campolasso",
        "tip_rete": "DISTRIBUZIONE",
        "id_distretto": null
      },
      "geometry": {
        "type": "LineString",
        "coordinates": [
          [
            8.770903691568883,
            44.7262238271804
          ],
          [
            8.770941676191539,
            44.72622478101785
          ]
        ]
      }
    },
    {
      "type": "Feature",
      "properties": {
        "materiale": "PE",
        "dn": "DN75",
        "lunghezza": 2.83,
        "anno_posa": 1980,
        "comune": "Tassarolo",
        "localita": null,
        "via": "Via Campolasso",
        "tip_rete": "DISTRIBUZIONE",
        "id_distretto": "DTS03"
      },
      "geometry": {
        "type": "LineString",
        "coordinates": [
          [
            8.77097738191606,
            44.72622384959843
          ],
          [
            8.770941676191539,
            44.72622478101785
          ]
        ]
      }
    },
    {
      "type": "Feature",
      "properties": {
        "materiale": "PE",
        "dn": "DN110",
        "lunghezza": 4.58,
        "anno_posa": 2016,
        "comune": "Tassarolo",
        "localita": "Localita' Osteria",
        "via": "Strada Comunale Per Pasturana",
        "tip_rete": "DISTRIBUZIONE",
        "id_distretto": null
      },
      "geometry": {
        "type": "LineString",
        "coordinates": [
          [
            8.75579301390289,
            44.73760029620648
          ],
          [
            8.755809933890221,
            44.73758783328147
          ],
          [
            8.755804906908883,
            44.73758406804533
          ],
          [
            8.75582382985135,
            44.73757112649661
          ]
        ]
      }
    },
    {
      "type": "Feature",
      "properties": {
        "materiale": "PE",
        "dn": "DN110",
        "lunghezza": 160.94,
        "anno_posa": 2016,
        "comune": "Tassarolo",
        "localita": "Localita' Osteria",
        "via": "Strada Comunale Per Pasturana",
        "tip_rete": "DISTRIBUZIONE",
        "id_distretto": null
      },
      "geometry": {
        "type": "LineString",
        "coordinates": [
          [
            8.755809933890221,
            44.73758783328147
          ],
          [
            8.755869702665311,
            44.73754687936714
          ],
          [
            8.756131450522561,
            44.73734772470595
          ],
          [
            8.756585951355362,
            44.737021953578065
          ],
          [
            8.756993290997604,
            44.73675775613231
          ],
          [
            8.757269412932379,
            44.736580525559646
          ]
        ]
      }
    },
    {
      "type": "Feature",
      "properties": {
        "materiale": "PE",
        "dn": "DN180",
        "lunghezza": 213.02,
        "anno_posa": 2009,
        "comune": "Tassarolo",
        "localita": "CAPOLUOGO",
        "via": null,
        "tip_rete": "DISTRIBUZIONE",
        "id_distretto": null
      },
      "geometry": {
        "type": "LineString",
        "coordinates": [
          [
            8.75579301390289,
            44.73760029620648
          ],
          [
            8.755502726740884,
            44.73779058773429
          ],
          [
            8.754275240540434,
            44.73861375032766
          ],
          [
            8.753873657534166,
            44.7388287833742
          ],
          [
            8.753783140675305,
            44.738871377108104
          ]
        ]
      }
    },
    {
      "type": "Feature",
      "properties": {
        "materiale": "PE",
        "dn": "DN110",
        "lunghezza": 6.23,
        "anno_posa": 2016,
        "comune": "Tassarolo",
        "localita": "Localita' Osteria",
        "via": "Strada Comunale Per Pasturana",
        "tip_rete": "DISTRIBUZIONE",
        "id_distretto": null
      },
      "geometry": {
        "type": "LineString",
        "coordinates": [
          [
            8.75582382985135,
            44.73757112649661
          ],
          [
            8.755816230254357,
            44.73756506703944
          ],
          [
            8.755856911834956,
            44.737537539301485
          ],
          [
            8.755863945102469,
            44.737543691332306
          ]
        ]
      }
    },
    {
      "type": "Feature",
      "properties": {
        "materiale": "PE",
        "dn": "DN110",
        "lunghezza": 4.4,
        "anno_posa": 2016,
        "comune": "Tassarolo",
        "localita": "Localita' Osteria",
        "via": "Strada Comunale Per Pasturana",
        "tip_rete": "DISTRIBUZIONE",
        "id_distretto": null
      },
      "geometry": {
        "type": "LineString",
        "coordinates": [
          [
            8.75582382985135,
            44.73757112649661
          ],
          [
            8.755863945102469,
            44.737543691332306
          ]
        ]
      }
    },
    {
      "type": "Feature",
      "properties": {
        "materiale": "PE",
        "dn": "DN110",
        "lunghezza": 3.19,
        "anno_posa": 2016,
        "comune": "Tassarolo",
        "localita": "Localita' Osteria",
        "via": "Strada Comunale Per Pasturana",
        "tip_rete": "DISTRIBUZIONE",
        "id_distretto": null
      },
      "geometry": {
        "type": "LineString",
        "coordinates": [
          [
            8.755863945102469,
            44.737543691332306
          ],
          [
            8.755868860353658,
            44.73754384426898
          ],
          [
            8.755872426911875,
            44.73754625980038
          ],
          [
            8.755872891972256,
            44.73754975080036
          ],
          [
            8.755890983287987,
            44.737562635724125
          ]
        ]
      }
    },
    {
      "type": "Feature",
      "properties": {
        "materiale": "PE",
        "dn": "DN90",
        "lunghezza": 1.46,
        "anno_posa": 1980,
        "comune": "Tassarolo",
        "localita": null,
        "via": "Strada Francavilla",
        "tip_rete": "DISTRIBUZIONE",
        "id_distretto": "DTS02"
      },
      "geometry": {
        "type": "LineString",
        "coordinates": [
          [
            8.766301975947616,
            44.7299977893942
          ],
          [
            8.766297905402196,
            44.730003928461294
          ],
          [
            8.766293846998924,
            44.73000957302096
          ]
        ]
      }
    },
    {
      "type": "Feature",
      "properties": {
        "materiale": "PE",
        "dn": "DN50",
        "lunghezza": 210.01,
        "anno_posa": 2016,
        "comune": "Tassarolo",
        "localita": "Localita' Osteria",
        "via": "Strada Comunale Per Pasturana",
        "tip_rete": "DISTRIBUZIONE",
        "id_distretto": "DTS02"
      },
      "geometry": {
        "type": "LineString",
        "coordinates": [
          [
            8.764090328365173,
            44.730857283993615
          ],
          [
            8.76408270900216,
            44.73078193889602
          ],
          [
            8.764147771336134,
            44.73069921098048
          ],
          [
            8.764257787056145,
            44.73060621803918
          ],
          [
            8.7643954730192,
            44.73053023118265
          ],
          [
            8.764576760531153,
            44.73045150919494
          ],
          [
            8.764709028409484,
            44.7304084673864
          ],
          [
            8.7648293772802,
            44.73037293381837
          ],
          [
            8.76495365444138,
            44.7303458827616
          ],
          [
            8.765499590236791,
            44.73024907685212
          ],
          [
            8.76561194433867,
            44.73023047515008
          ],
          [
            8.766056222501861,
            44.73011980445262
          ],
          [
            8.76618452768695,
            44.730076282006806
          ],
          [
            8.766272285243438,
            44.73000221651129
          ],
          [
            8.766293846998924,
            44.73000957302096
          ]
        ]
      }
    },
    {
      "type": "Feature",
      "properties": {
        "materiale": "?",
        "dn": "?",
        "lunghezza": 40.5,
        "anno_posa": 1980,
        "comune": "Tassarolo",
        "localita": "CAPOLUOGO",
        "via": "Via Pasturana",
        "tip_rete": "DISTRIBUZIONE",
        "id_distretto": "DTS02"
      },
      "geometry": {
        "type": "LineString",
        "coordinates": [
          [
            8.764090328365173,
            44.730857283993615
          ],
          [
            8.7640729957378,
            44.73122165394778
          ]
        ]
      }
    },
    {
      "type": "Feature",
      "properties": {
        "materiale": "PE",
        "dn": "DN180",
        "lunghezza": 23.22,
        "anno_posa": 1980,
        "comune": "Tassarolo",
        "localita": "Localita' Osteria",
        "via": "Strada Comunale Per Pasturana",
        "tip_rete": "DISTRIBUZIONE",
        "id_distretto": null
      },
      "geometry": {
        "type": "LineString",
        "coordinates": [
          [
            8.755890983287987,
            44.737562635724125
          ],
          [
            8.756098456683736,
            44.737710400972325
          ]
        ]
      }
    },
    {
      "type": "Feature",
      "properties": {
        "materiale": "?",
        "dn": "?",
        "lunghezza": 1.66,
        "anno_posa": 1980,
        "comune": "Tassarolo",
        "localita": "Localita' Osteria",
        "via": null,
        "tip_rete": "DISTRIBUZIONE",
        "id_distretto": "DTS05"
      },
      "geometry": {
        "type": "LineString",
        "coordinates": [
          [
            8.766226387482686,
            44.73010736132015
          ],
          [
            8.766231104066167,
            44.73012191496554
          ]
        ]
      }
    },
    {
      "type": "Feature",
      "properties": {
        "materiale": "PE",
        "dn": "DN63",
        "lunghezza": 4.14,
        "anno_posa": 1980,
        "comune": "Tassarolo",
        "localita": "CAPOLUOGO",
        "via": "Via Pasturana",
        "tip_rete": "DISTRIBUZIONE",
        "id_distretto": "DTS05"
      },
      "geometry": {
        "type": "LineString",
        "coordinates": [
          [
            8.757847565051646,
            44.73591906059402
          ],
          [
            8.757819954736021,
            44.73588745790826
          ]
        ]
      }
    },
    {
      "type": "Feature",
      "properties": {
        "materiale": "PE",
        "dn": "DN40",
        "lunghezza": 80.32,
        "anno_posa": 2019,
        "comune": "Tassarolo",
        "localita": null,
        "via": "Via Vecchia Novi Ligure",
        "tip_rete": "DISTRIBUZIONE",
        "id_distretto": "DTS01"
      },
      "geometry": {
        "type": "LineString",
        "coordinates": [
          [
            8.776188078696615,
            44.73291879506584
          ],
          [
            8.776357764603286,
            44.73304132777679
          ],
          [
            8.77673649472388,
            44.73333069935823
          ],
          [
            8.776801421141531,
            44.73340969449156
          ],
          [
            8.776882262405367,
            44.73338282398428
          ]
        ]
      }
    },
    {
      "type": "Feature",
      "properties": {
        "materiale": "PE",
        "dn": "DN50",
        "lunghezza": 17.72,
        "anno_posa": 1980,
        "comune": "Tassarolo",
        "localita": null,
        "via": "Via Vecchia Novi Ligure",
        "tip_rete": "DISTRIBUZIONE",
        "id_distretto": "DTS01"
      },
      "geometry": {
        "type": "LineString",
        "coordinates": [
          [
            8.776036367908542,
            44.73280152733498
          ],
          [
            8.776188078696615,
            44.73291879506584
          ]
        ]
      }
    },
    {
      "type": "Feature",
      "properties": {
        "materiale": "PVC",
        "dn": "DN160",
        "lunghezza": 2.02,
        "anno_posa": 1980,
        "comune": "Tassarolo",
        "localita": "CAPOLUOGO",
        "via": "Strada delle Vigne",
        "tip_rete": "DISTRIBUZIONE",
        "id_distretto": "DTS03"
      },
      "geometry": {
        "type": "LineString",
        "coordinates": [
          [
            8.772093674943752,
            44.72351973751119
          ],
          [
            8.77207694620631,
            44.72353347529316
          ]
        ]
      }
    },
    {
      "type": "Feature",
      "properties": {
        "materiale": "PE",
        "dn": "DE110",
        "lunghezza": 77.14,
        "anno_posa": 2022,
        "comune": "Tassarolo",
        "localita": "CAPOLUOGO",
        "via": "Via Fara Vecchia",
        "tip_rete": "DISTRIBUZIONE",
        "id_distretto": "DTS01"
      },
      "geometry": {
        "type": "LineString",
        "coordinates": [
          [
            8.771335451848811,
            44.73235376733933
          ],
          [
            8.771339217130414,
            44.73235082844504
          ],
          [
            8.77136232979708,
            44.732338504667254
          ],
          [
            8.771436172463739,
            44.7323087041117
          ],
          [
            8.771542224085627,
            44.7322703772584
          ],
          [
            8.771735524130424,
            44.732193059778325
          ],
          [
            8.771873868019316,
            44.73215374744499
          ],
          [
            8.77212704379711,
            44.73211895011163
          ],
          [
            8.772225632352665,
            44.73208820988942
          ]
        ]
      }
    },
    {
      "type": "Feature",
      "properties": {
        "materiale": "PE",
        "dn": "DE110",
        "lunghezza": 276.74,
        "anno_posa": 2022,
        "comune": "Tassarolo",
        "localita": "CAPOLUOGO",
        "via": "Via Sant'Ambrogio",
        "tip_rete": "DISTRIBUZIONE",
        "id_distretto": "DTS01"
      },
      "geometry": {
        "type": "LineString",
        "coordinates": [
          [
            8.771335451848811,
            44.73235376733933
          ],
          [
            8.77133308346374,
            44.73235144611171
          ],
          [
            8.771275956934609,
            44.732306030796586
          ],
          [
            8.771253569495556,
            44.73228817018421
          ],
          [
            8.770975886207642,
            44.73206866038026
          ],
          [
            8.770757929520938,
            44.73189592543787
          ],
          [
            8.770726750839088,
            44.731866764783156
          ],
          [
            8.770633470463718,
            44.731787916889324
          ],
          [
            8.770463706908158,
            44.73163620266711
          ],
          [
            8.770382887463704,
            44.7315511328893
          ],
          [
            8.770363419751607,
            44.73151907465404
          ],
          [
            8.77035664357482,
            44.73149422022263
          ],
          [
            8.770362769241489,
            44.73143716111151
          ],
          [
            8.770387055275128,
            44.731392027751255
          ],
          [
            8.77042634679704,
            44.73135633322259
          ],
          [
            8.770507058797037,
            44.7313028014448
          ],
          [
            8.770561062574817,
            44.73127271811145
          ],
          [
            8.770821128731177,
            44.731173946297844
          ],
          [
            8.771000774241514,
            44.73108441066697
          ],
          [
            8.771322916964424,
            44.73094637815489
          ],
          [
            8.771853002019329,
            44.73072166377799
          ],
          [
            8.771884182463769,
            44.73070737211131
          ]
        ]
      }
    },
    {
      "type": "Feature",
      "properties": {
        "materiale": "?",
        "dn": "?",
        "lunghezza": 39.23,
        "anno_posa": 1980,
        "comune": "Tassarolo",
        "localita": null,
        "via": "Via Sant'Ambrogio",
        "tip_rete": "DISTRIBUZIONE",
        "id_distretto": "DTS01"
      },
      "geometry": {
        "type": "LineString",
        "coordinates": [
          [
            8.776324960815025,
            44.72957874649844
          ],
          [
            8.776348890306977,
            44.72934468361425
          ],
          [
            8.776327667589293,
            44.72929091154985
          ],
          [
            8.776243324381362,
            44.72927351387744
          ]
        ]
      }
    },
    {
      "type": "Feature",
      "properties": {
        "materiale": "?",
        "dn": "?",
        "lunghezza": 40.28,
        "anno_posa": 1980,
        "comune": "Tassarolo",
        "localita": null,
        "via": "Via Sant'Ambrogio",
        "tip_rete": "DISTRIBUZIONE",
        "id_distretto": "DTS01"
      },
      "geometry": {
        "type": "LineString",
        "coordinates": [
          [
            8.776324960815025,
            44.72957874649844
          ],
          [
            8.776810787428992,
            44.72947137943544
          ]
        ]
      }
    },
    {
      "type": "Feature",
      "properties": {
        "materiale": "PE",
        "dn": "DE110",
        "lunghezza": 360.81,
        "anno_posa": 2022,
        "comune": "Tassarolo",
        "localita": "CAPOLUOGO",
        "via": "Via Sant'Ambrogio",
        "tip_rete": "DISTRIBUZIONE",
        "id_distretto": "DTS01"
      },
      "geometry": {
        "type": "LineString",
        "coordinates": [
          [
            8.771884182463769,
            44.73070737211131
          ],
          [
            8.772147657682503,
            44.73059668400212
          ],
          [
            8.772358526463782,
            44.73052807855572
          ],
          [
            8.773062150686034,
            44.730303488444534
          ],
          [
            8.773240938908264,
            44.73024691500009
          ],
          [
            8.773473009686043,
            44.7301742312223
          ],
          [
            8.773683950241619,
            44.73011113000004
          ],
          [
            8.774115823019399,
            44.72997721822226
          ],
          [
            8.774141376797187,
            44.729969486222245
          ],
          [
            8.774382505908303,
            44.72989968722223
          ],
          [
            8.774891435019445,
            44.72977407811109
          ],
          [
            8.77497192644838,
            44.729769461868614
          ],
          [
            8.77504272324166,
            44.729773963555516
          ],
          [
            8.775156770591595,
            44.729791247715745
          ],
          [
            8.775260797130565,
            44.729811415444445
          ],
          [
            8.775381569642626,
            44.729813818065054
          ],
          [
            8.775441991216981,
            44.729816526330744
          ],
          [
            8.775522529575014,
            44.72980573644443
          ],
          [
            8.775672004352797,
            44.72976778655554
          ],
          [
            8.775784741019466,
            44.72972658022218
          ],
          [
            8.775816110463909,
            44.72971596733329
          ],
          [
            8.776096269797263,
            44.72961643422219
          ]
        ]
      }
    },
    {
      "type": "Feature",
      "properties": {
        "materiale": "PE",
        "dn": "DE110",
        "lunghezza": 13.06,
        "anno_posa": 2022,
        "comune": "Tassarolo",
        "localita": "CAPOLUOGO",
        "via": "Via Sant'Ambrogio",
        "tip_rete": "DISTRIBUZIONE",
        "id_distretto": "DTS01"
      },
      "geometry": {
        "type": "LineString",
        "coordinates": [
          [
            8.775381569642626,
            44.729813818065054
          ],
          [
            8.775381159686125,
            44.72981804177777
          ],
          [
            8.775314856686116,
            44.729866300333335
          ],
          [
            8.775284453008206,
            44.729906611712565
          ]
        ]
      }
    },
    {
      "type": "Feature",
      "properties": {
        "materiale": "PE",
        "dn": "DE63",
        "lunghezza": 158.33,
        "anno_posa": 1980,
        "comune": "Tassarolo",
        "localita": null,
        "via": "Via Massimiliano Spinola",
        "tip_rete": "DISTRIBUZIONE",
        "id_distretto": "DTS01"
      },
      "geometry": {
        "type": "LineString",
        "coordinates": [
          [
            8.775284453008206,
            44.729906611712565
          ],
          [
            8.775113525460988,
            44.729957828804814
          ],
          [
            8.77501298006462,
            44.72999788490862
          ],
          [
            8.774791058865206,
            44.73008454709547
          ],
          [
            8.774281720945586,
            44.730285518449634
          ],
          [
            8.773900131618365,
            44.73058560775372
          ],
          [
            8.773664916013313,
            44.73071310198781
          ]
        ]
      }
    },
    {
      "type": "Feature",
      "properties": {
        "materiale": "PE",
        "dn": "DE63",
        "lunghezza": 265.62,
        "anno_posa": 1980,
        "comune": "Tassarolo",
        "localita": null,
        "via": "Via Massimiliano Spinola",
        "tip_rete": "DISTRIBUZIONE",
        "id_distretto": "DTS01"
      },
      "geometry": {
        "type": "LineString",
        "coordinates": [
          [
            8.773664916013313,
            44.73071310198781
          ],
          [
            8.772674830225961,
            44.731146177917786
          ],
          [
            8.770855070920126,
            44.73188317315167
          ],
          [
            8.770772318630218,
            44.73188995151222
          ],
          [
            8.7707628852415,
            44.731893497333814
          ],
          [
            8.770757929520938,
            44.73189592543787
          ]
        ]
      }
    },
    {
      "type": "Feature",
      "properties": {
        "materiale": "?",
        "dn": "?",
        "lunghezza": 9.43,
        "anno_posa": 1980,
        "comune": "Tassarolo",
        "localita": null,
        "via": "Via Vecchia Novi Ligure",
        "tip_rete": "DISTRIBUZIONE",
        "id_distretto": "DTS01"
      },
      "geometry": {
        "type": "LineString",
        "coordinates": [
          [
            8.769434121459433,
            44.72909071835976
          ],
          [
            8.769483744898634,
            44.72916788284411
          ]
        ]
      }
    },
    {
      "type": "Feature",
      "properties": {
        "materiale": "PEAD",
        "dn": "DE75",
        "lunghezza": 116.92,
        "anno_posa": 2022,
        "comune": "Tassarolo",
        "localita": "CAPOLUOGO",
        "via": "Via Vecchia Novi",
        "tip_rete": "DISTRIBUZIONE",
        "id_distretto": "DTS01"
      },
      "geometry": {
        "type": "LineString",
        "coordinates": [
          [
            8.769706668128213,
            44.72911805270211
          ],
          [
            8.769929867274765,
            44.72907970370887
          ],
          [
            8.77047324914874,
            44.72890537076537
          ],
          [
            8.770765756753024,
            44.72875624109971
          ],
          [
            8.770985591722862,
            44.72863085918187
          ],
          [
            8.770992912269113,
            44.72862611762701
          ]
        ]
      }
    },
    {
      "type": "Feature",
      "properties": {
        "materiale": "PEAD",
        "dn": "DE75",
        "lunghezza": 75.22,
        "anno_posa": 2022,
        "comune": "Tassarolo",
        "localita": "CAPOLUOGO",
        "via": "Via Vecchia Novi",
        "tip_rete": "DISTRIBUZIONE",
        "id_distretto": "DTS03"
      },
      "geometry": {
        "type": "LineString",
        "coordinates": [
          [
            8.769144129074439,
            44.72837306917002
          ],
          [
            8.769173152291431,
            44.72839516917502
          ],
          [
            8.769195749486066,
            44.72840910369919
          ],
          [
            8.769210669130723,
            44.72841844640734
          ],
          [
            8.769252102619769,
            44.72849704500241
          ],
          [
            8.769285647586265,
            44.728583970335606
          ],
          [
            8.76937315022223,
            44.72881921125861
          ],
          [
            8.76940782665743,
            44.728917034814934
          ],
          [
            8.769431510788946,
            44.72900073804129
          ],
          [
            8.769434547300587,
            44.729008060374234
          ]
        ]
      }
    },
    {
      "type": "Feature",
      "properties": {
        "materiale": "PEAD",
        "dn": "DE75",
        "lunghezza": 81.54,
        "anno_posa": 2022,
        "comune": "Tassarolo",
        "localita": "CAPOLUOGO",
        "via": "Via Vecchia Novi",
        "tip_rete": "DISTRIBUZIONE",
        "id_distretto": "DTS01"
      },
      "geometry": {
        "type": "LineString",
        "coordinates": [
          [
            8.772002536448158,
            44.72848167079318
          ],
          [
            8.77187518434716,
            44.72850007443333
          ],
          [
            8.771003937028746,
            44.728624751640545
          ],
          [
            8.770992912269113,
            44.72862611762701
          ]
        ]
      }
    },
    {
      "type": "Feature",
      "properties": {
        "materiale": "PEAD",
        "dn": "DE75",
        "lunghezza": 21.53,
        "anno_posa": 2022,
        "comune": "Tassarolo",
        "localita": "CAPOLUOGO",
        "via": "Via Vecchia Novi",
        "tip_rete": "DISTRIBUZIONE",
        "id_distretto": "DTS01"
      },
      "geometry": {
        "type": "LineString",
        "coordinates": [
          [
            8.769468619436443,
            44.72906859319346
          ],
          [
            8.769500881650899,
            44.72909373395682
          ],
          [
            8.769523371970722,
            44.72910573688129
          ],
          [
            8.769578334170625,
            44.72912908576453
          ],
          [
            8.7696319214035,
            44.72913384146388
          ],
          [
            8.769706668128213,
            44.72911805270211
          ]
        ]
      }
    },
    {
      "type": "Feature",
      "properties": {
        "materiale": "PE",
        "dn": "DE75",
        "lunghezza": 471.21,
        "anno_posa": 1980,
        "comune": "Tassarolo",
        "localita": null,
        "via": "Via Vecchia Novi Ligure",
        "tip_rete": "DISTRIBUZIONE",
        "id_distretto": "DTS01"
      },
      "geometry": {
        "type": "LineString",
        "coordinates": [
          [
            8.776840721311004,
            44.72946460501792
          ],
          [
            8.776726042911097,
            44.72927266995218
          ],
          [
            8.776485056541626,
            44.729109304497186
          ],
          [
            8.776277584350234,
            44.72904497505538
          ],
          [
            8.775869237105885,
            44.72895562368888
          ],
          [
            8.775440175860487,
            44.728902219472175
          ],
          [
            8.775279380352792,
            44.72887065177755
          ],
          [
            8.775182636355893,
            44.72882034579169
          ],
          [
            8.775126289416125,
            44.72877995569126
          ],
          [
            8.775026528481208,
            44.72869832969858
          ],
          [
            8.774813592159777,
            44.72831555929445
          ],
          [
            8.774706967103173,
            44.72813461668586
          ],
          [
            8.774607087015005,
            44.72808642745776
          ],
          [
            8.774493377802626,
            44.72808658875097
          ],
          [
            8.774011261634325,
            44.72832039718827
          ],
          [
            8.773884571158124,
            44.728370745688075
          ],
          [
            8.773737141124418,
            44.72840953082337
          ],
          [
            8.773632742259013,
            44.72842203578016
          ],
          [
            8.773451106927974,
            44.72842544209166
          ],
          [
            8.772724048769359,
            44.72840234034239
          ],
          [
            8.77246110569498,
            44.72842441559377
          ],
          [
            8.772002536448158,
            44.72848167079318
          ]
        ]
      }
    },
    {
      "type": "Feature",
      "properties": {
        "materiale": "AC",
        "dn": "DN110",
        "lunghezza": 226.72,
        "anno_posa": 1980,
        "comune": "Tassarolo",
        "localita": null,
        "via": "Strada Francavilla",
        "tip_rete": "ADDUZIONE",
        "id_distretto": "DTS05"
      },
      "geometry": {
        "type": "LineString",
        "coordinates": [
          [
            8.766558051013076,
            44.72921362954942
          ],
          [
            8.766676727853564,
            44.72919002764755
          ],
          [
            8.767688036289377,
            44.72897118448081
          ],
          [
            8.767931065968073,
            44.72889258272094
          ],
          [
            8.76836083032083,
            44.728691478275
          ],
          [
            8.768743886520797,
            44.728542156830116
          ],
          [
            8.768866214439315,
            44.72847659434439
          ],
          [
            8.768887832689854,
            44.728465604808164
          ],
          [
            8.768916957701462,
            44.72845396177299
          ],
          [
            8.769138005533259,
            44.72836699864525
          ]
        ]
      }
    },
    {
      "type": "Feature",
      "properties": {
        "materiale": "PE",
        "dn": "DE160",
        "lunghezza": 392.31,
        "anno_posa": 2022,
        "comune": "Tassarolo",
        "localita": "CAPOLUOGO",
        "via": "Strada Francavilla",
        "tip_rete": "ADDUZIONE",
        "id_distretto": "DTS05"
      },
      "geometry": {
        "type": "LineString",
        "coordinates": [
          [
            8.766558051013076,
            44.72921362954942
          ],
          [
            8.766523182808742,
            44.72921806843986
          ],
          [
            8.766328984801467,
            44.72922837741187
          ],
          [
            8.765855980635124,
            44.72920786672577
          ],
          [
            8.765613875136834,
            44.729207370113556
          ],
          [
            8.765238253554987,
            44.729201181049504
          ],
          [
            8.764831508341882,
            44.729195184645874
          ],
          [
            8.76459696496614,
            44.72920398870309
          ],
          [
            8.764448528692922,
            44.72921864544988
          ],
          [
            8.764305874232038,
            44.72923537777018
          ],
          [
            8.763901652506826,
            44.72932070792574
          ],
          [
            8.763409671030653,
            44.729415490475304
          ],
          [
            8.762939693188699,
            44.729508072022774
          ],
          [
            8.762798528393192,
            44.72951422840166
          ],
          [
            8.762666783349195,
            44.729517824388886
          ],
          [
            8.762428684898639,
            44.72951062189045
          ],
          [
            8.762210850424493,
            44.72950397704717
          ],
          [
            8.762024733559878,
            44.72952887135314
          ],
          [
            8.76183446949332,
            44.72959425945117
          ],
          [
            8.761803652391372,
            44.7296078680825
          ],
          [
            8.76170542657946,
            44.729644812189214
          ]
        ]
      }
    },
    {
      "type": "Feature",
      "properties": {
        "materiale": "PE",
        "dn": "DE110",
        "lunghezza": 387.34,
        "anno_posa": 2022,
        "comune": "Tassarolo",
        "localita": "CAPOLUOGO",
        "via": "Strada Francavilla",
        "tip_rete": "DISTRIBUZIONE",
        "id_distretto": "DTS02"
      },
      "geometry": {
        "type": "LineString",
        "coordinates": [
          [
            8.761797164770229,
            44.729601405069985
          ],
          [
            8.761811298752368,
            44.729596532942466
          ],
          [
            8.761828341646728,
            44.72958831314918
          ],
          [
            8.762024043623605,
            44.729520614579116
          ],
          [
            8.762208716059739,
            44.72949494332899
          ],
          [
            8.762430170489495,
            44.729501337727235
          ],
          [
            8.762665726153323,
            44.72951085675182
          ],
          [
            8.762800722950418,
            44.729508557415784
          ],
          [
            8.762939009445073,
            44.729498267391506
          ],
          [
            8.76340043812007,
            44.72940686767136
          ],
          [
            8.7638966321931,
            44.729309346459274
          ],
          [
            8.76430447695409,
            44.72922299188131
          ],
          [
            8.764441787463348,
            44.729207731921534
          ],
          [
            8.764594136803211,
            44.7291874721999
          ],
          [
            8.7648322906641,
            44.72918073941718
          ],
          [
            8.765239753297838,
            44.72918828516842
          ],
          [
            8.76561572314377,
            44.7291978286729
          ],
          [
            8.765800275350045,
            44.72920130302536
          ],
          [
            8.76585630818065,
            44.72921638071343
          ],
          [
            8.766326596669762,
            44.729237272810686
          ],
          [
            8.766565872541596,
            44.729221509433984
          ],
          [
            8.766580704914878,
            44.729222829645984
          ],
          [
            8.766589004561695,
            44.729228780132004
          ]
        ]
      }
    },
    {
      "type": "Feature",
      "properties": {
        "materiale": "PE",
        "dn": "DN110",
        "lunghezza": 4.57,
        "anno_posa": 2016,
        "comune": "Tassarolo",
        "localita": "Localita' Osteria",
        "via": "Strada Comunale Per Pasturana",
        "tip_rete": "DISTRIBUZIONE",
        "id_distretto": "DTS05"
      },
      "geometry": {
        "type": "LineString",
        "coordinates": [
          [
            8.76625373107041,
            44.73000328769875
          ],
          [
            8.7662665410025,
            44.72999638287821
          ],
          [
            8.766278500017487,
            44.72998941241868
          ],
          [
            8.766301975947616,
            44.7299977893942
          ]
        ]
      }
    },
    {
      "type": "Feature",
      "properties": {
        "materiale": "PE",
        "dn": "DN110",
        "lunghezza": 2.84,
        "anno_posa": 2016,
        "comune": "Tassarolo",
        "localita": "Localita' Osteria",
        "via": "Strada Comunale Per Pasturana",
        "tip_rete": "DISTRIBUZIONE",
        "id_distretto": "DTS05"
      },
      "geometry": {
        "type": "LineString",
        "coordinates": [
          [
            8.757299693850108,
            44.736577257094396
          ],
          [
            8.757313082262076,
            44.73656816171083
          ],
          [
            8.75730262830963,
            44.73655822624168
          ]
        ]
      }
    },
    {
      "type": "Feature",
      "properties": {
        "materiale": "PE",
        "dn": "DN110",
        "lunghezza": 3.26,
        "anno_posa": 2016,
        "comune": "Tassarolo",
        "localita": "Localita' Osteria",
        "via": "Strada Comunale Per Pasturana",
        "tip_rete": "DISTRIBUZIONE",
        "id_distretto": "DTS05"
      },
      "geometry": {
        "type": "LineString",
        "coordinates": [
          [
            8.757269412932379,
            44.736580525559646
          ],
          [
            8.757282667294403,
            44.736588824035216
          ],
          [
            8.757299693850108,
            44.736577257094396
          ]
        ]
      }
    },
    {
      "type": "Feature",
      "properties": {
        "materiale": "PE",
        "dn": "DN110",
        "lunghezza": 1067.78,
        "anno_posa": 2016,
        "comune": "Tassarolo",
        "localita": "Localita' Osteria",
        "via": "Strada Comunale Per Pasturana",
        "tip_rete": "DISTRIBUZIONE",
        "id_distretto": "DTS05"
      },
      "geometry": {
        "type": "LineString",
        "coordinates": [
          [
            8.75730262830963,
            44.73655822624168
          ],
          [
            8.757344983437056,
            44.736531456749276
          ],
          [
            8.757486339525677,
            44.736373094695644
          ],
          [
            8.757717398699665,
            44.736087333815355
          ],
          [
            8.757754673123125,
            44.73601914571609
          ],
          [
            8.757797206099005,
            44.73595708926077
          ],
          [
            8.757847565051646,
            44.73591906059402
          ],
          [
            8.757997267451364,
            44.73581768336459
          ],
          [
            8.758136997393446,
            44.73568125462477
          ],
          [
            8.758441301089732,
            44.7353738187152
          ],
          [
            8.758752185195931,
            44.73503915148736
          ],
          [
            8.7591218384593,
            44.734459896073545
          ],
          [
            8.759225699867491,
            44.734213428297124
          ],
          [
            8.759292521843578,
            44.73407607644451
          ],
          [
            8.759438792651126,
            44.73384474698717
          ],
          [
            8.75950279381298,
            44.733701756071724
          ],
          [
            8.759606814529546,
            44.733464687706885
          ],
          [
            8.75979799604223,
            44.73323345228745
          ],
          [
            8.759933227399944,
            44.73311509293674
          ],
          [
            8.760290935208145,
            44.732863491032646
          ],
          [
            8.760606283368945,
            44.73263251478039
          ],
          [
            8.760759881022146,
            44.73254432466922
          ],
          [
            8.760888228501736,
            44.732492804539106
          ],
          [
            8.761298212986802,
            44.732375960082926
          ],
          [
            8.761848519376203,
            44.73218596073901
          ],
          [
            8.762009912288477,
            44.73212885854775
          ],
          [
            8.762189971956902,
            44.73202942224346
          ],
          [
            8.762311716103614,
            44.73197694514196
          ],
          [
            8.762544489687022,
            44.73190774970966
          ],
          [
            8.76298512938493,
            44.73172222488995
          ],
          [
            8.763154699233892,
            44.731602991333524
          ],
          [
            8.763244758082767,
            44.73154573943522
          ],
          [
            8.763317563806693,
            44.731508225665685
          ],
          [
            8.763665778054285,
            44.7313112072248
          ],
          [
            8.76373336078435,
            44.73125861650979
          ],
          [
            8.763798343670011,
            44.7311956625913
          ],
          [
            8.763952583776735,
            44.7309473946111
          ],
          [
            8.764008150135636,
            44.73084487319405
          ],
          [
            8.764068893785721,
            44.73076849231511
          ],
          [
            8.764120058633328,
            44.73069256242803
          ],
          [
            8.764229074126883,
            44.73060192149099
          ],
          [
            8.7643714215836,
            44.73051652811621
          ],
          [
            8.764555347109713,
            44.73043875322198
          ],
          [
            8.76473060599683,
            44.73038073413555
          ],
          [
            8.764883336417427,
            44.73034055912712
          ],
          [
            8.765176809300547,
            44.73028466589261
          ],
          [
            8.765550891835387,
            44.73022046285636
          ],
          [
            8.765754510765186,
            44.73017191658225
          ],
          [
            8.766003067052935,
            44.730116870704826
          ],
          [
            8.76611946317248,
            44.73007850282536
          ],
          [
            8.766253489604447,
            44.730003422965154
          ],
          [
            8.76625373107041,
            44.73000328769875
          ]
        ]
      }
    },
    {
      "type": "Feature",
      "properties": {
        "materiale": "PE",
        "dn": "DN110",
        "lunghezza": 3.61,
        "anno_posa": 2016,
        "comune": "Tassarolo",
        "localita": "Localita' Osteria",
        "via": "Strada Comunale Per Pasturana",
        "tip_rete": "DISTRIBUZIONE",
        "id_distretto": "DTS05"
      },
      "geometry": {
        "type": "LineString",
        "coordinates": [
          [
            8.757269412932379,
            44.736580525559646
          ],
          [
            8.75730262830963,
            44.73655822624168
          ]
        ]
      }
    },
    {
      "type": "Feature",
      "properties": {
        "materiale": "PE",
        "dn": "DE63",
        "lunghezza": 108.8,
        "anno_posa": 1980,
        "comune": "Tassarolo",
        "localita": null,
        "via": "Strada Vicinale dei Preissi",
        "tip_rete": "DISTRIBUZIONE",
        "id_distretto": "DTS02"
      },
      "geometry": {
        "type": "LineString",
        "coordinates": [
          [
            8.761797164770229,
            44.729601405069985
          ],
          [
            8.761769295756933,
            44.72960212087791
          ],
          [
            8.761725435295498,
            44.729591410292514
          ],
          [
            8.761525422310367,
            44.72954287391158
          ],
          [
            8.761156733802908,
            44.72958023896102
          ],
          [
            8.760750356730329,
            44.729641988446076
          ],
          [
            8.760471252467351,
            44.72956256045372
          ]
        ]
      }
    },
    {
      "type": "Feature",
      "properties": {
        "materiale": "PE",
        "dn": "DE110",
        "lunghezza": 90,
        "anno_posa": 2022,
        "comune": "Tassarolo",
        "localita": "CAPOLUOGO",
        "via": "Via Pasturana",
        "tip_rete": "DISTRIBUZIONE",
        "id_distretto": "DTS05"
      },
      "geometry": {
        "type": "LineString",
        "coordinates": [
          [
            8.766278500017487,
            44.72998941241868
          ],
          [
            8.76628978029923,
            44.72997708199345
          ],
          [
            8.766313793234811,
            44.729945399683196
          ],
          [
            8.766333392545267,
            44.729886362537485
          ],
          [
            8.76641188539794,
            44.72953644525659
          ],
          [
            8.766503829913892,
            44.729350888200955
          ],
          [
            8.766549816478515,
            44.72925449796249
          ],
          [
            8.766555533463334,
            44.729227744298456
          ],
          [
            8.766553273196294,
            44.72922735270944
          ],
          [
            8.766551286682935,
            44.729226381226596
          ],
          [
            8.766550121690065,
            44.72922360556804
          ],
          [
            8.766550586247785,
            44.729220575261124
          ],
          [
            8.766552498112874,
            44.72921761240741
          ],
          [
            8.766556392080629,
            44.72921671743941
          ],
          [
            8.766558051013076,
            44.72921362954942
          ]
        ]
      }
    },
    {
      "type": "Feature",
      "properties": {
        "materiale": "PE",
        "dn": "DE63",
        "lunghezza": 3.71,
        "anno_posa": 2023,
        "comune": "Tassarolo",
        "localita": "Tassarolo",
        "via": null,
        "tip_rete": "DISTRIBUZIONE",
        "id_distretto": "DTS05"
      },
      "geometry": {
        "type": "LineString",
        "coordinates": [
          [
            8.766281972776119,
            44.730026785742595
          ],
          [
            8.766265657901483,
            44.730013472195616
          ],
          [
            8.766263033111647,
            44.730013724802994
          ],
          [
            8.766260682082091,
            44.73001339751732
          ],
          [
            8.766259510853315,
            44.73001216971885
          ],
          [
            8.7662589724242,
            44.7300110722051
          ],
          [
            8.766260066945875,
            44.730008881621636
          ],
          [
            8.766257558742215,
            44.73000676059928
          ],
          [
            8.766253489604447,
            44.730003422965154
          ]
        ]
      }
    },
    {
      "type": "Feature",
      "properties": {
        "materiale": "PE",
        "dn": "DN90",
        "lunghezza": 9.97,
        "anno_posa": 1980,
        "comune": "Tassarolo",
        "localita": null,
        "via": "Strada Francavilla",
        "tip_rete": "DISTRIBUZIONE",
        "id_distretto": "DTS05"
      },
      "geometry": {
        "type": "LineString",
        "coordinates": [
          [
            8.766226387482686,
            44.73010736132015
          ],
          [
            8.766238261738653,
            44.730090148604454
          ],
          [
            8.766281972776119,
            44.730026785742595
          ]
        ]
      }
    },
    {
      "type": "Feature",
      "properties": {
        "materiale": "PE",
        "dn": "DN90",
        "lunghezza": 1.3,
        "anno_posa": 1980,
        "comune": "Tassarolo",
        "localita": null,
        "via": "Strada Francavilla",
        "tip_rete": "DISTRIBUZIONE",
        "id_distretto": "DTS02"
      },
      "geometry": {
        "type": "LineString",
        "coordinates": [
          [
            8.766286621579926,
            44.73002004689738
          ],
          [
            8.766293846999032,
            44.730009573020816
          ]
        ]
      }
    },
    {
      "type": "Feature",
      "properties": {
        "materiale": "?",
        "dn": "?",
        "lunghezza": 10.22,
        "anno_posa": 1980,
        "comune": "Tassarolo",
        "localita": null,
        "via": "Via Pasturana",
        "tip_rete": "DISTRIBUZIONE",
        "id_distretto": "DTS05"
      },
      "geometry": {
        "type": "LineString",
        "coordinates": [
          [
            8.766329531357417,
            44.730092918984546
          ],
          [
            8.766455924933673,
            44.73007437475214
          ]
        ]
      }
    },
    {
      "type": "Feature",
      "properties": {
        "materiale": "PE",
        "dn": "DE50",
        "lunghezza": 146.85,
        "anno_posa": 2023,
        "comune": "Tassarolo",
        "localita": "CAPOLUOGO",
        "via": "Strada Francavilla",
        "tip_rete": "DISTRIBUZIONE",
        "id_distretto": "DTS02"
      },
      "geometry": {
        "type": "LineString",
        "coordinates": [
          [
            8.768299339480974,
            44.728743750222634
          ],
          [
            8.767968683027693,
            44.72889972128211
          ],
          [
            8.767687951484385,
            44.728992370697306
          ],
          [
            8.766609907949904,
            44.729219906675965
          ],
          [
            8.766589004561695,
            44.729228780132004
          ]
        ]
      }
    },
    {
      "type": "Feature",
      "properties": {
        "materiale": "PE",
        "dn": "DE63",
        "lunghezza": 1.01,
        "anno_posa": 1980,
        "comune": "Tassarolo",
        "localita": null,
        "via": null,
        "tip_rete": "DISTRIBUZIONE",
        "id_distretto": "DTS05"
      },
      "geometry": {
        "type": "LineString",
        "coordinates": [
          [
            8.75608650492303,
            44.73172725825239
          ],
          [
            8.756087624442388,
            44.73173630897449
          ]
        ]
      }
    },
    {
      "type": "Feature",
      "properties": {
        "materiale": "PE",
        "dn": "DE63",
        "lunghezza": 8.93,
        "anno_posa": 1980,
        "comune": "Tassarolo",
        "localita": null,
        "via": null,
        "tip_rete": "DISTRIBUZIONE",
        "id_distretto": "DTS02"
      },
      "geometry": {
        "type": "LineString",
        "coordinates": [
          [
            8.756088818231905,
            44.73174507498142
          ],
          [
            8.755976865846876,
            44.731755074842326
          ]
        ]
      }
    },
    {
      "type": "Feature",
      "properties": {
        "materiale": "PE",
        "dn": "DE110",
        "lunghezza": 413.8,
        "anno_posa": 1980,
        "comune": "Francavilla Bisio",
        "localita": null,
        "via": "Strada della Signora",
        "tip_rete": "ADDUZIONE",
        "id_distretto": "DTS05"
      },
      "geometry": {
        "type": "LineString",
        "coordinates": [
          [
            8.732083686537516,
            44.7277550414847
          ],
          [
            8.732069115022327,
            44.72776436566245
          ],
          [
            8.732016038849565,
            44.72780124468763
          ],
          [
            8.732335962713195,
            44.728064396577345
          ],
          [
            8.733124252394674,
            44.72870605433381
          ],
          [
            8.734227428633941,
            44.72962495979345
          ],
          [
            8.734864027282413,
            44.73013400465034
          ],
          [
            8.735054062490986,
            44.73026259278285
          ],
          [
            8.735458315910053,
            44.730508699683824
          ]
        ]
      }
    },
    {
      "type": "Feature",
      "properties": {
        "materiale": "AC",
        "dn": "DN100",
        "lunghezza": 186.53,
        "anno_posa": 1980,
        "comune": "Francavilla Bisio",
        "localita": null,
        "via": "Via Dante Alighieri",
        "tip_rete": "ADDUZIONE",
        "id_distretto": "DTS05"
      },
      "geometry": {
        "type": "LineString",
        "coordinates": [
          [
            8.735530925748344,
            44.73082086636111
          ],
          [
            8.735560022695639,
            44.73088128941844
          ],
          [
            8.735954415986347,
            44.73103810871465
          ],
          [
            8.736307855614253,
            44.731193775394395
          ],
          [
            8.736813515999955,
            44.73143723522563
          ],
          [
            8.73740271933015,
            44.73150791646177
          ],
          [
            8.737460433825525,
            44.73163791647697
          ]
        ]
      }
    },
    {
      "type": "Feature",
      "properties": {
        "materiale": "AC",
        "dn": "DN100",
        "lunghezza": 40.37,
        "anno_posa": 1980,
        "comune": "Francavilla Bisio",
        "localita": null,
        "via": "Via Dante Alighieri",
        "tip_rete": "ADDUZIONE",
        "id_distretto": "DTS05"
      },
      "geometry": {
        "type": "LineString",
        "coordinates": [
          [
            8.73746043382616,
            44.73163790313384
          ],
          [
            8.737457090125918,
            44.73164544417802
          ],
          [
            8.737449461489565,
            44.73164662075773
          ],
          [
            8.737444259980233,
            44.73165076894749
          ],
          [
            8.737443472397835,
            44.7316563042802
          ],
          [
            8.737447399573172,
            44.731661112447185
          ],
          [
            8.73745454145935,
            44.73166335689123
          ],
          [
            8.737453883089078,
            44.73167055515337
          ],
          [
            8.737469953953472,
            44.731672455788605
          ],
          [
            8.737509748095226,
            44.73168954968415
          ],
          [
            8.737777844234161,
            44.73188836829458
          ]
        ]
      }
    },
    {
      "type": "Feature",
      "properties": {
        "materiale": "AC",
        "dn": "DN100",
        "lunghezza": 116.36,
        "anno_posa": 1980,
        "comune": "Francavilla Bisio",
        "localita": null,
        "via": "Strada Comunale della Marietta",
        "tip_rete": "ADDUZIONE",
        "id_distretto": "DTS05"
      },
      "geometry": {
        "type": "LineString",
        "coordinates": [
          [
            8.737777844234161,
            44.73188836829458
          ],
          [
            8.738019983747616,
            44.732017595951795
          ],
          [
            8.738348464323197,
            44.73216869914978
          ],
          [
            8.738673305729842,
            44.73232078247868
          ],
          [
            8.738790607777988,
            44.732347245411816
          ],
          [
            8.73889969853364,
            44.73235154431209
          ],
          [
            8.738994637654423,
            44.7323517632283
          ],
          [
            8.739004768151402,
            44.73234853888844
          ],
          [
            8.739011067994449,
            44.732351823580146
          ],
          [
            8.739018873209213,
            44.73235184141639
          ],
          [
            8.739025202467753,
            44.732348585584674
          ],
          [
            8.739027638208109,
            44.73234329970202
          ],
          [
            8.739025250061154,
            44.73233800279646
          ],
          [
            8.739033237843437,
            44.73233357386843
          ]
        ]
      }
    },
    {
      "type": "Feature",
      "properties": {
        "materiale": "AC",
        "dn": "DN100",
        "lunghezza": 280.25,
        "anno_posa": 1980,
        "comune": "Francavilla Bisio",
        "localita": null,
        "via": "Strada Vicinale della Buffalora",
        "tip_rete": "ADDUZIONE",
        "id_distretto": "DTS05"
      },
      "geometry": {
        "type": "LineString",
        "coordinates": [
          [
            8.739033237843527,
            44.73233357196229
          ],
          [
            8.739511529671164,
            44.73219450487553
          ],
          [
            8.739919205577689,
            44.73206413820113
          ],
          [
            8.740255305093182,
            44.73190021297071
          ],
          [
            8.740709534972504,
            44.73167907542536
          ],
          [
            8.740914930344635,
            44.731659890237545
          ],
          [
            8.74119378941479,
            44.73166707653084
          ],
          [
            8.741503470049732,
            44.73163720317837
          ],
          [
            8.741931001977909,
            44.7315033658536
          ],
          [
            8.742060086153584,
            44.731481713847536
          ],
          [
            8.742279367687223,
            44.73149763358973
          ]
        ]
      }
    },
    {
      "type": "Feature",
      "properties": {
        "materiale": "AC",
        "dn": "DN100",
        "lunghezza": 832.19,
        "anno_posa": 1980,
        "comune": "Francavilla Bisio",
        "localita": null,
        "via": "Via Tassarolo",
        "tip_rete": "ADDUZIONE",
        "id_distretto": "DTS05"
      },
      "geometry": {
        "type": "LineString",
        "coordinates": [
          [
            8.742279367687315,
            44.731497631683546
          ],
          [
            8.742352612017394,
            44.73150294909376
          ],
          [
            8.742623955967831,
            44.7315296155967
          ],
          [
            8.743213209006147,
            44.73150350979503
          ],
          [
            8.743423009616084,
            44.73151358098391
          ],
          [
            8.743529611390942,
            44.731550378772575
          ],
          [
            8.743598760190322,
            44.73162341396842
          ],
          [
            8.743710152511836,
            44.731747415668266
          ],
          [
            8.743866344050426,
            44.73177801791037
          ],
          [
            8.744007586340725,
            44.731698588533035
          ],
          [
            8.744269335763631,
            44.73142277574671
          ],
          [
            8.744686091728399,
            44.7310654966151
          ],
          [
            8.744919041110673,
            44.73087858698295
          ],
          [
            8.745160982032811,
            44.7307512428174
          ],
          [
            8.74535320821599,
            44.73066567281922
          ],
          [
            8.745579170267181,
            44.73065514541878
          ],
          [
            8.745696566648236,
            44.730701715566255
          ],
          [
            8.74604233590764,
            44.73089652296509
          ],
          [
            8.74626468258997,
            44.731002860971145
          ],
          [
            8.746452946978284,
            44.731120143121615
          ],
          [
            8.746625301106354,
            44.73125588945769
          ],
          [
            8.74695962128241,
            44.731515563225855
          ],
          [
            8.747235532254361,
            44.73163346871193
          ],
          [
            8.747567705214827,
            44.73167403337658
          ],
          [
            8.747822364258665,
            44.731687876212305
          ],
          [
            8.748256943666004,
            44.73175080227897
          ],
          [
            8.748728613912272,
            44.73185363828149
          ],
          [
            8.749136270706861,
            44.73184911042983
          ],
          [
            8.749754090892829,
            44.731721634527595
          ],
          [
            8.750524869983312,
            44.73154118556274
          ],
          [
            8.75084253431512,
            44.73147991171292
          ],
          [
            8.751101144889992,
            44.73145256987095
          ],
          [
            8.751300893341101,
            44.731457191418755
          ]
        ]
      }
    },
    {
      "type": "Feature",
      "properties": {
        "materiale": "PE",
        "dn": "DE63",
        "lunghezza": 62.79,
        "anno_posa": 1980,
        "comune": "Tassarolo",
        "localita": null,
        "via": "Via Crosa",
        "tip_rete": "DISTRIBUZIONE",
        "id_distretto": "DTS03"
      },
      "geometry": {
        "type": "LineString",
        "coordinates": [
          [
            8.770963711983867,
            44.728599741719975
          ],
          [
            8.77095473526646,
            44.72858907908406
          ],
          [
            8.770803909138197,
            44.728460649822885
          ],
          [
            8.770691820529922,
            44.72841334395518
          ],
          [
            8.770542673129157,
            44.72838479587519
          ],
          [
            8.77046357324257,
            44.728346030613125
          ],
          [
            8.770465142356421,
            44.72829130807641
          ],
          [
            8.770494389023,
            44.72823592330665
          ]
        ]
      }
    },
    {
      "type": "Feature",
      "properties": {
        "materiale": "PEAD",
        "dn": "DE75",
        "lunghezza": 7.26,
        "anno_posa": 2022,
        "comune": "Tassarolo",
        "localita": "CAPOLUOGO",
        "via": "Via Vecchia Novi",
        "tip_rete": "DISTRIBUZIONE",
        "id_distretto": "DTS01"
      },
      "geometry": {
        "type": "LineString",
        "coordinates": [
          [
            8.769434547300587,
            44.729008060374234
          ],
          [
            8.76943711874092,
            44.72901669111535
          ],
          [
            8.769468619436443,
            44.72906859319346
          ]
        ]
      }
    },
    {
      "type": "Feature",
      "properties": {
        "materiale": "PE",
        "dn": "DE63",
        "lunghezza": 26.3,
        "anno_posa": 1980,
        "comune": "Tassarolo",
        "localita": null,
        "via": "Strada Francavilla",
        "tip_rete": "DISTRIBUZIONE",
        "id_distretto": "DTS02"
      },
      "geometry": {
        "type": "LineString",
        "coordinates": [
          [
            8.768900135802095,
            44.728478246137726
          ],
          [
            8.768889295383921,
            44.728483077798195
          ],
          [
            8.768621133538293,
            44.72860675967448
          ]
        ]
      }
    },
    {
      "type": "Feature",
      "properties": {
        "materiale": "PE",
        "dn": "DE75",
        "lunghezza": 34.66,
        "anno_posa": 1980,
        "comune": "Tassarolo",
        "localita": null,
        "via": "Strada Comunale Cavallari",
        "tip_rete": "DISTRIBUZIONE",
        "id_distretto": "DTS04"
      },
      "geometry": {
        "type": "LineString",
        "coordinates": [
          [
            8.763915171579544,
            44.72243115232143
          ],
          [
            8.764205227836062,
            44.722247627096124
          ],
          [
            8.764253712332176,
            44.722239583174
          ]
        ]
      }
    },
    {
      "type": "Feature",
      "properties": {
        "materiale": "PE",
        "dn": "DN63",
        "lunghezza": 34.55,
        "anno_posa": 1980,
        "comune": "Tassarolo",
        "localita": null,
        "via": "Via Campolasso",
        "tip_rete": "DISTRIBUZIONE",
        "id_distretto": "DTS04"
      },
      "geometry": {
        "type": "LineString",
        "coordinates": [
          [
            8.770806973566529,
            44.72621813183203
          ],
          [
            8.770794135676704,
            44.72621644019906
          ],
          [
            8.770697337052878,
            44.72621894147831
          ],
          [
            8.77054241299167,
            44.726233669026804
          ],
          [
            8.770396058920545,
            44.72624684779843
          ],
          [
            8.770373629579389,
            44.72624886748029
          ]
        ]
      }
    },
    {
      "type": "Feature",
      "properties": {
        "materiale": "PE",
        "dn": "DE63",
        "lunghezza": 6.12,
        "anno_posa": 1980,
        "comune": "Tassarolo",
        "localita": null,
        "via": "Via Garibaldi",
        "tip_rete": "DISTRIBUZIONE",
        "id_distretto": "DTS03"
      },
      "geometry": {
        "type": "LineString",
        "coordinates": [
          [
            8.770021502920766,
            44.727369248033426
          ],
          [
            8.7700198779398,
            44.72737871388655
          ],
          [
            8.769998303723128,
            44.72742162678302
          ]
        ]
      }
    },
    {
      "type": "Feature",
      "properties": {
        "materiale": "PE",
        "dn": "DE63",
        "lunghezza": 0.98,
        "anno_posa": 1980,
        "comune": "Tassarolo",
        "localita": null,
        "via": null,
        "tip_rete": "DISTRIBUZIONE",
        "id_distretto": "DTS05"
      },
      "geometry": {
        "type": "LineString",
        "coordinates": [
          [
            8.756087624442388,
            44.73173630897449
          ],
          [
            8.756088818231905,
            44.73174507498142
          ]
        ]
      }
    }
  ]
}