{
"type": "FeatureCollection",
"name": "COLLARE_PRESA",
"crs": { "type": "name", "properties": { "name": "urn:ogc:def:crs:OGC:1.3:CRS84" } },
"features": [
{ "type": "Feature", "properties": { "COD_CESPITI": null, "TIPOLOGIA": null, "MATERIALE": null, "DN_ATTACCO": null, "DN_USCITA": null, "UTENTE_CREAZIONE": null, "DATA_INS": null, "DATA_AGG": null, "OPERATORE": null, "D_STATO": null, "ANGLE": null, "IDGIS": null, "PORTING_CLASSE": null, "PORTING_ID": null, "POINT_X": 540958.46949999966, "POINT_Y": 4232152.2547999993, "COMUNE": "Messina", "VIA_DENOMINAZIONE": null, "N_CIV": null, "SARACINESCA": null, "POINT_Z": null, "GlobalID": "{9E687B84-45A3-4E59-BB45-48329829888B}", "SORGENTE_DATI": "RILEVATO" }, "geometry": { "type": "Point", "coordinates": [ 15.468016963810349, 38.236436955851325, 0.0 ] } },
{ "type": "Feature", "properties": { "COD_CESPITI": null, "TIPOLOGIA": null, "MATERIALE": null, "DN_ATTACCO": null, "DN_USCITA": null, "UTENTE_CREAZIONE": null, "DATA_INS": null, "DATA_AGG": null, "OPERATORE": null, "D_STATO": null, "ANGLE": null, "IDGIS": null, "PORTING_CLASSE": null, "PORTING_ID": null, "POINT_X": 541762.3942, "POINT_Y": 4231671.2279000003, "COMUNE": "Messina", "VIA_DENOMINAZIONE": null, "N_CIV": null, "SARACINESCA": null, "POINT_Z": null, "GlobalID": "{A44CB361-BB35-493B-893B-FAFA342210A8}", "SORGENTE_DATI": "RILEVATO" }, "geometry": { "type": "Point", "coordinates": [ 15.477174486541845, 38.232064844240966, 0.0 ] } },
{ "type": "Feature", "properties": { "COD_CESPITI": null, "TIPOLOGIA": null, "MATERIALE": null, "DN_ATTACCO": null, "DN_USCITA": null, "UTENTE_CREAZIONE": null, "DATA_INS": null, "DATA_AGG": null, "OPERATORE": null, "D_STATO": null, "ANGLE": null, "IDGIS": null, "PORTING_CLASSE": null, "PORTING_ID": null, "POINT_X": 543237.2484, "POINT_Y": 4231573.1413000003, "COMUNE": "Messina", "VIA_DENOMINAZIONE": null, "N_CIV": null, "SARACINESCA": null, "POINT_Z": null, "GlobalID": "{4989DC04-E9EA-4E80-A49B-6BF2F635B932}", "SORGENTE_DATI": "RILEVATO" }, "geometry": { "type": "Point", "coordinates": [ 15.494019529066994, 38.231111151612808, 0.0 ] } },
{ "type": "Feature", "properties": { "COD_CESPITI": null, "TIPOLOGIA": null, "MATERIALE": null, "DN_ATTACCO": null, "DN_USCITA": null, "UTENTE_CREAZIONE": null, "DATA_INS": null, "DATA_AGG": null, "OPERATORE": null, "D_STATO": null, "ANGLE": null, "IDGIS": null, "PORTING_CLASSE": null, "PORTING_ID": null, "POINT_X": 541240.273, "POINT_Y": 4231842.7452000007, "COMUNE": "Messina", "VIA_DENOMINAZIONE": null, "N_CIV": null, "SARACINESCA": null, "POINT_Z": null, "GlobalID": "{7BADB65C-D96B-4DDB-8065-CDCB377674FF}", "SORGENTE_DATI": "RILEVATO" }, "geometry": { "type": "Point", "coordinates": [ 15.471218924550472, 38.233634699374448, 0.0 ] } },
{ "type": "Feature", "properties": { "COD_CESPITI": null, "TIPOLOGIA": null, "MATERIALE": null, "DN_ATTACCO": null, "DN_USCITA": null, "UTENTE_CREAZIONE": null, "DATA_INS": null, "DATA_AGG": null, "OPERATORE": null, "D_STATO": null, "ANGLE": null, "IDGIS": null, "PORTING_CLASSE": null, "PORTING_ID": null, "POINT_X": 542549.82760000043, "POINT_Y": 4231550.2742, "COMUNE": "Messina", "VIA_DENOMINAZIONE": null, "N_CIV": null, "SARACINESCA": null, "POINT_Z": null, "GlobalID": "{DCEA27E9-8DF5-41F6-AAEE-F40530EB0512}", "SORGENTE_DATI": "RILEVATO" }, "geometry": { "type": "Point", "coordinates": [ 15.486164097769253, 38.230937862357109, 0.0 ] } },
{ "type": "Feature", "properties": { "COD_CESPITI": null, "TIPOLOGIA": null, "MATERIALE": null, "DN_ATTACCO": null, "DN_USCITA": null, "UTENTE_CREAZIONE": null, "DATA_INS": null, "DATA_AGG": null, "OPERATORE": null, "D_STATO": null, "ANGLE": null, "IDGIS": null, "PORTING_CLASSE": null, "PORTING_ID": null, "POINT_X": 543090.3032999998, "POINT_Y": 4231503.7961999997, "COMUNE": "Messina", "VIA_DENOMINAZIONE": null, "N_CIV": null, "SARACINESCA": null, "POINT_Z": null, "GlobalID": "{17A300B7-E1C4-40EC-8DB8-BD3FA8C0D948}", "SORGENTE_DATI": "RILEVATO" }, "geometry": { "type": "Point", "coordinates": [ 15.49233641004515, 38.230493253219045, 0.0 ] } },
{ "type": "Feature", "properties": { "COD_CESPITI": null, "TIPOLOGIA": null, "MATERIALE": null, "DN_ATTACCO": null, "DN_USCITA": null, "UTENTE_CREAZIONE": null, "DATA_INS": null, "DATA_AGG": null, "OPERATORE": null, "D_STATO": null, "ANGLE": null, "IDGIS": null, "PORTING_CLASSE": null, "PORTING_ID": null, "POINT_X": 547024.19479999971, "POINT_Y": 4236404.0420999993, "COMUNE": "Messina", "VIA_DENOMINAZIONE": null, "N_CIV": null, "SARACINESCA": null, "POINT_Z": null, "GlobalID": "{F9E6B19B-4599-4618-8800-F9B60D4DC337}", "SORGENTE_DATI": "RILEVATO" }, "geometry": { "type": "Point", "coordinates": [ 15.537607331391655, 38.274457698573812, 0.0 ] } },
{ "type": "Feature", "properties": { "COD_CESPITI": null, "TIPOLOGIA": null, "MATERIALE": null, "DN_ATTACCO": null, "DN_USCITA": null, "UTENTE_CREAZIONE": null, "DATA_INS": null, "DATA_AGG": null, "OPERATORE": null, "D_STATO": null, "ANGLE": null, "IDGIS": null, "PORTING_CLASSE": null, "PORTING_ID": null, "POINT_X": 547040.0806, "POINT_Y": 4236537.92, "COMUNE": "Messina", "VIA_DENOMINAZIONE": null, "N_CIV": null, "SARACINESCA": null, "POINT_Z": null, "GlobalID": "{8485D3D6-5390-4A1D-BF8B-00602BBF258B}", "SORGENTE_DATI": "RILEVATO" }, "geometry": { "type": "Point", "coordinates": [ 15.53779783850716, 38.275663384530503, 0.0 ] } },
{ "type": "Feature", "properties": { "COD_CESPITI": null, "TIPOLOGIA": null, "MATERIALE": null, "DN_ATTACCO": null, "DN_USCITA": null, "UTENTE_CREAZIONE": null, "DATA_INS": null, "DATA_AGG": null, "OPERATORE": null, "D_STATO": null, "ANGLE": null, "IDGIS": null, "PORTING_CLASSE": null, "PORTING_ID": null, "POINT_X": 541101.55659999978, "POINT_Y": 4231948.4114999995, "COMUNE": "Messina", "VIA_DENOMINAZIONE": null, "N_CIV": null, "SARACINESCA": null, "POINT_Z": null, "GlobalID": "{9B70D44E-D7AA-4924-921C-C4B25F1EEB99}", "SORGENTE_DATI": "RILEVATO" }, "geometry": { "type": "Point", "coordinates": [ 15.469640099420419, 38.234593341471111, 0.0 ] } },
{ "type": "Feature", "properties": { "COD_CESPITI": null, "TIPOLOGIA": null, "MATERIALE": null, "DN_ATTACCO": null, "DN_USCITA": null, "UTENTE_CREAZIONE": null, "DATA_INS": null, "DATA_AGG": null, "OPERATORE": null, "D_STATO": null, "ANGLE": null, "IDGIS": null, "PORTING_CLASSE": null, "PORTING_ID": null, "POINT_X": 543507.0872, "POINT_Y": 4233603.3223000001, "COMUNE": "Messina", "VIA_DENOMINAZIONE": null, "N_CIV": null, "SARACINESCA": null, "POINT_Z": null, "GlobalID": "{37957F1D-1323-4282-94A9-DC5FDD19EFBB}", "SORGENTE_DATI": "RILEVATO" }, "geometry": { "type": "Point", "coordinates": [ 15.497227140626805, 38.249394512885381, 0.0 ] } },
{ "type": "Feature", "properties": { "COD_CESPITI": null, "TIPOLOGIA": null, "MATERIALE": null, "DN_ATTACCO": null, "DN_USCITA": null, "UTENTE_CREAZIONE": null, "DATA_INS": null, "DATA_AGG": null, "OPERATORE": null, "D_STATO": null, "ANGLE": null, "IDGIS": null, "PORTING_CLASSE": null, "PORTING_ID": null, "POINT_X": 542096.51389999967, "POINT_Y": 4236116.7304999996, "COMUNE": "Messina", "VIA_DENOMINAZIONE": null, "N_CIV": null, "SARACINESCA": null, "POINT_Z": null, "GlobalID": "{7F2822C3-992A-468C-92B5-0E3828BE2189}", "SORGENTE_DATI": "RILEVATO" }, "geometry": { "type": "Point", "coordinates": [ 15.481256136325413, 38.27211299354537, 0.0 ] } },
{ "type": "Feature", "properties": { "COD_CESPITI": null, "TIPOLOGIA": null, "MATERIALE": null, "DN_ATTACCO": null, "DN_USCITA": null, "UTENTE_CREAZIONE": null, "DATA_INS": null, "DATA_AGG": null, "OPERATORE": null, "D_STATO": null, "ANGLE": null, "IDGIS": null, "PORTING_CLASSE": null, "PORTING_ID": null, "POINT_X": 542282.78149999958, "POINT_Y": 4217217.8388, "COMUNE": "Messina", "VIA_DENOMINAZIONE": null, "N_CIV": null, "SARACINESCA": null, "POINT_Z": null, "GlobalID": "{E6F9C90E-C9EA-4915-B0FE-43ACE7E34472}", "SORGENTE_DATI": "RILEVATO" }, "geometry": { "type": "Point", "coordinates": [ 15.482261243754015, 38.10178191335509, 0.0 ] } },
{ "type": "Feature", "properties": { "COD_CESPITI": null, "TIPOLOGIA": null, "MATERIALE": null, "DN_ATTACCO": null, "DN_USCITA": null, "UTENTE_CREAZIONE": null, "DATA_INS": null, "DATA_AGG": null, "OPERATORE": null, "D_STATO": null, "ANGLE": null, "IDGIS": null, "PORTING_CLASSE": null, "PORTING_ID": null, "POINT_X": 542282.78149999958, "POINT_Y": 4217217.8388, "COMUNE": "Messina", "VIA_DENOMINAZIONE": null, "N_CIV": null, "SARACINESCA": null, "POINT_Z": null, "GlobalID": "{B9BB2C56-2604-4352-9A94-6C78F461D27D}", "SORGENTE_DATI": "RILEVATO" }, "geometry": { "type": "Point", "coordinates": [ 15.482261243754015, 38.10178191335509, 0.0 ] } },
{ "type": "Feature", "properties": { "COD_CESPITI": null, "TIPOLOGIA": null, "MATERIALE": null, "DN_ATTACCO": null, "DN_USCITA": null, "UTENTE_CREAZIONE": null, "DATA_INS": null, "DATA_AGG": null, "OPERATORE": null, "D_STATO": null, "ANGLE": null, "IDGIS": null, "PORTING_CLASSE": null, "PORTING_ID": null, "POINT_X": 542282.78149999958, "POINT_Y": 4217217.8388, "COMUNE": "Messina", "VIA_DENOMINAZIONE": null, "N_CIV": null, "SARACINESCA": null, "POINT_Z": null, "GlobalID": "{45B0D483-4366-40FA-804D-AD5B48171D49}", "SORGENTE_DATI": "RILEVATO" }, "geometry": { "type": "Point", "coordinates": [ 15.482261243754015, 38.10178191335509, 0.0 ] } },
{ "type": "Feature", "properties": { "COD_CESPITI": null, "TIPOLOGIA": null, "MATERIALE": null, "DN_ATTACCO": null, "DN_USCITA": null, "UTENTE_CREAZIONE": null, "DATA_INS": null, "DATA_AGG": null, "OPERATORE": null, "D_STATO": null, "ANGLE": null, "IDGIS": null, "PORTING_CLASSE": null, "PORTING_ID": null, "POINT_X": 542282.78149999958, "POINT_Y": 4217217.8388, "COMUNE": "Messina", "VIA_DENOMINAZIONE": null, "N_CIV": null, "SARACINESCA": null, "POINT_Z": null, "GlobalID": "{D02505CC-467C-4E32-A1A3-1A7EF3072F67}", "SORGENTE_DATI": "RILEVATO" }, "geometry": { "type": "Point", "coordinates": [ 15.482261243754015, 38.10178191335509, 0.0 ] } },
{ "type": "Feature", "properties": { "COD_CESPITI": null, "TIPOLOGIA": null, "MATERIALE": null, "DN_ATTACCO": null, "DN_USCITA": null, "UTENTE_CREAZIONE": null, "DATA_INS": null, "DATA_AGG": null, "OPERATORE": null, "D_STATO": null, "ANGLE": null, "IDGIS": null, "PORTING_CLASSE": null, "PORTING_ID": null, "POINT_X": 542271.57749999966, "POINT_Y": 4217199.8893, "COMUNE": "Messina", "VIA_DENOMINAZIONE": null, "N_CIV": null, "SARACINESCA": null, "POINT_Z": null, "GlobalID": "{2408F903-0C91-474B-8326-F94DAF4BA28A}", "SORGENTE_DATI": "RILEVATO" }, "geometry": { "type": "Point", "coordinates": [ 15.482132396374332, 38.101620669243061, 0.0 ] } },
{ "type": "Feature", "properties": { "COD_CESPITI": null, "TIPOLOGIA": null, "MATERIALE": null, "DN_ATTACCO": null, "DN_USCITA": null, "UTENTE_CREAZIONE": null, "DATA_INS": null, "DATA_AGG": null, "OPERATORE": null, "D_STATO": null, "ANGLE": null, "IDGIS": null, "PORTING_CLASSE": null, "PORTING_ID": null, "POINT_X": 542261.2083000001, "POINT_Y": 4217183.5577000007, "COMUNE": "Messina", "VIA_DENOMINAZIONE": null, "N_CIV": null, "SARACINESCA": null, "POINT_Z": null, "GlobalID": "{05D97112-D1B9-4FF0-98D1-9F005E86E848}", "SORGENTE_DATI": "RILEVATO" }, "geometry": { "type": "Point", "coordinates": [ 15.482013166411637, 38.101473967126715, 0.0 ] } },
{ "type": "Feature", "properties": { "COD_CESPITI": null, "TIPOLOGIA": null, "MATERIALE": null, "DN_ATTACCO": null, "DN_USCITA": null, "UTENTE_CREAZIONE": null, "DATA_INS": null, "DATA_AGG": null, "OPERATORE": null, "D_STATO": null, "ANGLE": null, "IDGIS": null, "PORTING_CLASSE": null, "PORTING_ID": null, "POINT_X": 542243.7725, "POINT_Y": 4217144.2169000003, "COMUNE": "Messina", "VIA_DENOMINAZIONE": null, "N_CIV": null, "SARACINESCA": null, "POINT_Z": null, "GlobalID": "{8492975E-B768-49D9-B53A-E7C9B875189D}", "SORGENTE_DATI": "RILEVATO" }, "geometry": { "type": "Point", "coordinates": [ 15.481811979386519, 38.101120226697255, 0.0 ] } },
{ "type": "Feature", "properties": { "COD_CESPITI": null, "TIPOLOGIA": null, "MATERIALE": null, "DN_ATTACCO": null, "DN_USCITA": null, "UTENTE_CREAZIONE": null, "DATA_INS": null, "DATA_AGG": null, "OPERATORE": null, "D_STATO": null, "ANGLE": null, "IDGIS": null, "PORTING_CLASSE": null, "PORTING_ID": null, "POINT_X": 542241.8953, "POINT_Y": 4217124.0516999997, "COMUNE": "Messina", "VIA_DENOMINAZIONE": null, "N_CIV": null, "SARACINESCA": null, "POINT_Z": null, "GlobalID": "{34589EAE-EC27-4199-A2D2-6B54579EC1BC}", "SORGENTE_DATI": "RILEVATO" }, "geometry": { "type": "Point", "coordinates": [ 15.481789376299984, 38.10093857712382, 0.0 ] } },
{ "type": "Feature", "properties": { "COD_CESPITI": null, "TIPOLOGIA": null, "MATERIALE": null, "DN_ATTACCO": null, "DN_USCITA": null, "UTENTE_CREAZIONE": null, "DATA_INS": null, "DATA_AGG": null, "OPERATORE": null, "D_STATO": null, "ANGLE": null, "IDGIS": null, "PORTING_CLASSE": null, "PORTING_ID": null, "POINT_X": 542274.28880000021, "POINT_Y": 4217180.1538999993, "COMUNE": "Messina", "VIA_DENOMINAZIONE": null, "N_CIV": null, "SARACINESCA": null, "POINT_Z": null, "GlobalID": "{C02EDF19-1607-4594-9754-C526BB25BC56}", "SORGENTE_DATI": "RILEVATO" }, "geometry": { "type": "Point", "coordinates": [ 15.482162150506513, 38.101442678562414, 0.0 ] } },
{ "type": "Feature", "properties": { "COD_CESPITI": null, "TIPOLOGIA": null, "MATERIALE": null, "DN_ATTACCO": null, "DN_USCITA": null, "UTENTE_CREAZIONE": null, "DATA_INS": null, "DATA_AGG": null, "OPERATORE": null, "D_STATO": null, "ANGLE": null, "IDGIS": null, "PORTING_CLASSE": null, "PORTING_ID": null, "POINT_X": 542281.9764, "POINT_Y": 4217175.7751000002, "COMUNE": "Messina", "VIA_DENOMINAZIONE": null, "N_CIV": null, "SARACINESCA": null, "POINT_Z": null, "GlobalID": "{5032174C-C307-4762-AE4D-A1A6F0F91B5F}", "SORGENTE_DATI": "RILEVATO" }, "geometry": { "type": "Point", "coordinates": [ 15.48224956968135, 38.101402855146326, 0.0 ] } },
{ "type": "Feature", "properties": { "COD_CESPITI": null, "TIPOLOGIA": null, "MATERIALE": null, "DN_ATTACCO": null, "DN_USCITA": null, "UTENTE_CREAZIONE": null, "DATA_INS": null, "DATA_AGG": null, "OPERATORE": null, "D_STATO": null, "ANGLE": null, "IDGIS": null, "PORTING_CLASSE": null, "PORTING_ID": null, "POINT_X": 542244.9721, "POINT_Y": 4217186.567, "COMUNE": "Messina", "VIA_DENOMINAZIONE": null, "N_CIV": null, "SARACINESCA": null, "POINT_Z": null, "GlobalID": "{A48E10D2-5E59-4C65-9D2E-54C765A0006D}", "SORGENTE_DATI": "RILEVATO" }, "geometry": { "type": "Point", "coordinates": [ 15.481828167440854, 38.101501847691779, 0.0 ] } },
{ "type": "Feature", "properties": { "COD_CESPITI": null, "TIPOLOGIA": null, "MATERIALE": null, "DN_ATTACCO": null, "DN_USCITA": null, "UTENTE_CREAZIONE": null, "DATA_INS": null, "DATA_AGG": null, "OPERATORE": null, "D_STATO": null, "ANGLE": null, "IDGIS": null, "PORTING_CLASSE": null, "PORTING_ID": null, "POINT_X": 542246.4424000001, "POINT_Y": 4217205.7112000007, "COMUNE": "Messina", "VIA_DENOMINAZIONE": null, "N_CIV": null, "SARACINESCA": null, "POINT_Z": null, "GlobalID": "{36C1E148-6348-4603-B028-B1CE668B1EB9}", "SORGENTE_DATI": "RILEVATO" }, "geometry": { "type": "Point", "coordinates": [ 15.481846069593539, 38.10167431458401, 0.0 ] } },
{ "type": "Feature", "properties": { "COD_CESPITI": null, "TIPOLOGIA": null, "MATERIALE": null, "DN_ATTACCO": null, "DN_USCITA": null, "UTENTE_CREAZIONE": null, "DATA_INS": null, "DATA_AGG": null, "OPERATORE": null, "D_STATO": null, "ANGLE": null, "IDGIS": null, "PORTING_CLASSE": null, "PORTING_ID": null, "POINT_X": 544508.56869999971, "POINT_Y": 4219369.6157000009, "COMUNE": "Messina", "VIA_DENOMINAZIONE": null, "N_CIV": null, "SARACINESCA": null, "POINT_Z": null, "GlobalID": "{526A762D-02E4-4302-9871-B1F400F5D769}", "SORGENTE_DATI": "RILEVATO" }, "geometry": { "type": "Point", "coordinates": [ 15.507781066817529, 38.121067600649731, 0.0 ] } },
{ "type": "Feature", "properties": { "COD_CESPITI": null, "TIPOLOGIA": null, "MATERIALE": null, "DN_ATTACCO": null, "DN_USCITA": null, "UTENTE_CREAZIONE": null, "DATA_INS": null, "DATA_AGG": null, "OPERATORE": null, "D_STATO": null, "ANGLE": null, "IDGIS": null, "PORTING_CLASSE": null, "PORTING_ID": null, "POINT_X": 544985.2654, "POINT_Y": 4219129.3674, "COMUNE": "Messina", "VIA_DENOMINAZIONE": "SP38", "N_CIV": null, "SARACINESCA": null, "POINT_Z": null, "GlobalID": "{59E6D50F-539D-4C0B-8BDA-EABB38D81E16}", "SORGENTE_DATI": "RILEVATO" }, "geometry": { "type": "Point", "coordinates": [ 15.513204160008238, 38.11887876726442, 0.0 ] } },
{ "type": "Feature", "properties": { "COD_CESPITI": null, "TIPOLOGIA": null, "MATERIALE": null, "DN_ATTACCO": null, "DN_USCITA": null, "UTENTE_CREAZIONE": null, "DATA_INS": null, "DATA_AGG": null, "OPERATORE": null, "D_STATO": null, "ANGLE": null, "IDGIS": null, "PORTING_CLASSE": null, "PORTING_ID": null, "POINT_X": 542286.92989999987, "POINT_Y": 4217231.7925000004, "COMUNE": "Messina", "VIA_DENOMINAZIONE": null, "N_CIV": null, "SARACINESCA": null, "POINT_Z": null, "GlobalID": "{4293A9AE-CF18-4718-8D3E-496C0B602E61}", "SORGENTE_DATI": "RILEVATO" }, "geometry": { "type": "Point", "coordinates": [ 15.482309383949449, 38.101907475811544, 0.0 ] } },
{ "type": "Feature", "properties": { "COD_CESPITI": null, "TIPOLOGIA": null, "MATERIALE": null, "DN_ATTACCO": null, "DN_USCITA": null, "UTENTE_CREAZIONE": null, "DATA_INS": null, "DATA_AGG": null, "OPERATORE": null, "D_STATO": null, "ANGLE": null, "IDGIS": null, "PORTING_CLASSE": null, "PORTING_ID": null, "POINT_X": 542672.792, "POINT_Y": 4217329.2205999997, "COMUNE": "Messina", "VIA_DENOMINAZIONE": "Località Santo Stefano Medio", "N_CIV": null, "SARACINESCA": null, "POINT_Z": null, "GlobalID": "{E70747C8-FBF6-4863-ADE0-8D0C3E69AAEA}", "SORGENTE_DATI": "RILEVATO" }, "geometry": { "type": "Point", "coordinates": [ 15.486716066186133, 38.102767391965273, 0.0 ] } },
{ "type": "Feature", "properties": { "COD_CESPITI": null, "TIPOLOGIA": null, "MATERIALE": null, "DN_ATTACCO": null, "DN_USCITA": null, "UTENTE_CREAZIONE": null, "DATA_INS": null, "DATA_AGG": null, "OPERATORE": null, "D_STATO": null, "ANGLE": null, "IDGIS": null, "PORTING_CLASSE": null, "PORTING_ID": null, "POINT_X": 542671.99019999988, "POINT_Y": 4217435.3027999997, "COMUNE": "Messina", "VIA_DENOMINAZIONE": "Località Santo Stefano Medio", "N_CIV": null, "SARACINESCA": null, "POINT_Z": null, "GlobalID": "{E626C1F3-F3A5-46E6-B75F-703AEE73B8B6}", "SORGENTE_DATI": "RILEVATO" }, "geometry": { "type": "Point", "coordinates": [ 15.486713263771872, 38.103723486698883, 0.0 ] } },
{ "type": "Feature", "properties": { "COD_CESPITI": null, "TIPOLOGIA": null, "MATERIALE": null, "DN_ATTACCO": null, "DN_USCITA": null, "UTENTE_CREAZIONE": null, "DATA_INS": null, "DATA_AGG": null, "OPERATORE": null, "D_STATO": null, "ANGLE": null, "IDGIS": null, "PORTING_CLASSE": null, "PORTING_ID": null, "POINT_X": 551020.8853000002, "POINT_Y": 4235456.5796000008, "COMUNE": "Messina", "VIA_DENOMINAZIONE": null, "N_CIV": null, "SARACINESCA": null, "POINT_Z": null, "GlobalID": "{255484FD-B4F4-48E1-9F9F-031571A328C0}", "SORGENTE_DATI": "RILEVATO" }, "geometry": { "type": "Point", "coordinates": [ 15.583229375955865, 38.265700905567115, 0.0 ] } },
{ "type": "Feature", "properties": { "COD_CESPITI": null, "TIPOLOGIA": null, "MATERIALE": null, "DN_ATTACCO": null, "DN_USCITA": null, "UTENTE_CREAZIONE": null, "DATA_INS": null, "DATA_AGG": null, "OPERATORE": null, "D_STATO": null, "ANGLE": null, "IDGIS": null, "PORTING_CLASSE": null, "PORTING_ID": null, "POINT_X": 547414.6986999996, "POINT_Y": 4223706.939, "COMUNE": "Messina", "VIA_DENOMINAZIONE": "Via Antonio Pacinotti", "N_CIV": null, "SARACINESCA": null, "POINT_Z": null, "GlobalID": "{3B090090-E80F-49CC-ACE6-BEC0826FD1AD}", "SORGENTE_DATI": "NORMALIZZATA" }, "geometry": { "type": "Point", "coordinates": [ 15.54122333161331, 38.160008804953314, 0.0 ] } },
{ "type": "Feature", "properties": { "COD_CESPITI": null, "TIPOLOGIA": null, "MATERIALE": null, "DN_ATTACCO": null, "DN_USCITA": null, "UTENTE_CREAZIONE": null, "DATA_INS": null, "DATA_AGG": null, "OPERATORE": null, "D_STATO": null, "ANGLE": null, "IDGIS": null, "PORTING_CLASSE": null, "PORTING_ID": null, "POINT_X": 547892.38470000029, "POINT_Y": 4224689.7453000005, "COMUNE": "Messina", "VIA_DENOMINAZIONE": "Via Vittorio Veneto", "N_CIV": null, "SARACINESCA": null, "POINT_Z": null, "GlobalID": "{D182C55E-02A6-4464-A099-4C7FEBB3FF9C}", "SORGENTE_DATI": "NORMALIZZATA" }, "geometry": { "type": "Point", "coordinates": [ 15.546741881950668, 38.168840834175391, 0.0 ] } },
{ "type": "Feature", "properties": { "COD_CESPITI": null, "TIPOLOGIA": null, "MATERIALE": null, "DN_ATTACCO": null, "DN_USCITA": null, "UTENTE_CREAZIONE": null, "DATA_INS": null, "DATA_AGG": null, "OPERATORE": null, "D_STATO": null, "ANGLE": null, "IDGIS": null, "PORTING_CLASSE": null, "PORTING_ID": null, "POINT_X": 547966.67080000043, "POINT_Y": 4224729.1528999992, "COMUNE": "Messina", "VIA_DENOMINAZIONE": "Via Maregrosso", "N_CIV": null, "SARACINESCA": null, "POINT_Z": null, "GlobalID": "{503C47A6-E3BA-40C7-9EF8-9D5840E0FBEC}", "SORGENTE_DATI": "NORMALIZZATA" }, "geometry": { "type": "Point", "coordinates": [ 15.547592557165807, 38.169192033276126, 0.0 ] } },
{ "type": "Feature", "properties": { "COD_CESPITI": null, "TIPOLOGIA": null, "MATERIALE": null, "DN_ATTACCO": null, "DN_USCITA": null, "UTENTE_CREAZIONE": null, "DATA_INS": null, "DATA_AGG": null, "OPERATORE": null, "D_STATO": null, "ANGLE": null, "IDGIS": null, "PORTING_CLASSE": null, "PORTING_ID": null, "POINT_X": 547797.04260000028, "POINT_Y": 4224756.6227000002, "COMUNE": "Messina", "VIA_DENOMINAZIONE": "Via Vittorio Veneto", "N_CIV": null, "SARACINESCA": null, "POINT_Z": null, "GlobalID": "{007CCA87-AC0A-4FDA-806A-798B1341A2E9}", "SORGENTE_DATI": "NORMALIZZATA" }, "geometry": { "type": "Point", "coordinates": [ 15.545657990634002, 38.169448610826826, 0.0 ] } },
{ "type": "Feature", "properties": { "COD_CESPITI": null, "TIPOLOGIA": null, "MATERIALE": null, "DN_ATTACCO": null, "DN_USCITA": null, "UTENTE_CREAZIONE": null, "DATA_INS": null, "DATA_AGG": null, "OPERATORE": null, "D_STATO": null, "ANGLE": null, "IDGIS": null, "PORTING_CLASSE": null, "PORTING_ID": null, "POINT_X": 547840.212, "POINT_Y": 4224820.0182000007, "COMUNE": "Messina", "VIA_DENOMINAZIONE": "Via Bologna", "N_CIV": null, "SARACINESCA": null, "POINT_Z": null, "GlobalID": "{1164526D-52B1-41C4-87DE-1E847D1D5275}", "SORGENTE_DATI": "NORMALIZZATA" }, "geometry": { "type": "Point", "coordinates": [ 15.546155061467427, 38.17001765471921, 0.0 ] } },
{ "type": "Feature", "properties": { "COD_CESPITI": null, "TIPOLOGIA": null, "MATERIALE": null, "DN_ATTACCO": null, "DN_USCITA": null, "UTENTE_CREAZIONE": null, "DATA_INS": null, "DATA_AGG": null, "OPERATORE": null, "D_STATO": null, "ANGLE": null, "IDGIS": null, "PORTING_CLASSE": null, "PORTING_ID": null, "POINT_X": 548026.6124, "POINT_Y": 4225002.1981000006, "COMUNE": "Messina", "VIA_DENOMINAZIONE": "Via Brindisi", "N_CIV": null, "SARACINESCA": null, "POINT_Z": null, "GlobalID": "{2F062F52-C013-4F1A-A15B-1A9BBFEEEA95}", "SORGENTE_DATI": "NORMALIZZATA" }, "geometry": { "type": "Point", "coordinates": [ 15.548295262301011, 38.171649585180312, 0.0 ] } },
{ "type": "Feature", "properties": { "COD_CESPITI": null, "TIPOLOGIA": null, "MATERIALE": null, "DN_ATTACCO": null, "DN_USCITA": null, "UTENTE_CREAZIONE": null, "DATA_INS": null, "DATA_AGG": null, "OPERATORE": null, "D_STATO": null, "ANGLE": null, "IDGIS": null, "PORTING_CLASSE": null, "PORTING_ID": null, "POINT_X": 547926.74550000019, "POINT_Y": 4224970.5808000006, "COMUNE": "Messina", "VIA_DENOMINAZIONE": "Via S.Cosimo", "N_CIV": null, "SARACINESCA": null, "POINT_Z": null, "GlobalID": "{638DEC92-A793-4FF8-81BB-92CE5C833E9E}", "SORGENTE_DATI": "NORMALIZZATA" }, "geometry": { "type": "Point", "coordinates": [ 15.547153050739773, 38.171369960497962, 0.0 ] } },
{ "type": "Feature", "properties": { "COD_CESPITI": null, "TIPOLOGIA": null, "MATERIALE": null, "DN_ATTACCO": null, "DN_USCITA": null, "UTENTE_CREAZIONE": null, "DATA_INS": null, "DATA_AGG": null, "OPERATORE": null, "D_STATO": null, "ANGLE": null, "IDGIS": null, "PORTING_CLASSE": null, "PORTING_ID": null, "POINT_X": 547985.11919999961, "POINT_Y": 4224823.7962999996, "COMUNE": "Messina", "VIA_DENOMINAZIONE": " Via Marche", "N_CIV": null, "SARACINESCA": null, "POINT_Z": null, "GlobalID": "{99DC4C18-8818-4992-8B95-50B55E7D248A}", "SORGENTE_DATI": "NORMALIZZATA" }, "geometry": { "type": "Point", "coordinates": [ 15.547809541156052, 38.170043998815061, 0.0 ] } },
{ "type": "Feature", "properties": { "COD_CESPITI": null, "TIPOLOGIA": null, "MATERIALE": null, "DN_ATTACCO": null, "DN_USCITA": null, "UTENTE_CREAZIONE": null, "DATA_INS": null, "DATA_AGG": null, "OPERATORE": null, "D_STATO": null, "ANGLE": null, "IDGIS": null, "PORTING_CLASSE": null, "PORTING_ID": null, "POINT_X": 548108.59219999984, "POINT_Y": 4225102.4432999995, "COMUNE": "Messina", "VIA_DENOMINAZIONE": null, "N_CIV": null, "SARACINESCA": null, "POINT_Z": null, "GlobalID": "{D131B37C-C163-4825-B9B6-C7A501694376}", "SORGENTE_DATI": "NORMALIZZATA" }, "geometry": { "type": "Point", "coordinates": [ 15.549237924168269, 38.172548643638841, 0.0 ] } },
{ "type": "Feature", "properties": { "COD_CESPITI": null, "TIPOLOGIA": null, "MATERIALE": null, "DN_ATTACCO": null, "DN_USCITA": null, "UTENTE_CREAZIONE": null, "DATA_INS": null, "DATA_AGG": null, "OPERATORE": null, "D_STATO": null, "ANGLE": null, "IDGIS": null, "PORTING_CLASSE": null, "PORTING_ID": null, "POINT_X": 548049.79430000018, "POINT_Y": 4225035.2513999995, "COMUNE": "Messina", "VIA_DENOMINAZIONE": "Via Avellino", "N_CIV": null, "SARACINESCA": null, "POINT_Z": null, "GlobalID": "{9D7D715E-E429-4CE9-9CDA-5F378B1D4214}", "SORGENTE_DATI": "NORMALIZZATA" }, "geometry": { "type": "Point", "coordinates": [ 15.548562139796109, 38.171946232924554, 0.0 ] } },
{ "type": "Feature", "properties": { "COD_CESPITI": null, "TIPOLOGIA": null, "MATERIALE": null, "DN_ATTACCO": null, "DN_USCITA": null, "UTENTE_CREAZIONE": null, "DATA_INS": null, "DATA_AGG": null, "OPERATORE": null, "D_STATO": null, "ANGLE": null, "IDGIS": null, "PORTING_CLASSE": null, "PORTING_ID": null, "POINT_X": 548141.518, "POINT_Y": 4224980.5631000008, "COMUNE": "Messina", "VIA_DENOMINAZIONE": "Via Maregrosso", "N_CIV": null, "SARACINESCA": null, "POINT_Z": null, "GlobalID": "{0063D513-0D55-47CA-99B3-1B0ED99CD04B}", "SORGENTE_DATI": "NORMALIZZATA" }, "geometry": { "type": "Point", "coordinates": [ 15.54960556086133, 38.171448473822167, 0.0 ] } },
{ "type": "Feature", "properties": { "COD_CESPITI": null, "TIPOLOGIA": null, "MATERIALE": null, "DN_ATTACCO": null, "DN_USCITA": null, "UTENTE_CREAZIONE": null, "DATA_INS": null, "DATA_AGG": null, "OPERATORE": null, "D_STATO": null, "ANGLE": null, "IDGIS": null, "PORTING_CLASSE": null, "PORTING_ID": null, "POINT_X": 548351.2133, "POINT_Y": 4225440.8950999994, "COMUNE": "Messina", "VIA_DENOMINAZIONE": null, "N_CIV": null, "SARACINESCA": null, "POINT_Z": null, "GlobalID": "{2E5D5924-349D-4AD1-AC60-2B99183E8C31}", "SORGENTE_DATI": "NORMALIZZATA" }, "geometry": { "type": "Point", "coordinates": [ 15.552030729655055, 38.175585856174514, 0.0 ] } },
{ "type": "Feature", "properties": { "COD_CESPITI": null, "TIPOLOGIA": null, "MATERIALE": null, "DN_ATTACCO": null, "DN_USCITA": null, "UTENTE_CREAZIONE": null, "DATA_INS": null, "DATA_AGG": null, "OPERATORE": null, "D_STATO": null, "ANGLE": null, "IDGIS": null, "PORTING_CLASSE": null, "PORTING_ID": null, "POINT_X": 548387.77369999979, "POINT_Y": 4225414.4974000007, "COMUNE": "Messina", "VIA_DENOMINAZIONE": null, "N_CIV": null, "SARACINESCA": null, "POINT_Z": null, "GlobalID": "{E84E9628-99D0-4118-992E-EA12BAC3A7FC}", "SORGENTE_DATI": "NORMALIZZATA" }, "geometry": { "type": "Point", "coordinates": [ 15.552446329493998, 38.175345991639169, 0.0 ] } },
{ "type": "Feature", "properties": { "COD_CESPITI": null, "TIPOLOGIA": null, "MATERIALE": null, "DN_ATTACCO": null, "DN_USCITA": null, "UTENTE_CREAZIONE": null, "DATA_INS": null, "DATA_AGG": null, "OPERATORE": null, "D_STATO": null, "ANGLE": null, "IDGIS": null, "PORTING_CLASSE": null, "PORTING_ID": null, "POINT_X": 547590.6711, "POINT_Y": 4225002.392000001, "COMUNE": "Messina", "VIA_DENOMINAZIONE": " Viale S. Martino", "N_CIV": null, "SARACINESCA": null, "POINT_Z": null, "GlobalID": "{DA163AC6-D762-4619-BF7D-EFF3A896D12B}", "SORGENTE_DATI": "NORMALIZZATA" }, "geometry": { "type": "Point", "coordinates": [ 15.543318563974356, 38.171674463523502, 0.0 ] } },
{ "type": "Feature", "properties": { "COD_CESPITI": null, "TIPOLOGIA": null, "MATERIALE": null, "DN_ATTACCO": null, "DN_USCITA": null, "UTENTE_CREAZIONE": null, "DATA_INS": null, "DATA_AGG": null, "OPERATORE": null, "D_STATO": null, "ANGLE": null, "IDGIS": null, "PORTING_CLASSE": null, "PORTING_ID": null, "POINT_X": 547726.19649999961, "POINT_Y": 4224905.1392000001, "COMUNE": "Messina", "VIA_DENOMINAZIONE": null, "N_CIV": null, "SARACINESCA": null, "POINT_Z": null, "GlobalID": "{586A8035-DA5D-469E-934A-888D64BAA72A}", "SORGENTE_DATI": "NORMALIZZATA" }, "geometry": { "type": "Point", "coordinates": [ 15.544859199136139, 38.170790830755081, 0.0 ] } },
{ "type": "Feature", "properties": { "COD_CESPITI": null, "TIPOLOGIA": null, "MATERIALE": null, "DN_ATTACCO": null, "DN_USCITA": null, "UTENTE_CREAZIONE": null, "DATA_INS": null, "DATA_AGG": null, "OPERATORE": null, "D_STATO": null, "ANGLE": null, "IDGIS": null, "PORTING_CLASSE": null, "PORTING_ID": null, "POINT_X": 547688.4408, "POINT_Y": 4225130.6128000002, "COMUNE": "Messina", "VIA_DENOMINAZIONE": " Via San Cosimo", "N_CIV": null, "SARACINESCA": null, "POINT_Z": null, "GlobalID": "{E9895F6A-045C-46C9-BB1E-88D2BCCCCE26}", "SORGENTE_DATI": "NORMALIZZATA" }, "geometry": { "type": "Point", "coordinates": [ 15.544443301156788, 38.172824849246666, 0.0 ] } },
{ "type": "Feature", "properties": { "COD_CESPITI": null, "TIPOLOGIA": null, "MATERIALE": null, "DN_ATTACCO": null, "DN_USCITA": null, "UTENTE_CREAZIONE": null, "DATA_INS": null, "DATA_AGG": null, "OPERATORE": null, "D_STATO": null, "ANGLE": null, "IDGIS": null, "PORTING_CLASSE": null, "PORTING_ID": null, "POINT_X": 547612.10919999983, "POINT_Y": 4224584.9787000008, "COMUNE": "Messina", "VIA_DENOMINAZIONE": "Via G.La Farina", "N_CIV": null, "SARACINESCA": null, "POINT_Z": null, "GlobalID": "{C042E134-6F50-47AF-8F1F-A586F17D2628}", "SORGENTE_DATI": "NORMALIZZATA" }, "geometry": { "type": "Point", "coordinates": [ 15.543535364488951, 38.167911505267654, 0.0 ] } },
{ "type": "Feature", "properties": { "COD_CESPITI": null, "TIPOLOGIA": null, "MATERIALE": null, "DN_ATTACCO": null, "DN_USCITA": null, "UTENTE_CREAZIONE": null, "DATA_INS": null, "DATA_AGG": null, "OPERATORE": null, "D_STATO": null, "ANGLE": null, "IDGIS": null, "PORTING_CLASSE": null, "PORTING_ID": null, "POINT_X": 547084.47740000021, "POINT_Y": 4223890.493000001, "COMUNE": "Messina", "VIA_DENOMINAZIONE": null, "N_CIV": null, "SARACINESCA": null, "POINT_Z": null, "GlobalID": "{65B98466-EBA9-4443-9D2B-CC901CE921D5}", "SORGENTE_DATI": "NORMALIZZATA" }, "geometry": { "type": "Point", "coordinates": [ 15.537466260339, 38.161680349791105, 0.0 ] } },
{ "type": "Feature", "properties": { "COD_CESPITI": null, "TIPOLOGIA": null, "MATERIALE": null, "DN_ATTACCO": null, "DN_USCITA": null, "UTENTE_CREAZIONE": null, "DATA_INS": null, "DATA_AGG": null, "OPERATORE": null, "D_STATO": null, "ANGLE": null, "IDGIS": null, "PORTING_CLASSE": null, "PORTING_ID": null, "POINT_X": 547284.49469999969, "POINT_Y": 4224121.5171000008, "COMUNE": "Messina", "VIA_DENOMINAZIONE": "Via Taormina", "N_CIV": null, "SARACINESCA": null, "POINT_Z": null, "GlobalID": "{453BC8DC-DEF3-4A7B-8774-3F0624C4626B}", "SORGENTE_DATI": "NORMALIZZATA" }, "geometry": { "type": "Point", "coordinates": [ 15.539764702103415, 38.163751925949597, 0.0 ] } },
{ "type": "Feature", "properties": { "COD_CESPITI": null, "TIPOLOGIA": null, "MATERIALE": null, "DN_ATTACCO": null, "DN_USCITA": null, "UTENTE_CREAZIONE": null, "DATA_INS": null, "DATA_AGG": null, "OPERATORE": null, "D_STATO": null, "ANGLE": null, "IDGIS": null, "PORTING_CLASSE": null, "PORTING_ID": null, "POINT_X": 547288.53870000038, "POINT_Y": 4224106.0278999992, "COMUNE": "Messina", "VIA_DENOMINAZIONE": null, "N_CIV": null, "SARACINESCA": null, "POINT_Z": null, "GlobalID": "{B1681C91-3C56-4100-9017-481E343738C6}", "SORGENTE_DATI": "NORMALIZZATA" }, "geometry": { "type": "Point", "coordinates": [ 15.539809834188597, 38.163612121276856, 0.0 ] } },
{ "type": "Feature", "properties": { "COD_CESPITI": null, "TIPOLOGIA": null, "MATERIALE": null, "DN_ATTACCO": null, "DN_USCITA": null, "UTENTE_CREAZIONE": null, "DATA_INS": null, "DATA_AGG": null, "OPERATORE": null, "D_STATO": null, "ANGLE": null, "IDGIS": null, "PORTING_CLASSE": null, "PORTING_ID": null, "POINT_X": 547764.862, "POINT_Y": 4224780.4032000005, "COMUNE": "Messina", "VIA_DENOMINAZIONE": "G.La Farina", "N_CIV": null, "SARACINESCA": null, "POINT_Z": null, "GlobalID": "{7EB45B4D-9858-4FF0-8EC7-DEB8386D1B7E}", "SORGENTE_DATI": "NORMALIZZATA" }, "geometry": { "type": "Point", "coordinates": [ 15.545292224288445, 38.169664632533447, 0.0 ] } },
{ "type": "Feature", "properties": { "COD_CESPITI": null, "TIPOLOGIA": null, "MATERIALE": null, "DN_ATTACCO": null, "DN_USCITA": null, "UTENTE_CREAZIONE": null, "DATA_INS": null, "DATA_AGG": null, "OPERATORE": null, "D_STATO": null, "ANGLE": null, "IDGIS": null, "PORTING_CLASSE": null, "PORTING_ID": null, "POINT_X": 547831.3892000001, "POINT_Y": 4225115.76, "COMUNE": "Messina", "VIA_DENOMINAZIONE": null, "N_CIV": null, "SARACINESCA": null, "POINT_Z": null, "GlobalID": "{97F6F6D9-BDB6-437E-9DFC-0F73C83BAF8D}", "SORGENTE_DATI": "NORMALIZZATA" }, "geometry": { "type": "Point", "coordinates": [ 15.546074229066768, 38.172683415115557, 0.0 ] } },
{ "type": "Feature", "properties": { "COD_CESPITI": null, "TIPOLOGIA": null, "MATERIALE": null, "DN_ATTACCO": null, "DN_USCITA": null, "UTENTE_CREAZIONE": null, "DATA_INS": null, "DATA_AGG": null, "OPERATORE": null, "D_STATO": null, "ANGLE": null, "IDGIS": null, "PORTING_CLASSE": null, "PORTING_ID": null, "POINT_X": 547919.85429999977, "POINT_Y": 4225240.3244000003, "COMUNE": "Messina", "VIA_DENOMINAZIONE": null, "N_CIV": null, "SARACINESCA": null, "POINT_Z": null, "GlobalID": "{F38BF088-24E0-43F2-9E41-165E7099BB47}", "SORGENTE_DATI": "NORMALIZZATA" }, "geometry": { "type": "Point", "coordinates": [ 15.547092554036292, 38.173801316451389, 0.0 ] } },
{ "type": "Feature", "properties": { "COD_CESPITI": null, "TIPOLOGIA": null, "MATERIALE": null, "DN_ATTACCO": null, "DN_USCITA": null, "UTENTE_CREAZIONE": null, "DATA_INS": null, "DATA_AGG": null, "OPERATORE": null, "D_STATO": null, "ANGLE": null, "IDGIS": null, "PORTING_CLASSE": null, "PORTING_ID": null, "POINT_X": 547919.72140000015, "POINT_Y": 4225240.1351999994, "COMUNE": "Messina", "VIA_DENOMINAZIONE": null, "N_CIV": null, "SARACINESCA": null, "POINT_Z": null, "GlobalID": "{D42AEB18-8F00-48EF-A70C-63594F8AB7A4}", "SORGENTE_DATI": "NORMALIZZATA" }, "geometry": { "type": "Point", "coordinates": [ 15.54709102405681, 38.173799618407735, 0.0 ] } },
{ "type": "Feature", "properties": { "COD_CESPITI": null, "TIPOLOGIA": null, "MATERIALE": null, "DN_ATTACCO": null, "DN_USCITA": null, "UTENTE_CREAZIONE": null, "DATA_INS": null, "DATA_AGG": null, "OPERATORE": null, "D_STATO": null, "ANGLE": null, "IDGIS": null, "PORTING_CLASSE": null, "PORTING_ID": null, "POINT_X": 548095.64589999989, "POINT_Y": 4225628.292, "COMUNE": "Messina", "VIA_DENOMINAZIONE": "Via Giolitti", "N_CIV": null, "SARACINESCA": null, "POINT_Z": null, "GlobalID": "{0E26F695-C96A-4E3E-B660-319060DBDE94}", "SORGENTE_DATI": "NORMALIZZATA" }, "geometry": { "type": "Point", "coordinates": [ 15.549125688542075, 38.177288396979847, 0.0 ] } },
{ "type": "Feature", "properties": { "COD_CESPITI": null, "TIPOLOGIA": null, "MATERIALE": null, "DN_ATTACCO": null, "DN_USCITA": null, "UTENTE_CREAZIONE": null, "DATA_INS": null, "DATA_AGG": null, "OPERATORE": null, "D_STATO": null, "ANGLE": null, "IDGIS": null, "PORTING_CLASSE": null, "PORTING_ID": null, "POINT_X": 548094.77890000027, "POINT_Y": 4225627.1511000004, "COMUNE": "Messina", "VIA_DENOMINAZIONE": "Via Giolitti", "N_CIV": null, "SARACINESCA": null, "POINT_Z": null, "GlobalID": "{E389A1D4-1C3E-4747-ADDB-22F8CCC41E1D}", "SORGENTE_DATI": "NORMALIZZATA" }, "geometry": { "type": "Point", "coordinates": [ 15.549115712941168, 38.177278161234256, 0.0 ] } },
{ "type": "Feature", "properties": { "COD_CESPITI": null, "TIPOLOGIA": null, "MATERIALE": null, "DN_ATTACCO": null, "DN_USCITA": null, "UTENTE_CREAZIONE": null, "DATA_INS": null, "DATA_AGG": null, "OPERATORE": null, "D_STATO": null, "ANGLE": null, "IDGIS": null, "PORTING_CLASSE": null, "PORTING_ID": null, "POINT_X": 547891.85929999966, "POINT_Y": 4225765.138, "COMUNE": "Messina", "VIA_DENOMINAZIONE": "Via Catania", "N_CIV": null, "SARACINESCA": null, "POINT_Z": null, "GlobalID": "{D3FEB084-04D5-4D57-8E20-E32C4649EA29}", "SORGENTE_DATI": "NORMALIZZATA" }, "geometry": { "type": "Point", "coordinates": [ 15.546808296496007, 38.178532539446728, 0.0 ] } },
{ "type": "Feature", "properties": { "COD_CESPITI": null, "TIPOLOGIA": null, "MATERIALE": null, "DN_ATTACCO": null, "DN_USCITA": null, "UTENTE_CREAZIONE": null, "DATA_INS": null, "DATA_AGG": null, "OPERATORE": null, "D_STATO": null, "ANGLE": null, "IDGIS": null, "PORTING_CLASSE": null, "PORTING_ID": null, "POINT_X": 547168.4139, "POINT_Y": 4224148.1766999997, "COMUNE": "Messina", "VIA_DENOMINAZIONE": "Via Consolare", "N_CIV": null, "SARACINESCA": null, "POINT_Z": null, "GlobalID": "{5283F647-FB8C-451B-8FB7-FBF34551694F}", "SORGENTE_DATI": "NORMALIZZATA" }, "geometry": { "type": "Point", "coordinates": [ 15.538441431068989, 38.163998271390916, 0.0 ] } },
{ "type": "Feature", "properties": { "COD_CESPITI": null, "TIPOLOGIA": null, "MATERIALE": null, "DN_ATTACCO": null, "DN_USCITA": null, "UTENTE_CREAZIONE": null, "DATA_INS": null, "DATA_AGG": null, "OPERATORE": null, "D_STATO": null, "ANGLE": null, "IDGIS": null, "PORTING_CLASSE": null, "PORTING_ID": null, "POINT_X": 547820.36849999987, "POINT_Y": 4225611.1269000005, "COMUNE": "Messina", "VIA_DENOMINAZIONE": "Via Catania", "N_CIV": null, "SARACINESCA": null, "POINT_Z": null, "GlobalID": "{CE1AEC84-1407-4D50-8220-CB68591C8C5A}", "SORGENTE_DATI": "NORMALIZZATA" }, "geometry": { "type": "Point", "coordinates": [ 15.545981722963999, 38.177148356055007, 0.0 ] } },
{ "type": "Feature", "properties": { "COD_CESPITI": null, "TIPOLOGIA": null, "MATERIALE": null, "DN_ATTACCO": null, "DN_USCITA": null, "UTENTE_CREAZIONE": null, "DATA_INS": null, "DATA_AGG": null, "OPERATORE": null, "D_STATO": null, "ANGLE": null, "IDGIS": null, "PORTING_CLASSE": null, "PORTING_ID": null, "POINT_X": 547829.29260000028, "POINT_Y": 4225603.3896999992, "COMUNE": "Messina", "VIA_DENOMINAZIONE": "Via Catania", "N_CIV": null, "SARACINESCA": null, "POINT_Z": null, "GlobalID": "{E4F4C2CD-5AC1-44E5-8440-C5B73C0910E5}", "SORGENTE_DATI": "NORMALIZZATA" }, "geometry": { "type": "Point", "coordinates": [ 15.54608308783841, 38.177078152964292, 0.0 ] } },
{ "type": "Feature", "properties": { "COD_CESPITI": null, "TIPOLOGIA": null, "MATERIALE": null, "DN_ATTACCO": null, "DN_USCITA": null, "UTENTE_CREAZIONE": null, "DATA_INS": null, "DATA_AGG": null, "OPERATORE": null, "D_STATO": null, "ANGLE": null, "IDGIS": null, "PORTING_CLASSE": null, "PORTING_ID": null, "POINT_X": 547851.28689999972, "POINT_Y": 4225590.6938000005, "COMUNE": "Messina", "VIA_DENOMINAZIONE": "Via Don Orione", "N_CIV": null, "SARACINESCA": null, "POINT_Z": null, "GlobalID": "{A30A5A25-BF73-41B3-94B3-13F4FFA3222E}", "SORGENTE_DATI": "NORMALIZZATA" }, "geometry": { "type": "Point", "coordinates": [ 15.546333339304853, 38.17696256674941, 0.0 ] } },
{ "type": "Feature", "properties": { "COD_CESPITI": null, "TIPOLOGIA": null, "MATERIALE": null, "DN_ATTACCO": null, "DN_USCITA": null, "UTENTE_CREAZIONE": null, "DATA_INS": null, "DATA_AGG": null, "OPERATORE": null, "D_STATO": null, "ANGLE": null, "IDGIS": null, "PORTING_CLASSE": null, "PORTING_ID": null, "POINT_X": 547869.31479999982, "POINT_Y": 4225734.2107999995, "COMUNE": "Messina", "VIA_DENOMINAZIONE": "Via Catania", "N_CIV": null, "SARACINESCA": null, "POINT_Z": null, "GlobalID": "{68BF25E9-9B29-4A62-8CC5-DDCCE2B099BD}", "SORGENTE_DATI": "NORMALIZZATA" }, "geometry": { "type": "Point", "coordinates": [ 15.546548822062601, 38.178255015175857, 0.0 ] } },
{ "type": "Feature", "properties": { "COD_CESPITI": null, "TIPOLOGIA": null, "MATERIALE": null, "DN_ATTACCO": null, "DN_USCITA": null, "UTENTE_CREAZIONE": null, "DATA_INS": null, "DATA_AGG": null, "OPERATORE": null, "D_STATO": null, "ANGLE": null, "IDGIS": null, "PORTING_CLASSE": null, "PORTING_ID": null, "POINT_X": 547860.2347, "POINT_Y": 4225711.6121999994, "COMUNE": "Messina", "VIA_DENOMINAZIONE": null, "N_CIV": null, "SARACINESCA": null, "POINT_Z": null, "GlobalID": "{2E3EF146-A030-434C-A859-DE7CD27E246F}", "SORGENTE_DATI": "NORMALIZZATA" }, "geometry": { "type": "Point", "coordinates": [ 15.546443633175519, 38.178051834194079, 0.0 ] } },
{ "type": "Feature", "properties": { "COD_CESPITI": null, "TIPOLOGIA": null, "MATERIALE": null, "DN_ATTACCO": null, "DN_USCITA": null, "UTENTE_CREAZIONE": null, "DATA_INS": null, "DATA_AGG": null, "OPERATORE": null, "D_STATO": null, "ANGLE": null, "IDGIS": null, "PORTING_CLASSE": null, "PORTING_ID": null, "POINT_X": 547631.1426, "POINT_Y": 4225184.1885000002, "COMUNE": "Messina", "VIA_DENOMINAZIONE": "Via Catania", "N_CIV": null, "SARACINESCA": null, "POINT_Z": null, "GlobalID": "{68B59907-9A6E-46A4-B0A1-4EE4DE0673CD}", "SORGENTE_DATI": "NORMALIZZATA" }, "geometry": { "type": "Point", "coordinates": [ 15.543792761402315, 38.173310716499969, 0.0 ] } },
{ "type": "Feature", "properties": { "COD_CESPITI": null, "TIPOLOGIA": null, "MATERIALE": null, "DN_ATTACCO": null, "DN_USCITA": null, "UTENTE_CREAZIONE": null, "DATA_INS": null, "DATA_AGG": null, "OPERATORE": null, "D_STATO": null, "ANGLE": null, "IDGIS": null, "PORTING_CLASSE": null, "PORTING_ID": null, "POINT_X": 548137.10240000021, "POINT_Y": 4225780.2930999994, "COMUNE": "Messina", "VIA_DENOMINAZIONE": "Viale San Martino", "N_CIV": null, "SARACINESCA": null, "POINT_Z": null, "GlobalID": "{4216E2DC-827D-42BE-966B-4296295BBE53}", "SORGENTE_DATI": "NORMALIZZATA" }, "geometry": { "type": "Point", "coordinates": [ 15.54960928225494, 38.178656048660741, 0.0 ] } },
{ "type": "Feature", "properties": { "COD_CESPITI": null, "TIPOLOGIA": null, "MATERIALE": null, "DN_ATTACCO": null, "DN_USCITA": null, "UTENTE_CREAZIONE": null, "DATA_INS": null, "DATA_AGG": null, "OPERATORE": null, "D_STATO": null, "ANGLE": null, "IDGIS": null, "PORTING_CLASSE": null, "PORTING_ID": null, "POINT_X": 547222.68780000042, "POINT_Y": 4223944.532, "COMUNE": "Messina", "VIA_DENOMINAZIONE": "Via Catullo", "N_CIV": null, "SARACINESCA": null, "POINT_Z": null, "GlobalID": "{D82FDB25-CD1B-4F8C-A1F6-A0E08AC9722B}", "SORGENTE_DATI": "NORMALIZZATA" }, "geometry": { "type": "Point", "coordinates": [ 15.539047444581074, 38.162160132502876, 0.0 ] } },
{ "type": "Feature", "properties": { "COD_CESPITI": null, "TIPOLOGIA": null, "MATERIALE": null, "DN_ATTACCO": null, "DN_USCITA": null, "UTENTE_CREAZIONE": null, "DATA_INS": null, "DATA_AGG": null, "OPERATORE": null, "D_STATO": null, "ANGLE": null, "IDGIS": null, "PORTING_CLASSE": null, "PORTING_ID": null, "POINT_X": 547970.18379999977, "POINT_Y": 4225989.0775000006, "COMUNE": "Messina", "VIA_DENOMINAZIONE": "Via Catania", "N_CIV": null, "SARACINESCA": null, "POINT_Z": null, "GlobalID": "{FF1868E0-69DA-4705-AA1B-C8259704825F}", "SORGENTE_DATI": "NORMALIZZATA" }, "geometry": { "type": "Point", "coordinates": [ 15.547717641837359, 38.180546561992955, 0.0 ] } },
{ "type": "Feature", "properties": { "COD_CESPITI": null, "TIPOLOGIA": null, "MATERIALE": null, "DN_ATTACCO": null, "DN_USCITA": null, "UTENTE_CREAZIONE": null, "DATA_INS": null, "DATA_AGG": null, "OPERATORE": null, "D_STATO": null, "ANGLE": null, "IDGIS": null, "PORTING_CLASSE": null, "PORTING_ID": null, "POINT_X": 548183.91750000045, "POINT_Y": 4225848.2263999991, "COMUNE": "Messina", "VIA_DENOMINAZIONE": "Viale San Martino", "N_CIV": null, "SARACINESCA": null, "POINT_Z": null, "GlobalID": "{28270B75-910B-4614-8D8B-E94B021BABBD}", "SORGENTE_DATI": "NORMALIZZATA" }, "geometry": { "type": "Point", "coordinates": [ 15.550148378164248, 38.179265774822383, 0.0 ] } },
{ "type": "Feature", "properties": { "COD_CESPITI": null, "TIPOLOGIA": null, "MATERIALE": null, "DN_ATTACCO": null, "DN_USCITA": null, "UTENTE_CREAZIONE": null, "DATA_INS": null, "DATA_AGG": null, "OPERATORE": null, "D_STATO": null, "ANGLE": null, "IDGIS": null, "PORTING_CLASSE": null, "PORTING_ID": null, "POINT_X": 547077.32270000037, "POINT_Y": 4224574.3724000007, "COMUNE": "Messina", "VIA_DENOMINAZIONE": " Faranda", "N_CIV": null, "SARACINESCA": null, "POINT_Z": null, "GlobalID": "{AF39B56B-0546-4215-A588-D8CC27406C8D}", "SORGENTE_DATI": "NORMALIZZATA" }, "geometry": { "type": "Point", "coordinates": [ 15.5374298395168, 38.167844015170232, 0.0 ] } },
{ "type": "Feature", "properties": { "COD_CESPITI": null, "TIPOLOGIA": null, "MATERIALE": null, "DN_ATTACCO": null, "DN_USCITA": null, "UTENTE_CREAZIONE": null, "DATA_INS": null, "DATA_AGG": null, "OPERATORE": null, "D_STATO": null, "ANGLE": null, "IDGIS": null, "PORTING_CLASSE": null, "PORTING_ID": null, "POINT_X": 547285.14410000015, "POINT_Y": 4224452.2006000001, "COMUNE": "Messina", "VIA_DENOMINAZIONE": "Via Consolare", "N_CIV": null, "SARACINESCA": null, "POINT_Z": null, "GlobalID": "{CA10BD1F-870C-4067-9B02-28B8C98AE287}", "SORGENTE_DATI": "NORMALIZZATA" }, "geometry": { "type": "Point", "coordinates": [ 15.539794090394116, 38.166732092622773, 0.0 ] } },
{ "type": "Feature", "properties": { "COD_CESPITI": null, "TIPOLOGIA": null, "MATERIALE": null, "DN_ATTACCO": null, "DN_USCITA": null, "UTENTE_CREAZIONE": null, "DATA_INS": null, "DATA_AGG": null, "OPERATORE": null, "D_STATO": null, "ANGLE": null, "IDGIS": null, "PORTING_CLASSE": null, "PORTING_ID": null, "POINT_X": 547576.07120000012, "POINT_Y": 4225066.2511999998, "COMUNE": "Messina", "VIA_DENOMINAZIONE": "Via Catania", "N_CIV": null, "SARACINESCA": null, "POINT_Z": null, "GlobalID": "{1D4A3F7A-6CCE-4C0C-8A28-DDB0B531CD03}", "SORGENTE_DATI": "NORMALIZZATA" }, "geometry": { "type": "Point", "coordinates": [ 15.543156162516995, 38.172250748317964, 0.0 ] } },
{ "type": "Feature", "properties": { "COD_CESPITI": null, "TIPOLOGIA": null, "MATERIALE": null, "DN_ATTACCO": null, "DN_USCITA": null, "UTENTE_CREAZIONE": null, "DATA_INS": null, "DATA_AGG": null, "OPERATORE": null, "D_STATO": null, "ANGLE": null, "IDGIS": null, "PORTING_CLASSE": null, "PORTING_ID": null, "POINT_X": 547511.43070000038, "POINT_Y": 4225224.8106999993, "COMUNE": "Messina", "VIA_DENOMINAZIONE": "Via San Cosimo", "N_CIV": null, "SARACINESCA": null, "POINT_Z": null, "GlobalID": "{F52E7069-1BED-482A-AAB2-351DC3CCF8F7}", "SORGENTE_DATI": "NORMALIZZATA" }, "geometry": { "type": "Point", "coordinates": [ 15.542428810958821, 38.173683133750274, 0.0 ] } },
{ "type": "Feature", "properties": { "COD_CESPITI": null, "TIPOLOGIA": null, "MATERIALE": null, "DN_ATTACCO": null, "DN_USCITA": null, "UTENTE_CREAZIONE": null, "DATA_INS": null, "DATA_AGG": null, "OPERATORE": null, "D_STATO": null, "ANGLE": null, "IDGIS": null, "PORTING_CLASSE": null, "PORTING_ID": null, "POINT_X": 546906.20590000041, "POINT_Y": 4225050.3146000002, "COMUNE": "Messina", "VIA_DENOMINAZIONE": "Acquedotto Fiumefreddo", "N_CIV": null, "SARACINESCA": null, "POINT_Z": null, "GlobalID": "{A0D62DF3-759C-462D-8218-B5BC5D39FE11}", "SORGENTE_DATI": "NORMALIZZATA" }, "geometry": { "type": "Point", "coordinates": [ 15.535507849340243, 38.172142245502265, 0.0 ] } },
{ "type": "Feature", "properties": { "COD_CESPITI": null, "TIPOLOGIA": null, "MATERIALE": null, "DN_ATTACCO": null, "DN_USCITA": null, "UTENTE_CREAZIONE": null, "DATA_INS": null, "DATA_AGG": null, "OPERATORE": null, "D_STATO": null, "ANGLE": null, "IDGIS": null, "PORTING_CLASSE": null, "PORTING_ID": null, "POINT_X": 546422.705, "POINT_Y": 4223154.7580999993, "COMUNE": "Messina", "VIA_DENOMINAZIONE": "Via Bisignano", "N_CIV": null, "SARACINESCA": null, "POINT_Z": null, "GlobalID": "{9FE90AE8-94AE-43BD-A86A-0133649D9331}", "SORGENTE_DATI": "NORMALIZZATA" }, "geometry": { "type": "Point", "coordinates": [ 15.529864486390119, 38.155084034410834, 0.0 ] } },
{ "type": "Feature", "properties": { "COD_CESPITI": null, "TIPOLOGIA": null, "MATERIALE": null, "DN_ATTACCO": null, "DN_USCITA": null, "UTENTE_CREAZIONE": null, "DATA_INS": null, "DATA_AGG": null, "OPERATORE": null, "D_STATO": null, "ANGLE": null, "IDGIS": null, "PORTING_CLASSE": null, "PORTING_ID": null, "POINT_X": 546532.90249999985, "POINT_Y": 4223037.2536999993, "COMUNE": "Messina", "VIA_DENOMINAZIONE": "Via Consolare Valeria; Via Contesse", "N_CIV": null, "SARACINESCA": null, "POINT_Z": null, "GlobalID": "{DFB62353-AA6B-4DB4-A58D-70178E08560E}", "SORGENTE_DATI": "NORMALIZZATA" }, "geometry": { "type": "Point", "coordinates": [ 15.531114540263525, 38.154019371611945, 0.0 ] } },
{ "type": "Feature", "properties": { "COD_CESPITI": null, "TIPOLOGIA": null, "MATERIALE": null, "DN_ATTACCO": null, "DN_USCITA": null, "UTENTE_CREAZIONE": null, "DATA_INS": null, "DATA_AGG": null, "OPERATORE": null, "D_STATO": null, "ANGLE": null, "IDGIS": null, "PORTING_CLASSE": null, "PORTING_ID": null, "POINT_X": 548142.30530000012, "POINT_Y": 4227882.5184000004, "COMUNE": "Messina", "VIA_DENOMINAZIONE": "Via Antonio Catalano", "N_CIV": null, "SARACINESCA": null, "POINT_Z": null, "GlobalID": "{B4FD4C5C-9D32-4B31-81D6-59ACC2973972}", "SORGENTE_DATI": "NORMALIZZATA" }, "geometry": { "type": "Point", "coordinates": [ 15.549811081056976, 38.197601434794883, 0.0 ] } },
{ "type": "Feature", "properties": { "COD_CESPITI": null, "TIPOLOGIA": null, "MATERIALE": null, "DN_ATTACCO": null, "DN_USCITA": null, "UTENTE_CREAZIONE": null, "DATA_INS": null, "DATA_AGG": null, "OPERATORE": null, "D_STATO": null, "ANGLE": null, "IDGIS": null, "PORTING_CLASSE": null, "PORTING_ID": null, "POINT_X": 548043.67349999957, "POINT_Y": 4228204.645, "COMUNE": "Messina", "VIA_DENOMINAZIONE": "Via Peschiera", "N_CIV": null, "SARACINESCA": null, "POINT_Z": null, "GlobalID": "{DD3AFD77-A94C-44D4-94C3-0C1F38F23745}", "SORGENTE_DATI": "NORMALIZZATA" }, "geometry": { "type": "Point", "coordinates": [ 15.548706487191556, 38.200509766960408, 0.0 ] } },
{ "type": "Feature", "properties": { "COD_CESPITI": null, "TIPOLOGIA": null, "MATERIALE": null, "DN_ATTACCO": null, "DN_USCITA": null, "UTENTE_CREAZIONE": null, "DATA_INS": null, "DATA_AGG": null, "OPERATORE": null, "D_STATO": null, "ANGLE": null, "IDGIS": null, "PORTING_CLASSE": null, "PORTING_ID": null, "POINT_X": 548043.93879999965, "POINT_Y": 4228204.0132999998, "COMUNE": "Messina", "VIA_DENOMINAZIONE": "Via Peschiera", "N_CIV": null, "SARACINESCA": null, "POINT_Z": null, "GlobalID": "{5D79884F-EDD4-4E92-A535-74194524142A}", "SORGENTE_DATI": "NORMALIZZATA" }, "geometry": { "type": "Point", "coordinates": [ 15.548709474325131, 38.200504059807415, 0.0 ] } },
{ "type": "Feature", "properties": { "COD_CESPITI": null, "TIPOLOGIA": null, "MATERIALE": null, "DN_ATTACCO": null, "DN_USCITA": null, "UTENTE_CREAZIONE": null, "DATA_INS": null, "DATA_AGG": null, "OPERATORE": null, "D_STATO": null, "ANGLE": null, "IDGIS": null, "PORTING_CLASSE": null, "PORTING_ID": null, "POINT_X": 548244.3207, "POINT_Y": 4227983.2928999998, "COMUNE": "Messina", "VIA_DENOMINAZIONE": "Via Gagini", "N_CIV": null, "SARACINESCA": null, "POINT_Z": null, "GlobalID": "{A792C9F9-7B7A-4C86-A493-DB0909F6C151}", "SORGENTE_DATI": "NORMALIZZATA" }, "geometry": { "type": "Point", "coordinates": [ 15.55098294614821, 38.19850417100352, 0.0 ] } },
{ "type": "Feature", "properties": { "COD_CESPITI": null, "TIPOLOGIA": null, "MATERIALE": null, "DN_ATTACCO": null, "DN_USCITA": null, "UTENTE_CREAZIONE": null, "DATA_INS": null, "DATA_AGG": null, "OPERATORE": null, "D_STATO": null, "ANGLE": null, "IDGIS": null, "PORTING_CLASSE": null, "PORTING_ID": null, "POINT_X": 548244.4869, "POINT_Y": 4227982.18, "COMUNE": "Messina", "VIA_DENOMINAZIONE": "Via Gagini", "N_CIV": null, "SARACINESCA": null, "POINT_Z": null, "GlobalID": "{640BEECF-0695-4CCF-84FB-8D4E53F1AE77}", "SORGENTE_DATI": "NORMALIZZATA" }, "geometry": { "type": "Point", "coordinates": [ 15.550984768601735, 38.198494132444232, 0.0 ] } },
{ "type": "Feature", "properties": { "COD_CESPITI": null, "TIPOLOGIA": null, "MATERIALE": null, "DN_ATTACCO": null, "DN_USCITA": null, "UTENTE_CREAZIONE": null, "DATA_INS": null, "DATA_AGG": null, "OPERATORE": null, "D_STATO": null, "ANGLE": null, "IDGIS": null, "PORTING_CLASSE": null, "PORTING_ID": null, "POINT_X": 548170.50760000013, "POINT_Y": 4227711.6942999996, "COMUNE": "Messina", "VIA_DENOMINAZIONE": " Via Grattoni", "N_CIV": null, "SARACINESCA": null, "POINT_Z": null, "GlobalID": "{51B6D11B-3784-4A48-8B54-8C0F11A7BA3A}", "SORGENTE_DATI": "NORMALIZZATA" }, "geometry": { "type": "Point", "coordinates": [ 15.550121570075939, 38.196060428412132, 0.0 ] } },
{ "type": "Feature", "properties": { "COD_CESPITI": null, "TIPOLOGIA": null, "MATERIALE": null, "DN_ATTACCO": null, "DN_USCITA": null, "UTENTE_CREAZIONE": null, "DATA_INS": null, "DATA_AGG": null, "OPERATORE": null, "D_STATO": null, "ANGLE": null, "IDGIS": null, "PORTING_CLASSE": null, "PORTING_ID": null, "POINT_X": 548482.80819999985, "POINT_Y": 4228173.6583999991, "COMUNE": "Messina", "VIA_DENOMINAZIONE": "Via Osservatorio", "N_CIV": null, "SARACINESCA": null, "POINT_Z": null, "GlobalID": "{1EC7E553-26FF-4FB9-B9FA-D67A19CAC597}", "SORGENTE_DATI": "NORMALIZZATA" }, "geometry": { "type": "Point", "coordinates": [ 15.553719511469462, 38.200206964370018, 0.0 ] } },
{ "type": "Feature", "properties": { "COD_CESPITI": null, "TIPOLOGIA": null, "MATERIALE": null, "DN_ATTACCO": null, "DN_USCITA": null, "UTENTE_CREAZIONE": null, "DATA_INS": null, "DATA_AGG": null, "OPERATORE": null, "D_STATO": null, "ANGLE": null, "IDGIS": null, "PORTING_CLASSE": null, "PORTING_ID": null, "POINT_X": 548344.00509999972, "POINT_Y": 4228171.0589000005, "COMUNE": "Messina", "VIA_DENOMINAZIONE": "Viale Regina Margherita", "N_CIV": null, "SARACINESCA": null, "POINT_Z": null, "GlobalID": "{8F69AD49-561D-4B63-B972-71E28975DE66}", "SORGENTE_DATI": "NORMALIZZATA" }, "geometry": { "type": "Point", "coordinates": [ 15.552134139962439, 38.200191002826827, 0.0 ] } },
{ "type": "Feature", "properties": { "COD_CESPITI": null, "TIPOLOGIA": null, "MATERIALE": null, "DN_ATTACCO": null, "DN_USCITA": null, "UTENTE_CREAZIONE": null, "DATA_INS": null, "DATA_AGG": null, "OPERATORE": null, "D_STATO": null, "ANGLE": null, "IDGIS": null, "PORTING_CLASSE": null, "PORTING_ID": null, "POINT_X": 548261.59240000043, "POINT_Y": 4228503.547, "COMUNE": "Messina", "VIA_DENOMINAZIONE": "Via delle Mura", "N_CIV": null, "SARACINESCA": null, "POINT_Z": null, "GlobalID": "{0A3C58F0-8286-47E8-8D8C-2E441FFC6246}", "SORGENTE_DATI": "NORMALIZZATA" }, "geometry": { "type": "Point", "coordinates": [ 15.551215541902263, 38.203191865197581, 0.0 ] } },
{ "type": "Feature", "properties": { "COD_CESPITI": null, "TIPOLOGIA": null, "MATERIALE": null, "DN_ATTACCO": null, "DN_USCITA": null, "UTENTE_CREAZIONE": null, "DATA_INS": null, "DATA_AGG": null, "OPERATORE": null, "D_STATO": null, "ANGLE": null, "IDGIS": null, "PORTING_CLASSE": null, "PORTING_ID": null, "POINT_X": 548267.8279, "POINT_Y": 4228556.9554999992, "COMUNE": "Messina", "VIA_DENOMINAZIONE": "Viale Regina Margherita", "N_CIV": null, "SARACINESCA": null, "POINT_Z": null, "GlobalID": "{2A50024A-819B-4BC0-BC84-9261C48BA9B2}", "SORGENTE_DATI": "NORMALIZZATA" }, "geometry": { "type": "Point", "coordinates": [ 15.551290386946761, 38.20367285724172, 0.0 ] } },
{ "type": "Feature", "properties": { "COD_CESPITI": null, "TIPOLOGIA": null, "MATERIALE": null, "DN_ATTACCO": null, "DN_USCITA": null, "UTENTE_CREAZIONE": null, "DATA_INS": null, "DATA_AGG": null, "OPERATORE": null, "D_STATO": null, "ANGLE": null, "IDGIS": null, "PORTING_CLASSE": null, "PORTING_ID": null, "POINT_X": 548312.2006000001, "POINT_Y": 4228527.6532000005, "COMUNE": "Messina", "VIA_DENOMINAZIONE": "Piazza Santa Maria la Nuova", "N_CIV": null, "SARACINESCA": null, "POINT_Z": null, "GlobalID": "{8947A007-FFAD-4488-B6D2-D67BC67B5EB4}", "SORGENTE_DATI": "NORMALIZZATA" }, "geometry": { "type": "Point", "coordinates": [ 15.551795174135473, 38.203406399167555, 0.0 ] } },
{ "type": "Feature", "properties": { "COD_CESPITI": null, "TIPOLOGIA": null, "MATERIALE": null, "DN_ATTACCO": null, "DN_USCITA": null, "UTENTE_CREAZIONE": null, "DATA_INS": null, "DATA_AGG": null, "OPERATORE": null, "D_STATO": null, "ANGLE": null, "IDGIS": null, "PORTING_CLASSE": null, "PORTING_ID": null, "POINT_X": 548406.53859999962, "POINT_Y": 4228479.5297999997, "COMUNE": "Messina", "VIA_DENOMINAZIONE": "Via Quod Quaeris", "N_CIV": null, "SARACINESCA": null, "POINT_Z": null, "GlobalID": "{8EE0C419-84FF-4319-A312-F37768C9151B}", "SORGENTE_DATI": "NORMALIZZATA" }, "geometry": { "type": "Point", "coordinates": [ 15.552869324170189, 38.202967634115318, 0.0 ] } },
{ "type": "Feature", "properties": { "COD_CESPITI": null, "TIPOLOGIA": null, "MATERIALE": null, "DN_ATTACCO": null, "DN_USCITA": null, "UTENTE_CREAZIONE": null, "DATA_INS": null, "DATA_AGG": null, "OPERATORE": null, "D_STATO": null, "ANGLE": null, "IDGIS": null, "PORTING_CLASSE": null, "PORTING_ID": null, "POINT_X": 548695.6453999998, "POINT_Y": 4228415.3370999992, "COMUNE": "Messina", "VIA_DENOMINAZIONE": "Via Santa Maria dell'Arco", "N_CIV": null, "SARACINESCA": null, "POINT_Z": null, "GlobalID": "{DA84CE68-B08F-4D76-A55E-8412FDE353FE}", "SORGENTE_DATI": "NORMALIZZATA" }, "geometry": { "type": "Point", "coordinates": [ 15.556166777379223, 38.202373523537638, 0.0 ] } },
{ "type": "Feature", "properties": { "COD_CESPITI": null, "TIPOLOGIA": null, "MATERIALE": null, "DN_ATTACCO": null, "DN_USCITA": null, "UTENTE_CREAZIONE": null, "DATA_INS": null, "DATA_AGG": null, "OPERATORE": null, "D_STATO": null, "ANGLE": null, "IDGIS": null, "PORTING_CLASSE": null, "PORTING_ID": null, "POINT_X": 548696.1426, "POINT_Y": 4228414.4258999992, "COMUNE": "Messina", "VIA_DENOMINAZIONE": "Via Santa Maria dell'Arco", "N_CIV": null, "SARACINESCA": null, "POINT_Z": null, "GlobalID": "{66E125DE-B58E-47DA-86C2-E0530FFCBE4A}", "SORGENTE_DATI": "NORMALIZZATA" }, "geometry": { "type": "Point", "coordinates": [ 15.556172393319089, 38.202365284754229, 0.0 ] } },
{ "type": "Feature", "properties": { "COD_CESPITI": null, "TIPOLOGIA": null, "MATERIALE": null, "DN_ATTACCO": null, "DN_USCITA": null, "UTENTE_CREAZIONE": null, "DATA_INS": null, "DATA_AGG": null, "OPERATORE": null, "D_STATO": null, "ANGLE": null, "IDGIS": null, "PORTING_CLASSE": null, "PORTING_ID": null, "POINT_X": 548785.12849999964, "POINT_Y": 4228556.1374999993, "COMUNE": "Messina", "VIA_DENOMINAZIONE": " Via Placida", "N_CIV": null, "SARACINESCA": null, "POINT_Z": null, "GlobalID": "{5B462728-FFBC-4B22-8344-96EE856B5C38}", "SORGENTE_DATI": "NORMALIZZATA" }, "geometry": { "type": "Point", "coordinates": [ 15.557198416414026, 38.203637593590834, 0.0 ] } },
{ "type": "Feature", "properties": { "COD_CESPITI": null, "TIPOLOGIA": null, "MATERIALE": null, "DN_ATTACCO": null, "DN_USCITA": null, "UTENTE_CREAZIONE": null, "DATA_INS": null, "DATA_AGG": null, "OPERATORE": null, "D_STATO": null, "ANGLE": null, "IDGIS": null, "PORTING_CLASSE": null, "PORTING_ID": null, "POINT_X": 548544.11649999954, "POINT_Y": 4228298.4773999993, "COMUNE": "Messina", "VIA_DENOMINAZIONE": "Via Fonderia", "N_CIV": null, "SARACINESCA": null, "POINT_Z": null, "GlobalID": "{27C257C2-0832-411F-A4B7-BB5826B378DF}", "SORGENTE_DATI": "NORMALIZZATA" }, "geometry": { "type": "Point", "coordinates": [ 15.554428210643826, 38.201328549898228, 0.0 ] } },
{ "type": "Feature", "properties": { "COD_CESPITI": null, "TIPOLOGIA": null, "MATERIALE": null, "DN_ATTACCO": null, "DN_USCITA": null, "UTENTE_CREAZIONE": null, "DATA_INS": null, "DATA_AGG": null, "OPERATORE": null, "D_STATO": null, "ANGLE": null, "IDGIS": null, "PORTING_CLASSE": null, "PORTING_ID": null, "POINT_X": 548504.16849999968, "POINT_Y": 4228259.0198999997, "COMUNE": "Messina", "VIA_DENOMINAZIONE": "Via Fonderia", "N_CIV": null, "SARACINESCA": null, "POINT_Z": null, "GlobalID": "{13D13093-B676-488D-9051-FBE5EA595806}", "SORGENTE_DATI": "NORMALIZZATA" }, "geometry": { "type": "Point", "coordinates": [ 15.553969284887716, 38.200975105886556, 0.0 ] } },
{ "type": "Feature", "properties": { "COD_CESPITI": null, "TIPOLOGIA": null, "MATERIALE": null, "DN_ATTACCO": null, "DN_USCITA": null, "UTENTE_CREAZIONE": null, "DATA_INS": null, "DATA_AGG": null, "OPERATORE": null, "D_STATO": null, "ANGLE": null, "IDGIS": null, "PORTING_CLASSE": null, "PORTING_ID": null, "POINT_X": 548923.20110000018, "POINT_Y": 4228679.3588999994, "COMUNE": "Messina", "VIA_DENOMINAZIONE": "Via Trapani", "N_CIV": null, "SARACINESCA": null, "POINT_Z": null, "GlobalID": "{0CB47C76-93B2-4F4C-81CB-F76D08CBAB10}", "SORGENTE_DATI": "NORMALIZZATA" }, "geometry": { "type": "Point", "coordinates": [ 15.558783829516878, 38.204740589290481, 0.0 ] } },
{ "type": "Feature", "properties": { "COD_CESPITI": null, "TIPOLOGIA": null, "MATERIALE": null, "DN_ATTACCO": null, "DN_USCITA": null, "UTENTE_CREAZIONE": null, "DATA_INS": null, "DATA_AGG": null, "OPERATORE": null, "D_STATO": null, "ANGLE": null, "IDGIS": null, "PORTING_CLASSE": null, "PORTING_ID": null, "POINT_X": 545556.88609999977, "POINT_Y": 4223410.0533000007, "COMUNE": "Messina", "VIA_DENOMINAZIONE": null, "N_CIV": null, "SARACINESCA": null, "POINT_Z": null, "GlobalID": "{CFF7449A-20F3-4E92-89E0-05480B56B032}", "SORGENTE_DATI": "NORMALIZZATA" }, "geometry": { "type": "Point", "coordinates": [ 15.519998826495062, 38.157428994412747, 0.0 ] } },
{ "type": "Feature", "properties": { "COD_CESPITI": null, "TIPOLOGIA": null, "MATERIALE": null, "DN_ATTACCO": null, "DN_USCITA": null, "UTENTE_CREAZIONE": null, "DATA_INS": null, "DATA_AGG": null, "OPERATORE": null, "D_STATO": null, "ANGLE": null, "IDGIS": null, "PORTING_CLASSE": null, "PORTING_ID": null, "POINT_X": 548863.00580000039, "POINT_Y": 4228408.9762999993, "COMUNE": "Messina", "VIA_DENOMINAZIONE": "Largo Giuseppe Bozzi", "N_CIV": null, "SARACINESCA": null, "POINT_Z": null, "GlobalID": "{2E4A6EC8-7299-4EEE-B02E-2C66460193F8}", "SORGENTE_DATI": "NORMALIZZATA" }, "geometry": { "type": "Point", "coordinates": [ 15.55807772677977, 38.202307128686769, 0.0 ] } },
{ "type": "Feature", "properties": { "COD_CESPITI": null, "TIPOLOGIA": null, "MATERIALE": null, "DN_ATTACCO": null, "DN_USCITA": null, "UTENTE_CREAZIONE": null, "DATA_INS": null, "DATA_AGG": null, "OPERATORE": null, "D_STATO": null, "ANGLE": null, "IDGIS": null, "PORTING_CLASSE": null, "PORTING_ID": null, "POINT_X": 548736.64190000016, "POINT_Y": 4228144.2255000006, "COMUNE": "Messina", "VIA_DENOMINAZIONE": " Via Placida", "N_CIV": null, "SARACINESCA": null, "POINT_Z": null, "GlobalID": "{C635BFE8-E933-4FB5-87C7-F0023D968D14}", "SORGENTE_DATI": "NORMALIZZATA" }, "geometry": { "type": "Point", "coordinates": [ 15.55661638686723, 38.19992800224945, 0.0 ] } },
{ "type": "Feature", "properties": { "COD_CESPITI": null, "TIPOLOGIA": null, "MATERIALE": null, "DN_ATTACCO": null, "DN_USCITA": null, "UTENTE_CREAZIONE": null, "DATA_INS": null, "DATA_AGG": null, "OPERATORE": null, "D_STATO": null, "ANGLE": null, "IDGIS": null, "PORTING_CLASSE": null, "PORTING_ID": null, "POINT_X": 548679.794, "POINT_Y": 4228047.1465000007, "COMUNE": "Messina", "VIA_DENOMINAZIONE": null, "N_CIV": null, "SARACINESCA": null, "POINT_Z": null, "GlobalID": "{2A35420C-6FD0-427B-B90F-95CF4617A69D}", "SORGENTE_DATI": "NORMALIZZATA" }, "geometry": { "type": "Point", "coordinates": [ 15.555960507918433, 38.199056186178261, 0.0 ] } },
{ "type": "Feature", "properties": { "COD_CESPITI": null, "TIPOLOGIA": null, "MATERIALE": null, "DN_ATTACCO": null, "DN_USCITA": null, "UTENTE_CREAZIONE": null, "DATA_INS": null, "DATA_AGG": null, "OPERATORE": null, "D_STATO": null, "ANGLE": null, "IDGIS": null, "PORTING_CLASSE": null, "PORTING_ID": null, "POINT_X": 546722.33229999989, "POINT_Y": 4223783.9878000002, "COMUNE": "Messina", "VIA_DENOMINAZIONE": "Via Alberigo da Barbiano", "N_CIV": null, "SARACINESCA": null, "POINT_Z": null, "GlobalID": "{B4E96D02-E731-4538-BCC6-871D495503A2}", "SORGENTE_DATI": "NORMALIZZATA" }, "geometry": { "type": "Point", "coordinates": [ 15.533325571245733, 38.160739341898939, 0.0 ] } },
{ "type": "Feature", "properties": { "COD_CESPITI": null, "TIPOLOGIA": null, "MATERIALE": null, "DN_ATTACCO": null, "DN_USCITA": null, "UTENTE_CREAZIONE": null, "DATA_INS": null, "DATA_AGG": null, "OPERATORE": null, "D_STATO": null, "ANGLE": null, "IDGIS": null, "PORTING_CLASSE": null, "PORTING_ID": null, "POINT_X": 546763.4029000001, "POINT_Y": 4223842.1752000004, "COMUNE": "Messina", "VIA_DENOMINAZIONE": "Via Alberigo Da Barbiano", "N_CIV": null, "SARACINESCA": null, "POINT_Z": null, "GlobalID": "{92689B72-27A8-4C34-8572-4D2C412BEEF8}", "SORGENTE_DATI": "NORMALIZZATA" }, "geometry": { "type": "Point", "coordinates": [ 15.533798188083109, 38.161261612121024, 0.0 ] } },
{ "type": "Feature", "properties": { "COD_CESPITI": null, "TIPOLOGIA": null, "MATERIALE": null, "DN_ATTACCO": null, "DN_USCITA": null, "UTENTE_CREAZIONE": null, "DATA_INS": null, "DATA_AGG": null, "OPERATORE": null, "D_STATO": null, "ANGLE": null, "IDGIS": null, "PORTING_CLASSE": null, "PORTING_ID": null, "POINT_X": 548498.6234, "POINT_Y": 4227778.4174000006, "COMUNE": "Messina", "VIA_DENOMINAZIONE": null, "N_CIV": null, "SARACINESCA": null, "POINT_Z": null, "GlobalID": "{2F49BC77-F6A1-491E-9269-9FACB549C1FA}", "SORGENTE_DATI": "NORMALIZZATA" }, "geometry": { "type": "Point", "coordinates": [ 15.553873144184426, 38.196644132200831, 0.0 ] } },
{ "type": "Feature", "properties": { "COD_CESPITI": null, "TIPOLOGIA": null, "MATERIALE": null, "DN_ATTACCO": null, "DN_USCITA": null, "UTENTE_CREAZIONE": null, "DATA_INS": null, "DATA_AGG": null, "OPERATORE": null, "D_STATO": null, "ANGLE": null, "IDGIS": null, "PORTING_CLASSE": null, "PORTING_ID": null, "POINT_X": 548467.05549999978, "POINT_Y": 4227692.2772000004, "COMUNE": "Messina", "VIA_DENOMINAZIONE": null, "N_CIV": null, "SARACINESCA": null, "POINT_Z": null, "GlobalID": "{0BF8D68A-0A17-4149-8A22-A118D42E303E}", "SORGENTE_DATI": "NORMALIZZATA" }, "geometry": { "type": "Point", "coordinates": [ 15.553506765490059, 38.195869521613432, 0.0 ] } },
{ "type": "Feature", "properties": { "COD_CESPITI": null, "TIPOLOGIA": null, "MATERIALE": null, "DN_ATTACCO": null, "DN_USCITA": null, "UTENTE_CREAZIONE": null, "DATA_INS": null, "DATA_AGG": null, "OPERATORE": null, "D_STATO": null, "ANGLE": null, "IDGIS": null, "PORTING_CLASSE": null, "PORTING_ID": null, "POINT_X": 548395.27840000018, "POINT_Y": 4227501.6405999996, "COMUNE": "Messina", "VIA_DENOMINAZIONE": " Via Sant'Agostino", "N_CIV": null, "SARACINESCA": null, "POINT_Z": null, "GlobalID": "{496316E2-7A11-4061-B5A6-7031E77EA4A8}", "SORGENTE_DATI": "NORMALIZZATA" }, "geometry": { "type": "Point", "coordinates": [ 15.552674101724259, 38.194155331673421, 0.0 ] } },
{ "type": "Feature", "properties": { "COD_CESPITI": null, "TIPOLOGIA": null, "MATERIALE": null, "DN_ATTACCO": null, "DN_USCITA": null, "UTENTE_CREAZIONE": null, "DATA_INS": null, "DATA_AGG": null, "OPERATORE": null, "D_STATO": null, "ANGLE": null, "IDGIS": null, "PORTING_CLASSE": null, "PORTING_ID": null, "POINT_X": 546142.27020000014, "POINT_Y": 4225580.9881999996, "COMUNE": "Messina", "VIA_DENOMINAZIONE": null, "N_CIV": null, "SARACINESCA": null, "POINT_Z": null, "GlobalID": "{96508173-DA23-46D6-BE5B-40DF92085FC8}", "SORGENTE_DATI": "NORMALIZZATA" }, "geometry": { "type": "Point", "coordinates": [ 15.526821098598703, 38.176964254427375, 0.0 ] } },
{ "type": "Feature", "properties": { "COD_CESPITI": null, "TIPOLOGIA": null, "MATERIALE": null, "DN_ATTACCO": null, "DN_USCITA": null, "UTENTE_CREAZIONE": null, "DATA_INS": null, "DATA_AGG": null, "OPERATORE": null, "D_STATO": null, "ANGLE": null, "IDGIS": null, "PORTING_CLASSE": null, "PORTING_ID": null, "POINT_X": 546142.4967, "POINT_Y": 4225580.7502999995, "COMUNE": "Messina", "VIA_DENOMINAZIONE": null, "N_CIV": null, "SARACINESCA": null, "POINT_Z": null, "GlobalID": "{4233BA4A-C46E-4A0F-8648-6C4C0B3DC303}", "SORGENTE_DATI": "NORMALIZZATA" }, "geometry": { "type": "Point", "coordinates": [ 15.526823669084397, 38.176962098812695, 0.0 ] } },
{ "type": "Feature", "properties": { "COD_CESPITI": null, "TIPOLOGIA": null, "MATERIALE": null, "DN_ATTACCO": null, "DN_USCITA": null, "UTENTE_CREAZIONE": null, "DATA_INS": null, "DATA_AGG": null, "OPERATORE": null, "D_STATO": null, "ANGLE": null, "IDGIS": null, "PORTING_CLASSE": null, "PORTING_ID": null, "POINT_X": 548485.41839999985, "POINT_Y": 4228952.9505000003, "COMUNE": "Messina", "VIA_DENOMINAZIONE": " Via Alessandro Manzoni", "N_CIV": null, "SARACINESCA": null, "POINT_Z": null, "GlobalID": "{6E118CFE-C0D9-4846-A7C2-A53D28991E3F}", "SORGENTE_DATI": "NORMALIZZATA" }, "geometry": { "type": "Point", "coordinates": [ 15.553802524699195, 38.207229932608591, 0.0 ] } },
{ "type": "Feature", "properties": { "COD_CESPITI": null, "TIPOLOGIA": null, "MATERIALE": null, "DN_ATTACCO": null, "DN_USCITA": null, "UTENTE_CREAZIONE": null, "DATA_INS": null, "DATA_AGG": null, "OPERATORE": null, "D_STATO": null, "ANGLE": null, "IDGIS": null, "PORTING_CLASSE": null, "PORTING_ID": null, "POINT_X": 548634.29729999974, "POINT_Y": 4228869.9671, "COMUNE": "Messina", "VIA_DENOMINAZIONE": "Via Giuseppe Parini", "N_CIV": null, "SARACINESCA": null, "POINT_Z": null, "GlobalID": "{FBDC3B1E-519E-4849-BFCC-E10CB1A04CB9}", "SORGENTE_DATI": "NORMALIZZATA" }, "geometry": { "type": "Point", "coordinates": [ 15.55549726848851, 38.206474039385064, 0.0 ] } },
{ "type": "Feature", "properties": { "COD_CESPITI": null, "TIPOLOGIA": null, "MATERIALE": null, "DN_ATTACCO": null, "DN_USCITA": null, "UTENTE_CREAZIONE": null, "DATA_INS": null, "DATA_AGG": null, "OPERATORE": null, "D_STATO": null, "ANGLE": null, "IDGIS": null, "PORTING_CLASSE": null, "PORTING_ID": null, "POINT_X": 548798.12459999975, "POINT_Y": 4228766.8528000005, "COMUNE": "Messina", "VIA_DENOMINAZIONE": "Via Placida", "N_CIV": null, "SARACINESCA": null, "POINT_Z": null, "GlobalID": "{3AC8364E-D4E8-4BF0-AB98-DA3F421F9B4A}", "SORGENTE_DATI": "NORMALIZZATA" }, "geometry": { "type": "Point", "coordinates": [ 15.557361323922198, 38.20553588861744, 0.0 ] } },
{ "type": "Feature", "properties": { "COD_CESPITI": null, "TIPOLOGIA": null, "MATERIALE": null, "DN_ATTACCO": null, "DN_USCITA": null, "UTENTE_CREAZIONE": null, "DATA_INS": null, "DATA_AGG": null, "OPERATORE": null, "D_STATO": null, "ANGLE": null, "IDGIS": null, "PORTING_CLASSE": null, "PORTING_ID": null, "POINT_X": 548797.35049999971, "POINT_Y": 4228768.152000001, "COMUNE": "Messina", "VIA_DENOMINAZIONE": "Via Placida", "N_CIV": null, "SARACINESCA": null, "POINT_Z": null, "GlobalID": "{C1BDC1DB-444D-4719-AED7-FC155D3EFD5D}", "SORGENTE_DATI": "NORMALIZZATA" }, "geometry": { "type": "Point", "coordinates": [ 15.557352571987705, 38.205547639185092, 0.0 ] } },
{ "type": "Feature", "properties": { "COD_CESPITI": null, "TIPOLOGIA": null, "MATERIALE": null, "DN_ATTACCO": null, "DN_USCITA": null, "UTENTE_CREAZIONE": null, "DATA_INS": null, "DATA_AGG": null, "OPERATORE": null, "D_STATO": null, "ANGLE": null, "IDGIS": null, "PORTING_CLASSE": null, "PORTING_ID": null, "POINT_X": 548531.97049999982, "POINT_Y": 4228967.7767999992, "COMUNE": "Messina", "VIA_DENOMINAZIONE": null, "N_CIV": null, "SARACINESCA": null, "POINT_Z": null, "GlobalID": "{E08DFFFB-339C-4A6A-9DD9-FC3DEE7EF844}", "SORGENTE_DATI": "NORMALIZZATA" }, "geometry": { "type": "Point", "coordinates": [ 15.554335235176893, 38.207361040187259, 0.0 ] } },
{ "type": "Feature", "properties": { "COD_CESPITI": null, "TIPOLOGIA": null, "MATERIALE": null, "DN_ATTACCO": null, "DN_USCITA": null, "UTENTE_CREAZIONE": null, "DATA_INS": null, "DATA_AGG": null, "OPERATORE": null, "D_STATO": null, "ANGLE": null, "IDGIS": null, "PORTING_CLASSE": null, "PORTING_ID": null, "POINT_X": 548640.3853000002, "POINT_Y": 4228974.689, "COMUNE": "Messina", "VIA_DENOMINAZIONE": "Via Guglielmo Pepe", "N_CIV": null, "SARACINESCA": null, "POINT_Z": null, "GlobalID": "{3ADC777F-3958-4537-BA2D-5C4632261B61}", "SORGENTE_DATI": "NORMALIZZATA" }, "geometry": { "type": "Point", "coordinates": [ 15.55557397568051, 38.207417480564814, 0.0 ] } },
{ "type": "Feature", "properties": { "COD_CESPITI": null, "TIPOLOGIA": null, "MATERIALE": null, "DN_ATTACCO": null, "DN_USCITA": null, "UTENTE_CREAZIONE": null, "DATA_INS": null, "DATA_AGG": null, "OPERATORE": null, "D_STATO": null, "ANGLE": null, "IDGIS": null, "PORTING_CLASSE": null, "PORTING_ID": null, "POINT_X": 548660.407, "POINT_Y": 4228995.7991000004, "COMUNE": "Messina", "VIA_DENOMINAZIONE": null, "N_CIV": null, "SARACINESCA": null, "POINT_Z": null, "GlobalID": "{DAD8C584-27B4-4911-AF47-B2C2F1205E05}", "SORGENTE_DATI": "NORMALIZZATA" }, "geometry": { "type": "Point", "coordinates": [ 15.55580410173717, 38.207606645648916, 0.0 ] } },
{ "type": "Feature", "properties": { "COD_CESPITI": null, "TIPOLOGIA": null, "MATERIALE": null, "DN_ATTACCO": null, "DN_USCITA": null, "UTENTE_CREAZIONE": null, "DATA_INS": null, "DATA_AGG": null, "OPERATORE": null, "D_STATO": null, "ANGLE": null, "IDGIS": null, "PORTING_CLASSE": null, "PORTING_ID": null, "POINT_X": 548376.26180000044, "POINT_Y": 4228911.9896000009, "COMUNE": "Messina", "VIA_DENOMINAZIONE": "Via Palermo", "N_CIV": null, "SARACINESCA": null, "POINT_Z": null, "GlobalID": "{A1B47725-0859-4A64-BE83-E6697BAEF682}", "SORGENTE_DATI": "NORMALIZZATA" }, "geometry": { "type": "Point", "coordinates": [ 15.552552996306172, 38.20686666099396, 0.0 ] } },
{ "type": "Feature", "properties": { "COD_CESPITI": null, "TIPOLOGIA": null, "MATERIALE": null, "DN_ATTACCO": null, "DN_USCITA": null, "UTENTE_CREAZIONE": null, "DATA_INS": null, "DATA_AGG": null, "OPERATORE": null, "D_STATO": null, "ANGLE": null, "IDGIS": null, "PORTING_CLASSE": null, "PORTING_ID": null, "POINT_X": 548365.28089999966, "POINT_Y": 4228894.3896999992, "COMUNE": "Messina", "VIA_DENOMINAZIONE": "Viale Regina Margherita", "N_CIV": null, "SARACINESCA": null, "POINT_Z": null, "GlobalID": "{09823ECA-DC7F-4406-A8F5-A656BE5A7EF7}", "SORGENTE_DATI": "NORMALIZZATA" }, "geometry": { "type": "Point", "coordinates": [ 15.552426379222009, 38.206708638075369, 0.0 ] } },
{ "type": "Feature", "properties": { "COD_CESPITI": null, "TIPOLOGIA": null, "MATERIALE": null, "DN_ATTACCO": null, "DN_USCITA": null, "UTENTE_CREAZIONE": null, "DATA_INS": null, "DATA_AGG": null, "OPERATORE": null, "D_STATO": null, "ANGLE": null, "IDGIS": null, "PORTING_CLASSE": null, "PORTING_ID": null, "POINT_X": 548295.3662, "POINT_Y": 4228698.6263999995, "COMUNE": "Messina", "VIA_DENOMINAZIONE": " Via Fratelli Di Mari", "N_CIV": null, "SARACINESCA": null, "POINT_Z": null, "GlobalID": "{D7C4829F-3AA7-4C25-9854-91D7AA63DFE2}", "SORGENTE_DATI": "NORMALIZZATA" }, "geometry": { "type": "Point", "coordinates": [ 15.551614536315421, 38.204948141765783, 0.0 ] } },
{ "type": "Feature", "properties": { "COD_CESPITI": null, "TIPOLOGIA": null, "MATERIALE": null, "DN_ATTACCO": null, "DN_USCITA": null, "UTENTE_CREAZIONE": null, "DATA_INS": null, "DATA_AGG": null, "OPERATORE": null, "D_STATO": null, "ANGLE": null, "IDGIS": null, "PORTING_CLASSE": null, "PORTING_ID": null, "POINT_X": 546798.11149999965, "POINT_Y": 4226631.5456000008, "COMUNE": "Messina", "VIA_DENOMINAZIONE": "Via Pilli", "N_CIV": null, "SARACINESCA": null, "POINT_Z": null, "GlobalID": "{597874E1-2A62-4254-8E31-1581D4D3A6F0}", "SORGENTE_DATI": "NORMALIZZATA" }, "geometry": { "type": "Point", "coordinates": [ 15.534377902449036, 38.186398286206348, 0.0 ] } },
{ "type": "Feature", "properties": { "COD_CESPITI": null, "TIPOLOGIA": null, "MATERIALE": null, "DN_ATTACCO": null, "DN_USCITA": null, "UTENTE_CREAZIONE": null, "DATA_INS": null, "DATA_AGG": null, "OPERATORE": null, "D_STATO": null, "ANGLE": null, "IDGIS": null, "PORTING_CLASSE": null, "PORTING_ID": null, "POINT_X": 548009.32660000026, "POINT_Y": 4226001.1511000004, "COMUNE": "Messina", "VIA_DENOMINAZIONE": null, "N_CIV": null, "SARACINESCA": null, "POINT_Z": null, "GlobalID": "{558EBF51-D6C1-4CE8-9F37-EC8B6710DFD0}", "SORGENTE_DATI": "NORMALIZZATA" }, "geometry": { "type": "Point", "coordinates": [ 15.548165365882808, 38.180653286367992, 0.0 ] } },
{ "type": "Feature", "properties": { "COD_CESPITI": null, "TIPOLOGIA": null, "MATERIALE": null, "DN_ATTACCO": null, "DN_USCITA": null, "UTENTE_CREAZIONE": null, "DATA_INS": null, "DATA_AGG": null, "OPERATORE": null, "D_STATO": null, "ANGLE": null, "IDGIS": null, "PORTING_CLASSE": null, "PORTING_ID": null, "POINT_X": 548008.2544, "POINT_Y": 4226000.6895000003, "COMUNE": "Messina", "VIA_DENOMINAZIONE": null, "N_CIV": null, "SARACINESCA": null, "POINT_Z": null, "GlobalID": "{4A462BF4-F285-471A-8CAB-4A31B514BCCD}", "SORGENTE_DATI": "NORMALIZZATA" }, "geometry": { "type": "Point", "coordinates": [ 15.548153092966427, 38.18064918347941, 0.0 ] } },
{ "type": "Feature", "properties": { "COD_CESPITI": null, "TIPOLOGIA": null, "MATERIALE": null, "DN_ATTACCO": null, "DN_USCITA": null, "UTENTE_CREAZIONE": null, "DATA_INS": null, "DATA_AGG": null, "OPERATORE": null, "D_STATO": null, "ANGLE": null, "IDGIS": null, "PORTING_CLASSE": null, "PORTING_ID": null, "POINT_X": 548536.84360000025, "POINT_Y": 4229155.0764000006, "COMUNE": "Messina", "VIA_DENOMINAZIONE": "Viale Regina Elena", "N_CIV": null, "SARACINESCA": null, "POINT_Z": null, "GlobalID": "{880D7798-7330-4A80-AC27-60481B914FE7}", "SORGENTE_DATI": "NORMALIZZATA" }, "geometry": { "type": "Point", "coordinates": [ 15.554403697288439, 38.209048750754711, 0.0 ] } },
{ "type": "Feature", "properties": { "COD_CESPITI": null, "TIPOLOGIA": null, "MATERIALE": null, "DN_ATTACCO": null, "DN_USCITA": null, "UTENTE_CREAZIONE": null, "DATA_INS": null, "DATA_AGG": null, "OPERATORE": null, "D_STATO": null, "ANGLE": 25.0, "IDGIS": null, "PORTING_CLASSE": null, "PORTING_ID": null, "POINT_X": 548782.3399, "POINT_Y": 4229126.9583000001, "COMUNE": "Messina", "VIA_DENOMINAZIONE": "Via Onofrio Gabriele", "N_CIV": null, "SARACINESCA": null, "POINT_Z": null, "GlobalID": "{97DA7104-E72B-4E70-AD61-80FE4038E31A}", "SORGENTE_DATI": "NORMALIZZATA" }, "geometry": { "type": "Point", "coordinates": [ 15.557205782230103, 38.208782070700124, 0.0 ] } },
{ "type": "Feature", "properties": { "COD_CESPITI": null, "TIPOLOGIA": null, "MATERIALE": null, "DN_ATTACCO": null, "DN_USCITA": null, "UTENTE_CREAZIONE": null, "DATA_INS": null, "DATA_AGG": null, "OPERATORE": null, "D_STATO": null, "ANGLE": null, "IDGIS": null, "PORTING_CLASSE": null, "PORTING_ID": null, "POINT_X": 547023.47030000016, "POINT_Y": 4229779.8511999995, "COMUNE": "Messina", "VIA_DENOMINAZIONE": "Via Altair", "N_CIV": null, "SARACINESCA": null, "POINT_Z": null, "GlobalID": "{53F2C273-DCD5-417C-9206-5AD813DFE0D8}", "SORGENTE_DATI": "NORMALIZZATA" }, "geometry": { "type": "Point", "coordinates": [ 15.537159550524196, 38.21475969032246, 0.0 ] } },
{ "type": "Feature", "properties": { "COD_CESPITI": null, "TIPOLOGIA": null, "MATERIALE": null, "DN_ATTACCO": null, "DN_USCITA": null, "UTENTE_CREAZIONE": null, "DATA_INS": null, "DATA_AGG": null, "OPERATORE": null, "D_STATO": null, "ANGLE": null, "IDGIS": null, "PORTING_CLASSE": null, "PORTING_ID": null, "POINT_X": 546758.63549999986, "POINT_Y": 4229898.85, "COMUNE": "Messina", "VIA_DENOMINAZIONE": null, "N_CIV": null, "SARACINESCA": null, "POINT_Z": null, "GlobalID": "{E69831AA-3F34-4598-B349-AC17B92BA4EA}", "SORGENTE_DATI": "NORMALIZZATA" }, "geometry": { "type": "Point", "coordinates": [ 15.534142244914378, 38.215845932052218, 0.0 ] } },
{ "type": "Feature", "properties": { "COD_CESPITI": null, "TIPOLOGIA": null, "MATERIALE": null, "DN_ATTACCO": null, "DN_USCITA": null, "UTENTE_CREAZIONE": null, "DATA_INS": null, "DATA_AGG": null, "OPERATORE": null, "D_STATO": null, "ANGLE": null, "IDGIS": null, "PORTING_CLASSE": null, "PORTING_ID": null, "POINT_X": 549118.78029999975, "POINT_Y": 4228946.0883000009, "COMUNE": "Messina", "VIA_DENOMINAZIONE": "Viale della Libertà", "N_CIV": null, "SARACINESCA": null, "POINT_Z": null, "GlobalID": "{2654A42B-61D5-4015-ACE2-DE4F7AA2A2F6}", "SORGENTE_DATI": "NORMALIZZATA" }, "geometry": { "type": "Point", "coordinates": [ 15.561036018549338, 38.207133741660684, 0.0 ] } },
{ "type": "Feature", "properties": { "COD_CESPITI": null, "TIPOLOGIA": null, "MATERIALE": null, "DN_ATTACCO": null, "DN_USCITA": null, "UTENTE_CREAZIONE": null, "DATA_INS": null, "DATA_AGG": null, "OPERATORE": null, "D_STATO": null, "ANGLE": null, "IDGIS": null, "PORTING_CLASSE": null, "PORTING_ID": null, "POINT_X": 548825.42119999975, "POINT_Y": 4228759.9601000007, "COMUNE": "Messina", "VIA_DENOMINAZIONE": "Via Legnano", "N_CIV": null, "SARACINESCA": null, "POINT_Z": null, "GlobalID": "{AF2C727C-EE6B-4DEA-B2D5-F4C34415A96C}", "SORGENTE_DATI": "NORMALIZZATA" }, "geometry": { "type": "Point", "coordinates": [ 15.557672612064456, 38.205472290005268, 0.0 ] } },
{ "type": "Feature", "properties": { "COD_CESPITI": null, "TIPOLOGIA": null, "MATERIALE": null, "DN_ATTACCO": null, "DN_USCITA": null, "UTENTE_CREAZIONE": null, "DATA_INS": null, "DATA_AGG": null, "OPERATORE": null, "D_STATO": null, "ANGLE": null, "IDGIS": null, "PORTING_CLASSE": null, "PORTING_ID": null, "POINT_X": 548771.56230000034, "POINT_Y": 4228923.3771000002, "COMUNE": "Messina", "VIA_DENOMINAZIONE": "Viale Giostra", "N_CIV": null, "SARACINESCA": null, "POINT_Z": null, "GlobalID": "{2EF7062D-F3D2-4B14-9404-2F214B84471C}", "SORGENTE_DATI": "NORMALIZZATA" }, "geometry": { "type": "Point", "coordinates": [ 15.557068699065878, 38.206947949911815, 0.0 ] } },
{ "type": "Feature", "properties": { "COD_CESPITI": null, "TIPOLOGIA": null, "MATERIALE": null, "DN_ATTACCO": null, "DN_USCITA": null, "UTENTE_CREAZIONE": null, "DATA_INS": null, "DATA_AGG": null, "OPERATORE": null, "D_STATO": null, "ANGLE": null, "IDGIS": null, "PORTING_CLASSE": null, "PORTING_ID": null, "POINT_X": 548874.2648, "POINT_Y": 4229009.5416000001, "COMUNE": "Messina", "VIA_DENOMINAZIONE": null, "N_CIV": null, "SARACINESCA": null, "POINT_Z": null, "GlobalID": "{A16740F2-D28E-4C60-8DDF-F8CE20EC9B0C}", "SORGENTE_DATI": "NORMALIZZATA" }, "geometry": { "type": "Point", "coordinates": [ 15.558247646310207, 38.207718905546848, 0.0 ] } },
{ "type": "Feature", "properties": { "COD_CESPITI": null, "TIPOLOGIA": null, "MATERIALE": null, "DN_ATTACCO": null, "DN_USCITA": null, "UTENTE_CREAZIONE": null, "DATA_INS": null, "DATA_AGG": null, "OPERATORE": null, "D_STATO": null, "ANGLE": null, "IDGIS": null, "PORTING_CLASSE": null, "PORTING_ID": null, "POINT_X": 547075.162, "POINT_Y": 4229736.1119, "COMUNE": "Messina", "VIA_DENOMINAZIONE": "Via Auriga", "N_CIV": null, "SARACINESCA": null, "POINT_Z": null, "GlobalID": "{53F84266-8E09-4CAC-AFC0-946BEF28D036}", "SORGENTE_DATI": "NORMALIZZATA" }, "geometry": { "type": "Point", "coordinates": [ 15.537747111436175, 38.214362800883926, 0.0 ] } },
{ "type": "Feature", "properties": { "COD_CESPITI": null, "TIPOLOGIA": null, "MATERIALE": null, "DN_ATTACCO": null, "DN_USCITA": null, "UTENTE_CREAZIONE": null, "DATA_INS": null, "DATA_AGG": null, "OPERATORE": null, "D_STATO": null, "ANGLE": null, "IDGIS": null, "PORTING_CLASSE": null, "PORTING_ID": null, "POINT_X": 548339.499, "POINT_Y": 4228784.1795000006, "COMUNE": "Messina", "VIA_DENOMINAZIONE": "Via Ignatianum", "N_CIV": null, "SARACINESCA": null, "POINT_Z": null, "GlobalID": "{AC90993A-DB2E-46F6-8A4A-57AD85F27D21}", "SORGENTE_DATI": "NORMALIZZATA" }, "geometry": { "type": "Point", "coordinates": [ 15.552124409464028, 38.205716791003894, 0.0 ] } },
{ "type": "Feature", "properties": { "COD_CESPITI": null, "TIPOLOGIA": null, "MATERIALE": null, "DN_ATTACCO": null, "DN_USCITA": null, "UTENTE_CREAZIONE": null, "DATA_INS": null, "DATA_AGG": null, "OPERATORE": null, "D_STATO": null, "ANGLE": null, "IDGIS": null, "PORTING_CLASSE": null, "PORTING_ID": null, "POINT_X": 548342.25889999978, "POINT_Y": 4228788.7360999994, "COMUNE": "Messina", "VIA_DENOMINAZIONE": "Via Ignatianum", "N_CIV": null, "SARACINESCA": null, "POINT_Z": null, "GlobalID": "{ADD227F1-5816-4AD7-B2B9-9FBB106F1FA8}", "SORGENTE_DATI": "NORMALIZZATA" }, "geometry": { "type": "Point", "coordinates": [ 15.552156241355657, 38.205757707581647, 0.0 ] } },
{ "type": "Feature", "properties": { "COD_CESPITI": null, "TIPOLOGIA": null, "MATERIALE": null, "DN_ATTACCO": null, "DN_USCITA": null, "UTENTE_CREAZIONE": null, "DATA_INS": null, "DATA_AGG": null, "OPERATORE": null, "D_STATO": null, "ANGLE": null, "IDGIS": null, "PORTING_CLASSE": null, "PORTING_ID": null, "POINT_X": 548342.8575, "POINT_Y": 4228789.5605999995, "COMUNE": "Messina", "VIA_DENOMINAZIONE": "Via Ignatianum", "N_CIV": null, "SARACINESCA": null, "POINT_Z": null, "GlobalID": "{97FBA5F1-CEC1-42AC-AFCC-44B30CD3F822}", "SORGENTE_DATI": "NORMALIZZATA" }, "geometry": { "type": "Point", "coordinates": [ 15.552163134289914, 38.20576510595567, 0.0 ] } },
{ "type": "Feature", "properties": { "COD_CESPITI": null, "TIPOLOGIA": null, "MATERIALE": null, "DN_ATTACCO": null, "DN_USCITA": null, "UTENTE_CREAZIONE": null, "DATA_INS": null, "DATA_AGG": null, "OPERATORE": null, "D_STATO": null, "ANGLE": null, "IDGIS": null, "PORTING_CLASSE": null, "PORTING_ID": null, "POINT_X": 548343.09460000042, "POINT_Y": 4228789.8871999998, "COMUNE": "Messina", "VIA_DENOMINAZIONE": "Via Ignatianum", "N_CIV": null, "SARACINESCA": null, "POINT_Z": null, "GlobalID": "{846D10F5-CB4D-4E63-A829-175B3D298A77}", "SORGENTE_DATI": "NORMALIZZATA" }, "geometry": { "type": "Point", "coordinates": [ 15.552165864520262, 38.205768036591948, 0.0 ] } },
{ "type": "Feature", "properties": { "COD_CESPITI": null, "TIPOLOGIA": null, "MATERIALE": null, "DN_ATTACCO": null, "DN_USCITA": null, "UTENTE_CREAZIONE": null, "DATA_INS": null, "DATA_AGG": null, "OPERATORE": null, "D_STATO": null, "ANGLE": null, "IDGIS": null, "PORTING_CLASSE": null, "PORTING_ID": null, "POINT_X": 548515.64520000014, "POINT_Y": 4229107.1964999996, "COMUNE": "Messina", "VIA_DENOMINAZIONE": " Viale Regina Elena", "N_CIV": null, "SARACINESCA": null, "POINT_Z": null, "GlobalID": "{83DF57DD-389A-4E71-883D-56883CD1C4A3}", "SORGENTE_DATI": "NORMALIZZATA" }, "geometry": { "type": "Point", "coordinates": [ 15.554158300986284, 38.208618392795408, 0.0 ] } },
{ "type": "Feature", "properties": { "COD_CESPITI": null, "TIPOLOGIA": null, "MATERIALE": null, "DN_ATTACCO": null, "DN_USCITA": null, "UTENTE_CREAZIONE": null, "DATA_INS": null, "DATA_AGG": null, "OPERATORE": null, "D_STATO": null, "ANGLE": null, "IDGIS": null, "PORTING_CLASSE": null, "PORTING_ID": null, "POINT_X": 549077.6107000001, "POINT_Y": 4229081.6816000007, "COMUNE": "Messina", "VIA_DENOMINAZIONE": "Via Pola", "N_CIV": null, "SARACINESCA": null, "POINT_Z": null, "GlobalID": "{86321C4C-40FA-4D88-AA11-C1528533F2DD}", "SORGENTE_DATI": "NORMALIZZATA" }, "geometry": { "type": "Point", "coordinates": [ 15.560575171181675, 38.208357974776547, 0.0 ] } },
{ "type": "Feature", "properties": { "COD_CESPITI": null, "TIPOLOGIA": null, "MATERIALE": null, "DN_ATTACCO": null, "DN_USCITA": null, "UTENTE_CREAZIONE": null, "DATA_INS": null, "DATA_AGG": null, "OPERATORE": null, "D_STATO": null, "ANGLE": null, "IDGIS": null, "PORTING_CLASSE": null, "PORTING_ID": null, "POINT_X": 546465.769, "POINT_Y": 4229602.1326000001, "COMUNE": "Messina", "VIA_DENOMINAZIONE": "Via Palermo", "N_CIV": null, "SARACINESCA": null, "POINT_Z": null, "GlobalID": "{5E98289D-7FF0-40C0-AA7A-6708D6A4392D}", "SORGENTE_DATI": "NORMALIZZATA" }, "geometry": { "type": "Point", "coordinates": [ 15.530777424946784, 38.21318703512226, 0.0 ] } },
{ "type": "Feature", "properties": { "COD_CESPITI": null, "TIPOLOGIA": null, "MATERIALE": null, "DN_ATTACCO": null, "DN_USCITA": null, "UTENTE_CREAZIONE": null, "DATA_INS": null, "DATA_AGG": null, "OPERATORE": null, "D_STATO": null, "ANGLE": null, "IDGIS": null, "PORTING_CLASSE": null, "PORTING_ID": null, "POINT_X": 548113.14719999954, "POINT_Y": 4228697.2114000004, "COMUNE": "Messina", "VIA_DENOMINAZIONE": "Via Torrente Trapani", "N_CIV": null, "SARACINESCA": null, "POINT_Z": null, "GlobalID": "{12467770-4536-42EB-8730-5AAF317EB784}", "SORGENTE_DATI": "NORMALIZZATA" }, "geometry": { "type": "Point", "coordinates": [ 15.549533280699762, 38.204945149606701, 0.0 ] } },
{ "type": "Feature", "properties": { "COD_CESPITI": null, "TIPOLOGIA": null, "MATERIALE": null, "DN_ATTACCO": null, "DN_USCITA": null, "UTENTE_CREAZIONE": null, "DATA_INS": null, "DATA_AGG": null, "OPERATORE": null, "D_STATO": null, "ANGLE": null, "IDGIS": null, "PORTING_CLASSE": null, "PORTING_ID": null, "POINT_X": 548680.31730000023, "POINT_Y": 4228623.5177999996, "COMUNE": "Messina", "VIA_DENOMINAZIONE": " Via Ansaldo Patti", "N_CIV": null, "SARACINESCA": null, "POINT_Z": null, "GlobalID": "{FF6DD593-C276-4F6A-8017-BE18563135D8}", "SORGENTE_DATI": "NORMALIZZATA" }, "geometry": { "type": "Point", "coordinates": [ 15.556005988097953, 38.204250510907769, 0.0 ] } },
{ "type": "Feature", "properties": { "COD_CESPITI": null, "TIPOLOGIA": null, "MATERIALE": null, "DN_ATTACCO": null, "DN_USCITA": null, "UTENTE_CREAZIONE": null, "DATA_INS": null, "DATA_AGG": null, "OPERATORE": null, "D_STATO": null, "ANGLE": null, "IDGIS": null, "PORTING_CLASSE": null, "PORTING_ID": null, "POINT_X": 548519.99569999985, "POINT_Y": 4229158.4133000001, "COMUNE": "Messina", "VIA_DENOMINAZIONE": "Viale Giostra", "N_CIV": null, "SARACINESCA": null, "POINT_Z": null, "GlobalID": "{997113F9-8AAC-4364-A8FC-358141570E9D}", "SORGENTE_DATI": "NORMALIZZATA" }, "geometry": { "type": "Point", "coordinates": [ 15.554211491419453, 38.209079732030354, 0.0 ] } },
{ "type": "Feature", "properties": { "COD_CESPITI": null, "TIPOLOGIA": null, "MATERIALE": null, "DN_ATTACCO": null, "DN_USCITA": null, "UTENTE_CREAZIONE": null, "DATA_INS": null, "DATA_AGG": null, "OPERATORE": null, "D_STATO": null, "ANGLE": null, "IDGIS": null, "PORTING_CLASSE": null, "PORTING_ID": null, "POINT_X": 548520.45239999983, "POINT_Y": 4229158.9598999992, "COMUNE": "Messina", "VIA_DENOMINAZIONE": "Viale Giostra", "N_CIV": null, "SARACINESCA": null, "POINT_Z": null, "GlobalID": "{5445594F-98F8-43FA-92C5-211A6B4629A0}", "SORGENTE_DATI": "NORMALIZZATA" }, "geometry": { "type": "Point", "coordinates": [ 15.554216745127215, 38.20908463344891, 0.0 ] } },
{ "type": "Feature", "properties": { "COD_CESPITI": null, "TIPOLOGIA": null, "MATERIALE": null, "DN_ATTACCO": null, "DN_USCITA": null, "UTENTE_CREAZIONE": null, "DATA_INS": null, "DATA_AGG": null, "OPERATORE": null, "D_STATO": null, "ANGLE": null, "IDGIS": null, "PORTING_CLASSE": null, "PORTING_ID": null, "POINT_X": 548883.52010000031, "POINT_Y": 4229141.0166999996, "COMUNE": "Messina", "VIA_DENOMINAZIONE": "Viale Regina Elena", "N_CIV": null, "SARACINESCA": null, "POINT_Z": null, "GlobalID": "{479BF8BF-1CC4-4539-BAE0-C341F86F9786}", "SORGENTE_DATI": "NORMALIZZATA" }, "geometry": { "type": "Point", "coordinates": [ 15.558362408588005, 38.208903276242104, 0.0 ] } },
{ "type": "Feature", "properties": { "COD_CESPITI": null, "TIPOLOGIA": null, "MATERIALE": null, "DN_ATTACCO": null, "DN_USCITA": null, "UTENTE_CREAZIONE": null, "DATA_INS": null, "DATA_AGG": null, "OPERATORE": null, "D_STATO": null, "ANGLE": null, "IDGIS": null, "PORTING_CLASSE": null, "PORTING_ID": null, "POINT_X": 547075.6551000001, "POINT_Y": 4229579.5296999998, "COMUNE": "Messina", "VIA_DENOMINAZIONE": "Via Palermo", "N_CIV": null, "SARACINESCA": null, "POINT_Z": null, "GlobalID": "{BA2EC240-9CD3-4CDE-94E0-7380DBE8D07D}", "SORGENTE_DATI": "NORMALIZZATA" }, "geometry": { "type": "Point", "coordinates": [ 15.53774235954479, 38.212951629115913, 0.0 ] } },
{ "type": "Feature", "properties": { "COD_CESPITI": null, "TIPOLOGIA": null, "MATERIALE": null, "DN_ATTACCO": null, "DN_USCITA": null, "UTENTE_CREAZIONE": null, "DATA_INS": null, "DATA_AGG": null, "OPERATORE": null, "D_STATO": null, "ANGLE": null, "IDGIS": null, "PORTING_CLASSE": null, "PORTING_ID": null, "POINT_X": 547180.9901000001, "POINT_Y": 4230170.1977999993, "COMUNE": "Messina", "VIA_DENOMINAZIONE": "Via San Jachiddu", "N_CIV": null, "SARACINESCA": null, "POINT_Z": null, "GlobalID": "{688FE8AB-12DD-4631-9E5F-0E96F297225E}", "SORGENTE_DATI": "NORMALIZZATA" }, "geometry": { "type": "Point", "coordinates": [ 15.538984809912309, 38.218269312095472, 0.0 ] } },
{ "type": "Feature", "properties": { "COD_CESPITI": null, "TIPOLOGIA": null, "MATERIALE": null, "DN_ATTACCO": null, "DN_USCITA": null, "UTENTE_CREAZIONE": null, "DATA_INS": null, "DATA_AGG": null, "OPERATORE": null, "D_STATO": null, "ANGLE": null, "IDGIS": null, "PORTING_CLASSE": null, "PORTING_ID": null, "POINT_X": 547369.55939999968, "POINT_Y": 4230133.5858999994, "COMUNE": "Messina", "VIA_DENOMINAZIONE": "Via San Jachiddu", "N_CIV": null, "SARACINESCA": null, "POINT_Z": null, "GlobalID": "{06AAB03E-48FB-45D8-B091-65E2142B173D}", "SORGENTE_DATI": "NORMALIZZATA" }, "geometry": { "type": "Point", "coordinates": [ 15.541136450020957, 38.21792944947051, 0.0 ] } },
{ "type": "Feature", "properties": { "COD_CESPITI": null, "TIPOLOGIA": null, "MATERIALE": null, "DN_ATTACCO": null, "DN_USCITA": null, "UTENTE_CREAZIONE": null, "DATA_INS": null, "DATA_AGG": null, "OPERATORE": null, "D_STATO": null, "ANGLE": null, "IDGIS": null, "PORTING_CLASSE": null, "PORTING_ID": null, "POINT_X": 548154.5115, "POINT_Y": 4229885.4705999997, "COMUNE": "Messina", "VIA_DENOMINAZIONE": null, "N_CIV": null, "SARACINESCA": null, "POINT_Z": null, "GlobalID": "{04C95AA6-E928-49BB-8631-0B3C53382A5B}", "SORGENTE_DATI": "NORMALIZZATA" }, "geometry": { "type": "Point", "coordinates": [ 15.550086307716512, 38.21565171971816, 0.0 ] } },
{ "type": "Feature", "properties": { "COD_CESPITI": null, "TIPOLOGIA": null, "MATERIALE": null, "DN_ATTACCO": null, "DN_USCITA": null, "UTENTE_CREAZIONE": null, "DATA_INS": null, "DATA_AGG": null, "OPERATORE": null, "D_STATO": null, "ANGLE": null, "IDGIS": null, "PORTING_CLASSE": null, "PORTING_ID": null, "POINT_X": 549051.72819999978, "POINT_Y": 4229350.2075999994, "COMUNE": "Messina", "VIA_DENOMINAZIONE": null, "N_CIV": null, "SARACINESCA": null, "POINT_Z": null, "GlobalID": "{4808BCC8-9D2F-4EDD-86F7-69163C05176D}", "SORGENTE_DATI": "NORMALIZZATA" }, "geometry": { "type": "Point", "coordinates": [ 15.56029810088773, 38.210779381483313, 0.0 ] } },
{ "type": "Feature", "properties": { "COD_CESPITI": null, "TIPOLOGIA": null, "MATERIALE": null, "DN_ATTACCO": null, "DN_USCITA": null, "UTENTE_CREAZIONE": null, "DATA_INS": null, "DATA_AGG": null, "OPERATORE": null, "D_STATO": null, "ANGLE": null, "IDGIS": null, "PORTING_CLASSE": null, "PORTING_ID": null, "POINT_X": 548058.888, "POINT_Y": 4229946.6088999994, "COMUNE": "Messina", "VIA_DENOMINAZIONE": "Serbatoio Tre Monti", "N_CIV": null, "SARACINESCA": null, "POINT_Z": null, "GlobalID": "{30E42F68-46EE-400D-96DD-D5061B925C08}", "SORGENTE_DATI": "NORMALIZZATA" }, "geometry": { "type": "Point", "coordinates": [ 15.54899815223053, 38.216207820844843, 0.0 ] } },
{ "type": "Feature", "properties": { "COD_CESPITI": null, "TIPOLOGIA": null, "MATERIALE": null, "DN_ATTACCO": null, "DN_USCITA": null, "UTENTE_CREAZIONE": null, "DATA_INS": null, "DATA_AGG": null, "OPERATORE": null, "D_STATO": null, "ANGLE": null, "IDGIS": null, "PORTING_CLASSE": null, "PORTING_ID": null, "POINT_X": 547894.80310000014, "POINT_Y": 4229619.9787000008, "COMUNE": "Messina", "VIA_DENOMINAZIONE": "Via Appennini", "N_CIV": null, "SARACINESCA": null, "POINT_Z": null, "GlobalID": "{E4DF71C6-DAB7-4E20-96CA-1DCA1594791E}", "SORGENTE_DATI": "NORMALIZZATA" }, "geometry": { "type": "Point", "coordinates": [ 15.547101776164419, 38.213272928710502, 0.0 ] } },
{ "type": "Feature", "properties": { "COD_CESPITI": null, "TIPOLOGIA": null, "MATERIALE": null, "DN_ATTACCO": null, "DN_USCITA": null, "UTENTE_CREAZIONE": null, "DATA_INS": null, "DATA_AGG": null, "OPERATORE": null, "D_STATO": null, "ANGLE": null, "IDGIS": null, "PORTING_CLASSE": null, "PORTING_ID": null, "POINT_X": 548024.7528, "POINT_Y": 4229112.5801, "COMUNE": "Messina", "VIA_DENOMINAZIONE": "Via Palermo", "N_CIV": null, "SARACINESCA": null, "POINT_Z": null, "GlobalID": "{B352947D-7810-471B-8A82-F3428A0B46A0}", "SORGENTE_DATI": "NORMALIZZATA" }, "geometry": { "type": "Point", "coordinates": [ 15.548551803147824, 38.208693243414935, 0.0 ] } },
{ "type": "Feature", "properties": { "COD_CESPITI": null, "TIPOLOGIA": null, "MATERIALE": null, "DN_ATTACCO": null, "DN_USCITA": null, "UTENTE_CREAZIONE": null, "DATA_INS": null, "DATA_AGG": null, "OPERATORE": null, "D_STATO": null, "ANGLE": null, "IDGIS": null, "PORTING_CLASSE": null, "PORTING_ID": null, "POINT_X": 548426.09059999976, "POINT_Y": 4229405.7937000003, "COMUNE": "Messina", "VIA_DENOMINAZIONE": "Via Salita Tremonti", "N_CIV": null, "SARACINESCA": null, "POINT_Z": null, "GlobalID": "{9D6F4E66-D96F-4575-8C2D-A27236497842}", "SORGENTE_DATI": "NORMALIZZATA" }, "geometry": { "type": "Point", "coordinates": [ 15.553155796229952, 38.211314221292355, 0.0 ] } },
{ "type": "Feature", "properties": { "COD_CESPITI": null, "TIPOLOGIA": null, "MATERIALE": null, "DN_ATTACCO": null, "DN_USCITA": null, "UTENTE_CREAZIONE": null, "DATA_INS": null, "DATA_AGG": null, "OPERATORE": null, "D_STATO": null, "ANGLE": null, "IDGIS": null, "PORTING_CLASSE": null, "PORTING_ID": null, "POINT_X": 548654.45859999955, "POINT_Y": 4226112.6315000001, "COMUNE": "Messina", "VIA_DENOMINAZIONE": "Via Nino Bixio", "N_CIV": null, "SARACINESCA": null, "POINT_Z": null, "GlobalID": "{CD0F3EDF-72ED-4EFC-894E-60B768BBA99F}", "SORGENTE_DATI": "NORMALIZZATA" }, "geometry": { "type": "Point", "coordinates": [ 15.555538725629736, 38.181623353520848, 0.0 ] } },
{ "type": "Feature", "properties": { "COD_CESPITI": null, "TIPOLOGIA": null, "MATERIALE": null, "DN_ATTACCO": null, "DN_USCITA": null, "UTENTE_CREAZIONE": null, "DATA_INS": null, "DATA_AGG": null, "OPERATORE": null, "D_STATO": null, "ANGLE": null, "IDGIS": null, "PORTING_CLASSE": null, "PORTING_ID": null, "POINT_X": 546992.13370000012, "POINT_Y": 4223653.7721999995, "COMUNE": "Messina", "VIA_DENOMINAZIONE": null, "N_CIV": null, "SARACINESCA": null, "POINT_Z": null, "GlobalID": "{6605D729-9951-4C04-B2C3-D82717F32340}", "SORGENTE_DATI": "NORMALIZZATA" }, "geometry": { "type": "Point", "coordinates": [ 15.536396575469487, 38.15955178011685, 0.0 ] } },
{ "type": "Feature", "properties": { "COD_CESPITI": null, "TIPOLOGIA": null, "MATERIALE": null, "DN_ATTACCO": null, "DN_USCITA": null, "UTENTE_CREAZIONE": null, "DATA_INS": null, "DATA_AGG": null, "OPERATORE": null, "D_STATO": null, "ANGLE": null, "IDGIS": null, "PORTING_CLASSE": null, "PORTING_ID": null, "POINT_X": 546820.51559999958, "POINT_Y": 4224912.2917, "COMUNE": "Messina", "VIA_DENOMINAZIONE": "Via Empedocle", "N_CIV": null, "SARACINESCA": null, "POINT_Z": null, "GlobalID": "{BC3842D3-4941-4E4E-82BB-305A721AB19F}", "SORGENTE_DATI": "NORMALIZZATA" }, "geometry": { "type": "Point", "coordinates": [ 15.534520514613613, 38.17090280643864, 0.0 ] } },
{ "type": "Feature", "properties": { "COD_CESPITI": null, "TIPOLOGIA": null, "MATERIALE": null, "DN_ATTACCO": null, "DN_USCITA": null, "UTENTE_CREAZIONE": null, "DATA_INS": null, "DATA_AGG": null, "OPERATORE": null, "D_STATO": null, "ANGLE": null, "IDGIS": null, "PORTING_CLASSE": null, "PORTING_ID": null, "POINT_X": 549029.29420000035, "POINT_Y": 4226401.155, "COMUNE": "Messina", "VIA_DENOMINAZIONE": "Via P. Calvi", "N_CIV": null, "SARACINESCA": null, "POINT_Z": null, "GlobalID": "{CB67C09B-65C1-4CE4-A064-1D42FC8280E2}", "SORGENTE_DATI": "NORMALIZZATA" }, "geometry": { "type": "Point", "coordinates": [ 15.559838325356534, 38.184203255757993, 0.0 ] } },
{ "type": "Feature", "properties": { "COD_CESPITI": null, "TIPOLOGIA": null, "MATERIALE": null, "DN_ATTACCO": null, "DN_USCITA": null, "UTENTE_CREAZIONE": null, "DATA_INS": null, "DATA_AGG": null, "OPERATORE": null, "D_STATO": null, "ANGLE": null, "IDGIS": null, "PORTING_CLASSE": null, "PORTING_ID": null, "POINT_X": 549021.14719999954, "POINT_Y": 4226387.1478000004, "COMUNE": "Messina", "VIA_DENOMINAZIONE": "Via Torino - Scotto", "N_CIV": null, "SARACINESCA": null, "POINT_Z": null, "GlobalID": "{3A1EE352-CD79-4FA1-9C14-C68AC602E818}", "SORGENTE_DATI": "NORMALIZZATA" }, "geometry": { "type": "Point", "coordinates": [ 15.559744337455676, 38.184077463743989, 0.0 ] } },
{ "type": "Feature", "properties": { "COD_CESPITI": null, "TIPOLOGIA": null, "MATERIALE": null, "DN_ATTACCO": null, "DN_USCITA": null, "UTENTE_CREAZIONE": null, "DATA_INS": null, "DATA_AGG": null, "OPERATORE": null, "D_STATO": null, "ANGLE": null, "IDGIS": null, "PORTING_CLASSE": null, "PORTING_ID": null, "POINT_X": 547450.555, "POINT_Y": 4226404.811000001, "COMUNE": "Messina", "VIA_DENOMINAZIONE": null, "N_CIV": null, "SARACINESCA": null, "POINT_Z": null, "GlobalID": "{7BA50444-FDBA-4E8A-B786-92333E677080}", "SORGENTE_DATI": "NORMALIZZATA" }, "geometry": { "type": "Point", "coordinates": [ 15.54181257827854, 38.184320765292313, 0.0 ] } },
{ "type": "Feature", "properties": { "COD_CESPITI": null, "TIPOLOGIA": null, "MATERIALE": null, "DN_ATTACCO": null, "DN_USCITA": null, "UTENTE_CREAZIONE": null, "DATA_INS": null, "DATA_AGG": null, "OPERATORE": null, "D_STATO": null, "ANGLE": null, "IDGIS": null, "PORTING_CLASSE": null, "PORTING_ID": null, "POINT_X": 546551.7751000002, "POINT_Y": 4225009.3973999992, "COMUNE": "Messina", "VIA_DENOMINAZIONE": null, "N_CIV": null, "SARACINESCA": null, "POINT_Z": null, "GlobalID": "{C8B17585-4612-409B-A4AF-79B34ADD8198}", "SORGENTE_DATI": "NORMALIZZATA" }, "geometry": { "type": "Point", "coordinates": [ 15.531458949729851, 38.171791871193768, 0.0 ] } },
{ "type": "Feature", "properties": { "COD_CESPITI": null, "TIPOLOGIA": null, "MATERIALE": null, "DN_ATTACCO": null, "DN_USCITA": null, "UTENTE_CREAZIONE": null, "DATA_INS": null, "DATA_AGG": null, "OPERATORE": null, "D_STATO": null, "ANGLE": null, "IDGIS": null, "PORTING_CLASSE": null, "PORTING_ID": null, "POINT_X": 546360.1634, "POINT_Y": 4225007.5561999995, "COMUNE": "Messina", "VIA_DENOMINAZIONE": "Via Socrate", "N_CIV": null, "SARACINESCA": null, "POINT_Z": null, "GlobalID": "{3F27015F-DF88-44DF-88EA-D8A019E3092C}", "SORGENTE_DATI": "NORMALIZZATA" }, "geometry": { "type": "Point", "coordinates": [ 15.529271378572947, 38.171785157081615, 0.0 ] } },
{ "type": "Feature", "properties": { "COD_CESPITI": null, "TIPOLOGIA": null, "MATERIALE": null, "DN_ATTACCO": null, "DN_USCITA": null, "UTENTE_CREAZIONE": null, "DATA_INS": null, "DATA_AGG": null, "OPERATORE": null, "D_STATO": null, "ANGLE": null, "IDGIS": null, "PORTING_CLASSE": null, "PORTING_ID": null, "POINT_X": 548743.18510000035, "POINT_Y": 4227016.7583000008, "COMUNE": "Messina", "VIA_DENOMINAZIONE": "Via Garibaldi", "N_CIV": null, "SARACINESCA": null, "POINT_Z": null, "GlobalID": "{EF9E0EA6-575B-4BDD-8B14-B1A31FFBF4CB}", "SORGENTE_DATI": "NORMALIZZATA" }, "geometry": { "type": "Point", "coordinates": [ 15.556613763588004, 38.18976671729682, 0.0 ] } },
{ "type": "Feature", "properties": { "COD_CESPITI": null, "TIPOLOGIA": null, "MATERIALE": null, "DN_ATTACCO": null, "DN_USCITA": null, "UTENTE_CREAZIONE": null, "DATA_INS": null, "DATA_AGG": null, "OPERATORE": null, "D_STATO": null, "ANGLE": null, "IDGIS": null, "PORTING_CLASSE": null, "PORTING_ID": null, "POINT_X": 547128.8564, "POINT_Y": 4224009.4497999996, "COMUNE": "Messina", "VIA_DENOMINAZIONE": "Via Consolare", "N_CIV": null, "SARACINESCA": null, "POINT_Z": null, "GlobalID": "{6719348D-E1E6-4AD9-81BE-3E2B2CBC0F0A}", "SORGENTE_DATI": "NORMALIZZATA" }, "geometry": { "type": "Point", "coordinates": [ 15.537980701099315, 38.162750099166246, 0.0 ] } },
{ "type": "Feature", "properties": { "COD_CESPITI": null, "TIPOLOGIA": null, "MATERIALE": null, "DN_ATTACCO": null, "DN_USCITA": null, "UTENTE_CREAZIONE": null, "DATA_INS": null, "DATA_AGG": null, "OPERATORE": null, "D_STATO": null, "ANGLE": null, "IDGIS": null, "PORTING_CLASSE": null, "PORTING_ID": null, "POINT_X": 546568.93539999984, "POINT_Y": 4227432.8125999998, "COMUNE": "Messina", "VIA_DENOMINAZIONE": null, "N_CIV": null, "SARACINESCA": null, "POINT_Z": null, "GlobalID": "{435E5656-5DDB-4BEE-9158-8242E162A52E}", "SORGENTE_DATI": "NORMALIZZATA" }, "geometry": { "type": "Point", "coordinates": [ 15.531813598518832, 38.19363135975636, 0.0 ] } },
{ "type": "Feature", "properties": { "COD_CESPITI": null, "TIPOLOGIA": null, "MATERIALE": null, "DN_ATTACCO": null, "DN_USCITA": null, "UTENTE_CREAZIONE": null, "DATA_INS": null, "DATA_AGG": null, "OPERATORE": null, "D_STATO": null, "ANGLE": null, "IDGIS": null, "PORTING_CLASSE": null, "PORTING_ID": null, "POINT_X": 546801.141, "POINT_Y": 4227306.9394000005, "COMUNE": "Messina", "VIA_DENOMINAZIONE": null, "N_CIV": null, "SARACINESCA": null, "POINT_Z": null, "GlobalID": "{1066F675-8657-4246-868A-03B895E313C0}", "SORGENTE_DATI": "NORMALIZZATA" }, "geometry": { "type": "Point", "coordinates": [ 15.534456971368677, 38.192484923407186, 0.0 ] } },
{ "type": "Feature", "properties": { "COD_CESPITI": null, "TIPOLOGIA": null, "MATERIALE": null, "DN_ATTACCO": null, "DN_USCITA": null, "UTENTE_CREAZIONE": null, "DATA_INS": null, "DATA_AGG": null, "OPERATORE": null, "D_STATO": null, "ANGLE": null, "IDGIS": null, "PORTING_CLASSE": null, "PORTING_ID": null, "POINT_X": 548648.06489999965, "POINT_Y": 4226591.9367999993, "COMUNE": "Messina", "VIA_DENOMINAZIONE": "Piazza Carioli -N. Fabrizi", "N_CIV": null, "SARACINESCA": null, "POINT_Z": null, "GlobalID": "{6C55EEBA-FB1A-45F0-B7EE-480B48496E8A}", "SORGENTE_DATI": "NORMALIZZATA" }, "geometry": { "type": "Point", "coordinates": [ 15.555498525581482, 38.185943290680449, 0.0 ] } },
{ "type": "Feature", "properties": { "COD_CESPITI": null, "TIPOLOGIA": null, "MATERIALE": null, "DN_ATTACCO": null, "DN_USCITA": null, "UTENTE_CREAZIONE": null, "DATA_INS": null, "DATA_AGG": null, "OPERATORE": null, "D_STATO": null, "ANGLE": null, "IDGIS": null, "PORTING_CLASSE": null, "PORTING_ID": null, "POINT_X": 547818.05460000038, "POINT_Y": 4226623.3352000006, "COMUNE": "Messina", "VIA_DENOMINAZIONE": null, "N_CIV": null, "SARACINESCA": null, "POINT_Z": null, "GlobalID": "{0BE7F17B-4061-4052-88B9-62FABCD53912}", "SORGENTE_DATI": "NORMALIZZATA" }, "geometry": { "type": "Point", "coordinates": [ 15.546023385210908, 38.186270713108044, 0.0 ] } },
{ "type": "Feature", "properties": { "COD_CESPITI": null, "TIPOLOGIA": null, "MATERIALE": null, "DN_ATTACCO": null, "DN_USCITA": null, "UTENTE_CREAZIONE": null, "DATA_INS": null, "DATA_AGG": null, "OPERATORE": null, "D_STATO": null, "ANGLE": null, "IDGIS": null, "PORTING_CLASSE": null, "PORTING_ID": null, "POINT_X": 547817.8679, "POINT_Y": 4226623.2945000008, "COMUNE": "Messina", "VIA_DENOMINAZIONE": null, "N_CIV": null, "SARACINESCA": null, "POINT_Z": null, "GlobalID": "{77B0BD5B-B333-4546-8891-E2DE4FFA39C2}", "SORGENTE_DATI": "NORMALIZZATA" }, "geometry": { "type": "Point", "coordinates": [ 15.546021250677811, 38.186270356224703, 0.0 ] } },
{ "type": "Feature", "properties": { "COD_CESPITI": null, "TIPOLOGIA": null, "MATERIALE": null, "DN_ATTACCO": null, "DN_USCITA": null, "UTENTE_CREAZIONE": null, "DATA_INS": null, "DATA_AGG": null, "OPERATORE": null, "D_STATO": null, "ANGLE": null, "IDGIS": null, "PORTING_CLASSE": null, "PORTING_ID": null, "POINT_X": 547775.92609999981, "POINT_Y": 4227126.6677000001, "COMUNE": "Messina", "VIA_DENOMINAZIONE": null, "N_CIV": null, "SARACINESCA": null, "POINT_Z": null, "GlobalID": "{0DE6E41A-DC6F-4768-AC9E-E13DCF287A78}", "SORGENTE_DATI": "NORMALIZZATA" }, "geometry": { "type": "Point", "coordinates": [ 15.545576184756873, 38.190809082504806, 0.0 ] } },
{ "type": "Feature", "properties": { "COD_CESPITI": null, "TIPOLOGIA": null, "MATERIALE": null, "DN_ATTACCO": null, "DN_USCITA": null, "UTENTE_CREAZIONE": null, "DATA_INS": null, "DATA_AGG": null, "OPERATORE": null, "D_STATO": null, "ANGLE": null, "IDGIS": null, "PORTING_CLASSE": null, "PORTING_ID": null, "POINT_X": 547831.55510000046, "POINT_Y": 4227225.8056000005, "COMUNE": "Messina", "VIA_DENOMINAZIONE": " Via Pietro Castelli", "N_CIV": null, "SARACINESCA": null, "POINT_Z": null, "GlobalID": "{EBD31E0B-15C7-4560-A94E-31572226A970}", "SORGENTE_DATI": "NORMALIZZATA" }, "geometry": { "type": "Point", "coordinates": [ 15.546218085233949, 38.191699579266924, 0.0 ] } },
{ "type": "Feature", "properties": { "COD_CESPITI": null, "TIPOLOGIA": null, "MATERIALE": null, "DN_ATTACCO": null, "DN_USCITA": null, "UTENTE_CREAZIONE": null, "DATA_INS": null, "DATA_AGG": null, "OPERATORE": null, "D_STATO": null, "ANGLE": null, "IDGIS": null, "PORTING_CLASSE": null, "PORTING_ID": null, "POINT_X": 548243.83380000014, "POINT_Y": 4226481.2196999993, "COMUNE": "Messina", "VIA_DENOMINAZIONE": "Via Cesare Battisti", "N_CIV": null, "SARACINESCA": null, "POINT_Z": null, "GlobalID": "{0729DEBC-33EF-48E2-93E9-219D58CBCF9C}", "SORGENTE_DATI": "NORMALIZZATA" }, "geometry": { "type": "Point", "coordinates": [ 15.550875408118257, 38.184967231666754, 0.0 ] } },
{ "type": "Feature", "properties": { "COD_CESPITI": null, "TIPOLOGIA": null, "MATERIALE": null, "DN_ATTACCO": null, "DN_USCITA": null, "UTENTE_CREAZIONE": null, "DATA_INS": null, "DATA_AGG": null, "OPERATORE": null, "D_STATO": null, "ANGLE": null, "IDGIS": null, "PORTING_CLASSE": null, "PORTING_ID": null, "POINT_X": 548238.28390000015, "POINT_Y": 4226470.5806000009, "COMUNE": "Messina", "VIA_DENOMINAZIONE": "Via Luciano Manara", "N_CIV": null, "SARACINESCA": null, "POINT_Z": null, "GlobalID": "{AC5660B5-BA5C-4BAB-81FC-744A76D6954A}", "SORGENTE_DATI": "NORMALIZZATA" }, "geometry": { "type": "Point", "coordinates": [ 15.550811316947183, 38.18487164726848, 0.0 ] } },
{ "type": "Feature", "properties": { "COD_CESPITI": null, "TIPOLOGIA": null, "MATERIALE": null, "DN_ATTACCO": null, "DN_USCITA": null, "UTENTE_CREAZIONE": null, "DATA_INS": null, "DATA_AGG": null, "OPERATORE": null, "D_STATO": null, "ANGLE": null, "IDGIS": null, "PORTING_CLASSE": null, "PORTING_ID": null, "POINT_X": 548204.68429999985, "POINT_Y": 4226417.6503999997, "COMUNE": "Messina", "VIA_DENOMINAZIONE": "Piazza Padre Francia", "N_CIV": null, "SARACINESCA": null, "POINT_Z": null, "GlobalID": "{102D5ABF-A517-4A68-BC9E-3BA8FF556550}", "SORGENTE_DATI": "NORMALIZZATA" }, "geometry": { "type": "Point", "coordinates": [ 15.550424085226293, 38.184396428782883, 0.0 ] } },
{ "type": "Feature", "properties": { "COD_CESPITI": null, "TIPOLOGIA": null, "MATERIALE": null, "DN_ATTACCO": null, "DN_USCITA": null, "UTENTE_CREAZIONE": null, "DATA_INS": null, "DATA_AGG": null, "OPERATORE": null, "D_STATO": null, "ANGLE": null, "IDGIS": null, "PORTING_CLASSE": null, "PORTING_ID": null, "POINT_X": 548283.732, "POINT_Y": 4226216.4042000007, "COMUNE": "Messina", "VIA_DENOMINAZIONE": "Via Risorgimento", "N_CIV": null, "SARACINESCA": null, "POINT_Z": null, "GlobalID": "{8EF70C8A-FD44-4F52-B429-929B727C3A72}", "SORGENTE_DATI": "NORMALIZZATA" }, "geometry": { "type": "Point", "coordinates": [ 15.551312982480663, 38.182578523470269, 0.0 ] } },
{ "type": "Feature", "properties": { "COD_CESPITI": null, "TIPOLOGIA": null, "MATERIALE": null, "DN_ATTACCO": null, "DN_USCITA": null, "UTENTE_CREAZIONE": null, "DATA_INS": null, "DATA_AGG": null, "OPERATORE": null, "D_STATO": null, "ANGLE": null, "IDGIS": null, "PORTING_CLASSE": null, "PORTING_ID": null, "POINT_X": 548182.6837, "POINT_Y": 4226949.6580999997, "COMUNE": "Messina", "VIA_DENOMINAZIONE": null, "N_CIV": null, "SARACINESCA": null, "POINT_Z": null, "GlobalID": "{6031E74B-BBB6-4AC7-BE2E-72DEA8B3E94D}", "SORGENTE_DATI": "NORMALIZZATA" }, "geometry": { "type": "Point", "coordinates": [ 15.550208946601584, 38.189192163884762, 0.0 ] } },
{ "type": "Feature", "properties": { "COD_CESPITI": null, "TIPOLOGIA": null, "MATERIALE": null, "DN_ATTACCO": null, "DN_USCITA": null, "UTENTE_CREAZIONE": null, "DATA_INS": null, "DATA_AGG": null, "OPERATORE": null, "D_STATO": null, "ANGLE": null, "IDGIS": null, "PORTING_CLASSE": null, "PORTING_ID": null, "POINT_X": 548138.9633, "POINT_Y": 4226894.1367000006, "COMUNE": "Messina", "VIA_DENOMINAZIONE": "Via Luigi Cadorna", "N_CIV": null, "SARACINESCA": null, "POINT_Z": null, "GlobalID": "{BD599AAC-4981-4F9B-A1CB-5BCE30A66656}", "SORGENTE_DATI": "NORMALIZZATA" }, "geometry": { "type": "Point", "coordinates": [ 15.549705954003093, 38.188694132610316, 0.0 ] } },
{ "type": "Feature", "properties": { "COD_CESPITI": null, "TIPOLOGIA": null, "MATERIALE": null, "DN_ATTACCO": null, "DN_USCITA": null, "UTENTE_CREAZIONE": null, "DATA_INS": null, "DATA_AGG": null, "OPERATORE": null, "D_STATO": null, "ANGLE": null, "IDGIS": null, "PORTING_CLASSE": null, "PORTING_ID": null, "POINT_X": 547852.924, "POINT_Y": 4227474.5793999992, "COMUNE": "Messina", "VIA_DENOMINAZIONE": "Viale Principe Umberto", "N_CIV": null, "SARACINESCA": null, "POINT_Z": null, "GlobalID": "{995B128E-75ED-46C6-A0A0-56DC504366B6}", "SORGENTE_DATI": "NORMALIZZATA" }, "geometry": { "type": "Point", "coordinates": [ 15.54647885326446, 38.193940441241985, 0.0 ] } },
{ "type": "Feature", "properties": { "COD_CESPITI": null, "TIPOLOGIA": null, "MATERIALE": null, "DN_ATTACCO": null, "DN_USCITA": null, "UTENTE_CREAZIONE": null, "DATA_INS": null, "DATA_AGG": null, "OPERATORE": null, "D_STATO": null, "ANGLE": null, "IDGIS": null, "PORTING_CLASSE": null, "PORTING_ID": null, "POINT_X": 548184.32010000013, "POINT_Y": 4225886.3158999998, "COMUNE": "Messina", "VIA_DENOMINAZIONE": "Via Europa", "N_CIV": null, "SARACINESCA": null, "POINT_Z": null, "GlobalID": "{8D893902-918D-40B3-9F87-7FD531E4795E}", "SORGENTE_DATI": "NORMALIZZATA" }, "geometry": { "type": "Point", "coordinates": [ 15.550155555903908, 38.179609023771107, 0.0 ] } },
{ "type": "Feature", "properties": { "COD_CESPITI": null, "TIPOLOGIA": null, "MATERIALE": null, "DN_ATTACCO": null, "DN_USCITA": null, "UTENTE_CREAZIONE": null, "DATA_INS": null, "DATA_AGG": null, "OPERATORE": null, "D_STATO": null, "ANGLE": null, "IDGIS": null, "PORTING_CLASSE": null, "PORTING_ID": null, "POINT_X": 548596.4265000001, "POINT_Y": 4226079.2984999996, "COMUNE": "Messina", "VIA_DENOMINAZIONE": "Via Santa Cecilia incrocio via Natoli", "N_CIV": null, "SARACINESCA": null, "POINT_Z": null, "GlobalID": "{1493552C-16F1-4B3F-A715-F11CFA3A9B1E}", "SORGENTE_DATI": "NORMALIZZATA" }, "geometry": { "type": "Point", "coordinates": [ 15.554873862889851, 38.181326082825294, 0.0 ] } },
{ "type": "Feature", "properties": { "COD_CESPITI": null, "TIPOLOGIA": null, "MATERIALE": null, "DN_ATTACCO": null, "DN_USCITA": null, "UTENTE_CREAZIONE": null, "DATA_INS": null, "DATA_AGG": null, "OPERATORE": null, "D_STATO": null, "ANGLE": null, "IDGIS": null, "PORTING_CLASSE": null, "PORTING_ID": null, "POINT_X": 548672.88360000029, "POINT_Y": 4226177.542, "COMUNE": "Messina", "VIA_DENOMINAZIONE": "Via Regolo", "N_CIV": null, "SARACINESCA": null, "POINT_Z": null, "GlobalID": "{7A42E7F1-0457-4991-A4D9-96C9DE9FBC48}", "SORGENTE_DATI": "NORMALIZZATA" }, "geometry": { "type": "Point", "coordinates": [ 15.555753537826618, 38.182207344165938, 0.0 ] } },
{ "type": "Feature", "properties": { "COD_CESPITI": null, "TIPOLOGIA": null, "MATERIALE": null, "DN_ATTACCO": null, "DN_USCITA": null, "UTENTE_CREAZIONE": null, "DATA_INS": null, "DATA_AGG": null, "OPERATORE": null, "D_STATO": null, "ANGLE": null, "IDGIS": null, "PORTING_CLASSE": null, "PORTING_ID": null, "POINT_X": 548477.93350000028, "POINT_Y": 4226158.7004000004, "COMUNE": "Messina", "VIA_DENOMINAZIONE": "Via Santa Cecilia - Giordano Bruno", "N_CIV": null, "SARACINESCA": null, "POINT_Z": null, "GlobalID": "{1C9544EE-2424-4E2C-A16B-127779A3D4DD}", "SORGENTE_DATI": "NORMALIZZATA" }, "geometry": { "type": "Point", "coordinates": [ 15.553526382649844, 38.182048053755025, 0.0 ] } },
{ "type": "Feature", "properties": { "COD_CESPITI": null, "TIPOLOGIA": null, "MATERIALE": null, "DN_ATTACCO": null, "DN_USCITA": null, "UTENTE_CREAZIONE": null, "DATA_INS": null, "DATA_AGG": null, "OPERATORE": null, "D_STATO": null, "ANGLE": null, "IDGIS": null, "PORTING_CLASSE": null, "PORTING_ID": null, "POINT_X": 548139.2544, "POINT_Y": 4227448.77, "COMUNE": "Messina", "VIA_DENOMINAZIONE": null, "N_CIV": null, "SARACINESCA": null, "POINT_Z": null, "GlobalID": "{F3714493-EE02-4A9D-BA17-89CC38F5CEBB}", "SORGENTE_DATI": "NORMALIZZATA" }, "geometry": { "type": "Point", "coordinates": [ 15.549746850059051, 38.193692577853824, 0.0 ] } },
{ "type": "Feature", "properties": { "COD_CESPITI": null, "TIPOLOGIA": null, "MATERIALE": null, "DN_ATTACCO": null, "DN_USCITA": null, "UTENTE_CREAZIONE": null, "DATA_INS": null, "DATA_AGG": null, "OPERATORE": null, "D_STATO": null, "ANGLE": null, "IDGIS": null, "PORTING_CLASSE": null, "PORTING_ID": null, "POINT_X": 548376.72709999979, "POINT_Y": 4227439.981000001, "COMUNE": "Messina", "VIA_DENOMINAZIONE": "Via 24 Maggio", "N_CIV": null, "SARACINESCA": null, "POINT_Z": null, "GlobalID": "{C14F7275-9146-4061-9A17-CAB62017AC48}", "SORGENTE_DATI": "NORMALIZZATA" }, "geometry": { "type": "Point", "coordinates": [ 15.552458056844291, 38.193600641150759, 0.0 ] } },
{ "type": "Feature", "properties": { "COD_CESPITI": null, "TIPOLOGIA": null, "MATERIALE": null, "DN_ATTACCO": null, "DN_USCITA": null, "UTENTE_CREAZIONE": null, "DATA_INS": null, "DATA_AGG": null, "OPERATORE": null, "D_STATO": null, "ANGLE": null, "IDGIS": null, "PORTING_CLASSE": null, "PORTING_ID": null, "POINT_X": 548365.27070000023, "POINT_Y": 4227375.4567000009, "COMUNE": "Messina", "VIA_DENOMINAZIONE": "Via XXIV Maggio", "N_CIV": null, "SARACINESCA": null, "POINT_Z": null, "GlobalID": "{FB1D35AD-2556-428E-AE38-198AEFE4C328}", "SORGENTE_DATI": "NORMALIZZATA" }, "geometry": { "type": "Point", "coordinates": [ 15.552322839355806, 38.193019751853058, 0.0 ] } },
{ "type": "Feature", "properties": { "COD_CESPITI": null, "TIPOLOGIA": null, "MATERIALE": null, "DN_ATTACCO": null, "DN_USCITA": null, "UTENTE_CREAZIONE": null, "DATA_INS": null, "DATA_AGG": null, "OPERATORE": null, "D_STATO": null, "ANGLE": null, "IDGIS": null, "PORTING_CLASSE": null, "PORTING_ID": null, "POINT_X": 548650.24870000035, "POINT_Y": 4227154.9272000007, "COMUNE": "Messina", "VIA_DENOMINAZIONE": null, "N_CIV": null, "SARACINESCA": null, "POINT_Z": null, "GlobalID": "{4EDE1634-7FAC-42D7-973C-0E4CDF8325DB}", "SORGENTE_DATI": "NORMALIZZATA" }, "geometry": { "type": "Point", "coordinates": [ 15.555561998545878, 38.191016946663453, 0.0 ] } },
{ "type": "Feature", "properties": { "COD_CESPITI": null, "TIPOLOGIA": null, "MATERIALE": null, "DN_ATTACCO": null, "DN_USCITA": null, "UTENTE_CREAZIONE": null, "DATA_INS": null, "DATA_AGG": null, "OPERATORE": null, "D_STATO": null, "ANGLE": null, "IDGIS": null, "PORTING_CLASSE": null, "PORTING_ID": null, "POINT_X": 546833.6563, "POINT_Y": 4223288.6907000002, "COMUNE": "Messina", "VIA_DENOMINAZIONE": "Via Marco Polo", "N_CIV": null, "SARACINESCA": null, "POINT_Z": null, "GlobalID": "{B56B0453-6533-4425-8259-DACAF0727207}", "SORGENTE_DATI": "NORMALIZZATA" }, "geometry": { "type": "Point", "coordinates": [ 15.534563670491876, 38.15626981688316, 0.0 ] } },
{ "type": "Feature", "properties": { "COD_CESPITI": null, "TIPOLOGIA": null, "MATERIALE": null, "DN_ATTACCO": null, "DN_USCITA": null, "UTENTE_CREAZIONE": null, "DATA_INS": null, "DATA_AGG": null, "OPERATORE": null, "D_STATO": null, "ANGLE": null, "IDGIS": null, "PORTING_CLASSE": null, "PORTING_ID": null, "POINT_X": 546832.85979999974, "POINT_Y": 4223289.2694000006, "COMUNE": "Messina", "VIA_DENOMINAZIONE": "Via Marco Polo", "N_CIV": null, "SARACINESCA": null, "POINT_Z": null, "GlobalID": "{CCDF15BE-BEE4-4990-B4CA-C9A47390CDE8}", "SORGENTE_DATI": "NORMALIZZATA" }, "geometry": { "type": "Point", "coordinates": [ 15.534554617605272, 38.156275073658904, 0.0 ] } },
{ "type": "Feature", "properties": { "COD_CESPITI": null, "TIPOLOGIA": null, "MATERIALE": null, "DN_ATTACCO": null, "DN_USCITA": null, "UTENTE_CREAZIONE": null, "DATA_INS": null, "DATA_AGG": null, "OPERATORE": null, "D_STATO": null, "ANGLE": null, "IDGIS": null, "PORTING_CLASSE": null, "PORTING_ID": null, "POINT_X": 546943.87650000025, "POINT_Y": 4223544.1113000009, "COMUNE": "Messina", "VIA_DENOMINAZIONE": "Via A. Sfroza", "N_CIV": null, "SARACINESCA": null, "POINT_Z": null, "GlobalID": "{34BB18D4-79D1-4D3B-B56E-F5C68F7A789A}", "SORGENTE_DATI": "NORMALIZZATA" }, "geometry": { "type": "Point", "coordinates": [ 15.535838528215459, 38.158566001928733, 0.0 ] } },
{ "type": "Feature", "properties": { "COD_CESPITI": null, "TIPOLOGIA": null, "MATERIALE": null, "DN_ATTACCO": null, "DN_USCITA": null, "UTENTE_CREAZIONE": null, "DATA_INS": null, "DATA_AGG": null, "OPERATORE": null, "D_STATO": null, "ANGLE": null, "IDGIS": null, "PORTING_CLASSE": null, "PORTING_ID": null, "POINT_X": 546943.3788000001, "POINT_Y": 4223543.1557, "COMUNE": "Messina", "VIA_DENOMINAZIONE": "Via A. Sfroza", "N_CIV": null, "SARACINESCA": null, "POINT_Z": null, "GlobalID": "{42158356-138B-4415-88B6-4C3E2C877D2B}", "SORGENTE_DATI": "NORMALIZZATA" }, "geometry": { "type": "Point", "coordinates": [ 15.53583278444856, 38.158557415729788, 0.0 ] } },
{ "type": "Feature", "properties": { "COD_CESPITI": null, "TIPOLOGIA": null, "MATERIALE": null, "DN_ATTACCO": null, "DN_USCITA": null, "UTENTE_CREAZIONE": null, "DATA_INS": null, "DATA_AGG": null, "OPERATORE": null, "D_STATO": null, "ANGLE": null, "IDGIS": null, "PORTING_CLASSE": null, "PORTING_ID": null, "POINT_X": 547008.01020000037, "POINT_Y": 4223693.4651999995, "COMUNE": "Messina", "VIA_DENOMINAZIONE": null, "N_CIV": null, "SARACINESCA": null, "POINT_Z": null, "GlobalID": "{8FCF0B71-943A-4C58-B223-DBECB297FFAD}", "SORGENTE_DATI": "NORMALIZZATA" }, "geometry": { "type": "Point", "coordinates": [ 15.536580413707261, 38.159908675889326, 0.0 ] } },
{ "type": "Feature", "properties": { "COD_CESPITI": null, "TIPOLOGIA": null, "MATERIALE": null, "DN_ATTACCO": null, "DN_USCITA": null, "UTENTE_CREAZIONE": null, "DATA_INS": null, "DATA_AGG": null, "OPERATORE": null, "D_STATO": null, "ANGLE": null, "IDGIS": null, "PORTING_CLASSE": null, "PORTING_ID": null, "POINT_X": 546914.2017000001, "POINT_Y": 4223487.162, "COMUNE": "Messina", "VIA_DENOMINAZIONE": null, "N_CIV": null, "SARACINESCA": null, "POINT_Z": null, "GlobalID": "{8E5E8DE5-F461-4B36-9FCA-B3CB74B88CAC}", "SORGENTE_DATI": "NORMALIZZATA" }, "geometry": { "type": "Point", "coordinates": [ 15.535496066772646, 38.158054304755041, 0.0 ] } },
{ "type": "Feature", "properties": { "COD_CESPITI": null, "TIPOLOGIA": null, "MATERIALE": null, "DN_ATTACCO": null, "DN_USCITA": null, "UTENTE_CREAZIONE": null, "DATA_INS": null, "DATA_AGG": null, "OPERATORE": null, "D_STATO": null, "ANGLE": null, "IDGIS": null, "PORTING_CLASSE": null, "PORTING_ID": null, "POINT_X": 546683.6699000001, "POINT_Y": 4222947.7035000008, "COMUNE": "Messina", "VIA_DENOMINAZIONE": "Via Contesse", "N_CIV": null, "SARACINESCA": null, "POINT_Z": null, "GlobalID": "{492E50AA-B9EE-4876-9788-9630F1939472}", "SORGENTE_DATI": "NORMALIZZATA" }, "geometry": { "type": "Point", "coordinates": [ 15.532829419933718, 38.153204526838664, 0.0 ] } },
{ "type": "Feature", "properties": { "COD_CESPITI": null, "TIPOLOGIA": null, "MATERIALE": null, "DN_ATTACCO": null, "DN_USCITA": null, "UTENTE_CREAZIONE": null, "DATA_INS": null, "DATA_AGG": null, "OPERATORE": null, "D_STATO": null, "ANGLE": null, "IDGIS": null, "PORTING_CLASSE": null, "PORTING_ID": null, "POINT_X": 548046.67740000039, "POINT_Y": 4226574.5025999993, "COMUNE": "Messina", "VIA_DENOMINAZIONE": "Via Santa Marta", "N_CIV": null, "SARACINESCA": null, "POINT_Z": null, "GlobalID": "{2FF64564-3A89-4171-8C47-98D27EFB92E5}", "SORGENTE_DATI": "NORMALIZZATA" }, "geometry": { "type": "Point", "coordinates": [ 15.548630565417749, 38.185818455591935, 0.0 ] } },
{ "type": "Feature", "properties": { "COD_CESPITI": null, "TIPOLOGIA": null, "MATERIALE": null, "DN_ATTACCO": null, "DN_USCITA": null, "UTENTE_CREAZIONE": null, "DATA_INS": null, "DATA_AGG": null, "OPERATORE": null, "D_STATO": null, "ANGLE": null, "IDGIS": null, "PORTING_CLASSE": null, "PORTING_ID": null, "POINT_X": 547997.5866, "POINT_Y": 4226562.8233000003, "COMUNE": "Messina", "VIA_DENOMINAZIONE": "Via S. Marta", "N_CIV": null, "SARACINESCA": null, "POINT_Z": null, "GlobalID": "{B56166BA-53B0-4387-B1B5-6DE181307FB0}", "SORGENTE_DATI": "NORMALIZZATA" }, "geometry": { "type": "Point", "coordinates": [ 15.548069247376381, 38.185715817083761, 0.0 ] } },
{ "type": "Feature", "properties": { "COD_CESPITI": null, "TIPOLOGIA": null, "MATERIALE": null, "DN_ATTACCO": null, "DN_USCITA": null, "UTENTE_CREAZIONE": null, "DATA_INS": null, "DATA_AGG": null, "OPERATORE": null, "D_STATO": null, "ANGLE": null, "IDGIS": null, "PORTING_CLASSE": null, "PORTING_ID": null, "POINT_X": 548368.84690000024, "POINT_Y": 4226306.2555999998, "COMUNE": "Messina", "VIA_DENOMINAZIONE": "Via Nino Bixio", "N_CIV": null, "SARACINESCA": null, "POINT_Z": null, "GlobalID": "{C2647622-1213-480A-803D-1EC56B266395}", "SORGENTE_DATI": "NORMALIZZATA" }, "geometry": { "type": "Point", "coordinates": [ 15.552290912486905, 38.183383715327729, 0.0 ] } },
{ "type": "Feature", "properties": { "COD_CESPITI": null, "TIPOLOGIA": "manicotto", "MATERIALE": null, "DN_ATTACCO": null, "DN_USCITA": null, "UTENTE_CREAZIONE": null, "DATA_INS": null, "DATA_AGG": null, "OPERATORE": null, "D_STATO": null, "ANGLE": null, "IDGIS": null, "PORTING_CLASSE": null, "PORTING_ID": null, "POINT_X": 549057.99060000014, "POINT_Y": 4229389.0747999996, "COMUNE": "Messina", "VIA_DENOMINAZIONE": "Via P.ssa Mafalda", "N_CIV": null, "SARACINESCA": null, "POINT_Z": null, "GlobalID": "{563B67C5-F5CE-4BC1-B1D3-D0ABEA2B9112}", "SORGENTE_DATI": "NORMALIZZATA" }, "geometry": { "type": "Point", "coordinates": [ 15.560372316422566, 38.211129316851327, 0.0 ] } },
{ "type": "Feature", "properties": { "COD_CESPITI": null, "TIPOLOGIA": null, "MATERIALE": null, "DN_ATTACCO": null, "DN_USCITA": null, "UTENTE_CREAZIONE": null, "DATA_INS": null, "DATA_AGG": null, "OPERATORE": null, "D_STATO": null, "ANGLE": null, "IDGIS": null, "PORTING_CLASSE": null, "PORTING_ID": null, "POINT_X": 556227.537, "POINT_Y": 4235369.7531000003, "COMUNE": "Messina", "VIA_DENOMINAZIONE": null, "N_CIV": null, "SARACINESCA": null, "POINT_Z": null, "GlobalID": "{66595815-18AB-4435-8F4E-3317C1DBAAF8}", "SORGENTE_DATI": "NORMALIZZATA" }, "geometry": { "type": "Point", "coordinates": [ 15.642737399297168, 38.264607525310161, 0.0 ] } },
{ "type": "Feature", "properties": { "COD_CESPITI": null, "TIPOLOGIA": null, "MATERIALE": null, "DN_ATTACCO": null, "DN_USCITA": null, "UTENTE_CREAZIONE": null, "DATA_INS": null, "DATA_AGG": null, "OPERATORE": null, "D_STATO": null, "ANGLE": null, "IDGIS": null, "PORTING_CLASSE": null, "PORTING_ID": null, "POINT_X": 556012.7473, "POINT_Y": 4235198.0051000006, "COMUNE": "Messina", "VIA_DENOMINAZIONE": null, "N_CIV": null, "SARACINESCA": null, "POINT_Z": null, "GlobalID": "{52EF1E27-83C4-4539-AB5F-FAAD4F994707}", "SORGENTE_DATI": "NORMALIZZATA" }, "geometry": { "type": "Point", "coordinates": [ 15.640268692331023, 38.263073166645313, 0.0 ] } },
{ "type": "Feature", "properties": { "COD_CESPITI": null, "TIPOLOGIA": null, "MATERIALE": null, "DN_ATTACCO": null, "DN_USCITA": null, "UTENTE_CREAZIONE": null, "DATA_INS": null, "DATA_AGG": null, "OPERATORE": null, "D_STATO": null, "ANGLE": null, "IDGIS": null, "PORTING_CLASSE": null, "PORTING_ID": null, "POINT_X": 555729.04420000035, "POINT_Y": 4235213.0075000003, "COMUNE": "Messina", "VIA_DENOMINAZIONE": null, "N_CIV": null, "SARACINESCA": null, "POINT_Z": null, "GlobalID": "{8766AE0F-B8A9-493B-9710-B1EA4373B656}", "SORGENTE_DATI": "NORMALIZZATA" }, "geometry": { "type": "Point", "coordinates": [ 15.63702711455713, 38.263226016362893, 0.0 ] } },
{ "type": "Feature", "properties": { "COD_CESPITI": null, "TIPOLOGIA": null, "MATERIALE": null, "DN_ATTACCO": null, "DN_USCITA": null, "UTENTE_CREAZIONE": null, "DATA_INS": null, "DATA_AGG": null, "OPERATORE": null, "D_STATO": null, "ANGLE": null, "IDGIS": null, "PORTING_CLASSE": null, "PORTING_ID": null, "POINT_X": 555818.87380000018, "POINT_Y": 4235374.413000001, "COMUNE": "Messina", "VIA_DENOMINAZIONE": null, "N_CIV": null, "SARACINESCA": null, "POINT_Z": null, "GlobalID": "{7C41A478-BDC3-4157-99A3-08EA3F4D8251}", "SORGENTE_DATI": "NORMALIZZATA" }, "geometry": { "type": "Point", "coordinates": [ 15.63806660319341, 38.26467501346032, 0.0 ] } },
{ "type": "Feature", "properties": { "COD_CESPITI": null, "TIPOLOGIA": null, "MATERIALE": null, "DN_ATTACCO": null, "DN_USCITA": null, "UTENTE_CREAZIONE": null, "DATA_INS": null, "DATA_AGG": null, "OPERATORE": null, "D_STATO": null, "ANGLE": null, "IDGIS": null, "PORTING_CLASSE": null, "PORTING_ID": null, "POINT_X": 555926.362, "POINT_Y": 4235479.8893999998, "COMUNE": "Messina", "VIA_DENOMINAZIONE": null, "N_CIV": null, "SARACINESCA": null, "POINT_Z": null, "GlobalID": "{EADEA32F-42B1-48F2-926B-8CBDF0498381}", "SORGENTE_DATI": "NORMALIZZATA" }, "geometry": { "type": "Point", "coordinates": [ 15.63930356367297, 38.265618871999337, 0.0 ] } },
{ "type": "Feature", "properties": { "COD_CESPITI": null, "TIPOLOGIA": null, "MATERIALE": null, "DN_ATTACCO": null, "DN_USCITA": null, "UTENTE_CREAZIONE": null, "DATA_INS": null, "DATA_AGG": null, "OPERATORE": null, "D_STATO": null, "ANGLE": null, "IDGIS": null, "PORTING_CLASSE": null, "PORTING_ID": null, "POINT_X": 555450.37160000019, "POINT_Y": 4235654.0222999994, "COMUNE": "Messina", "VIA_DENOMINAZIONE": null, "N_CIV": null, "SARACINESCA": null, "POINT_Z": null, "GlobalID": "{800CF532-E670-49C8-B8B8-E89D4F68F3B4}", "SORGENTE_DATI": "NORMALIZZATA" }, "geometry": { "type": "Point", "coordinates": [ 15.633876385432522, 38.26721766387449, 0.0 ] } },
{ "type": "Feature", "properties": { "COD_CESPITI": null, "TIPOLOGIA": null, "MATERIALE": null, "DN_ATTACCO": null, "DN_USCITA": null, "UTENTE_CREAZIONE": null, "DATA_INS": null, "DATA_AGG": null, "OPERATORE": null, "D_STATO": null, "ANGLE": null, "IDGIS": null, "PORTING_CLASSE": null, "PORTING_ID": null, "POINT_X": 553600.02940000035, "POINT_Y": 4234533.9993999992, "COMUNE": "Messina", "VIA_DENOMINAZIONE": null, "N_CIV": null, "SARACINESCA": null, "POINT_Z": null, "GlobalID": "{1DAF5627-7166-448F-8A67-74925D9240F8}", "SORGENTE_DATI": "NORMALIZZATA" }, "geometry": { "type": "Point", "coordinates": [ 15.612640709701292, 38.257236393163438, 0.0 ] } },
{ "type": "Feature", "properties": { "COD_CESPITI": null, "TIPOLOGIA": null, "MATERIALE": null, "DN_ATTACCO": null, "DN_USCITA": null, "UTENTE_CREAZIONE": null, "DATA_INS": null, "DATA_AGG": null, "OPERATORE": null, "D_STATO": null, "ANGLE": null, "IDGIS": null, "PORTING_CLASSE": null, "PORTING_ID": null, "POINT_X": 551393.6508, "POINT_Y": 4233803.8328000009, "COMUNE": "Messina", "VIA_DENOMINAZIONE": null, "N_CIV": null, "SARACINESCA": null, "POINT_Z": null, "GlobalID": "{A2716E3E-F613-4393-BF27-94A40ABA026E}", "SORGENTE_DATI": "NORMALIZZATA" }, "geometry": { "type": "Point", "coordinates": [ 15.587370395554306, 38.250785049123166, 0.0 ] } },
{ "type": "Feature", "properties": { "COD_CESPITI": null, "TIPOLOGIA": null, "MATERIALE": null, "DN_ATTACCO": null, "DN_USCITA": null, "UTENTE_CREAZIONE": null, "DATA_INS": null, "DATA_AGG": null, "OPERATORE": null, "D_STATO": null, "ANGLE": null, "IDGIS": null, "PORTING_CLASSE": null, "PORTING_ID": null, "POINT_X": 552837.35670000035, "POINT_Y": 4234420.3158999998, "COMUNE": "Messina", "VIA_DENOMINAZIONE": null, "N_CIV": null, "SARACINESCA": null, "POINT_Z": null, "GlobalID": "{D61A71F6-3F6D-483F-8BA1-AA9A9F0EBCD9}", "SORGENTE_DATI": "NORMALIZZATA" }, "geometry": { "type": "Point", "coordinates": [ 15.603915439687233, 38.256257061074344, 0.0 ] } },
{ "type": "Feature", "properties": { "COD_CESPITI": null, "TIPOLOGIA": null, "MATERIALE": null, "DN_ATTACCO": null, "DN_USCITA": null, "UTENTE_CREAZIONE": null, "DATA_INS": null, "DATA_AGG": null, "OPERATORE": null, "D_STATO": null, "ANGLE": null, "IDGIS": null, "PORTING_CLASSE": null, "PORTING_ID": null, "POINT_X": 552608.00079999957, "POINT_Y": 4234311.5439, "COMUNE": "Messina", "VIA_DENOMINAZIONE": null, "N_CIV": null, "SARACINESCA": null, "POINT_Z": null, "GlobalID": "{DECAE48E-75A0-4EEF-8074-E200BD0E91F2}", "SORGENTE_DATI": "NORMALIZZATA" }, "geometry": { "type": "Point", "coordinates": [ 15.601286024669637, 38.255290267722025, 0.0 ] } },
{ "type": "Feature", "properties": { "COD_CESPITI": null, "TIPOLOGIA": null, "MATERIALE": null, "DN_ATTACCO": null, "DN_USCITA": null, "UTENTE_CREAZIONE": null, "DATA_INS": null, "DATA_AGG": null, "OPERATORE": null, "D_STATO": null, "ANGLE": null, "IDGIS": null, "PORTING_CLASSE": null, "PORTING_ID": null, "POINT_X": 552203.50509999972, "POINT_Y": 4234015.1806000005, "COMUNE": "Messina", "VIA_DENOMINAZIONE": null, "N_CIV": null, "SARACINESCA": null, "POINT_Z": null, "GlobalID": "{33F4B387-D79B-4CF4-AA40-A7214E02E0CB}", "SORGENTE_DATI": "NORMALIZZATA" }, "geometry": { "type": "Point", "coordinates": [ 15.596641212411081, 38.252643032225635, 0.0 ] } },
{ "type": "Feature", "properties": { "COD_CESPITI": null, "TIPOLOGIA": null, "MATERIALE": null, "DN_ATTACCO": null, "DN_USCITA": null, "UTENTE_CREAZIONE": null, "DATA_INS": null, "DATA_AGG": null, "OPERATORE": null, "D_STATO": null, "ANGLE": null, "IDGIS": null, "PORTING_CLASSE": null, "PORTING_ID": null, "POINT_X": 551959.246, "POINT_Y": 4233906.5054000001, "COMUNE": "Messina", "VIA_DENOMINAZIONE": null, "N_CIV": null, "SARACINESCA": null, "POINT_Z": null, "GlobalID": "{5933895B-EF5C-4F88-8343-52843B84D300}", "SORGENTE_DATI": "NORMALIZZATA" }, "geometry": { "type": "Point", "coordinates": [ 15.593841709521834, 38.251677807778712, 0.0 ] } },
{ "type": "Feature", "properties": { "COD_CESPITI": null, "TIPOLOGIA": null, "MATERIALE": null, "DN_ATTACCO": null, "DN_USCITA": null, "UTENTE_CREAZIONE": null, "DATA_INS": null, "DATA_AGG": null, "OPERATORE": null, "D_STATO": null, "ANGLE": null, "IDGIS": null, "PORTING_CLASSE": null, "PORTING_ID": null, "POINT_X": 551474.73749999981, "POINT_Y": 4233763.2029, "COMUNE": "Messina", "VIA_DENOMINAZIONE": null, "N_CIV": null, "SARACINESCA": null, "POINT_Z": null, "GlobalID": "{484E4DDF-F7D5-498C-A3BB-A6C7A880D733}", "SORGENTE_DATI": "NORMALIZZATA" }, "geometry": { "type": "Point", "coordinates": [ 15.588294126567181, 38.25041424913082, 0.0 ] } },
{ "type": "Feature", "properties": { "COD_CESPITI": null, "TIPOLOGIA": null, "MATERIALE": null, "DN_ATTACCO": null, "DN_USCITA": null, "UTENTE_CREAZIONE": null, "DATA_INS": null, "DATA_AGG": null, "OPERATORE": null, "D_STATO": null, "ANGLE": null, "IDGIS": null, "PORTING_CLASSE": null, "PORTING_ID": null, "POINT_X": 549580.02020000014, "POINT_Y": 4231193.5744000003, "COMUNE": "Messina", "VIA_DENOMINAZIONE": null, "N_CIV": null, "SARACINESCA": null, "POINT_Z": null, "GlobalID": "{8879BEE7-4CB4-4830-9A50-814FA695CAAC}", "SORGENTE_DATI": "NORMALIZZATA" }, "geometry": { "type": "Point", "coordinates": [ 15.566461085073737, 38.227363072469274, 0.0 ] } },
{ "type": "Feature", "properties": { "COD_CESPITI": null, "TIPOLOGIA": null, "MATERIALE": null, "DN_ATTACCO": null, "DN_USCITA": null, "UTENTE_CREAZIONE": null, "DATA_INS": null, "DATA_AGG": null, "OPERATORE": null, "D_STATO": null, "ANGLE": null, "IDGIS": null, "PORTING_CLASSE": null, "PORTING_ID": null, "POINT_X": 549393.59939999972, "POINT_Y": 4231066.4115999993, "COMUNE": "Messina", "VIA_DENOMINAZIONE": null, "N_CIV": null, "SARACINESCA": null, "POINT_Z": null, "GlobalID": "{9A0B68A5-08EB-423E-A422-2B1F921FCD27}", "SORGENTE_DATI": "NORMALIZZATA" }, "geometry": { "type": "Point", "coordinates": [ 15.564322433522225, 38.226227325921506, 0.0 ] } },
{ "type": "Feature", "properties": { "COD_CESPITI": null, "TIPOLOGIA": null, "MATERIALE": null, "DN_ATTACCO": null, "DN_USCITA": null, "UTENTE_CREAZIONE": null, "DATA_INS": null, "DATA_AGG": null, "OPERATORE": null, "D_STATO": null, "ANGLE": null, "IDGIS": null, "PORTING_CLASSE": null, "PORTING_ID": null, "POINT_X": 549397.92559999973, "POINT_Y": 4230983.0908000004, "COMUNE": "Messina", "VIA_DENOMINAZIONE": null, "N_CIV": null, "SARACINESCA": null, "POINT_Z": null, "GlobalID": "{74A9628D-0398-46DD-82E8-9D4BA97F34EC}", "SORGENTE_DATI": "NORMALIZZATA" }, "geometry": { "type": "Point", "coordinates": [ 15.564366056331117, 38.225476191708438, 0.0 ] } },
{ "type": "Feature", "properties": { "COD_CESPITI": null, "TIPOLOGIA": null, "MATERIALE": null, "DN_ATTACCO": null, "DN_USCITA": null, "UTENTE_CREAZIONE": null, "DATA_INS": null, "DATA_AGG": null, "OPERATORE": null, "D_STATO": null, "ANGLE": null, "IDGIS": null, "PORTING_CLASSE": null, "PORTING_ID": null, "POINT_X": 548246.93290000036, "POINT_Y": 4230841.216, "COMUNE": "Messina", "VIA_DENOMINAZIONE": null, "N_CIV": null, "SARACINESCA": null, "POINT_Z": null, "GlobalID": "{F8CA6EF5-CA4F-4F2D-B362-0E85CA47EBF2}", "SORGENTE_DATI": "NORMALIZZATA" }, "geometry": { "type": "Point", "coordinates": [ 15.551207007177114, 38.22426008284458, 0.0 ] } },
{ "type": "Feature", "properties": { "COD_CESPITI": null, "TIPOLOGIA": null, "MATERIALE": null, "DN_ATTACCO": null, "DN_USCITA": null, "UTENTE_CREAZIONE": null, "DATA_INS": null, "DATA_AGG": null, "OPERATORE": null, "D_STATO": null, "ANGLE": null, "IDGIS": null, "PORTING_CLASSE": null, "PORTING_ID": null, "POINT_X": 548359.95409999974, "POINT_Y": 4231485.057, "COMUNE": "Messina", "VIA_DENOMINAZIONE": null, "N_CIV": null, "SARACINESCA": null, "POINT_Z": null, "GlobalID": "{8F66CE96-968A-43AC-B403-A38A9E4206CF}", "SORGENTE_DATI": "NORMALIZZATA" }, "geometry": { "type": "Point", "coordinates": [ 15.552542079020474, 38.230056391741698, 0.0 ] } },
{ "type": "Feature", "properties": { "COD_CESPITI": null, "TIPOLOGIA": null, "MATERIALE": null, "DN_ATTACCO": null, "DN_USCITA": null, "UTENTE_CREAZIONE": null, "DATA_INS": null, "DATA_AGG": null, "OPERATORE": null, "D_STATO": null, "ANGLE": null, "IDGIS": null, "PORTING_CLASSE": null, "PORTING_ID": null, "POINT_X": 548742.5093, "POINT_Y": 4231266.8358999994, "COMUNE": "Messina", "VIA_DENOMINAZIONE": null, "N_CIV": null, "SARACINESCA": null, "POINT_Z": null, "GlobalID": "{461D624F-0865-4DA3-BB45-C4F3615877B1}", "SORGENTE_DATI": "NORMALIZZATA" }, "geometry": { "type": "Point", "coordinates": [ 15.556897820273754, 38.228069100287854, 0.0 ] } },
{ "type": "Feature", "properties": { "COD_CESPITI": null, "TIPOLOGIA": null, "MATERIALE": null, "DN_ATTACCO": null, "DN_USCITA": null, "UTENTE_CREAZIONE": null, "DATA_INS": null, "DATA_AGG": null, "OPERATORE": null, "D_STATO": null, "ANGLE": null, "IDGIS": null, "PORTING_CLASSE": null, "PORTING_ID": null, "POINT_X": 548646.30159999989, "POINT_Y": 4230470.328, "COMUNE": "Messina", "VIA_DENOMINAZIONE": null, "N_CIV": null, "SARACINESCA": null, "POINT_Z": null, "GlobalID": "{405CA38B-C8BD-44C3-BECC-82E57089FEAA}", "SORGENTE_DATI": "NORMALIZZATA" }, "geometry": { "type": "Point", "coordinates": [ 15.555744050696498, 38.220896077506424, 0.0 ] } },
{ "type": "Feature", "properties": { "COD_CESPITI": null, "TIPOLOGIA": null, "MATERIALE": null, "DN_ATTACCO": null, "DN_USCITA": null, "UTENTE_CREAZIONE": null, "DATA_INS": null, "DATA_AGG": null, "OPERATORE": null, "D_STATO": null, "ANGLE": null, "IDGIS": null, "PORTING_CLASSE": null, "PORTING_ID": null, "POINT_X": 548645.07210000046, "POINT_Y": 4230471.423, "COMUNE": "Messina", "VIA_DENOMINAZIONE": null, "N_CIV": null, "SARACINESCA": null, "POINT_Z": null, "GlobalID": "{527EE41A-09EC-4EF5-A57A-85062928D691}", "SORGENTE_DATI": "NORMALIZZATA" }, "geometry": { "type": "Point", "coordinates": [ 15.555730080346283, 38.220906012290307, 0.0 ] } },
{ "type": "Feature", "properties": { "COD_CESPITI": null, "TIPOLOGIA": null, "MATERIALE": null, "DN_ATTACCO": null, "DN_USCITA": null, "UTENTE_CREAZIONE": null, "DATA_INS": null, "DATA_AGG": null, "OPERATORE": null, "D_STATO": null, "ANGLE": null, "IDGIS": null, "PORTING_CLASSE": null, "PORTING_ID": null, "POINT_X": 549208.80460000038, "POINT_Y": 4230262.5694999993, "COMUNE": "Messina", "VIA_DENOMINAZIONE": null, "N_CIV": null, "SARACINESCA": null, "POINT_Z": null, "GlobalID": "{96E06D2B-C19C-4F13-BE91-090D07C88BA5}", "SORGENTE_DATI": "NORMALIZZATA" }, "geometry": { "type": "Point", "coordinates": [ 15.562155494341406, 38.218993133149169, 0.0 ] } },
{ "type": "Feature", "properties": { "COD_CESPITI": null, "TIPOLOGIA": null, "MATERIALE": null, "DN_ATTACCO": null, "DN_USCITA": null, "UTENTE_CREAZIONE": null, "DATA_INS": null, "DATA_AGG": null, "OPERATORE": null, "D_STATO": null, "ANGLE": null, "IDGIS": null, "PORTING_CLASSE": null, "PORTING_ID": null, "POINT_X": 548422.2388000004, "POINT_Y": 4230521.9748, "COMUNE": "Messina", "VIA_DENOMINAZIONE": null, "N_CIV": null, "SARACINESCA": null, "POINT_Z": null, "GlobalID": "{92A56C47-3F83-489F-916D-C438A056DF1B}", "SORGENTE_DATI": "NORMALIZZATA" }, "geometry": { "type": "Point", "coordinates": [ 15.553187952091731, 38.22137361598795, 0.0 ] } },
{ "type": "Feature", "properties": { "COD_CESPITI": null, "TIPOLOGIA": null, "MATERIALE": null, "DN_ATTACCO": null, "DN_USCITA": null, "UTENTE_CREAZIONE": null, "DATA_INS": null, "DATA_AGG": null, "OPERATORE": null, "D_STATO": null, "ANGLE": null, "IDGIS": null, "PORTING_CLASSE": null, "PORTING_ID": null, "POINT_X": 548445.48259999976, "POINT_Y": 4230229.9072999991, "COMUNE": "Messina", "VIA_DENOMINAZIONE": null, "N_CIV": null, "SARACINESCA": null, "POINT_Z": null, "GlobalID": "{DC8D4FB0-8E99-43C6-8964-7F84F457AD77}", "SORGENTE_DATI": "NORMALIZZATA" }, "geometry": { "type": "Point", "coordinates": [ 15.5534335440863, 38.218740211087948, 0.0 ] } },
{ "type": "Feature", "properties": { "COD_CESPITI": null, "TIPOLOGIA": null, "MATERIALE": null, "DN_ATTACCO": null, "DN_USCITA": null, "UTENTE_CREAZIONE": null, "DATA_INS": null, "DATA_AGG": null, "OPERATORE": null, "D_STATO": null, "ANGLE": null, "IDGIS": null, "PORTING_CLASSE": null, "PORTING_ID": null, "POINT_X": 548913.53270000033, "POINT_Y": 4230273.516000001, "COMUNE": "Messina", "VIA_DENOMINAZIONE": null, "N_CIV": null, "SARACINESCA": null, "POINT_Z": null, "GlobalID": "{0D286A7C-962D-436C-908F-87BCB07A5C5E}", "SORGENTE_DATI": "NORMALIZZATA" }, "geometry": { "type": "Point", "coordinates": [ 15.558783246599949, 38.219107889103334, 0.0 ] } },
{ "type": "Feature", "properties": { "COD_CESPITI": null, "TIPOLOGIA": null, "MATERIALE": null, "DN_ATTACCO": null, "DN_USCITA": null, "UTENTE_CREAZIONE": null, "DATA_INS": null, "DATA_AGG": null, "OPERATORE": null, "D_STATO": null, "ANGLE": null, "IDGIS": null, "PORTING_CLASSE": null, "PORTING_ID": null, "POINT_X": 549237.5022, "POINT_Y": 4230213.4615000002, "COMUNE": "Messina", "VIA_DENOMINAZIONE": null, "N_CIV": null, "SARACINESCA": null, "POINT_Z": null, "GlobalID": "{7379CB85-38E6-41DE-B2CB-6B4CEB6814C1}", "SORGENTE_DATI": "NORMALIZZATA" }, "geometry": { "type": "Point", "coordinates": [ 15.562479910475918, 38.218548995171169, 0.0 ] } },
{ "type": "Feature", "properties": { "COD_CESPITI": null, "TIPOLOGIA": null, "MATERIALE": null, "DN_ATTACCO": null, "DN_USCITA": null, "UTENTE_CREAZIONE": null, "DATA_INS": null, "DATA_AGG": null, "OPERATORE": null, "D_STATO": null, "ANGLE": null, "IDGIS": null, "PORTING_CLASSE": null, "PORTING_ID": null, "POINT_X": 549197.6902000001, "POINT_Y": 4230031.1065999996, "COMUNE": "Messina", "VIA_DENOMINAZIONE": null, "N_CIV": null, "SARACINESCA": null, "POINT_Z": null, "GlobalID": "{720EE166-5E64-41F7-8DD2-DF98AAF3D031}", "SORGENTE_DATI": "NORMALIZZATA" }, "geometry": { "type": "Point", "coordinates": [ 15.562012484609536, 38.216907767303169, 0.0 ] } },
{ "type": "Feature", "properties": { "COD_CESPITI": null, "TIPOLOGIA": null, "MATERIALE": null, "DN_ATTACCO": null, "DN_USCITA": null, "UTENTE_CREAZIONE": null, "DATA_INS": null, "DATA_AGG": null, "OPERATORE": null, "D_STATO": null, "ANGLE": null, "IDGIS": null, "PORTING_CLASSE": null, "PORTING_ID": null, "POINT_X": 549270.9768000003, "POINT_Y": 4230087.0897000004, "COMUNE": "Messina", "VIA_DENOMINAZIONE": null, "N_CIV": null, "SARACINESCA": null, "POINT_Z": null, "GlobalID": "{D6100844-CC3C-46F5-B936-A7C19100BA19}", "SORGENTE_DATI": "NORMALIZZATA" }, "geometry": { "type": "Point", "coordinates": [ 15.5628535273519, 38.217408283303477, 0.0 ] } },
{ "type": "Feature", "properties": { "COD_CESPITI": null, "TIPOLOGIA": null, "MATERIALE": null, "DN_ATTACCO": null, "DN_USCITA": null, "UTENTE_CREAZIONE": null, "DATA_INS": null, "DATA_AGG": null, "OPERATORE": null, "D_STATO": null, "ANGLE": null, "IDGIS": null, "PORTING_CLASSE": null, "PORTING_ID": null, "POINT_X": 549040.89080000017, "POINT_Y": 4229470.0296999998, "COMUNE": "Messina", "VIA_DENOMINAZIONE": "Viale Regina Elena", "N_CIV": null, "SARACINESCA": null, "POINT_Z": null, "GlobalID": "{ADB50BD6-314E-4363-BDAB-C3C7672DC664}", "SORGENTE_DATI": "NORMALIZZATA" }, "geometry": { "type": "Point", "coordinates": [ 15.560182592389218, 38.211859826155525, 0.0 ] } }
]
}
