{
"type": "FeatureCollection",
"name": "PUNTO_MISURA",
"crs": { "type": "name", "properties": { "name": "urn:ogc:def:crs:OGC:1.3:CRS84" } },
"features": [
{ "type": "Feature", "properties": { "COD_ID": "OR_S01_QI1", "DENOMINAZIONE": "ORTOLIUZZO", "UTENTE_CREAZIONE": null, "DATA_INS": null, "DATA_AGG": null, "OPERATORE": null, "D_STATO": null, "ANGLE": null, "IDGIS": null, "PORTING_CLASS": null, "PORTING_ID": null, "POINT_X": 540687.2502, "POINT_Y": 4234342.8636999996, "COMUNE": "Messina", "VIA_DENOMINAZIONE": null, "N_CIVICO": null, "STATO_FUNZIONALITA": null, "STATO_CONSERVAZIONE": null, "Note": "ENTRATA", "created_user": "GIOVANNI1", "created_date": "2024-11-13T14:45:03Z", "last_edited_user": "SERGIO", "last_edited_date": "2026-04-29T14:36:04Z", "TIPO": "PORTATA", "DISTRETTO": "SI", "SORGENTE_DATI": "RILEVATA" }, "geometry": { "type": "Point", "coordinates": [ 15.465043706246338, 38.256191529837572, 0.0 ] } },
{ "type": "Feature", "properties": { "COD_ID": "OR_S01_QU1", "DENOMINAZIONE": "ORTOLIUZZO", "UTENTE_CREAZIONE": null, "DATA_INS": null, "DATA_AGG": null, "OPERATORE": null, "D_STATO": null, "ANGLE": null, "IDGIS": null, "PORTING_CLASS": null, "PORTING_ID": null, "POINT_X": 540686.9682, "POINT_Y": 4234341.7713000001, "COMUNE": "Messina", "VIA_DENOMINAZIONE": null, "N_CIVICO": null, "STATO_FUNZIONALITA": null, "STATO_CONSERVAZIONE": null, "Note": "USCITA", "created_user": "GIOVANNI1", "created_date": "2024-11-13T14:45:03Z", "last_edited_user": "SERGIO", "last_edited_date": "2026-04-29T14:36:04Z", "TIPO": "PORTATA", "DISTRETTO": "SI", "SORGENTE_DATI": "RILEVATA" }, "geometry": { "type": "Point", "coordinates": [ 15.465040420416909, 38.25618169767354, 0.0 ] } },
{ "type": "Feature", "properties": { "COD_ID": "OR_S01_L1", "DENOMINAZIONE": "ORTOLIUZZO", "UTENTE_CREAZIONE": null, "DATA_INS": null, "DATA_AGG": null, "OPERATORE": null, "D_STATO": null, "ANGLE": null, "IDGIS": null, "PORTING_CLASS": null, "PORTING_ID": null, "POINT_X": 540689.5684, "POINT_Y": 4234341.6195, "COMUNE": "Messina", "VIA_DENOMINAZIONE": null, "N_CIVICO": null, "STATO_FUNZIONALITA": null, "STATO_CONSERVAZIONE": null, "Note": null, "created_user": "GIOVANNI1", "created_date": "2024-11-13T14:45:03Z", "last_edited_user": "SERGIO", "last_edited_date": "2026-04-29T14:36:04Z", "TIPO": "LIVELLO", "DISTRETTO": "SI", "SORGENTE_DATI": "RILEVATA" }, "geometry": { "type": "Point", "coordinates": [ 15.465070130335365, 38.256180211847372, 0.0 ] } },
{ "type": "Feature", "properties": { "COD_ID": "RO_S01_QI1", "DENOMINAZIONE": "RODIA", "UTENTE_CREAZIONE": null, "DATA_INS": null, "DATA_AGG": null, "OPERATORE": null, "D_STATO": null, "ANGLE": null, "IDGIS": null, "PORTING_CLASS": null, "PORTING_ID": null, "POINT_X": 542618.6608, "POINT_Y": 4235991.9638, "COMUNE": "Messina", "VIA_DENOMINAZIONE": null, "N_CIVICO": null, "STATO_FUNZIONALITA": null, "STATO_CONSERVAZIONE": null, "Note": "ENTRATA", "created_user": "GIOVANNI1", "created_date": "2024-11-13T14:45:03Z", "last_edited_user": "SERGIO", "last_edited_date": "2026-04-29T14:36:04Z", "TIPO": "PORTATA", "DISTRETTO": "SI", "SORGENTE_DATI": "RILEVATA" }, "geometry": { "type": "Point", "coordinates": [ 15.487217717901865, 38.270963942348629, 0.0 ] } },
{ "type": "Feature", "properties": { "COD_ID": "RO_S01_QU1", "DENOMINAZIONE": "RODIA", "UTENTE_CREAZIONE": null, "DATA_INS": null, "DATA_AGG": null, "OPERATORE": null, "D_STATO": null, "ANGLE": null, "IDGIS": null, "PORTING_CLASS": null, "PORTING_ID": null, "POINT_X": 542615.3601, "POINT_Y": 4235990.4599000001, "COMUNE": "Messina", "VIA_DENOMINAZIONE": null, "N_CIVICO": null, "STATO_FUNZIONALITA": null, "STATO_CONSERVAZIONE": null, "Note": "USCITA", "created_user": "GIOVANNI1", "created_date": "2024-11-13T14:45:03Z", "last_edited_user": "SERGIO", "last_edited_date": "2026-04-29T14:36:04Z", "TIPO": "PORTATA", "DISTRETTO": "SI", "SORGENTE_DATI": "RILEVATA" }, "geometry": { "type": "Point", "coordinates": [ 15.487179894923415, 38.270950545636595, 0.0 ] } },
{ "type": "Feature", "properties": { "COD_ID": "SA_S02_L1", "DENOMINAZIONE": "SALICE", "UTENTE_CREAZIONE": null, "DATA_INS": null, "DATA_AGG": null, "OPERATORE": null, "D_STATO": null, "ANGLE": null, "IDGIS": null, "PORTING_CLASS": null, "PORTING_ID": null, "POINT_X": 542444.9843, "POINT_Y": 4234518.1777999997, "COMUNE": "Messina", "VIA_DENOMINAZIONE": "FORTE DEI CENTRI", "N_CIVICO": null, "STATO_FUNZIONALITA": null, "STATO_CONSERVAZIONE": null, "Note": null, "created_user": "GIOVANNI1", "created_date": "2024-11-13T14:45:03Z", "last_edited_user": "SERGIO", "last_edited_date": "2026-04-29T14:36:04Z", "TIPO": "LIVELLO", "DISTRETTO": "SI", "SORGENTE_DATI": "RILEVATA" }, "geometry": { "type": "Point", "coordinates": [ 15.485143961364967, 38.257690160246717, 0.0 ] } },
{ "type": "Feature", "properties": { "COD_ID": "GE_S01_QU1", "DENOMINAZIONE": "GESSO", "UTENTE_CREAZIONE": null, "DATA_INS": null, "DATA_AGG": null, "OPERATORE": null, "D_STATO": null, "ANGLE": null, "IDGIS": null, "PORTING_CLASS": null, "PORTING_ID": null, "POINT_X": 541508.6824, "POINT_Y": 4231770.4978, "COMUNE": "Messina", "VIA_DENOMINAZIONE": null, "N_CIVICO": null, "STATO_FUNZIONALITA": null, "STATO_CONSERVAZIONE": null, "Note": "USCITA", "created_user": "GIOVANNI1", "created_date": "2024-11-13T14:45:03Z", "last_edited_user": "SERGIO", "last_edited_date": "2026-04-29T14:36:04Z", "TIPO": "PORTATA", "DISTRETTO": "SI", "SORGENTE_DATI": "RILEVATA" }, "geometry": { "type": "Point", "coordinates": [ 15.474281493931059, 38.232971236695235, 0.0 ] } },
{ "type": "Feature", "properties": { "COD_ID": "GE_S01_QI1", "DENOMINAZIONE": "GESSO", "UTENTE_CREAZIONE": null, "DATA_INS": null, "DATA_AGG": null, "OPERATORE": null, "D_STATO": null, "ANGLE": null, "IDGIS": null, "PORTING_CLASS": null, "PORTING_ID": null, "POINT_X": 541510.2198, "POINT_Y": 4231764.9506000001, "COMUNE": "Messina", "VIA_DENOMINAZIONE": null, "N_CIVICO": null, "STATO_FUNZIONALITA": null, "STATO_CONSERVAZIONE": null, "Note": "ENTRATA", "created_user": "GIOVANNI1", "created_date": "2024-11-13T14:45:03Z", "last_edited_user": "SERGIO", "last_edited_date": "2026-04-29T14:36:04Z", "TIPO": "PORTATA", "DISTRETTO": "SI", "SORGENTE_DATI": "RILEVATA" }, "geometry": { "type": "Point", "coordinates": [ 15.474293562088524, 38.232922330435272, 364.046900000001187 ] } },
{ "type": "Feature", "properties": { "COD_ID": "GE_S01_L1", "DENOMINAZIONE": "GESSO", "UTENTE_CREAZIONE": null, "DATA_INS": null, "DATA_AGG": null, "OPERATORE": null, "D_STATO": null, "ANGLE": null, "IDGIS": null, "PORTING_CLASS": null, "PORTING_ID": null, "POINT_X": 541503.5459, "POINT_Y": 4231767.1645, "COMUNE": "Messina", "VIA_DENOMINAZIONE": null, "N_CIVICO": null, "STATO_FUNZIONALITA": null, "STATO_CONSERVAZIONE": null, "Note": null, "created_user": "GIOVANNI1", "created_date": "2024-11-13T14:45:03Z", "last_edited_user": "SERGIO", "last_edited_date": "2026-04-29T14:36:04Z", "TIPO": "LIVELLO", "DISTRETTO": "SI", "SORGENTE_DATI": "RILEVATA" }, "geometry": { "type": "Point", "coordinates": [ 15.474222610648761, 38.232941433352607, 0.0 ] } },
{ "type": "Feature", "properties": { "COD_ID": "GL_S01_PU1", "DENOMINAZIONE": "GESSO LOCANDA", "UTENTE_CREAZIONE": null, "DATA_INS": null, "DATA_AGG": null, "OPERATORE": null, "D_STATO": null, "ANGLE": null, "IDGIS": null, "PORTING_CLASS": null, "PORTING_ID": null, "POINT_X": 543524.1366, "POINT_Y": 4231343.8783999998, "COMUNE": "Messina", "VIA_DENOMINAZIONE": null, "N_CIVICO": null, "STATO_FUNZIONALITA": null, "STATO_CONSERVAZIONE": null, "Note": "USCITA", "created_user": "GIOVANNI1", "created_date": "2024-11-13T14:45:03Z", "last_edited_user": "SERGIO", "last_edited_date": "2026-04-29T14:36:04Z", "TIPO": "PRESSIONE", "DISTRETTO": "SI", "SORGENTE_DATI": "RILEVATA" }, "geometry": { "type": "Point", "coordinates": [ 15.497283269505571, 38.229031145440658, 0.0 ] } },
{ "type": "Feature", "properties": { "COD_ID": "GL_S01_L1", "DENOMINAZIONE": "GESSO LOCANDA", "UTENTE_CREAZIONE": null, "DATA_INS": null, "DATA_AGG": null, "OPERATORE": null, "D_STATO": null, "ANGLE": null, "IDGIS": null, "PORTING_CLASS": null, "PORTING_ID": null, "POINT_X": 543518.9888000001, "POINT_Y": 4231349.1300999997, "COMUNE": "Messina", "VIA_DENOMINAZIONE": null, "N_CIVICO": null, "STATO_FUNZIONALITA": null, "STATO_CONSERVAZIONE": null, "Note": null, "created_user": "GIOVANNI1", "created_date": "2024-11-13T14:45:03Z", "last_edited_user": "SERGIO", "last_edited_date": "2026-04-29T14:36:04Z", "TIPO": "LIVELLO", "DISTRETTO": "SI", "SORGENTE_DATI": "RILEVATA" }, "geometry": { "type": "Point", "coordinates": [ 15.49722477779147, 38.229078724008964, 0.0 ] } },
{ "type": "Feature", "properties": { "COD_ID": "SA_S03_QU1", "DENOMINAZIONE": "SALICE", "UTENTE_CREAZIONE": null, "DATA_INS": null, "DATA_AGG": null, "OPERATORE": null, "D_STATO": null, "ANGLE": null, "IDGIS": null, "PORTING_CLASS": null, "PORTING_ID": null, "POINT_X": 542994.5682, "POINT_Y": 4233363.944, "COMUNE": "Messina", "VIA_DENOMINAZIONE": "FORTE DEI CENTRI", "N_CIVICO": null, "STATO_FUNZIONALITA": null, "STATO_CONSERVAZIONE": null, "Note": "USCITA", "created_user": "GIOVANNI1", "created_date": "2024-11-13T14:45:03Z", "last_edited_user": "SERGIO", "last_edited_date": "2026-04-29T14:36:04Z", "TIPO": "PORTATA", "DISTRETTO": "SI", "SORGENTE_DATI": "RILEVATA" }, "geometry": { "type": "Point", "coordinates": [ 15.491343897277405, 38.247262555524657, 0.0 ] } },
{ "type": "Feature", "properties": { "COD_ID": "SA_S01_QI1", "DENOMINAZIONE": "SALICE", "UTENTE_CREAZIONE": null, "DATA_INS": null, "DATA_AGG": null, "OPERATORE": null, "D_STATO": null, "ANGLE": null, "IDGIS": null, "PORTING_CLASS": null, "PORTING_ID": null, "POINT_X": 543623.3664000001, "POINT_Y": 4233671.4943000004, "COMUNE": "Messina", "VIA_DENOMINAZIONE": "SALICE", "N_CIVICO": null, "STATO_FUNZIONALITA": null, "STATO_CONSERVAZIONE": null, "Note": "ENTRATA", "created_user": "GIOVANNI1", "created_date": "2024-11-13T14:45:03Z", "last_edited_user": "SERGIO", "last_edited_date": "2026-04-29T14:36:04Z", "TIPO": "PORTATA", "DISTRETTO": "SI", "SORGENTE_DATI": "RILEVATA" }, "geometry": { "type": "Point", "coordinates": [ 15.498560205197176, 38.250003253064264, 0.0 ] } },
{ "type": "Feature", "properties": { "COD_ID": "SA_S01_QI2", "DENOMINAZIONE": "SALICE", "UTENTE_CREAZIONE": null, "DATA_INS": null, "DATA_AGG": null, "OPERATORE": null, "D_STATO": null, "ANGLE": null, "IDGIS": null, "PORTING_CLASS": null, "PORTING_ID": null, "POINT_X": 543623.6329, "POINT_Y": 4233672.4678999996, "COMUNE": "Messina", "VIA_DENOMINAZIONE": "SALICE", "N_CIVICO": null, "STATO_FUNZIONALITA": null, "STATO_CONSERVAZIONE": null, "Note": "ENTRATA", "created_user": "GIOVANNI1", "created_date": "2024-11-13T14:45:03Z", "last_edited_user": "SERGIO", "last_edited_date": "2026-04-29T14:36:04Z", "TIPO": "PORTATA", "DISTRETTO": "SI", "SORGENTE_DATI": "RILEVATA" }, "geometry": { "type": "Point", "coordinates": [ 15.498563310792138, 38.250012014377695, 0.0 ] } },
{ "type": "Feature", "properties": { "COD_ID": "SA_S01_PU1", "DENOMINAZIONE": "SALICE", "UTENTE_CREAZIONE": null, "DATA_INS": null, "DATA_AGG": null, "OPERATORE": null, "D_STATO": null, "ANGLE": null, "IDGIS": null, "PORTING_CLASS": null, "PORTING_ID": null, "POINT_X": 543622.1587, "POINT_Y": 4233668.4995999997, "COMUNE": "Messina", "VIA_DENOMINAZIONE": "SALICE", "N_CIVICO": null, "STATO_FUNZIONALITA": null, "STATO_CONSERVAZIONE": null, "Note": "USCITA", "created_user": "GIOVANNI1", "created_date": "2024-11-13T14:45:03Z", "last_edited_user": "SERGIO", "last_edited_date": "2026-04-29T14:36:04Z", "TIPO": "PRESSIONE", "DISTRETTO": "SI", "SORGENTE_DATI": "RILEVATA" }, "geometry": { "type": "Point", "coordinates": [ 15.4985462188195, 38.249976322941549, 0.0 ] } },
{ "type": "Feature", "properties": { "COD_ID": "SA_S01_QU1", "DENOMINAZIONE": "SALICE", "UTENTE_CREAZIONE": null, "DATA_INS": null, "DATA_AGG": null, "OPERATORE": null, "D_STATO": null, "ANGLE": null, "IDGIS": null, "PORTING_CLASS": null, "PORTING_ID": null, "POINT_X": 543623.0173, "POINT_Y": 4233668.362, "COMUNE": "Messina", "VIA_DENOMINAZIONE": "SALICE", "N_CIVICO": null, "STATO_FUNZIONALITA": null, "STATO_CONSERVAZIONE": null, "Note": "USCITA", "created_user": "GIOVANNI1", "created_date": "2024-11-13T14:45:03Z", "last_edited_user": "SERGIO", "last_edited_date": "2026-04-29T14:36:04Z", "TIPO": "PORTATA", "DISTRETTO": "SI", "SORGENTE_DATI": "RILEVATA" }, "geometry": { "type": "Point", "coordinates": [ 15.498556022719171, 38.249975041181926, 0.0 ] } },
{ "type": "Feature", "properties": { "COD_ID": "SA_S01_L1", "DENOMINAZIONE": "SALICE", "UTENTE_CREAZIONE": null, "DATA_INS": null, "DATA_AGG": null, "OPERATORE": null, "D_STATO": null, "ANGLE": null, "IDGIS": null, "PORTING_CLASS": null, "PORTING_ID": null, "POINT_X": 543624.0153, "POINT_Y": 4233670.2533999998, "COMUNE": "Messina", "VIA_DENOMINAZIONE": "SALICE", "N_CIVICO": null, "STATO_FUNZIONALITA": null, "STATO_CONSERVAZIONE": null, "Note": null, "created_user": "GIOVANNI1", "created_date": "2024-11-13T14:45:03Z", "last_edited_user": "SERGIO", "last_edited_date": "2026-04-29T14:36:04Z", "TIPO": "LIVELLO", "DISTRETTO": "SI", "SORGENTE_DATI": "RILEVATA" }, "geometry": { "type": "Point", "coordinates": [ 15.498567544649321, 38.249992038353618, 0.0 ] } },
{ "type": "Feature", "properties": { "COD_ID": "CO_S01_L1", "DENOMINAZIONE": "CORRIDORE", "UTENTE_CREAZIONE": null, "DATA_INS": null, "DATA_AGG": null, "OPERATORE": null, "D_STATO": null, "ANGLE": null, "IDGIS": null, "PORTING_CLASS": null, "PORTING_ID": null, "POINT_X": 543644.4697, "POINT_Y": 4236328.8398000002, "COMUNE": "Messina", "VIA_DENOMINAZIONE": null, "N_CIVICO": null, "STATO_FUNZIONALITA": null, "STATO_CONSERVAZIONE": null, "Note": null, "created_user": "GIOVANNI1", "created_date": "2024-11-13T14:45:03Z", "last_edited_user": "SERGIO", "last_edited_date": "2026-04-29T14:36:04Z", "TIPO": "LIVELLO", "DISTRETTO": "SI", "SORGENTE_DATI": "RILEVATA" }, "geometry": { "type": "Point", "coordinates": [ 15.498965161195436, 38.273950636810433, 0.0 ] } },
{ "type": "Feature", "properties": { "COD_ID": "SS_S01_QU1", "DENOMINAZIONE": "SAN SABA", "UTENTE_CREAZIONE": null, "DATA_INS": null, "DATA_AGG": null, "OPERATORE": null, "D_STATO": null, "ANGLE": null, "IDGIS": null, "PORTING_CLASS": null, "PORTING_ID": null, "POINT_X": 543906.5651, "POINT_Y": 4237044.6531999996, "COMUNE": "Messina", "VIA_DENOMINAZIONE": "SAN SABA", "N_CIVICO": null, "STATO_FUNZIONALITA": null, "STATO_CONSERVAZIONE": null, "Note": "USCITA", "created_user": "GIOVANNI1", "created_date": "2024-11-13T14:45:03Z", "last_edited_user": "SERGIO", "last_edited_date": "2026-04-29T14:36:04Z", "TIPO": "PORTATA", "DISTRETTO": "SI", "SORGENTE_DATI": "RILEVATA" }, "geometry": { "type": "Point", "coordinates": [ 15.502003990237537, 38.28039633729334, 0.0 ] } },
{ "type": "Feature", "properties": { "COD_ID": "SS_S01_QI1", "DENOMINAZIONE": "SAN SABA", "UTENTE_CREAZIONE": null, "DATA_INS": null, "DATA_AGG": null, "OPERATORE": null, "D_STATO": null, "ANGLE": null, "IDGIS": null, "PORTING_CLASS": null, "PORTING_ID": null, "POINT_X": 543907.0666, "POINT_Y": 4237048.3816, "COMUNE": "Messina", "VIA_DENOMINAZIONE": "SAN SABA", "N_CIVICO": null, "STATO_FUNZIONALITA": null, "STATO_CONSERVAZIONE": null, "Note": "ENTRATA", "created_user": "GIOVANNI1", "created_date": "2024-11-13T14:45:03Z", "last_edited_user": "SERGIO", "last_edited_date": "2026-04-29T14:36:04Z", "TIPO": "PORTATA", "DISTRETTO": "SI", "SORGENTE_DATI": "RILEVATA" }, "geometry": { "type": "Point", "coordinates": [ 15.502011840642059, 38.280422434220142, 0.0 ] } },
{ "type": "Feature", "properties": { "COD_ID": "SS_S01_L1", "DENOMINAZIONE": "SAN SABA", "UTENTE_CREAZIONE": null, "DATA_INS": null, "DATA_AGG": null, "OPERATORE": null, "D_STATO": null, "ANGLE": null, "IDGIS": null, "PORTING_CLASS": null, "PORTING_ID": null, "POINT_X": 543909.8779, "POINT_Y": 4237046.546, "COMUNE": "Messina", "VIA_DENOMINAZIONE": "SAN SABA", "N_CIVICO": null, "STATO_FUNZIONALITA": null, "STATO_CONSERVAZIONE": null, "Note": null, "created_user": "GIOVANNI1", "created_date": "2024-11-13T14:45:03Z", "last_edited_user": "SERGIO", "last_edited_date": "2026-04-29T14:36:04Z", "TIPO": "LIVELLO", "DISTRETTO": "SI", "SORGENTE_DATI": "RILEVATA" }, "geometry": { "type": "Point", "coordinates": [ 15.502045526609045, 38.280395816194122, 0.0 ] } },
{ "type": "Feature", "properties": { "COD_ID": "CA_S01_QU1", "DENOMINAZIONE": "CALAMONA", "UTENTE_CREAZIONE": null, "DATA_INS": null, "DATA_AGG": null, "OPERATORE": null, "D_STATO": null, "ANGLE": null, "IDGIS": null, "PORTING_CLASS": null, "PORTING_ID": null, "POINT_X": 545148.9769, "POINT_Y": 4237399.3907000003, "COMUNE": "Messina", "VIA_DENOMINAZIONE": "CALAMONA", "N_CIVICO": null, "STATO_FUNZIONALITA": null, "STATO_CONSERVAZIONE": null, "Note": "USCITA", "created_user": "GIOVANNI1", "created_date": "2024-11-13T14:45:03Z", "last_edited_user": "SERGIO", "last_edited_date": "2026-04-29T14:36:04Z", "TIPO": "PORTATA", "DISTRETTO": "SI", "SORGENTE_DATI": "RILEVATA" }, "geometry": { "type": "Point", "coordinates": [ 15.516233109546606, 38.283524150968482, 0.0 ] } },
{ "type": "Feature", "properties": { "COD_ID": "CA_S01_PU1", "DENOMINAZIONE": "CALAMONA", "UTENTE_CREAZIONE": null, "DATA_INS": null, "DATA_AGG": null, "OPERATORE": null, "D_STATO": null, "ANGLE": null, "IDGIS": null, "PORTING_CLASS": null, "PORTING_ID": null, "POINT_X": 545148.7911, "POINT_Y": 4237399.0882000001, "COMUNE": "Messina", "VIA_DENOMINAZIONE": "CALAMONA", "N_CIVICO": null, "STATO_FUNZIONALITA": null, "STATO_CONSERVAZIONE": null, "Note": "USCITA", "created_user": "GIOVANNI1", "created_date": "2024-11-13T14:45:03Z", "last_edited_user": "SERGIO", "last_edited_date": "2026-04-29T14:36:04Z", "TIPO": "PRESSIONE", "DISTRETTO": "SI", "SORGENTE_DATI": "RILEVATA" }, "geometry": { "type": "Point", "coordinates": [ 15.516230965883121, 38.283521434156349, 0.0 ] } },
{ "type": "Feature", "properties": { "COD_ID": "CA_S01_L1", "DENOMINAZIONE": "CALAMONA", "UTENTE_CREAZIONE": null, "DATA_INS": null, "DATA_AGG": null, "OPERATORE": null, "D_STATO": null, "ANGLE": null, "IDGIS": null, "PORTING_CLASS": null, "PORTING_ID": null, "POINT_X": 545149.091, "POINT_Y": 4237398.0044999998, "COMUNE": "Messina", "VIA_DENOMINAZIONE": "CALAMONA", "N_CIVICO": null, "STATO_FUNZIONALITA": null, "STATO_CONSERVAZIONE": null, "Note": null, "created_user": "GIOVANNI1", "created_date": "2024-11-13T14:45:03Z", "last_edited_user": "SERGIO", "last_edited_date": "2026-04-29T14:36:04Z", "TIPO": "LIVELLO", "DISTRETTO": "SI", "SORGENTE_DATI": "RILEVATA" }, "geometry": { "type": "Point", "coordinates": [ 15.516234325640976, 38.283511652659136, 0.0 ] } },
{ "type": "Feature", "properties": { "COD_ID": "PI_S01_QI1", "DENOMINAZIONE": "PIANO TORRE", "UTENTE_CREAZIONE": null, "DATA_INS": null, "DATA_AGG": null, "OPERATORE": null, "D_STATO": null, "ANGLE": null, "IDGIS": null, "PORTING_CLASS": null, "PORTING_ID": null, "POINT_X": 545818.135, "POINT_Y": 4238029.0203, "COMUNE": "Messina", "VIA_DENOMINAZIONE": null, "N_CIVICO": null, "STATO_FUNZIONALITA": null, "STATO_CONSERVAZIONE": null, "Note": "ENTRATA", "created_user": "GIOVANNI1", "created_date": "2024-11-13T14:45:03Z", "last_edited_user": "SERGIO", "last_edited_date": "2026-04-29T14:36:04Z", "TIPO": "PORTATA", "DISTRETTO": "SI", "SORGENTE_DATI": "RILEVATA" }, "geometry": { "type": "Point", "coordinates": [ 15.523924753265531, 38.289164510853468, 0.0 ] } },
{ "type": "Feature", "properties": { "COD_ID": "PI_S01_QU1", "DENOMINAZIONE": "PIANO TORRE", "UTENTE_CREAZIONE": null, "DATA_INS": null, "DATA_AGG": null, "OPERATORE": null, "D_STATO": null, "ANGLE": null, "IDGIS": null, "PORTING_CLASS": null, "PORTING_ID": null, "POINT_X": 545818.3934, "POINT_Y": 4238028.9397999998, "COMUNE": "Messina", "VIA_DENOMINAZIONE": null, "N_CIVICO": null, "STATO_FUNZIONALITA": null, "STATO_CONSERVAZIONE": null, "Note": "USCITA", "created_user": "GIOVANNI1", "created_date": "2024-11-13T14:45:03Z", "last_edited_user": "SERGIO", "last_edited_date": "2026-04-29T14:36:04Z", "TIPO": "PORTATA", "DISTRETTO": "SI", "SORGENTE_DATI": "RILEVATA" }, "geometry": { "type": "Point", "coordinates": [ 15.52392770270805, 38.289163772186207, 0.0 ] } },
{ "type": "Feature", "properties": { "COD_ID": "PI_S01_QU2", "DENOMINAZIONE": "PIANO TORRE", "UTENTE_CREAZIONE": null, "DATA_INS": null, "DATA_AGG": null, "OPERATORE": null, "D_STATO": null, "ANGLE": null, "IDGIS": null, "PORTING_CLASS": null, "PORTING_ID": null, "POINT_X": 545818.7965000001, "POINT_Y": 4238027.992, "COMUNE": "Messina", "VIA_DENOMINAZIONE": null, "N_CIVICO": null, "STATO_FUNZIONALITA": null, "STATO_CONSERVAZIONE": null, "Note": "USCITA", "created_user": "GIOVANNI1", "created_date": "2024-11-13T14:45:03Z", "last_edited_user": "SERGIO", "last_edited_date": "2026-04-29T14:36:04Z", "TIPO": "PORTATA", "DISTRETTO": "SI", "SORGENTE_DATI": "RILEVATA" }, "geometry": { "type": "Point", "coordinates": [ 15.523932250520359, 38.289155209954963, 0.0 ] } },
{ "type": "Feature", "properties": { "COD_ID": "PI_S01_L1", "DENOMINAZIONE": "PIANO TORRE", "UTENTE_CREAZIONE": null, "DATA_INS": null, "DATA_AGG": null, "OPERATORE": null, "D_STATO": null, "ANGLE": null, "IDGIS": null, "PORTING_CLASS": null, "PORTING_ID": null, "POINT_X": 545817.7524, "POINT_Y": 4238028.0083, "COMUNE": "Messina", "VIA_DENOMINAZIONE": null, "N_CIVICO": null, "STATO_FUNZIONALITA": null, "STATO_CONSERVAZIONE": null, "Note": null, "created_user": "GIOVANNI1", "created_date": "2024-11-13T14:45:03Z", "last_edited_user": "SERGIO", "last_edited_date": "2026-04-29T14:36:04Z", "TIPO": "LIVELLO", "DISTRETTO": "SI", "SORGENTE_DATI": "RILEVATA" }, "geometry": { "type": "Point", "coordinates": [ 15.523920312883901, 38.289155410168071, 0.0 ] } },
{ "type": "Feature", "properties": { "COD_ID": "SP_S01_QU1", "DENOMINAZIONE": "SPARTA'", "UTENTE_CREAZIONE": null, "DATA_INS": null, "DATA_AGG": null, "OPERATORE": null, "D_STATO": null, "ANGLE": null, "IDGIS": null, "PORTING_CLASS": null, "PORTING_ID": null, "POINT_X": 548091.6818, "POINT_Y": 4238100.1555000003, "COMUNE": "Messina", "VIA_DENOMINAZIONE": "SPARTA'", "N_CIVICO": null, "STATO_FUNZIONALITA": null, "STATO_CONSERVAZIONE": null, "Note": "USCITA", "created_user": "GIOVANNI1", "created_date": "2024-11-13T14:45:03Z", "last_edited_user": "SERGIO", "last_edited_date": "2026-04-29T14:36:04Z", "TIPO": "PORTATA", "DISTRETTO": "SI", "SORGENTE_DATI": "RILEVATA" }, "geometry": { "type": "Point", "coordinates": [ 15.549926238905355, 38.28968660718833, 0.0 ] } },
{ "type": "Feature", "properties": { "COD_ID": "SP_S01_QU2", "DENOMINAZIONE": "SPARTA'", "UTENTE_CREAZIONE": null, "DATA_INS": null, "DATA_AGG": null, "OPERATORE": null, "D_STATO": null, "ANGLE": null, "IDGIS": null, "PORTING_CLASS": null, "PORTING_ID": null, "POINT_X": 548091.9287, "POINT_Y": 4238100.4219000004, "COMUNE": "Messina", "VIA_DENOMINAZIONE": "SPARTA'", "N_CIVICO": null, "STATO_FUNZIONALITA": null, "STATO_CONSERVAZIONE": null, "Note": "USCITA", "created_user": "GIOVANNI1", "created_date": "2024-11-13T14:45:03Z", "last_edited_user": "SERGIO", "last_edited_date": "2026-04-29T14:36:04Z", "TIPO": "PORTATA", "DISTRETTO": "SI", "SORGENTE_DATI": "RILEVATA" }, "geometry": { "type": "Point", "coordinates": [ 15.549929080192619, 38.289688994761718, 0.0 ] } },
{ "type": "Feature", "properties": { "COD_ID": "SP_S01_QI1", "DENOMINAZIONE": "SPARTA'", "UTENTE_CREAZIONE": null, "DATA_INS": null, "DATA_AGG": null, "OPERATORE": null, "D_STATO": null, "ANGLE": null, "IDGIS": null, "PORTING_CLASS": null, "PORTING_ID": null, "POINT_X": 548093.1496, "POINT_Y": 4238099.9918, "COMUNE": "Messina", "VIA_DENOMINAZIONE": "SPARTA'", "N_CIVICO": null, "STATO_FUNZIONALITA": null, "STATO_CONSERVAZIONE": null, "Note": "INGRESSO", "created_user": "GIOVANNI1", "created_date": "2024-11-13T14:45:03Z", "last_edited_user": "SERGIO", "last_edited_date": "2026-04-29T14:36:04Z", "TIPO": "PORTATA", "DISTRETTO": "SI", "SORGENTE_DATI": "RILEVATA" }, "geometry": { "type": "Point", "coordinates": [ 15.549943011285356, 38.289685053243957, 0.0 ] } },
{ "type": "Feature", "properties": { "COD_ID": "SP_S01_L1", "DENOMINAZIONE": "SPARTA'", "UTENTE_CREAZIONE": null, "DATA_INS": null, "DATA_AGG": null, "OPERATORE": null, "D_STATO": null, "ANGLE": null, "IDGIS": null, "PORTING_CLASS": null, "PORTING_ID": null, "POINT_X": 548092.8719, "POINT_Y": 4238099.1896000002, "COMUNE": "Messina", "VIA_DENOMINAZIONE": "SPARTA'", "N_CIVICO": null, "STATO_FUNZIONALITA": null, "STATO_CONSERVAZIONE": null, "Note": null, "created_user": "GIOVANNI1", "created_date": "2024-11-13T14:45:03Z", "last_edited_user": "SERGIO", "last_edited_date": "2026-04-29T14:36:04Z", "TIPO": "LIVELLO", "DISTRETTO": "SI", "SORGENTE_DATI": "RILEVATA" }, "geometry": { "type": "Point", "coordinates": [ 15.54993978137751, 38.289677838671686, 0.0 ] } },
{ "type": "Feature", "properties": { "COD_ID": "SP_S02_QU1", "DENOMINAZIONE": "SPARTA'", "UTENTE_CREAZIONE": null, "DATA_INS": null, "DATA_AGG": null, "OPERATORE": null, "D_STATO": null, "ANGLE": null, "IDGIS": null, "PORTING_CLASS": null, "PORTING_ID": null, "POINT_X": 548326.2308, "POINT_Y": 4238120.0511999996, "COMUNE": "Messina", "VIA_DENOMINAZIONE": "CORSARI", "N_CIVICO": null, "STATO_FUNZIONALITA": null, "STATO_CONSERVAZIONE": null, "Note": "USCITA", "created_user": "GIOVANNI1", "created_date": "2024-11-13T14:45:03Z", "last_edited_user": "SERGIO", "last_edited_date": "2026-04-29T14:36:04Z", "TIPO": "PORTATA", "DISTRETTO": "SI", "SORGENTE_DATI": "RILEVATA" }, "geometry": { "type": "Point", "coordinates": [ 15.552609540879981, 38.28985330568625, 0.0 ] } },
{ "type": "Feature", "properties": { "COD_ID": "SP_S02_QI1", "DENOMINAZIONE": "SPARTA'", "UTENTE_CREAZIONE": null, "DATA_INS": null, "DATA_AGG": null, "OPERATORE": null, "D_STATO": null, "ANGLE": null, "IDGIS": null, "PORTING_CLASS": null, "PORTING_ID": null, "POINT_X": 548327.5305, "POINT_Y": 4238118.8427999998, "COMUNE": "Messina", "VIA_DENOMINAZIONE": "CORSARI", "N_CIVICO": null, "STATO_FUNZIONALITA": null, "STATO_CONSERVAZIONE": null, "Note": "ENTRATA", "created_user": "GIOVANNI1", "created_date": "2024-11-13T14:45:03Z", "last_edited_user": "SERGIO", "last_edited_date": "2026-04-29T14:36:04Z", "TIPO": "PORTATA", "DISTRETTO": "SI", "SORGENTE_DATI": "RILEVATA" }, "geometry": { "type": "Point", "coordinates": [ 15.552624319703604, 38.289842345540805, 0.0 ] } },
{ "type": "Feature", "properties": { "COD_ID": "SP_S02_QU2", "DENOMINAZIONE": "SPARTA'", "UTENTE_CREAZIONE": null, "DATA_INS": null, "DATA_AGG": null, "OPERATORE": null, "D_STATO": null, "ANGLE": null, "IDGIS": null, "PORTING_CLASS": null, "PORTING_ID": null, "POINT_X": 548328.5736, "POINT_Y": 4238118.8863000004, "COMUNE": "Messina", "VIA_DENOMINAZIONE": "CORSARI", "N_CIVICO": null, "STATO_FUNZIONALITA": null, "STATO_CONSERVAZIONE": null, "Note": "USCITA", "created_user": "GIOVANNI1", "created_date": "2024-11-13T14:45:03Z", "last_edited_user": "SERGIO", "last_edited_date": "2026-04-29T14:36:04Z", "TIPO": "PORTATA", "DISTRETTO": "SI", "SORGENTE_DATI": "RILEVATA" }, "geometry": { "type": "Point", "coordinates": [ 15.552636249990714, 38.289842681380129, 0.0 ] } },
{ "type": "Feature", "properties": { "COD_ID": "AC_S01_QI1", "DENOMINAZIONE": "ACQUALADRONI", "UTENTE_CREAZIONE": null, "DATA_INS": null, "DATA_AGG": null, "OPERATORE": null, "D_STATO": null, "ANGLE": null, "IDGIS": null, "PORTING_CLASS": null, "PORTING_ID": null, "POINT_X": 548458.3633, "POINT_Y": 4238752.6223999998, "COMUNE": "Messina", "VIA_DENOMINAZIONE": null, "N_CIVICO": null, "STATO_FUNZIONALITA": null, "STATO_CONSERVAZIONE": null, "Note": "ENTRATA", "created_user": "GIOVANNI1", "created_date": "2024-11-13T14:45:03Z", "last_edited_user": "SERGIO", "last_edited_date": "2026-04-29T14:36:04Z", "TIPO": "PORTATA", "DISTRETTO": "SI", "SORGENTE_DATI": "RILEVATA" }, "geometry": { "type": "Point", "coordinates": [ 15.554163761587592, 38.295546928105722, 0.0 ] } },
{ "type": "Feature", "properties": { "COD_ID": "AC_S01_QU1", "DENOMINAZIONE": "ACQUALADRONI", "UTENTE_CREAZIONE": null, "DATA_INS": null, "DATA_AGG": null, "OPERATORE": null, "D_STATO": null, "ANGLE": null, "IDGIS": null, "PORTING_CLASS": null, "PORTING_ID": null, "POINT_X": 548463.4316, "POINT_Y": 4238757.121, "COMUNE": "Messina", "VIA_DENOMINAZIONE": null, "N_CIVICO": null, "STATO_FUNZIONALITA": null, "STATO_CONSERVAZIONE": null, "Note": "USCITA", "created_user": "GIOVANNI1", "created_date": "2024-11-13T14:45:03Z", "last_edited_user": "SERGIO", "last_edited_date": "2026-04-29T14:36:04Z", "TIPO": "PORTATA", "DISTRETTO": "SI", "SORGENTE_DATI": "RILEVATA" }, "geometry": { "type": "Point", "coordinates": [ 15.554222027911624, 38.295587195792848, 0.0 ] } },
{ "type": "Feature", "properties": { "COD_ID": "AC_S01_L1", "DENOMINAZIONE": "ACQUALADRONI", "UTENTE_CREAZIONE": null, "DATA_INS": null, "DATA_AGG": null, "OPERATORE": null, "D_STATO": null, "ANGLE": null, "IDGIS": null, "PORTING_CLASS": null, "PORTING_ID": null, "POINT_X": 548461.551, "POINT_Y": 4238754.2932000002, "COMUNE": "Messina", "VIA_DENOMINAZIONE": null, "N_CIVICO": null, "STATO_FUNZIONALITA": null, "STATO_CONSERVAZIONE": null, "Note": null, "created_user": "GIOVANNI1", "created_date": "2024-11-13T14:45:03Z", "last_edited_user": "SERGIO", "last_edited_date": "2026-04-29T14:36:04Z", "TIPO": "LIVELLO", "DISTRETTO": "SI", "SORGENTE_DATI": "RILEVATA" }, "geometry": { "type": "Point", "coordinates": [ 15.554200328680468, 38.295561813191689, 0.0 ] } },
{ "type": "Feature", "properties": { "COD_ID": "SA_S04_QU1", "DENOMINAZIONE": "SALICE", "UTENTE_CREAZIONE": null, "DATA_INS": null, "DATA_AGG": null, "OPERATORE": null, "D_STATO": null, "ANGLE": null, "IDGIS": null, "PORTING_CLASS": null, "PORTING_ID": null, "POINT_X": 543747.6114000001, "POINT_Y": 4232997.5905, "COMUNE": "Messina", "VIA_DENOMINAZIONE": "URNI", "N_CIVICO": null, "STATO_FUNZIONALITA": null, "STATO_CONSERVAZIONE": null, "Note": "USCITA", "created_user": "GIOVANNI1", "created_date": "2024-11-13T15:59:09Z", "last_edited_user": "SERGIO", "last_edited_date": "2026-04-29T14:36:04Z", "TIPO": "PORTATA", "DISTRETTO": "SI", "SORGENTE_DATI": "RILEVATA" }, "geometry": { "type": "Point", "coordinates": [ 15.499938517459087, 38.243923872499749, 0.0 ] } },
{ "type": "Feature", "properties": { "COD_ID": "RO_S01_QU2", "DENOMINAZIONE": "RODIA", "UTENTE_CREAZIONE": null, "DATA_INS": null, "DATA_AGG": null, "OPERATORE": null, "D_STATO": null, "ANGLE": null, "IDGIS": null, "PORTING_CLASS": null, "PORTING_ID": null, "POINT_X": 542615.0225, "POINT_Y": 4235991.8247999996, "COMUNE": "Messina", "VIA_DENOMINAZIONE": null, "N_CIVICO": null, "STATO_FUNZIONALITA": null, "STATO_CONSERVAZIONE": null, "Note": "USCITA", "created_user": "GIOVANNI1", "created_date": "2024-11-14T16:02:18Z", "last_edited_user": "SERGIO", "last_edited_date": "2026-04-29T14:36:04Z", "TIPO": "PORTATA", "DISTRETTO": "SI", "SORGENTE_DATI": "RILEVATA" }, "geometry": { "type": "Point", "coordinates": [ 15.487176117775762, 38.270962862353045, 0.0 ] } },
{ "type": "Feature", "properties": { "COD_ID": "RO_S01_L1", "DENOMINAZIONE": "RODIA", "UTENTE_CREAZIONE": null, "DATA_INS": null, "DATA_AGG": null, "OPERATORE": null, "D_STATO": null, "ANGLE": null, "IDGIS": null, "PORTING_CLASS": null, "PORTING_ID": null, "POINT_X": 542617.0528, "POINT_Y": 4235993.2164000003, "COMUNE": "Messina", "VIA_DENOMINAZIONE": null, "N_CIVICO": null, "STATO_FUNZIONALITA": null, "STATO_CONSERVAZIONE": null, "Note": null, "created_user": "GIOVANNI1", "created_date": "2024-11-14T16:02:18Z", "last_edited_user": "SERGIO", "last_edited_date": "2026-04-29T14:36:04Z", "TIPO": "LIVELLO", "DISTRETTO": "SI", "SORGENTE_DATI": "RILEVATA" }, "geometry": { "type": "Point", "coordinates": [ 15.487199411233039, 38.270975307302592, 0.0 ] } },
{ "type": "Feature", "properties": { "COD_ID": "SA_S03_PU1", "DENOMINAZIONE": "SALICE", "UTENTE_CREAZIONE": null, "DATA_INS": null, "DATA_AGG": null, "OPERATORE": null, "D_STATO": null, "ANGLE": null, "IDGIS": null, "PORTING_CLASS": null, "PORTING_ID": null, "POINT_X": 542993.2387, "POINT_Y": 4233364.3245000001, "COMUNE": "Messina", "VIA_DENOMINAZIONE": "FORTE DEI CENTRI", "N_CIVICO": null, "STATO_FUNZIONALITA": null, "STATO_CONSERVAZIONE": null, "Note": "USCITA", "created_user": "GIOVANNI1", "created_date": "2024-11-14T16:02:18Z", "last_edited_user": "SERGIO", "last_edited_date": "2026-04-29T14:36:04Z", "TIPO": "PRESSIONE", "DISTRETTO": "SI", "SORGENTE_DATI": "RILEVATA" }, "geometry": { "type": "Point", "coordinates": [ 15.491339576316307, 38.247264092211338, 0.0 ] } },
{ "type": "Feature", "properties": { "COD_ID": "SA_S04_PU1", "DENOMINAZIONE": "SALICE", "UTENTE_CREAZIONE": null, "DATA_INS": null, "DATA_AGG": null, "OPERATORE": null, "D_STATO": null, "ANGLE": null, "IDGIS": null, "PORTING_CLASS": null, "PORTING_ID": null, "POINT_X": 543747.1764, "POINT_Y": 4232997.8218, "COMUNE": "Messina", "VIA_DENOMINAZIONE": "URNI", "N_CIVICO": null, "STATO_FUNZIONALITA": null, "STATO_CONSERVAZIONE": null, "Note": "USCITA", "created_user": "GIOVANNI1", "created_date": "2024-11-14T16:02:18Z", "last_edited_user": "SERGIO", "last_edited_date": "2026-04-29T14:36:04Z", "TIPO": "PRESSIONE", "DISTRETTO": "SI", "SORGENTE_DATI": "RILEVATA" }, "geometry": { "type": "Point", "coordinates": [ 15.499933560821741, 38.243925978192046, 0.0 ] } },
{ "type": "Feature", "properties": { "COD_ID": "SA_S03_QU2", "DENOMINAZIONE": "SALICE", "UTENTE_CREAZIONE": null, "DATA_INS": null, "DATA_AGG": null, "OPERATORE": null, "D_STATO": null, "ANGLE": null, "IDGIS": null, "PORTING_CLASS": null, "PORTING_ID": null, "POINT_X": 542992.3632, "POINT_Y": 4233365.3327000001, "COMUNE": "Messina", "VIA_DENOMINAZIONE": null, "N_CIVICO": null, "STATO_FUNZIONALITA": null, "STATO_CONSERVAZIONE": null, "Note": "USCITA", "created_user": "GIOVANNI1", "created_date": "2024-11-28T08:51:06Z", "last_edited_user": "SERGIO", "last_edited_date": "2026-04-29T14:36:04Z", "TIPO": "PORTATA", "DISTRETTO": "SI", "SORGENTE_DATI": "RILEVATA" }, "geometry": { "type": "Point", "coordinates": [ 15.491330303663972, 38.247274481821108, 0.0 ] } },
{ "type": "Feature", "properties": { "COD_ID": "SS_S01_PU1", "DENOMINAZIONE": "SAN SABA", "UTENTE_CREAZIONE": null, "DATA_INS": null, "DATA_AGG": null, "OPERATORE": null, "D_STATO": null, "ANGLE": null, "IDGIS": null, "PORTING_CLASS": null, "PORTING_ID": null, "POINT_X": 543907.2767, "POINT_Y": 4237045.6771, "COMUNE": "Messina", "VIA_DENOMINAZIONE": null, "N_CIVICO": null, "STATO_FUNZIONALITA": null, "STATO_CONSERVAZIONE": null, "Note": "USCITA", "created_user": "GIOVANNI1", "created_date": "2024-11-28T09:01:36Z", "last_edited_user": "SERGIO", "last_edited_date": "2026-04-29T14:36:04Z", "TIPO": "PRESSIONE", "DISTRETTO": "SI", "SORGENTE_DATI": "RILEVATA" }, "geometry": { "type": "Point", "coordinates": [ 15.502014074893646, 38.280398050658448, 0.0 ] } },
{ "type": "Feature", "properties": { "COD_ID": "SP_S02_L1", "DENOMINAZIONE": "SPARTA'", "UTENTE_CREAZIONE": null, "DATA_INS": null, "DATA_AGG": null, "OPERATORE": null, "D_STATO": null, "ANGLE": null, "IDGIS": null, "PORTING_CLASS": null, "PORTING_ID": null, "POINT_X": 548328.3789, "POINT_Y": 4238121.1999000004, "COMUNE": "Messina", "VIA_DENOMINAZIONE": null, "N_CIVICO": null, "STATO_FUNZIONALITA": null, "STATO_CONSERVAZIONE": null, "Note": null, "created_user": "GIOVANNI1", "created_date": "2024-11-28T09:25:40Z", "last_edited_user": "SERGIO", "last_edited_date": "2026-04-29T14:36:04Z", "TIPO": "LIVELLO", "DISTRETTO": "SI", "SORGENTE_DATI": "RILEVATA" }, "geometry": { "type": "Point", "coordinates": [ 15.552634181810955, 38.289863542108961, 0.0 ] } },
{ "type": "Feature", "properties": { "COD_ID": "PI_S01_PU1", "DENOMINAZIONE": "PIANOTORRE", "UTENTE_CREAZIONE": null, "DATA_INS": null, "DATA_AGG": null, "OPERATORE": null, "D_STATO": null, "ANGLE": null, "IDGIS": null, "PORTING_CLASS": null, "PORTING_ID": null, "POINT_X": 545820.0893, "POINT_Y": 4238027.9962999998, "COMUNE": "Messina", "VIA_DENOMINAZIONE": null, "N_CIVICO": null, "STATO_FUNZIONALITA": null, "STATO_CONSERVAZIONE": null, "Note": "USCITA", "created_user": "GIOVANNI1", "created_date": "2024-11-28T09:38:15Z", "last_edited_user": "SERGIO", "last_edited_date": "2026-04-29T14:36:04Z", "TIPO": "PRESSIONE", "DISTRETTO": "SI", "SORGENTE_DATI": "RILEVATA" }, "geometry": { "type": "Point", "coordinates": [ 15.523947033235162, 38.289155182689285, 0.0 ] } },
{ "type": "Feature", "properties": { "COD_ID": "CA_S01_QI1", "DENOMINAZIONE": "CALAMONA", "UTENTE_CREAZIONE": null, "DATA_INS": null, "DATA_AGG": null, "OPERATORE": null, "D_STATO": null, "ANGLE": null, "IDGIS": null, "PORTING_CLASS": null, "PORTING_ID": null, "POINT_X": 545148.1988, "POINT_Y": 4237399.0834999997, "COMUNE": "Messina", "VIA_DENOMINAZIONE": null, "N_CIVICO": null, "STATO_FUNZIONALITA": null, "STATO_CONSERVAZIONE": null, "Note": "ENTRATA", "created_user": "GIOVANNI1", "created_date": "2024-11-28T09:44:05Z", "last_edited_user": "SERGIO", "last_edited_date": "2026-04-29T14:36:04Z", "TIPO": "PORTATA", "DISTRETTO": "SI", "SORGENTE_DATI": "RILEVATA" }, "geometry": { "type": "Point", "coordinates": [ 15.516224193483101, 38.283521421596767, 0.0 ] } },
{ "type": "Feature", "properties": { "COD_ID": "SA_S03_L1", "DENOMINAZIONE": "SALICE", "UTENTE_CREAZIONE": null, "DATA_INS": null, "DATA_AGG": null, "OPERATORE": null, "D_STATO": null, "ANGLE": null, "IDGIS": null, "PORTING_CLASS": null, "PORTING_ID": null, "POINT_X": 542991.8348, "POINT_Y": 4233364.2145999996, "COMUNE": "Messina", "VIA_DENOMINAZIONE": null, "N_CIVICO": null, "STATO_FUNZIONALITA": null, "STATO_CONSERVAZIONE": null, "Note": null, "created_user": "GIOVANNI1", "created_date": "2024-11-28T10:12:24Z", "last_edited_user": "SERGIO", "last_edited_date": "2026-04-29T14:36:04Z", "TIPO": "LIVELLO", "DISTRETTO": "SI", "SORGENTE_DATI": "RILEVATA" }, "geometry": { "type": "Point", "coordinates": [ 15.491324197315025, 38.247264430574496, 0.0 ] } },
{ "type": "Feature", "properties": { "COD_ID": "RO_S01_PU1", "DENOMINAZIONE": "RODIA", "UTENTE_CREAZIONE": null, "DATA_INS": null, "DATA_AGG": null, "OPERATORE": null, "D_STATO": null, "ANGLE": null, "IDGIS": null, "PORTING_CLASS": null, "PORTING_ID": null, "POINT_X": 542615.5584, "POINT_Y": 4235992.7126000002, "COMUNE": "Messina", "VIA_DENOMINAZIONE": null, "N_CIVICO": null, "STATO_FUNZIONALITA": null, "STATO_CONSERVAZIONE": null, "Note": "USCITA", "created_user": "GIOVANNI1", "created_date": "2024-11-28T10:14:17Z", "last_edited_user": "SERGIO", "last_edited_date": "2026-04-29T14:36:04Z", "TIPO": "PRESSIONE", "DISTRETTO": "SI", "SORGENTE_DATI": "RILEVATA" }, "geometry": { "type": "Point", "coordinates": [ 15.487182297446434, 38.270970837909829, 0.0 ] } },
{ "type": "Feature", "properties": { "COD_ID": "FSC_S02_QI1", "DENOMINAZIONE": "LUVARAZZI", "UTENTE_CREAZIONE": null, "DATA_INS": null, "DATA_AGG": null, "OPERATORE": null, "D_STATO": null, "ANGLE": null, "IDGIS": null, "PORTING_CLASS": null, "PORTING_ID": null, "POINT_X": 550591.201, "POINT_Y": 4235360.3918000003, "COMUNE": "Messina", "VIA_DENOMINAZIONE": "Faro Superiore Corso", "N_CIVICO": null, "STATO_FUNZIONALITA": null, "STATO_CONSERVAZIONE": null, "Note": "misuratore portata all'esterno dell'ingresso serbatoio", "created_user": "SA", "created_date": "2025-06-26T11:07:54Z", "last_edited_user": "SERGIO", "last_edited_date": "2026-04-29T14:36:04Z", "TIPO": "PORTATA", "DISTRETTO": "SI", "SORGENTE_DATI": "RILEVATA" }, "geometry": { "type": "Point", "coordinates": [ 15.578258288206932, 38.264859477023158, 0.0 ] } },
{ "type": "Feature", "properties": { "COD_ID": "FSC_S02_QU1", "DENOMINAZIONE": "LUVARAZZI", "UTENTE_CREAZIONE": null, "DATA_INS": null, "DATA_AGG": null, "OPERATORE": null, "D_STATO": null, "ANGLE": null, "IDGIS": null, "PORTING_CLASS": null, "PORTING_ID": null, "POINT_X": 550589.4296, "POINT_Y": 4235358.9715, "COMUNE": "Messina", "VIA_DENOMINAZIONE": null, "N_CIVICO": null, "STATO_FUNZIONALITA": null, "STATO_CONSERVAZIONE": null, "Note": "misuratore di portata all'interno della camera di manovra inaccessibile causa scala completamente arrugginita sembra funzionante ", "created_user": "SA", "created_date": "2025-06-26T11:07:54Z", "last_edited_user": "SERGIO", "last_edited_date": "2026-04-29T14:36:04Z", "TIPO": "PORTATA", "DISTRETTO": "SI", "SORGENTE_DATI": "RILEVATA" }, "geometry": { "type": "Point", "coordinates": [ 15.578290583225861, 38.264845667711278, 0.0 ] } },
{ "type": "Feature", "properties": { "COD_ID": "GZ_S01_QU1", "DENOMINAZIONE": "GONZAGA", "UTENTE_CREAZIONE": null, "DATA_INS": null, "DATA_AGG": null, "OPERATORE": null, "D_STATO": null, "ANGLE": null, "IDGIS": null, "PORTING_CLASS": null, "PORTING_ID": null, "POINT_X": 547401.6825, "POINT_Y": 4226711.6812000005, "COMUNE": "Messina", "VIA_DENOMINAZIONE": "Gonzaga", "N_CIVICO": null, "STATO_FUNZIONALITA": null, "STATO_CONSERVAZIONE": null, "Note": "misuratore esterno", "created_user": "SA", "created_date": "2025-06-26T11:07:54Z", "last_edited_user": "SERGIO", "last_edited_date": "2026-04-29T14:36:04Z", "TIPO": "PORTATA", "DISTRETTO": null, "SORGENTE_DATI": "RILEVATA" }, "geometry": { "type": "Point", "coordinates": [ 15.541336609203171, 38.187106329197398, 0.0 ] } },
{ "type": "Feature", "properties": { "COD_ID": "GZ_S01_QU2", "DENOMINAZIONE": "GONZAGA", "UTENTE_CREAZIONE": null, "DATA_INS": null, "DATA_AGG": null, "OPERATORE": null, "D_STATO": null, "ANGLE": null, "IDGIS": null, "PORTING_CLASS": null, "PORTING_ID": null, "POINT_X": 547405.6991, "POINT_Y": 4226706.2472000001, "COMUNE": "Messina", "VIA_DENOMINAZIONE": "Gonzaga", "N_CIVICO": null, "STATO_FUNZIONALITA": null, "STATO_CONSERVAZIONE": null, "Note": "misuratore", "created_user": "SA", "created_date": "2025-06-26T11:07:54Z", "last_edited_user": "SERGIO", "last_edited_date": "2026-04-29T14:36:04Z", "TIPO": "PORTATA", "DISTRETTO": null, "SORGENTE_DATI": "RILEVATA" }, "geometry": { "type": "Point", "coordinates": [ 15.541355942983152, 38.18710470973501, 0.0 ] } },
{ "type": "Feature", "properties": { "COD_ID": "GZ_S01_QI2", "DENOMINAZIONE": "GONZAGA", "UTENTE_CREAZIONE": null, "DATA_INS": null, "DATA_AGG": null, "OPERATORE": null, "D_STATO": null, "ANGLE": null, "IDGIS": null, "PORTING_CLASS": null, "PORTING_ID": null, "POINT_X": 547401.1063, "POINT_Y": 4226710.134, "COMUNE": "Messina", "VIA_DENOMINAZIONE": "Gonzaga", "N_CIVICO": null, "STATO_FUNZIONALITA": null, "STATO_CONSERVAZIONE": null, "Note": "misuratore sul 250 per camaro", "created_user": "SA", "created_date": "2025-06-26T11:07:54Z", "last_edited_user": "SERGIO", "last_edited_date": "2026-04-29T14:36:04Z", "TIPO": "PORTATA", "DISTRETTO": null, "SORGENTE_DATI": "RILEVATA" }, "geometry": { "type": "Point", "coordinates": [ 15.541334980932612, 38.187066375205454, 0.0 ] } },
{ "type": "Feature", "properties": { "COD_ID": "GZ_S01_QI1", "DENOMINAZIONE": "GONZAGA", "UTENTE_CREAZIONE": null, "DATA_INS": null, "DATA_AGG": null, "OPERATORE": null, "D_STATO": null, "ANGLE": null, "IDGIS": null, "PORTING_CLASS": null, "PORTING_ID": null, "POINT_X": 547394.1734, "POINT_Y": 4226714.837, "COMUNE": "Messina", "VIA_DENOMINAZIONE": "Gonzaga", "N_CIVICO": null, "STATO_FUNZIONALITA": null, "STATO_CONSERVAZIONE": null, "Note": "misuratore di portata su adduzione santissima", "created_user": "SA", "created_date": "2025-06-26T11:07:54Z", "last_edited_user": "SERGIO", "last_edited_date": "2026-04-29T14:36:04Z", "TIPO": "PORTATA", "DISTRETTO": null, "SORGENTE_DATI": "RILEVATA" }, "geometry": { "type": "Point", "coordinates": [ 15.541297005217816, 38.187070673506391, 0.0 ] } },
{ "type": "Feature", "properties": { "COD_ID": "GZ_S01_QI2", "DENOMINAZIONE": "GONZAGA", "UTENTE_CREAZIONE": null, "DATA_INS": null, "DATA_AGG": null, "OPERATORE": null, "D_STATO": null, "ANGLE": null, "IDGIS": null, "PORTING_CLASS": null, "PORTING_ID": null, "POINT_X": 547407.2658000001, "POINT_Y": 4226712.372, "COMUNE": "Messina", "VIA_DENOMINAZIONE": "Gonzaga", "N_CIVICO": null, "STATO_FUNZIONALITA": null, "STATO_CONSERVAZIONE": null, "Note": "misuratore su linea ingresso montesanto", "created_user": "SA", "created_date": "2025-06-26T11:07:54Z", "last_edited_user": "SERGIO", "last_edited_date": "2026-04-29T14:36:04Z", "TIPO": "PORTATA", "DISTRETTO": null, "SORGENTE_DATI": "RILEVATA" }, "geometry": { "type": "Point", "coordinates": [ 15.541340107039304, 38.187059767928837, 0.0 ] } },
{ "type": "Feature", "properties": { "COD_ID": "VA_S01_QU1", "DENOMINAZIONE": "VASCONE", "UTENTE_CREAZIONE": null, "DATA_INS": null, "DATA_AGG": null, "OPERATORE": null, "D_STATO": null, "ANGLE": null, "IDGIS": null, "PORTING_CLASS": null, "PORTING_ID": null, "POINT_X": 547715.3175, "POINT_Y": 4226763.3256000001, "COMUNE": "Messina", "VIA_DENOMINAZIONE": null, "N_CIVICO": null, "STATO_FUNZIONALITA": null, "STATO_CONSERVAZIONE": null, "Note": "misuratore portata", "created_user": "SA", "created_date": "2025-06-26T11:07:54Z", "last_edited_user": "SERGIO", "last_edited_date": "2026-04-29T14:36:04Z", "TIPO": "PORTATA", "DISTRETTO": null, "SORGENTE_DATI": "RILEVATA" }, "geometry": { "type": "Point", "coordinates": [ 15.544758235548194, 38.187655495411036, 0.0 ] } },
{ "type": "Feature", "properties": { "COD_ID": "MGP_S02_QI1", "DENOMINAZIONE": "MANGIALUPI NUOVO", "UTENTE_CREAZIONE": null, "DATA_INS": null, "DATA_AGG": null, "OPERATORE": null, "D_STATO": null, "ANGLE": null, "IDGIS": null, "PORTING_CLASS": null, "PORTING_ID": null, "POINT_X": 546992.313, "POINT_Y": 4225021.04, "COMUNE": "Messina", "VIA_DENOMINAZIONE": null, "N_CIVICO": null, "STATO_FUNZIONALITA": null, "STATO_CONSERVAZIONE": null, "Note": "misuratore portata in diramazione sull'ingresso probabilmente è la linea del pozzo", "created_user": "SA", "created_date": "2025-06-26T11:07:54Z", "last_edited_user": "SERGIO", "last_edited_date": "2026-04-29T14:36:04Z", "TIPO": "PORTATA", "DISTRETTO": null, "SORGENTE_DATI": "RILEVATA" }, "geometry": { "type": "Point", "coordinates": [ 15.536460925380386, 38.171858824839774, 0.0 ] } },
{ "type": "Feature", "properties": { "COD_ID": "MGP_S01_QI1", "DENOMINAZIONE": "MANGIALUPI VECCHIO", "UTENTE_CREAZIONE": null, "DATA_INS": null, "DATA_AGG": null, "OPERATORE": null, "D_STATO": null, "ANGLE": null, "IDGIS": null, "PORTING_CLASS": null, "PORTING_ID": null, "POINT_X": 546955.6011, "POINT_Y": 4225018.2132000001, "COMUNE": "Messina", "VIA_DENOMINAZIONE": null, "N_CIVICO": null, "STATO_FUNZIONALITA": null, "STATO_CONSERVAZIONE": null, "Note": "misuratore in camera manovra piano terra  su ingresso PE 200", "created_user": "SA", "created_date": "2025-06-26T11:07:54Z", "last_edited_user": "SERGIO", "last_edited_date": "2026-04-29T14:36:04Z", "TIPO": "PORTATA", "DISTRETTO": null, "SORGENTE_DATI": "RILEVATA" }, "geometry": { "type": "Point", "coordinates": [ 15.535896510758263, 38.171874502495413, 0.0 ] } },
{ "type": "Feature", "properties": { "COD_ID": "MGP_S01_QU1", "DENOMINAZIONE": "MANGIALUPI VECCHIO", "UTENTE_CREAZIONE": null, "DATA_INS": null, "DATA_AGG": null, "OPERATORE": null, "D_STATO": null, "ANGLE": null, "IDGIS": null, "PORTING_CLASS": null, "PORTING_ID": null, "POINT_X": 546956.7737, "POINT_Y": 4225018.9386, "COMUNE": "Messina", "VIA_DENOMINAZIONE": null, "N_CIVICO": null, "STATO_FUNZIONALITA": null, "STATO_CONSERVAZIONE": null, "Note": "misuratore portata camera manovra piano terra distribuzione principale ", "created_user": "SA", "created_date": "2025-06-26T11:07:54Z", "last_edited_user": "SERGIO", "last_edited_date": "2026-04-29T14:36:04Z", "TIPO": "PORTATA", "DISTRETTO": null, "SORGENTE_DATI": "RILEVATA" }, "geometry": { "type": "Point", "coordinates": [ 15.535926575773125, 38.171879932338889, 0.0 ] } },
{ "type": "Feature", "properties": { "COD_ID": "MA_S01_QU1", "DENOMINAZIONE": "MAROTTA", "UTENTE_CREAZIONE": null, "DATA_INS": null, "DATA_AGG": null, "OPERATORE": null, "D_STATO": null, "ANGLE": null, "IDGIS": null, "PORTING_CLASS": null, "PORTING_ID": null, "POINT_X": 549890.5359, "POINT_Y": 4233964.7779000001, "COMUNE": "Messina", "VIA_DENOMINAZIONE": "Marotta", "N_CIVICO": null, "STATO_FUNZIONALITA": null, "STATO_CONSERVAZIONE": null, "Note": "misuratore linea esterna", "created_user": "SA", "created_date": "2025-06-26T11:07:54Z", "last_edited_user": "SERGIO", "last_edited_date": "2026-04-29T14:36:04Z", "TIPO": "PORTATA", "DISTRETTO": "SI", "SORGENTE_DATI": "RILEVATA" }, "geometry": { "type": "Point", "coordinates": [ 15.570208369031226, 38.252341300415274, 0.0 ] } },
{ "type": "Feature", "properties": { "COD_ID": "MA_S01_QI1", "DENOMINAZIONE": "MAROTTA", "UTENTE_CREAZIONE": null, "DATA_INS": null, "DATA_AGG": null, "OPERATORE": null, "D_STATO": null, "ANGLE": null, "IDGIS": null, "PORTING_CLASS": null, "PORTING_ID": null, "POINT_X": 549893.9476, "POINT_Y": 4233974.4937000005, "COMUNE": "Messina", "VIA_DENOMINAZIONE": "Marotta", "N_CIVICO": null, "STATO_FUNZIONALITA": null, "STATO_CONSERVAZIONE": null, "Note": "misuratore linea dal sollevamento", "created_user": "SA", "created_date": "2025-06-26T11:07:54Z", "last_edited_user": "SERGIO", "last_edited_date": "2026-04-29T14:36:04Z", "TIPO": "PORTATA", "DISTRETTO": "SI", "SORGENTE_DATI": "RILEVATA" }, "geometry": { "type": "Point", "coordinates": [ 15.570212209711606, 38.252331569083076, 0.0 ] } },
{ "type": "Feature", "properties": { "COD_ID": "MA_S01_QI2", "DENOMINAZIONE": "MAROTTA", "UTENTE_CREAZIONE": null, "DATA_INS": null, "DATA_AGG": null, "OPERATORE": null, "D_STATO": null, "ANGLE": null, "IDGIS": null, "PORTING_CLASS": null, "PORTING_ID": null, "POINT_X": 549891.696, "POINT_Y": 4233973.8767, "COMUNE": "Messina", "VIA_DENOMINAZIONE": "Marotta", "N_CIVICO": null, "STATO_FUNZIONALITA": null, "STATO_CONSERVAZIONE": null, "Note": "misuratore su secondo sollevamento non funzionante", "created_user": "SA", "created_date": "2025-06-26T11:07:54Z", "last_edited_user": "SERGIO", "last_edited_date": "2026-04-29T14:36:04Z", "TIPO": "PORTATA", "DISTRETTO": "SI", "SORGENTE_DATI": "RILEVATA" }, "geometry": { "type": "Point", "coordinates": [ 15.570221023462164, 38.252335626001262, 0.0 ] } },
{ "type": "Feature", "properties": { "COD_ID": "MA_S01_QI3", "DENOMINAZIONE": "MAROTTA", "UTENTE_CREAZIONE": null, "DATA_INS": null, "DATA_AGG": null, "OPERATORE": null, "D_STATO": null, "ANGLE": null, "IDGIS": null, "PORTING_CLASS": null, "PORTING_ID": null, "POINT_X": 549896.8321, "POINT_Y": 4233969.9204000002, "COMUNE": "Messina", "VIA_DENOMINAZIONE": "Marotta", "N_CIVICO": null, "STATO_FUNZIONALITA": null, "STATO_CONSERVAZIONE": null, "Note": "misuratore di portata all'interno della cameretta al di sotto il serbatoio e sulla linea che viene dal Pozzo però non è funzionante", "created_user": "SA", "created_date": "2025-06-26T11:07:54Z", "last_edited_user": "SERGIO", "last_edited_date": "2026-04-29T14:36:04Z", "TIPO": "PORTATA", "DISTRETTO": "SI", "SORGENTE_DATI": "RILEVATA" }, "geometry": { "type": "Point", "coordinates": [ 15.570232500261831, 38.252341741931119, 0.0 ] } },
{ "type": "Feature", "properties": { "COD_ID": "MA_S01_QU2", "DENOMINAZIONE": "MAROTTA", "UTENTE_CREAZIONE": null, "DATA_INS": null, "DATA_AGG": null, "OPERATORE": null, "D_STATO": null, "ANGLE": null, "IDGIS": null, "PORTING_CLASS": null, "PORTING_ID": null, "POINT_X": 549895.8021, "POINT_Y": 4233971.8727000002, "COMUNE": "Messina", "VIA_DENOMINAZIONE": "Marotta", "N_CIVICO": null, "STATO_FUNZIONALITA": null, "STATO_CONSERVAZIONE": null, "Note": "misuratore di portata all'ingresso del serbatoio", "created_user": "SA", "created_date": "2025-06-26T11:07:54Z", "last_edited_user": "SERGIO", "last_edited_date": "2026-04-29T14:36:04Z", "TIPO": "PORTATA", "DISTRETTO": "SI", "SORGENTE_DATI": "RILEVATA" }, "geometry": { "type": "Point", "coordinates": [ 15.570207654005884, 38.252337698926816, 0.0 ] } },
{ "type": "Feature", "properties": { "COD_ID": "CU_S01_QU1", "DENOMINAZIONE": "CURCURACI", "UTENTE_CREAZIONE": null, "DATA_INS": null, "DATA_AGG": null, "OPERATORE": null, "D_STATO": null, "ANGLE": null, "IDGIS": null, "PORTING_CLASS": null, "PORTING_ID": null, "POINT_X": 549512.0243, "POINT_Y": 4235008.5503000002, "COMUNE": "Messina", "VIA_DENOMINAZIONE": "Curcuraci", "N_CIVICO": null, "STATO_FUNZIONALITA": null, "STATO_CONSERVAZIONE": null, "Note": "misuratore di portata su un'uscita", "created_user": "SA", "created_date": "2025-06-26T11:07:54Z", "last_edited_user": "SERGIO", "last_edited_date": "2026-04-29T14:36:04Z", "TIPO": "PORTATA", "DISTRETTO": "SI", "SORGENTE_DATI": "RILEVATA" }, "geometry": { "type": "Point", "coordinates": [ 15.566010681630578, 38.261741057019506, 402.149000000004889 ] } },
{ "type": "Feature", "properties": { "COD_ID": "CU_S01_QI1", "DENOMINAZIONE": "CURCURACI", "UTENTE_CREAZIONE": null, "DATA_INS": null, "DATA_AGG": null, "OPERATORE": null, "D_STATO": null, "ANGLE": null, "IDGIS": null, "PORTING_CLASS": null, "PORTING_ID": null, "POINT_X": 549509.629, "POINT_Y": 4235005.855, "COMUNE": "Messina", "VIA_DENOMINAZIONE": "Curcuraci", "N_CIVICO": null, "STATO_FUNZIONALITA": null, "STATO_CONSERVAZIONE": null, "Note": "misuratore di portata su ingresso", "created_user": "SA", "created_date": "2025-06-26T11:07:54Z", "last_edited_user": "SERGIO", "last_edited_date": "2026-04-29T14:36:04Z", "TIPO": "PORTATA", "DISTRETTO": "SI", "SORGENTE_DATI": "RILEVATA" }, "geometry": { "type": "Point", "coordinates": [ 15.566001315406515, 38.261733237982071, 384.231199999994715 ] } },
{ "type": "Feature", "properties": { "COD_ID": "CU_S01_QU2", "DENOMINAZIONE": "CURCURACI", "UTENTE_CREAZIONE": null, "DATA_INS": null, "DATA_AGG": null, "OPERATORE": null, "D_STATO": null, "ANGLE": null, "IDGIS": null, "PORTING_CLASS": null, "PORTING_ID": null, "POINT_X": 549507.8538, "POINT_Y": 4235008.1536999997, "COMUNE": "Messina", "VIA_DENOMINAZIONE": "Curcuraci", "N_CIVICO": null, "STATO_FUNZIONALITA": null, "STATO_CONSERVAZIONE": null, "Note": "misuratore di portata sul sollevamento", "created_user": "SA", "created_date": "2025-06-26T11:07:54Z", "last_edited_user": "SERGIO", "last_edited_date": "2026-04-29T14:36:04Z", "TIPO": "PORTATA", "DISTRETTO": "SI", "SORGENTE_DATI": "RILEVATA" }, "geometry": { "type": "Point", "coordinates": [ 15.566001727558023, 38.261750558716436, 390.297800000000279 ] } },
{ "type": "Feature", "properties": { "COD_ID": "CUM_S01_QU1", "DENOMINAZIONE": "CAMARO UMMO", "UTENTE_CREAZIONE": null, "DATA_INS": null, "DATA_AGG": null, "OPERATORE": null, "D_STATO": null, "ANGLE": null, "IDGIS": null, "PORTING_CLASS": null, "PORTING_ID": null, "POINT_X": 545769.6365, "POINT_Y": 4226860.6295999996, "COMUNE": "Messina", "VIA_DENOMINAZIONE": "Camaro Ummo", "N_CIVICO": null, "STATO_FUNZIONALITA": null, "STATO_CONSERVAZIONE": null, "Note": "misuratore su primo sollevamento", "created_user": "SA", "created_date": "2025-06-26T11:07:54Z", "last_edited_user": "SERGIO", "last_edited_date": "2026-04-29T14:36:04Z", "TIPO": "PORTATA", "DISTRETTO": null, "SORGENTE_DATI": "RILEVATA" }, "geometry": { "type": "Point", "coordinates": [ 15.522643176680207, 38.188537240971115, 0.0 ] } },
{ "type": "Feature", "properties": { "COD_ID": "CUM_S01_QI1", "DENOMINAZIONE": "CAMARO UMMO", "UTENTE_CREAZIONE": null, "DATA_INS": null, "DATA_AGG": null, "OPERATORE": null, "D_STATO": null, "ANGLE": null, "IDGIS": null, "PORTING_CLASS": null, "PORTING_ID": null, "POINT_X": 545766.3029, "POINT_Y": 4226862.2858999996, "COMUNE": "Messina", "VIA_DENOMINAZIONE": "Camaro Ummo", "N_CIVICO": null, "STATO_FUNZIONALITA": null, "STATO_CONSERVAZIONE": null, "Note": "misuratore su ingresso", "created_user": "SA", "created_date": "2025-06-26T11:07:54Z", "last_edited_user": "SERGIO", "last_edited_date": "2026-04-29T14:36:04Z", "TIPO": "PORTATA", "DISTRETTO": null, "SORGENTE_DATI": "RILEVATA" }, "geometry": { "type": "Point", "coordinates": [ 15.522644364627167, 38.188539529369912, 0.0 ] } },
{ "type": "Feature", "properties": { "COD_ID": "CUM_S01_QI2", "DENOMINAZIONE": "CAMARO UMMO", "UTENTE_CREAZIONE": null, "DATA_INS": null, "DATA_AGG": null, "OPERATORE": null, "D_STATO": null, "ANGLE": null, "IDGIS": null, "PORTING_CLASS": null, "PORTING_ID": null, "POINT_X": 545766.3965, "POINT_Y": 4226859.8475000001, "COMUNE": "Messina", "VIA_DENOMINAZIONE": "Camaro Ummo", "N_CIVICO": null, "STATO_FUNZIONALITA": null, "STATO_CONSERVAZIONE": null, "Note": "misuratore su uscita principale in camera di manovra", "created_user": "SA", "created_date": "2025-06-26T11:07:54Z", "last_edited_user": "SERGIO", "last_edited_date": "2026-04-29T14:36:04Z", "TIPO": "PORTATA", "DISTRETTO": null, "SORGENTE_DATI": "RILEVATA" }, "geometry": { "type": "Point", "coordinates": [ 15.52264416583572, 38.18853823695801, 0.0 ] } },
{ "type": "Feature", "properties": { "COD_ID": "CUI_S01_QI1", "DENOMINAZIONE": "CUMIA INFERIORE", "UTENTE_CREAZIONE": null, "DATA_INS": null, "DATA_AGG": null, "OPERATORE": null, "D_STATO": null, "ANGLE": null, "IDGIS": null, "PORTING_CLASS": null, "PORTING_ID": null, "POINT_X": 543916.796, "POINT_Y": 4225234.6087999996, "COMUNE": "Messina", "VIA_DENOMINAZIONE": "Cumia inferiore", "N_CIVICO": null, "STATO_FUNZIONALITA": null, "STATO_CONSERVAZIONE": null, "Note": "misuratore di portata su uno degli ingressi nella camera del piano superiore", "created_user": "SA", "created_date": "2025-06-26T11:07:54Z", "last_edited_user": "SERGIO", "last_edited_date": "2026-04-29T14:36:04Z", "TIPO": "PORTATA", "DISTRETTO": null, "SORGENTE_DATI": "RILEVATA" }, "geometry": { "type": "Point", "coordinates": [ 15.501428163422993, 38.173984255063907, 0.0 ] } },
{ "type": "Feature", "properties": { "COD_ID": "CUS_S01_QU1", "DENOMINAZIONE": "CUMIA SUPERIORE", "UTENTE_CREAZIONE": null, "DATA_INS": null, "DATA_AGG": null, "OPERATORE": null, "D_STATO": null, "ANGLE": null, "IDGIS": null, "PORTING_CLASS": null, "PORTING_ID": null, "POINT_X": 543564.1169, "POINT_Y": 4225201.8841000004, "COMUNE": "Messina", "VIA_DENOMINAZIONE": "Cumia superiore", "N_CIVICO": null, "STATO_FUNZIONALITA": null, "STATO_CONSERVAZIONE": null, "Note": "misuratore arrivo non funzionante. non è stato possibile fotografare il numero di serie", "created_user": "SA", "created_date": "2025-06-26T11:07:54Z", "last_edited_user": "SERGIO", "last_edited_date": "2026-04-29T14:36:04Z", "TIPO": "PORTATA", "DISTRETTO": null, "SORGENTE_DATI": "RILEVATA" }, "geometry": { "type": "Point", "coordinates": [ 15.497374983679883, 38.173650674014688, 0.0 ] } },
{ "type": "Feature", "properties": { "COD_ID": "CUS_S01_QI1", "DENOMINAZIONE": "CUMIA SUPERIORE", "UTENTE_CREAZIONE": null, "DATA_INS": null, "DATA_AGG": null, "OPERATORE": null, "D_STATO": null, "ANGLE": null, "IDGIS": null, "PORTING_CLASS": null, "PORTING_ID": null, "POINT_X": 543566.2535, "POINT_Y": 4225204.9483000003, "COMUNE": "Messina", "VIA_DENOMINAZIONE": "Cumia superiore", "N_CIVICO": null, "STATO_FUNZIONALITA": null, "STATO_CONSERVAZIONE": null, "Note": "misuratore arrivo", "created_user": "SA", "created_date": "2025-06-26T11:07:54Z", "last_edited_user": "SERGIO", "last_edited_date": "2026-04-29T14:36:04Z", "TIPO": "PORTATA", "DISTRETTO": null, "SORGENTE_DATI": "RILEVATA" }, "geometry": { "type": "Point", "coordinates": [ 15.497347801333607, 38.173643584506834, 0.0 ] } },
{ "type": "Feature", "properties": { "COD_ID": "CUS_S01_QU2", "DENOMINAZIONE": "CUMIA SUPERIORE", "UTENTE_CREAZIONE": null, "DATA_INS": null, "DATA_AGG": null, "OPERATORE": null, "D_STATO": null, "ANGLE": null, "IDGIS": null, "PORTING_CLASS": null, "PORTING_ID": null, "POINT_X": 543566.765, "POINT_Y": 4225203.814, "COMUNE": "Messina", "VIA_DENOMINAZIONE": "Cumia superiore", "N_CIVICO": null, "STATO_FUNZIONALITA": null, "STATO_CONSERVAZIONE": null, "Note": "misuratore su distribuzione non attivo", "created_user": "SA", "created_date": "2025-06-26T11:07:54Z", "last_edited_user": "SERGIO", "last_edited_date": "2026-04-29T14:36:04Z", "TIPO": "PORTATA", "DISTRETTO": null, "SORGENTE_DATI": "RILEVATA" }, "geometry": { "type": "Point", "coordinates": [ 15.497384665926301, 38.173651471172988, 0.0 ] } },
{ "type": "Feature", "properties": { "COD_ID": "CUS_S01_QU3", "DENOMINAZIONE": "CUMIA SUPERIORE", "UTENTE_CREAZIONE": null, "DATA_INS": null, "DATA_AGG": null, "OPERATORE": null, "D_STATO": null, "ANGLE": null, "IDGIS": null, "PORTING_CLASS": null, "PORTING_ID": null, "POINT_X": 543567.127, "POINT_Y": 4225203.1922000004, "COMUNE": "Messina", "VIA_DENOMINAZIONE": "Cumia superiore", "N_CIVICO": null, "STATO_FUNZIONALITA": null, "STATO_CONSERVAZIONE": null, "Note": "misuratore su distribuzione", "created_user": "SA", "created_date": "2025-06-26T11:07:54Z", "last_edited_user": "SERGIO", "last_edited_date": "2026-04-29T14:36:04Z", "TIPO": "PORTATA", "DISTRETTO": null, "SORGENTE_DATI": "RILEVATA" }, "geometry": { "type": "Point", "coordinates": [ 15.497392441192613, 38.17365523522853, 0.0 ] } },
{ "type": "Feature", "properties": { "COD_ID": "MN2_S01_QI1", "DENOMINAZIONE": "MONTESANTO 2", "UTENTE_CREAZIONE": null, "DATA_INS": null, "DATA_AGG": null, "OPERATORE": null, "D_STATO": null, "ANGLE": null, "IDGIS": null, "PORTING_CLASS": null, "PORTING_ID": null, "POINT_X": 547068.7804, "POINT_Y": 4225842.7764, "COMUNE": "Messina", "VIA_DENOMINAZIONE": null, "N_CIVICO": null, "STATO_FUNZIONALITA": null, "STATO_CONSERVAZIONE": null, "Note": "misuratore portata ingresso fiumefreddo segna 651l/s", "created_user": "SA", "created_date": "2025-06-26T11:07:54Z", "last_edited_user": "SERGIO", "last_edited_date": "2026-04-29T14:36:04Z", "TIPO": "PORTATA", "DISTRETTO": null, "SORGENTE_DATI": "RILEVATA" }, "geometry": { "type": "Point", "coordinates": [ 15.53739100260481, 38.179491274858307, 0.0 ] } },
{ "type": "Feature", "properties": { "COD_ID": "MN2_S01_QU1", "DENOMINAZIONE": "MONTESANTO 2", "UTENTE_CREAZIONE": null, "DATA_INS": null, "DATA_AGG": null, "OPERATORE": null, "D_STATO": null, "ANGLE": null, "IDGIS": null, "PORTING_CLASS": null, "PORTING_ID": null, "POINT_X": 547077.7689, "POINT_Y": 4225852.3581999997, "COMUNE": "Messina", "VIA_DENOMINAZIONE": null, "N_CIVICO": null, "STATO_FUNZIONALITA": null, "STATO_CONSERVAZIONE": null, "Note": "misuratore di portata in distribuzione", "created_user": "SA", "created_date": "2025-06-26T11:07:54Z", "last_edited_user": "SERGIO", "last_edited_date": "2026-04-29T14:36:04Z", "TIPO": "PORTATA", "DISTRETTO": null, "SORGENTE_DATI": "RILEVATA" }, "geometry": { "type": "Point", "coordinates": [ 15.537477783200183, 38.179492015060212, 0.0 ] } },
{ "type": "Feature", "properties": { "COD_ID": "MN2_S01_QU2", "DENOMINAZIONE": "MONTESANTO 2", "UTENTE_CREAZIONE": null, "DATA_INS": null, "DATA_AGG": null, "OPERATORE": null, "D_STATO": null, "ANGLE": null, "IDGIS": null, "PORTING_CLASS": null, "PORTING_ID": null, "POINT_X": 547086.2367, "POINT_Y": 4225862.9946999997, "COMUNE": "Messina", "VIA_DENOMINAZIONE": null, "N_CIVICO": null, "STATO_FUNZIONALITA": null, "STATO_CONSERVAZIONE": null, "Note": "misuratore uscita", "created_user": "SA", "created_date": "2025-06-26T11:07:54Z", "last_edited_user": "SERGIO", "last_edited_date": "2026-04-29T14:36:04Z", "TIPO": "PORTATA", "DISTRETTO": null, "SORGENTE_DATI": "RILEVATA" }, "geometry": { "type": "Point", "coordinates": [ 15.537604782787888, 38.179612609852427, 0.0 ] } },
{ "type": "Feature", "properties": { "COD_ID": "MN2_S01_QU3", "DENOMINAZIONE": "MONTESANTO 2", "UTENTE_CREAZIONE": null, "DATA_INS": null, "DATA_AGG": null, "OPERATORE": null, "D_STATO": null, "ANGLE": null, "IDGIS": null, "PORTING_CLASS": null, "PORTING_ID": null, "POINT_X": 547088.6331, "POINT_Y": 4225860.8318999996, "COMUNE": "Messina", "VIA_DENOMINAZIONE": null, "N_CIVICO": null, "STATO_FUNZIONALITA": null, "STATO_CONSERVAZIONE": null, "Note": "misuratore su uscita", "created_user": "SA", "created_date": "2025-06-26T11:07:54Z", "last_edited_user": "SERGIO", "last_edited_date": "2026-04-29T14:36:04Z", "TIPO": "PORTATA", "DISTRETTO": null, "SORGENTE_DATI": "RILEVATA" }, "geometry": { "type": "Point", "coordinates": [ 15.537602262906638, 38.17961509532843, 0.0 ] } },
{ "type": "Feature", "properties": { "COD_ID": "MN1_S01_QI_1", "DENOMINAZIONE": "MONTESANTO 1", "UTENTE_CREAZIONE": null, "DATA_INS": null, "DATA_AGG": null, "OPERATORE": null, "D_STATO": null, "ANGLE": null, "IDGIS": null, "PORTING_CLASS": null, "PORTING_ID": null, "POINT_X": 546628.7756000001, "POINT_Y": 4226039.5853000004, "COMUNE": "Messina", "VIA_DENOMINAZIONE": "Montesanto 1", "N_CIVICO": null, "STATO_FUNZIONALITA": null, "STATO_CONSERVAZIONE": null, "Note": "misuratore di portata in galleria non funzionante", "created_user": "SA", "created_date": "2025-06-26T11:07:54Z", "last_edited_user": "SERGIO", "last_edited_date": "2026-04-29T14:36:04Z", "TIPO": "PORTATA", "DISTRETTO": null, "SORGENTE_DATI": "RILEVATA" }, "geometry": { "type": "Point", "coordinates": [ 15.532389962413962, 38.181120950747491, 0.0 ] } },
{ "type": "Feature", "properties": { "COD_ID": "ZA_S01_QU1", "DENOMINAZIONE": "ZAFFERIA ", "UTENTE_CREAZIONE": null, "DATA_INS": null, "DATA_AGG": null, "OPERATORE": null, "D_STATO": null, "ANGLE": null, "IDGIS": null, "PORTING_CLASS": null, "PORTING_ID": null, "POINT_X": 544269.6303, "POINT_Y": 4222895.6083000004, "COMUNE": "Messina", "VIA_DENOMINAZIONE": "ZAFFERIA ", "N_CIVICO": null, "STATO_FUNZIONALITA": null, "STATO_CONSERVAZIONE": null, "Note": "misuratore portata distribuzione", "created_user": "SA", "created_date": "2025-06-26T11:07:54Z", "last_edited_user": "SERGIO", "last_edited_date": "2026-04-29T14:36:04Z", "TIPO": "PORTATA", "DISTRETTO": "SI", "SORGENTE_DATI": "RILEVATA" }, "geometry": { "type": "Point", "coordinates": [ 15.505274278523315, 38.152856788954153, 0.0 ] } },
{ "type": "Feature", "properties": { "COD_ID": "ZA_S01_QI1", "DENOMINAZIONE": "ZAFFERIA ", "UTENTE_CREAZIONE": null, "DATA_INS": null, "DATA_AGG": null, "OPERATORE": null, "D_STATO": null, "ANGLE": null, "IDGIS": null, "PORTING_CLASS": null, "PORTING_ID": null, "POINT_X": 544269.1536, "POINT_Y": 4222894.3482, "COMUNE": "Messina", "VIA_DENOMINAZIONE": "ZAFFERIA ", "N_CIVICO": null, "STATO_FUNZIONALITA": null, "STATO_CONSERVAZIONE": null, "Note": "misuratore di portata arrivo segna 6.35 l/s", "created_user": "SA", "created_date": "2025-06-26T11:07:54Z", "last_edited_user": "SERGIO", "last_edited_date": "2026-04-29T14:36:04Z", "TIPO": "PORTATA", "DISTRETTO": "SI", "SORGENTE_DATI": "RILEVATA" }, "geometry": { "type": "Point", "coordinates": [ 15.505268759521696, 38.152845455942959, 0.0 ] } },
{ "type": "Feature", "properties": { "COD_ID": "ZA_S01_QU2", "DENOMINAZIONE": "ZAFFERIA ", "UTENTE_CREAZIONE": null, "DATA_INS": null, "DATA_AGG": null, "OPERATORE": null, "D_STATO": null, "ANGLE": null, "IDGIS": null, "PORTING_CLASS": null, "PORTING_ID": null, "POINT_X": 544268.9236, "POINT_Y": 4222893.0969000002, "COMUNE": "Messina", "VIA_DENOMINAZIONE": "ZAFFERIA ", "N_CIVICO": null, "STATO_FUNZIONALITA": null, "STATO_CONSERVAZIONE": null, "Note": "misuratore di portata distribuzione secondaria", "created_user": "SA", "created_date": "2025-06-26T11:07:54Z", "last_edited_user": "SERGIO", "last_edited_date": "2026-04-29T14:36:04Z", "TIPO": "PORTATA", "DISTRETTO": "SI", "SORGENTE_DATI": "RILEVATA" }, "geometry": { "type": "Point", "coordinates": [ 15.505266056693424, 38.152834190127322, 0.0 ] } },
{ "type": "Feature", "properties": { "COD_ID": "ZA_IS01_QU1", "DENOMINAZIONE": "ZAFFERIA ", "UTENTE_CREAZIONE": null, "DATA_INS": null, "DATA_AGG": null, "OPERATORE": null, "D_STATO": null, "ANGLE": null, "IDGIS": null, "PORTING_CLASS": null, "PORTING_ID": null, "POINT_X": 544802.4715, "POINT_Y": 4222624.6315000001, "COMUNE": "Messina", "VIA_DENOMINAZIONE": "ZAFFERIA ", "N_CIVICO": null, "STATO_FUNZIONALITA": null, "STATO_CONSERVAZIONE": null, "Note": "misuratore all'uscita delle pompe", "created_user": "SA", "created_date": "2025-06-26T11:07:54Z", "last_edited_user": "SERGIO", "last_edited_date": "2026-04-29T14:36:04Z", "TIPO": "PORTATA", "DISTRETTO": "SI", "SORGENTE_DATI": "RILEVATA" }, "geometry": { "type": "Point", "coordinates": [ 15.511338622959626, 38.150388343367361, 0.0 ] } },
{ "type": "Feature", "properties": { "COD_ID": "LA_S01_QI1", "DENOMINAZIONE": "LARDERIA", "UTENTE_CREAZIONE": null, "DATA_INS": null, "DATA_AGG": null, "OPERATORE": null, "D_STATO": null, "ANGLE": null, "IDGIS": null, "PORTING_CLASS": null, "PORTING_ID": null, "POINT_X": 543207.5603, "POINT_Y": 4221329.1738, "COMUNE": "Messina", "VIA_DENOMINAZIONE": "LARDERIA", "N_CIVICO": null, "STATO_FUNZIONALITA": null, "STATO_CONSERVAZIONE": null, "Note": "misuratore in ingresso non funzionante", "created_user": "SA", "created_date": "2025-06-26T11:07:54Z", "last_edited_user": "SERGIO", "last_edited_date": "2026-04-29T14:36:04Z", "TIPO": "PORTATA", "DISTRETTO": "SI", "SORGENTE_DATI": "RILEVATA" }, "geometry": { "type": "Point", "coordinates": [ 15.493072032758654, 38.138797270402918, 0.0 ] } },
{ "type": "Feature", "properties": { "COD_ID": "LA_S01_QU1", "DENOMINAZIONE": "LARDERIA", "UTENTE_CREAZIONE": null, "DATA_INS": null, "DATA_AGG": null, "OPERATORE": null, "D_STATO": null, "ANGLE": null, "IDGIS": null, "PORTING_CLASS": null, "PORTING_ID": null, "POINT_X": 543208.6396, "POINT_Y": 4221328.0931000002, "COMUNE": "Messina", "VIA_DENOMINAZIONE": "LARDERIA", "N_CIVICO": null, "STATO_FUNZIONALITA": null, "STATO_CONSERVAZIONE": null, "Note": "misuratore in uscita non funzionante ", "created_user": "SA", "created_date": "2025-06-26T11:07:54Z", "last_edited_user": "SERGIO", "last_edited_date": "2026-04-29T14:36:04Z", "TIPO": "PORTATA", "DISTRETTO": "SI", "SORGENTE_DATI": "RILEVATA" }, "geometry": { "type": "Point", "coordinates": [ 15.493070826450474, 38.138796741920167, 0.0 ] } },
{ "type": "Feature", "properties": { "COD_ID": "LA_S02_QU1", "DENOMINAZIONE": "LARDERIA", "UTENTE_CREAZIONE": null, "DATA_INS": null, "DATA_AGG": null, "OPERATORE": null, "D_STATO": null, "ANGLE": null, "IDGIS": null, "PORTING_CLASS": null, "PORTING_ID": null, "POINT_X": 543979.4356, "POINT_Y": 4221752.6138000004, "COMUNE": "Messina", "VIA_DENOMINAZIONE": "LARDERIA", "N_CIVICO": null, "STATO_FUNZIONALITA": null, "STATO_CONSERVAZIONE": null, "Note": "misuratore su distribuzione ", "created_user": "SA", "created_date": "2025-06-26T11:07:54Z", "last_edited_user": "SERGIO", "last_edited_date": "2026-04-29T14:36:04Z", "TIPO": "PORTATA", "DISTRETTO": "SI", "SORGENTE_DATI": "RILEVATA" }, "geometry": { "type": "Point", "coordinates": [ 15.501890586836888, 38.142581747794587, 0.0 ] } },
{ "type": "Feature", "properties": { "COD_ID": "LA_S02_QI1", "DENOMINAZIONE": "LARDERIA", "UTENTE_CREAZIONE": null, "DATA_INS": null, "DATA_AGG": null, "OPERATORE": null, "D_STATO": null, "ANGLE": null, "IDGIS": null, "PORTING_CLASS": null, "PORTING_ID": null, "POINT_X": 543978.8989, "POINT_Y": 4221753.5971999997, "COMUNE": "Messina", "VIA_DENOMINAZIONE": "LARDERIA", "N_CIVICO": null, "STATO_FUNZIONALITA": null, "STATO_CONSERVAZIONE": null, "Note": "misuratore su arrivo", "created_user": "SA", "created_date": "2025-06-26T11:07:54Z", "last_edited_user": "SERGIO", "last_edited_date": "2026-04-29T14:36:04Z", "TIPO": "PORTATA", "DISTRETTO": "SI", "SORGENTE_DATI": "RILEVATA" }, "geometry": { "type": "Point", "coordinates": [ 15.501891592888851, 38.142579179411797, 0.0 ] } },
{ "type": "Feature", "properties": { "COD_ID": "LA_IS01_QI1", "DENOMINAZIONE": "LARDERIA", "UTENTE_CREAZIONE": null, "DATA_INS": null, "DATA_AGG": null, "OPERATORE": null, "D_STATO": null, "ANGLE": null, "IDGIS": null, "PORTING_CLASS": null, "PORTING_ID": null, "POINT_X": 544162.5113, "POINT_Y": 4221676.3627000004, "COMUNE": "Messina", "VIA_DENOMINAZIONE": "LARDERIA", "N_CIVICO": null, "STATO_FUNZIONALITA": null, "STATO_CONSERVAZIONE": null, "Note": "misuratori su ingresso ", "created_user": "SA", "created_date": "2025-06-26T11:07:54Z", "last_edited_user": "SERGIO", "last_edited_date": "2026-04-29T14:36:04Z", "TIPO": "PORTATA", "DISTRETTO": "SI", "SORGENTE_DATI": "RILEVATA" }, "geometry": { "type": "Point", "coordinates": [ 15.503937845295367, 38.141883295192926, 0.0 ] } },
{ "type": "Feature", "properties": { "COD_ID": "LA_IS01_QI2", "DENOMINAZIONE": "LARDERIA", "UTENTE_CREAZIONE": null, "DATA_INS": null, "DATA_AGG": null, "OPERATORE": null, "D_STATO": null, "ANGLE": null, "IDGIS": null, "PORTING_CLASS": null, "PORTING_ID": null, "POINT_X": 544162.3119, "POINT_Y": 4221675.7720999997, "COMUNE": "Messina", "VIA_DENOMINAZIONE": "LARDERIA", "N_CIVICO": null, "STATO_FUNZIONALITA": null, "STATO_CONSERVAZIONE": null, "Note": "misuratore su ingresso dal pozzo", "created_user": "SA", "created_date": "2025-06-26T11:07:54Z", "last_edited_user": "SERGIO", "last_edited_date": "2026-04-29T14:36:04Z", "TIPO": "PORTATA", "DISTRETTO": "SI", "SORGENTE_DATI": "RILEVATA" }, "geometry": { "type": "Point", "coordinates": [ 15.503920537885085, 38.141869646861416, 0.0 ] } },
{ "type": "Feature", "properties": { "COD_ID": "LA_IS01_QU1", "DENOMINAZIONE": "LARDERIA", "UTENTE_CREAZIONE": null, "DATA_INS": null, "DATA_AGG": null, "OPERATORE": null, "D_STATO": null, "ANGLE": null, "IDGIS": null, "PORTING_CLASS": null, "PORTING_ID": null, "POINT_X": 544162.4334, "POINT_Y": 4221678.1393, "COMUNE": "Messina", "VIA_DENOMINAZIONE": "LARDERIA", "N_CIVICO": null, "STATO_FUNZIONALITA": null, "STATO_CONSERVAZIONE": null, "Note": "misuratore su uscita", "created_user": "SA", "created_date": "2025-06-26T11:07:54Z", "last_edited_user": "SERGIO", "last_edited_date": "2026-04-29T14:36:04Z", "TIPO": "PORTATA", "DISTRETTO": "SI", "SORGENTE_DATI": "RILEVATA" }, "geometry": { "type": "Point", "coordinates": [ 15.503941680936919, 38.141869545339695, 0.0 ] } },
{ "type": "Feature", "properties": { "COD_ID": "LA_IS01_QU2", "DENOMINAZIONE": "LARDERIA", "UTENTE_CREAZIONE": null, "DATA_INS": null, "DATA_AGG": null, "OPERATORE": null, "D_STATO": null, "ANGLE": null, "IDGIS": null, "PORTING_CLASS": null, "PORTING_ID": null, "POINT_X": 544160.8332, "POINT_Y": 4221678.0927999998, "COMUNE": "Messina", "VIA_DENOMINAZIONE": "LARDERIA", "N_CIVICO": null, "STATO_FUNZIONALITA": null, "STATO_CONSERVAZIONE": null, "Note": "misuratore su ingresso sollevamento larderia inferiore", "created_user": "SA", "created_date": "2025-06-26T11:07:54Z", "last_edited_user": "SERGIO", "last_edited_date": "2026-04-29T14:36:04Z", "TIPO": "PORTATA", "DISTRETTO": "SI", "SORGENTE_DATI": "RILEVATA" }, "geometry": { "type": "Point", "coordinates": [ 15.503939154049043, 38.141864687574895, 0.0 ] } },
{ "type": "Feature", "properties": { "COD_ID": "LA_IS01_QU3", "DENOMINAZIONE": "LARDERIA", "UTENTE_CREAZIONE": null, "DATA_INS": null, "DATA_AGG": null, "OPERATORE": null, "D_STATO": null, "ANGLE": null, "IDGIS": null, "PORTING_CLASS": null, "PORTING_ID": null, "POINT_X": 544159.9485000001, "POINT_Y": 4221681.5632999996, "COMUNE": "Messina", "VIA_DENOMINAZIONE": "LARDERIA", "N_CIVICO": null, "STATO_FUNZIONALITA": null, "STATO_CONSERVAZIONE": null, "Note": "misuratore su ingresso sollevamento larderia superiore", "created_user": "SA", "created_date": "2025-06-26T11:07:54Z", "last_edited_user": "SERGIO", "last_edited_date": "2026-04-29T14:36:04Z", "TIPO": "PORTATA", "DISTRETTO": "SI", "SORGENTE_DATI": "RILEVATA" }, "geometry": { "type": "Point", "coordinates": [ 15.503936819139238, 38.141860199404221, 0.0 ] } },
{ "type": "Feature", "properties": { "COD_ID": "MSP_S01_QI1", "DENOMINAZIONE": "TIPOLDO", "UTENTE_CREAZIONE": null, "DATA_INS": null, "DATA_AGG": null, "OPERATORE": null, "D_STATO": null, "ANGLE": null, "IDGIS": null, "PORTING_CLASS": null, "PORTING_ID": null, "POINT_X": 542903.5609, "POINT_Y": 4220544.6212, "COMUNE": "Messina", "VIA_DENOMINAZIONE": "TIPOLDO", "N_CIVICO": null, "STATO_FUNZIONALITA": null, "STATO_CONSERVAZIONE": null, "Note": "Misuratore di portata in entrata", "created_user": "GIOVANNI1", "created_date": "2025-06-26T11:29:57Z", "last_edited_user": "SERGIO", "last_edited_date": "2026-04-29T14:36:04Z", "TIPO": "PORTATA", "DISTRETTO": "SI", "SORGENTE_DATI": "RILEVATA" }, "geometry": { "type": "Point", "coordinates": [ 15.48954149418358, 38.131734905035636, 0.0 ] } },
{ "type": "Feature", "properties": { "COD_ID": "MSP_S01_QU1", "DENOMINAZIONE": "TIPOLDO", "UTENTE_CREAZIONE": null, "DATA_INS": null, "DATA_AGG": null, "OPERATORE": null, "D_STATO": null, "ANGLE": null, "IDGIS": null, "PORTING_CLASS": null, "PORTING_ID": null, "POINT_X": 542903.6561, "POINT_Y": 4220545.2592000002, "COMUNE": "Messina", "VIA_DENOMINAZIONE": "TIPOLDO", "N_CIVICO": null, "STATO_FUNZIONALITA": null, "STATO_CONSERVAZIONE": null, "Note": "Misuratore portata uscita", "created_user": "GIOVANNI1", "created_date": "2025-06-26T11:29:57Z", "last_edited_user": "SERGIO", "last_edited_date": "2026-04-29T14:36:04Z", "TIPO": "PORTATA", "DISTRETTO": "SI", "SORGENTE_DATI": "RILEVATA" }, "geometry": { "type": "Point", "coordinates": [ 15.489542618811218, 38.131740650399685, 0.0 ] } },
{ "type": "Feature", "properties": { "COD_ID": "MSP_S01_PU1", "DENOMINAZIONE": "TIPOLDO", "UTENTE_CREAZIONE": null, "DATA_INS": null, "DATA_AGG": null, "OPERATORE": null, "D_STATO": null, "ANGLE": null, "IDGIS": null, "PORTING_CLASS": null, "PORTING_ID": null, "POINT_X": 542902.6312, "POINT_Y": 4220549.428, "COMUNE": "Messina", "VIA_DENOMINAZIONE": "TIPOLDO", "N_CIVICO": null, "STATO_FUNZIONALITA": null, "STATO_CONSERVAZIONE": null, "Note": "misuratore pressione in uscita", "created_user": "GIOVANNI1", "created_date": "2025-06-26T11:29:57Z", "last_edited_user": "SERGIO", "last_edited_date": "2026-04-29T14:36:04Z", "TIPO": "PRESSIONE", "DISTRETTO": "SI", "SORGENTE_DATI": "RILEVATA" }, "geometry": { "type": "Point", "coordinates": [ 15.489531175756508, 38.131778269890049, 0.0 ] } },
{ "type": "Feature", "properties": { "COD_ID": "MSP_S01_QU2", "DENOMINAZIONE": "TIPOLDO", "UTENTE_CREAZIONE": null, "DATA_INS": null, "DATA_AGG": null, "OPERATORE": null, "D_STATO": null, "ANGLE": null, "IDGIS": null, "PORTING_CLASS": null, "PORTING_ID": null, "POINT_X": 542902.6697, "POINT_Y": 4220548.7956999997, "COMUNE": "Messina", "VIA_DENOMINAZIONE": "TIPOLDO", "N_CIVICO": null, "STATO_FUNZIONALITA": null, "STATO_CONSERVAZIONE": null, "Note": "misuratore portata uscita", "created_user": "GIOVANNI1", "created_date": "2025-06-26T11:29:57Z", "last_edited_user": "SERGIO", "last_edited_date": "2026-04-29T14:36:04Z", "TIPO": "PORTATA", "DISTRETTO": "SI", "SORGENTE_DATI": "RILEVATA" }, "geometry": { "type": "Point", "coordinates": [ 15.489531576975672, 38.131772569539358, 0.0 ] } },
{ "type": "Feature", "properties": { "COD_ID": "MGO_S01_QI1", "DENOMINAZIONE": "MASSA S. GIORGIO", "UTENTE_CREAZIONE": null, "DATA_INS": null, "DATA_AGG": null, "OPERATORE": null, "D_STATO": null, "ANGLE": null, "IDGIS": null, "PORTING_CLASS": null, "PORTING_ID": null, "POINT_X": 546633.4791, "POINT_Y": 4236064.7803999996, "COMUNE": "Messina", "VIA_DENOMINAZIONE": "Massa S. Giorgio", "N_CIVICO": null, "STATO_FUNZIONALITA": null, "STATO_CONSERVAZIONE": null, "Note": "Misuratore portata in entrata", "created_user": "GIOVANNI1", "created_date": "2025-06-26T11:29:57Z", "last_edited_user": "SERGIO", "last_edited_date": "2026-04-29T14:36:04Z", "TIPO": "PORTATA", "DISTRETTO": "SI", "SORGENTE_DATI": "RILEVATA" }, "geometry": { "type": "Point", "coordinates": [ 15.533112377897442, 38.271419113961883, 0.0 ] } },
{ "type": "Feature", "properties": { "COD_ID": "MGO_S01_QU1", "DENOMINAZIONE": "MASSA S. GIORGIO", "UTENTE_CREAZIONE": null, "DATA_INS": null, "DATA_AGG": null, "OPERATORE": null, "D_STATO": null, "ANGLE": null, "IDGIS": null, "PORTING_CLASS": null, "PORTING_ID": null, "POINT_X": 546634.0488, "POINT_Y": 4236065.6703000003, "COMUNE": "Messina", "VIA_DENOMINAZIONE": "Massa S. Giorgio", "N_CIVICO": null, "STATO_FUNZIONALITA": null, "STATO_CONSERVAZIONE": null, "Note": "Misuratore portata in uscita", "created_user": "GIOVANNI1", "created_date": "2025-06-26T11:29:57Z", "last_edited_user": "SERGIO", "last_edited_date": "2026-04-29T14:36:04Z", "TIPO": "PORTATA", "DISTRETTO": "SI", "SORGENTE_DATI": "RILEVATA" }, "geometry": { "type": "Point", "coordinates": [ 15.533114471823472, 38.271427031747137, 0.0 ] } },
{ "type": "Feature", "properties": { "COD_ID": "MGV_S01_QI1", "DENOMINAZIONE": "MASSA S. GIOVANNI", "UTENTE_CREAZIONE": null, "DATA_INS": null, "DATA_AGG": null, "OPERATORE": null, "D_STATO": null, "ANGLE": null, "IDGIS": null, "PORTING_CLASS": null, "PORTING_ID": null, "POINT_X": 547416.9431, "POINT_Y": 4235198.5491000004, "COMUNE": "Messina", "VIA_DENOMINAZIONE": "Massa S. Giovanni", "N_CIVICO": null, "STATO_FUNZIONALITA": null, "STATO_CONSERVAZIONE": null, "Note": "misuratore di portata in ingresso", "created_user": "GIOVANNI1", "created_date": "2025-06-26T11:29:57Z", "last_edited_user": "SERGIO", "last_edited_date": "2026-04-29T14:36:04Z", "TIPO": "PORTATA", "DISTRETTO": "SI", "SORGENTE_DATI": "RILEVATA" }, "geometry": { "type": "Point", "coordinates": [ 15.542012011229506, 38.263582185264752, 0.0 ] } },
{ "type": "Feature", "properties": { "COD_ID": "MGV_S01_QU1", "DENOMINAZIONE": "MASSA S. GIOVANNI", "UTENTE_CREAZIONE": null, "DATA_INS": null, "DATA_AGG": null, "OPERATORE": null, "D_STATO": null, "ANGLE": null, "IDGIS": null, "PORTING_CLASS": null, "PORTING_ID": null, "POINT_X": 547418.6836, "POINT_Y": 4235206.2923999997, "COMUNE": "Messina", "VIA_DENOMINAZIONE": "Massa S. Giovanni", "N_CIVICO": null, "STATO_FUNZIONALITA": null, "STATO_CONSERVAZIONE": null, "Note": "misuratore di portata in uscita", "created_user": "GIOVANNI1", "created_date": "2025-06-26T11:29:57Z", "last_edited_user": "SERGIO", "last_edited_date": "2026-04-29T14:36:04Z", "TIPO": "PORTATA", "DISTRETTO": "SI", "SORGENTE_DATI": "RILEVATA" }, "geometry": { "type": "Point", "coordinates": [ 15.542036933294531, 38.263642729904568, 0.0 ] } },
{ "type": "Feature", "properties": { "COD_ID": "MGV_S02_QU1", "DENOMINAZIONE": "MASSA S. GIOVANNI", "UTENTE_CREAZIONE": null, "DATA_INS": null, "DATA_AGG": null, "OPERATORE": null, "D_STATO": null, "ANGLE": null, "IDGIS": null, "PORTING_CLASS": null, "PORTING_ID": null, "POINT_X": 547426.1682, "POINT_Y": 4235202.2827000003, "COMUNE": "Messina", "VIA_DENOMINAZIONE": "Massa S. Giovanni", "N_CIVICO": null, "STATO_FUNZIONALITA": null, "STATO_CONSERVAZIONE": null, "Note": "misuratore di portata in uscita", "created_user": "GIOVANNI1", "created_date": "2025-06-26T11:29:57Z", "last_edited_user": "SERGIO", "last_edited_date": "2026-04-29T14:36:04Z", "TIPO": "PORTATA", "DISTRETTO": "SI", "SORGENTE_DATI": "RILEVATA" }, "geometry": { "type": "Point", "coordinates": [ 15.542122216700967, 38.263606198909876, 0.0 ] } },
{ "type": "Feature", "properties": { "COD_ID": "TA_S01_QU1", "DENOMINAZIONE": "TREMESTIERI ALTO", "UTENTE_CREAZIONE": null, "DATA_INS": null, "DATA_AGG": null, "OPERATORE": null, "D_STATO": null, "ANGLE": null, "IDGIS": null, "PORTING_CLASS": null, "PORTING_ID": null, "POINT_X": 545813.9786, "POINT_Y": 4222234.084, "COMUNE": "Messina", "VIA_DENOMINAZIONE": "Tremestieri alto", "N_CIVICO": null, "STATO_FUNZIONALITA": null, "STATO_CONSERVAZIONE": null, "Note": "Misuratore portata in uscita", "created_user": "GIOVANNI1", "created_date": "2025-08-26T11:37:54Z", "last_edited_user": "SERGIO", "last_edited_date": "2026-04-29T14:36:04Z", "TIPO": "PORTATA", "DISTRETTO": "SI", "SORGENTE_DATI": "RILEVATA" }, "geometry": { "type": "Point", "coordinates": [ 15.522857570174617, 38.146817789286231, 0.0 ] } },
{ "type": "Feature", "properties": { "COD_ID": "TA_S01_QU2", "DENOMINAZIONE": "TREMESTIERI ALTO", "UTENTE_CREAZIONE": null, "DATA_INS": null, "DATA_AGG": null, "OPERATORE": null, "D_STATO": null, "ANGLE": null, "IDGIS": null, "PORTING_CLASS": null, "PORTING_ID": null, "POINT_X": 545813.923, "POINT_Y": 4222235.7993000001, "COMUNE": "Messina", "VIA_DENOMINAZIONE": "Tremestieri alto", "N_CIVICO": null, "STATO_FUNZIONALITA": null, "STATO_CONSERVAZIONE": null, "Note": "Misuratore di portata in uscita", "created_user": "GIOVANNI1", "created_date": "2025-08-26T11:37:54Z", "last_edited_user": "SERGIO", "last_edited_date": "2026-04-29T14:36:04Z", "TIPO": "PORTATA", "DISTRETTO": "SI", "SORGENTE_DATI": "RILEVATA" }, "geometry": { "type": "Point", "coordinates": [ 15.522883588103163, 38.146811818890697, 0.0 ] } },
{ "type": "Feature", "properties": { "COD_ID": "TA_S01_QI1", "DENOMINAZIONE": "TREMESTIERI ALTO", "UTENTE_CREAZIONE": null, "DATA_INS": null, "DATA_AGG": null, "OPERATORE": null, "D_STATO": null, "ANGLE": null, "IDGIS": null, "PORTING_CLASS": null, "PORTING_ID": null, "POINT_X": 545817.3601, "POINT_Y": 4222233.4233999997, "COMUNE": "Messina", "VIA_DENOMINAZIONE": "Tremestieri alto", "N_CIVICO": null, "STATO_FUNZIONALITA": null, "STATO_CONSERVAZIONE": null, "Note": "Misuratore di portata in entrata ", "created_user": "GIOVANNI1", "created_date": "2025-08-26T11:37:54Z", "last_edited_user": "SERGIO", "last_edited_date": "2026-04-29T14:36:04Z", "TIPO": "PORTATA", "DISTRETTO": "SI", "SORGENTE_DATI": "RILEVATA" }, "geometry": { "type": "Point", "coordinates": [ 15.522890730744754, 38.146822624726589, 0.0 ] } },
{ "type": "Feature", "properties": { "COD_ID": "TA_S01_QI2", "DENOMINAZIONE": "TREMESTIERI ALTO", "UTENTE_CREAZIONE": null, "DATA_INS": null, "DATA_AGG": null, "OPERATORE": null, "D_STATO": null, "ANGLE": null, "IDGIS": null, "PORTING_CLASS": null, "PORTING_ID": null, "POINT_X": 545818.1285, "POINT_Y": 4222235.9118999997, "COMUNE": "Messina", "VIA_DENOMINAZIONE": "Tremestieri alto", "N_CIVICO": null, "STATO_FUNZIONALITA": null, "STATO_CONSERVAZIONE": null, "Note": "Misuratore di portata in entrata", "created_user": "GIOVANNI1", "created_date": "2025-08-26T11:37:54Z", "last_edited_user": "SERGIO", "last_edited_date": "2026-04-29T14:36:04Z", "TIPO": "PORTATA", "DISTRETTO": "SI", "SORGENTE_DATI": "RILEVATA" }, "geometry": { "type": "Point", "coordinates": [ 15.522903137112012, 38.146820356906503, 0.0 ] } },
{ "type": "Feature", "properties": { "COD_ID": "GSL_S01_QI1", "DENOMINAZIONE": "GALATI S. LUCIA", "UTENTE_CREAZIONE": null, "DATA_INS": null, "DATA_AGG": null, "OPERATORE": null, "D_STATO": null, "ANGLE": null, "IDGIS": null, "PORTING_CLASS": null, "PORTING_ID": null, "POINT_X": 543464.3483, "POINT_Y": 4218220.2121000001, "COMUNE": "Messina", "VIA_DENOMINAZIONE": null, "N_CIVICO": null, "STATO_FUNZIONALITA": null, "STATO_CONSERVAZIONE": null, "Note": "Misuratore di portata in ingresso", "created_user": "GIOVANNI1", "created_date": "2025-08-28T08:53:14Z", "last_edited_user": "SERGIO", "last_edited_date": "2026-04-29T14:36:04Z", "TIPO": "PORTATA", "DISTRETTO": "SI", "SORGENTE_DATI": "RILEVATA" }, "geometry": { "type": "Point", "coordinates": [ 15.495798335749587, 38.110759619097003, 0.0 ] } },
{ "type": "Feature", "properties": { "COD_ID": "GSL_S01_QU1", "DENOMINAZIONE": "GALATI S. LUCIA", "UTENTE_CREAZIONE": null, "DATA_INS": null, "DATA_AGG": null, "OPERATORE": null, "D_STATO": null, "ANGLE": null, "IDGIS": null, "PORTING_CLASS": null, "PORTING_ID": null, "POINT_X": 543464.4989, "POINT_Y": 4218220.7484999998, "COMUNE": "Messina", "VIA_DENOMINAZIONE": null, "N_CIVICO": null, "STATO_FUNZIONALITA": null, "STATO_CONSERVAZIONE": null, "Note": "Misuratore di portata in uscita", "created_user": "GIOVANNI1", "created_date": "2025-08-28T08:53:14Z", "last_edited_user": "SERGIO", "last_edited_date": "2026-04-29T14:36:04Z", "TIPO": "PORTATA", "DISTRETTO": "SI", "SORGENTE_DATI": "RILEVATA" }, "geometry": { "type": "Point", "coordinates": [ 15.495800086264214, 38.110764446094926, 0.0 ] } },
{ "type": "Feature", "properties": { "COD_ID": "GLS_S01_QU2", "DENOMINAZIONE": "GALATI S. LUCIA", "UTENTE_CREAZIONE": null, "DATA_INS": null, "DATA_AGG": null, "OPERATORE": null, "D_STATO": null, "ANGLE": null, "IDGIS": null, "PORTING_CLASS": null, "PORTING_ID": null, "POINT_X": 543466.4092, "POINT_Y": 4218220.9984999998, "COMUNE": "Messina", "VIA_DENOMINAZIONE": null, "N_CIVICO": null, "STATO_FUNZIONALITA": null, "STATO_CONSERVAZIONE": null, "Note": "Misuratore di porata in uscita", "created_user": "GIOVANNI1", "created_date": "2025-08-28T08:53:14Z", "last_edited_user": "SERGIO", "last_edited_date": "2026-04-29T14:36:04Z", "TIPO": "PORTATA", "DISTRETTO": "SI", "SORGENTE_DATI": "RILEVATA" }, "geometry": { "type": "Point", "coordinates": [ 15.495823009153742, 38.110765552551122, 0.0 ] } },
{ "type": "Feature", "properties": { "COD_ID": "GLS_S01_QU3", "DENOMINAZIONE": "GALATI S. LUCIA", "UTENTE_CREAZIONE": null, "DATA_INS": null, "DATA_AGG": null, "OPERATORE": null, "D_STATO": null, "ANGLE": null, "IDGIS": null, "PORTING_CLASS": null, "PORTING_ID": null, "POINT_X": 543466.4332, "POINT_Y": 4218220.8677000003, "COMUNE": "Messina", "VIA_DENOMINAZIONE": null, "N_CIVICO": null, "STATO_FUNZIONALITA": null, "STATO_CONSERVAZIONE": null, "Note": "Misuratore di portata in uscita", "created_user": "GIOVANNI1", "created_date": "2025-08-28T08:53:14Z", "last_edited_user": "SERGIO", "last_edited_date": "2026-04-29T14:36:04Z", "TIPO": "PORTATA", "DISTRETTO": "SI", "SORGENTE_DATI": "RILEVATA" }, "geometry": { "type": "Point", "coordinates": [ 15.495822812205517, 38.110766791720167, 0.0 ] } },
{ "type": "Feature", "properties": { "COD_ID": "GLS_S01_L1", "DENOMINAZIONE": "GALATI S. LUCIA", "UTENTE_CREAZIONE": null, "DATA_INS": null, "DATA_AGG": null, "OPERATORE": null, "D_STATO": null, "ANGLE": null, "IDGIS": null, "PORTING_CLASS": null, "PORTING_ID": null, "POINT_X": 543464.2894, "POINT_Y": 4218220.5851999996, "COMUNE": "Messina", "VIA_DENOMINAZIONE": null, "N_CIVICO": null, "STATO_FUNZIONALITA": null, "STATO_CONSERVAZIONE": null, "Note": null, "created_user": "GIOVANNI1", "created_date": "2025-08-28T08:53:14Z", "last_edited_user": "SERGIO", "last_edited_date": "2026-04-29T14:36:04Z", "TIPO": "LIVELLO", "DISTRETTO": "SI", "SORGENTE_DATI": "RILEVATA" }, "geometry": { "type": "Point", "coordinates": [ 15.495797686629267, 38.110762984455363, 0.0 ] } },
{ "type": "Feature", "properties": { "COD_ID": "MSM_P02_QU1", "DENOMINAZIONE": "BUSÀ", "UTENTE_CREAZIONE": null, "DATA_INS": null, "DATA_AGG": null, "OPERATORE": null, "D_STATO": null, "ANGLE": null, "IDGIS": null, "PORTING_CLASS": null, "PORTING_ID": null, "POINT_X": 544901.6452, "POINT_Y": 4219176.489, "COMUNE": "Messina", "VIA_DENOMINAZIONE": "MILI S. MARCO", "N_CIVICO": null, "STATO_FUNZIONALITA": null, "STATO_CONSERVAZIONE": null, "Note": "Misuratore di portata in uscita", "created_user": "GIOVANNI1", "created_date": "2025-09-11T08:33:09Z", "last_edited_user": "SERGIO", "last_edited_date": "2026-04-29T14:36:04Z", "TIPO": "PORTATA", "DISTRETTO": "SI", "SORGENTE_DATI": "RILEVATA" }, "geometry": { "type": "Point", "coordinates": [ 15.512253200021997, 38.119307607004323, 0.0 ] } },
{ "type": "Feature", "properties": { "COD_ID": "MSM_P02_PU1", "DENOMINAZIONE": "BUSÀ", "UTENTE_CREAZIONE": null, "DATA_INS": null, "DATA_AGG": null, "OPERATORE": null, "D_STATO": null, "ANGLE": null, "IDGIS": null, "PORTING_CLASS": null, "PORTING_ID": null, "POINT_X": 544901.4055, "POINT_Y": 4219175.8898, "COMUNE": "Messina", "VIA_DENOMINAZIONE": "MILI S. MARCO", "N_CIVICO": null, "STATO_FUNZIONALITA": null, "STATO_CONSERVAZIONE": null, "Note": "Misuratore di pressione in uscita", "created_user": "GIOVANNI1", "created_date": "2025-09-11T08:33:09Z", "last_edited_user": "SERGIO", "last_edited_date": "2026-04-29T14:36:04Z", "TIPO": "PRESSIONE", "DISTRETTO": "SI", "SORGENTE_DATI": "RILEVATA" }, "geometry": { "type": "Point", "coordinates": [ 15.512250427817399, 38.119302218723575, 0.0 ] } },
{ "type": "Feature", "properties": { "COD_ID": "MSM_P01_QU1", "DENOMINAZIONE": "CUCINOTTA", "UTENTE_CREAZIONE": null, "DATA_INS": null, "DATA_AGG": null, "OPERATORE": null, "D_STATO": null, "ANGLE": null, "IDGIS": null, "PORTING_CLASS": null, "PORTING_ID": null, "POINT_X": 544998.1255, "POINT_Y": 4219167.279, "COMUNE": "Messina", "VIA_DENOMINAZIONE": "MILI S. MARCO", "N_CIVICO": null, "STATO_FUNZIONALITA": null, "STATO_CONSERVAZIONE": null, "Note": "Misuratore di portata in uscita", "created_user": "GIOVANNI1", "created_date": "2025-09-11T08:38:00Z", "last_edited_user": "SERGIO", "last_edited_date": "2026-04-29T14:36:04Z", "TIPO": "PORTATA", "DISTRETTO": "SI", "SORGENTE_DATI": "RILEVATA" }, "geometry": { "type": "Point", "coordinates": [ 15.513353258181189, 38.119219799101806, 0.0 ] } },
{ "type": "Feature", "properties": { "COD_ID": "MSM_P03_QU1", "DENOMINAZIONE": "OTERI", "UTENTE_CREAZIONE": null, "DATA_INS": null, "DATA_AGG": null, "OPERATORE": null, "D_STATO": null, "ANGLE": null, "IDGIS": null, "PORTING_CLASS": null, "PORTING_ID": null, "POINT_X": 544681.6405, "POINT_Y": 4219119.4096, "COMUNE": "Messina", "VIA_DENOMINAZIONE": "MILI S. MARCO", "N_CIVICO": null, "STATO_FUNZIONALITA": null, "STATO_CONSERVAZIONE": null, "Note": "Misuratore Portata in uscita", "created_user": "GIOVANNI1", "created_date": "2025-09-11T08:38:00Z", "last_edited_user": "SERGIO", "last_edited_date": "2026-04-29T14:36:04Z", "TIPO": "PORTATA", "DISTRETTO": "SI", "SORGENTE_DATI": "RILEVATA" }, "geometry": { "type": "Point", "coordinates": [ 15.509739827454954, 38.118804103240819, 0.0 ] } },
{ "type": "Feature", "properties": { "COD_ID": "MM_S01_QI1", "DENOMINAZIONE": "MILI MARINA", "UTENTE_CREAZIONE": null, "DATA_INS": null, "DATA_AGG": null, "OPERATORE": null, "D_STATO": null, "ANGLE": null, "IDGIS": null, "PORTING_CLASS": null, "PORTING_ID": null, "POINT_X": 544558.9758, "POINT_Y": 4218981.5541000003, "COMUNE": "Messina", "VIA_DENOMINAZIONE": null, "N_CIVICO": null, "STATO_FUNZIONALITA": null, "STATO_CONSERVAZIONE": null, "Note": "Misuratore portata su arrivo", "created_user": "GIOVANNI1", "created_date": "2025-09-15T06:51:39Z", "last_edited_user": "SERGIO", "last_edited_date": "2026-04-29T14:36:04Z", "TIPO": "PORTATA", "DISTRETTO": "SI", "SORGENTE_DATI": "RILEVATA" }, "geometry": { "type": "Point", "coordinates": [ 15.508329696449854, 38.117568551527015, 0.0 ] } },
{ "type": "Feature", "properties": { "COD_ID": "MM_S01_QU1", "DENOMINAZIONE": "MILI MARINA", "UTENTE_CREAZIONE": null, "DATA_INS": null, "DATA_AGG": null, "OPERATORE": null, "D_STATO": null, "ANGLE": null, "IDGIS": null, "PORTING_CLASS": null, "PORTING_ID": null, "POINT_X": 544559.2676, "POINT_Y": 4218981.7905000001, "COMUNE": "Messina", "VIA_DENOMINAZIONE": null, "N_CIVICO": null, "STATO_FUNZIONALITA": null, "STATO_CONSERVAZIONE": null, "Note": "Misuratore di portata in uscita", "created_user": "GIOVANNI1", "created_date": "2025-09-15T06:51:39Z", "last_edited_user": "SERGIO", "last_edited_date": "2026-04-29T14:36:04Z", "TIPO": "PORTATA", "DISTRETTO": "SI", "SORGENTE_DATI": "RILEVATA" }, "geometry": { "type": "Point", "coordinates": [ 15.508335217993979, 38.117569878630682, 0.0 ] } },
{ "type": "Feature", "properties": { "COD_ID": "MM_S01_L1", "DENOMINAZIONE": "MILI MARINA", "UTENTE_CREAZIONE": null, "DATA_INS": null, "DATA_AGG": null, "OPERATORE": null, "D_STATO": null, "ANGLE": null, "IDGIS": null, "PORTING_CLASS": null, "PORTING_ID": null, "POINT_X": 544557.7342, "POINT_Y": 4218982.2673000004, "COMUNE": "Messina", "VIA_DENOMINAZIONE": null, "N_CIVICO": null, "STATO_FUNZIONALITA": null, "STATO_CONSERVAZIONE": null, "Note": "Misuratore di livello", "created_user": "GIOVANNI1", "created_date": "2025-09-15T06:51:39Z", "last_edited_user": "SERGIO", "last_edited_date": "2026-04-29T14:36:04Z", "TIPO": "LIVELLO", "DISTRETTO": "SI", "SORGENTE_DATI": "RILEVATA" }, "geometry": { "type": "Point", "coordinates": [ 15.508324954141116, 38.117573652467314, 0.0 ] } },
{ "type": "Feature", "properties": { "COD_ID": "TB_S01_QU1", "DENOMINAZIONE": "TREMESTIERI BASSO", "UTENTE_CREAZIONE": null, "DATA_INS": null, "DATA_AGG": null, "OPERATORE": null, "D_STATO": null, "ANGLE": null, "IDGIS": null, "PORTING_CLASS": null, "PORTING_ID": null, "POINT_X": 545936.3376, "POINT_Y": 4222172.4148000004, "COMUNE": "Messina", "VIA_DENOMINAZIONE": "Tremestieri basso", "N_CIVICO": null, "STATO_FUNZIONALITA": null, "STATO_CONSERVAZIONE": null, "Note": "Misuratore di portata in uscita", "created_user": "GIOVANNI1", "created_date": "2025-09-25T09:04:23Z", "last_edited_user": "SERGIO", "last_edited_date": "2026-04-29T14:36:04Z", "TIPO": "PORTATA", "DISTRETTO": "SI", "SORGENTE_DATI": "RILEVATA" }, "geometry": { "type": "Point", "coordinates": [ 15.524228021495542, 38.146270307451175, 0.0 ] } },
{ "type": "Feature", "properties": { "COD_ID": "TB_S01_QI1", "DENOMINAZIONE": "TREMESTIERI BASSO", "UTENTE_CREAZIONE": null, "DATA_INS": null, "DATA_AGG": null, "OPERATORE": null, "D_STATO": null, "ANGLE": null, "IDGIS": null, "PORTING_CLASS": null, "PORTING_ID": null, "POINT_X": 545938.699, "POINT_Y": 4222174.0692999996, "COMUNE": "Messina", "VIA_DENOMINAZIONE": "Tremestieri basso", "N_CIVICO": null, "STATO_FUNZIONALITA": null, "STATO_CONSERVAZIONE": null, "Note": "Misuratore di portata in entrata", "created_user": "GIOVANNI1", "created_date": "2025-09-25T09:04:23Z", "last_edited_user": "SERGIO", "last_edited_date": "2026-04-29T14:36:04Z", "TIPO": "PORTATA", "DISTRETTO": "SI", "SORGENTE_DATI": "RILEVATA" }, "geometry": { "type": "Point", "coordinates": [ 15.524277030788715, 38.146270574485555, 0.0 ] } },
{ "type": "Feature", "properties": { "COD_ID": "TB_S01_L1", "DENOMINAZIONE": "TREMESTIERI BASSO", "UTENTE_CREAZIONE": null, "DATA_INS": null, "DATA_AGG": null, "OPERATORE": null, "D_STATO": null, "ANGLE": null, "IDGIS": null, "PORTING_CLASS": null, "PORTING_ID": null, "POINT_X": 545934.7149, "POINT_Y": 4222180.5751, "COMUNE": "Messina", "VIA_DENOMINAZIONE": "Tremestieri basso", "N_CIVICO": null, "STATO_FUNZIONALITA": null, "STATO_CONSERVAZIONE": null, "Note": null, "created_user": "GIOVANNI1", "created_date": "2025-09-25T09:04:23Z", "last_edited_user": "SERGIO", "last_edited_date": "2026-04-29T14:36:04Z", "TIPO": "LIVELLO", "DISTRETTO": "SI", "SORGENTE_DATI": "RILEVATA" }, "geometry": { "type": "Point", "coordinates": [ 15.524231983463716, 38.146329409621202, 0.0 ] } },
{ "type": "Feature", "properties": { "COD_ID": "TB_P02_QU1", "DENOMINAZIONE": "SANDERSON 2", "UTENTE_CREAZIONE": null, "DATA_INS": null, "DATA_AGG": null, "OPERATORE": null, "D_STATO": null, "ANGLE": null, "IDGIS": null, "PORTING_CLASS": null, "PORTING_ID": null, "POINT_X": 545298.4194, "POINT_Y": 4220971.2961999997, "COMUNE": "Messina", "VIA_DENOMINAZIONE": "Sanderson 2", "N_CIVICO": null, "STATO_FUNZIONALITA": null, "STATO_CONSERVAZIONE": null, "Note": "Misuratore di portata in uscita", "created_user": "GIOVANNI1", "created_date": "2025-09-25T09:04:23Z", "last_edited_user": "SERGIO", "last_edited_date": "2026-04-29T14:36:04Z", "TIPO": "PORTATA", "DISTRETTO": "SI", "SORGENTE_DATI": "RILEVATA" }, "geometry": { "type": "Point", "coordinates": [ 15.516893613974158, 38.135463190902925, 0.0 ] } },
{ "type": "Feature", "properties": { "COD_ID": "TB_P01_QU1", "DENOMINAZIONE": "SANDERSON 1", "UTENTE_CREAZIONE": null, "DATA_INS": null, "DATA_AGG": null, "OPERATORE": null, "D_STATO": null, "ANGLE": null, "IDGIS": null, "PORTING_CLASS": null, "PORTING_ID": null, "POINT_X": 545819.84, "POINT_Y": 4221248.1589000002, "COMUNE": "Messina", "VIA_DENOMINAZIONE": "Sanderson 1", "N_CIVICO": null, "STATO_FUNZIONALITA": null, "STATO_CONSERVAZIONE": null, "Note": "Misuratore di portata in uscita", "created_user": "GIOVANNI1", "created_date": "2025-09-25T09:04:23Z", "last_edited_user": "SERGIO", "last_edited_date": "2026-04-29T14:36:04Z", "TIPO": "PORTATA", "DISTRETTO": "SI", "SORGENTE_DATI": "RILEVATA" }, "geometry": { "type": "Point", "coordinates": [ 15.52286104417891, 38.137932033840734, 45.12850000000617 ] } },
{ "type": "Feature", "properties": { "COD_ID": "MSM_S01_QU1", "DENOMINAZIONE": "MILI S. MARCO", "UTENTE_CREAZIONE": null, "DATA_INS": null, "DATA_AGG": null, "OPERATORE": null, "D_STATO": null, "ANGLE": null, "IDGIS": null, "PORTING_CLASS": null, "PORTING_ID": null, "POINT_X": 544241.0077, "POINT_Y": 4219510.2158000004, "COMUNE": "Messina", "VIA_DENOMINAZIONE": "MILI S. MARCO", "N_CIVICO": null, "STATO_FUNZIONALITA": null, "STATO_CONSERVAZIONE": null, "Note": "Misuratore di portata in uscita", "created_user": "GIOVANNI1", "created_date": "2025-09-25T09:04:23Z", "last_edited_user": "SERGIO", "last_edited_date": "2026-04-29T14:36:04Z", "TIPO": "PORTATA", "DISTRETTO": "SI", "SORGENTE_DATI": "RILEVATA" }, "geometry": { "type": "Point", "coordinates": [ 15.504737399543833, 38.122347892967575, 0.0 ] } },
{ "type": "Feature", "properties": { "COD_ID": "MSM_S01_QI1", "DENOMINAZIONE": "MILI S. MARCO", "UTENTE_CREAZIONE": null, "DATA_INS": null, "DATA_AGG": null, "OPERATORE": null, "D_STATO": null, "ANGLE": null, "IDGIS": null, "PORTING_CLASS": null, "PORTING_ID": null, "POINT_X": 544238.7247, "POINT_Y": 4219513.0242, "COMUNE": "Messina", "VIA_DENOMINAZIONE": "MILI S. MARCO", "N_CIVICO": null, "STATO_FUNZIONALITA": null, "STATO_CONSERVAZIONE": null, "Note": "Misuratore di portata in entrata", "created_user": "GIOVANNI1", "created_date": "2025-09-25T09:04:23Z", "last_edited_user": "SERGIO", "last_edited_date": "2026-04-29T14:36:04Z", "TIPO": "PORTATA", "DISTRETTO": "SI", "SORGENTE_DATI": "RILEVATA" }, "geometry": { "type": "Point", "coordinates": [ 15.504711528392926, 38.122373315179289, 0.0 ] } },
{ "type": "Feature", "properties": { "COD_ID": "MSM_S01_PI1", "DENOMINAZIONE": "MILI S. MARCO", "UTENTE_CREAZIONE": null, "DATA_INS": null, "DATA_AGG": null, "OPERATORE": null, "D_STATO": null, "ANGLE": null, "IDGIS": null, "PORTING_CLASS": null, "PORTING_ID": null, "POINT_X": 544239.3285, "POINT_Y": 4219510.9971000003, "COMUNE": "Messina", "VIA_DENOMINAZIONE": "MILI S. MARCO", "N_CIVICO": null, "STATO_FUNZIONALITA": null, "STATO_CONSERVAZIONE": null, "Note": "Misuratore di pressione in uscita", "created_user": "GIOVANNI1", "created_date": "2025-09-25T09:04:23Z", "last_edited_user": "SERGIO", "last_edited_date": "2026-04-29T14:36:04Z", "TIPO": "PRESSIONE", "DISTRETTO": "SI", "SORGENTE_DATI": "RILEVATA" }, "geometry": { "type": "Point", "coordinates": [ 15.504723464531974, 38.12236739397553, 0.0 ] } },
{ "type": "Feature", "properties": { "COD_ID": "MSM_S01_L1", "DENOMINAZIONE": "MILI S. MARCO", "UTENTE_CREAZIONE": null, "DATA_INS": null, "DATA_AGG": null, "OPERATORE": null, "D_STATO": null, "ANGLE": null, "IDGIS": null, "PORTING_CLASS": null, "PORTING_ID": null, "POINT_X": 544240.8919, "POINT_Y": 4219513.2666999996, "COMUNE": "Messina", "VIA_DENOMINAZIONE": "MILI S. MARCO", "N_CIVICO": null, "STATO_FUNZIONALITA": null, "STATO_CONSERVAZIONE": null, "Note": "Misuratore di livello", "created_user": "GIOVANNI1", "created_date": "2025-09-25T09:04:23Z", "last_edited_user": "SERGIO", "last_edited_date": "2026-04-29T14:36:04Z", "TIPO": "LIVELLO", "DISTRETTO": "SI", "SORGENTE_DATI": "RILEVATA" }, "geometry": { "type": "Point", "coordinates": [ 15.504736267742686, 38.12237539445681, 0.0 ] } },
{ "type": "Feature", "properties": { "COD_ID": "SM_S01_QI1", "DENOMINAZIONE": "SANTA MARGHERITA", "UTENTE_CREAZIONE": null, "DATA_INS": null, "DATA_AGG": null, "OPERATORE": null, "D_STATO": null, "ANGLE": null, "IDGIS": null, "PORTING_CLASS": null, "PORTING_ID": null, "POINT_X": 543598.8436, "POINT_Y": 4216703.4656999996, "COMUNE": "Messina", "VIA_DENOMINAZIONE": "SANTA MARGHERITA", "N_CIVICO": null, "STATO_FUNZIONALITA": null, "STATO_CONSERVAZIONE": null, "Note": "Misuratore di portata in ingresso", "created_user": "GIOVANNI1", "created_date": "2025-09-25T09:04:23Z", "last_edited_user": "SERGIO", "last_edited_date": "2026-04-29T14:36:04Z", "TIPO": "PORTATA", "DISTRETTO": "SI", "SORGENTE_DATI": "RILEVATA" }, "geometry": { "type": "Point", "coordinates": [ 15.497239816275442, 38.097083610009662, 0.0 ] } },
{ "type": "Feature", "properties": { "COD_ID": "SM_S01_QU1", "DENOMINAZIONE": "SANTA MARGHERITA", "UTENTE_CREAZIONE": null, "DATA_INS": null, "DATA_AGG": null, "OPERATORE": null, "D_STATO": null, "ANGLE": null, "IDGIS": null, "PORTING_CLASS": null, "PORTING_ID": null, "POINT_X": 543597.6319, "POINT_Y": 4216704.71, "COMUNE": "Messina", "VIA_DENOMINAZIONE": "SANTA MARGHERITA", "N_CIVICO": null, "STATO_FUNZIONALITA": null, "STATO_CONSERVAZIONE": null, "Note": "Misuratore di portata in uscita", "created_user": "GIOVANNI1", "created_date": "2025-09-25T09:04:23Z", "last_edited_user": "SERGIO", "last_edited_date": "2026-04-29T14:36:04Z", "TIPO": "PORTATA", "DISTRETTO": "SI", "SORGENTE_DATI": "RILEVATA" }, "geometry": { "type": "Point", "coordinates": [ 15.497226073440233, 38.097094882626713, 0.0 ] } },
{ "type": "Feature", "properties": { "COD_ID": "SM_S01_L1", "DENOMINAZIONE": "SANTA MARGHERITA", "UTENTE_CREAZIONE": null, "DATA_INS": null, "DATA_AGG": null, "OPERATORE": null, "D_STATO": null, "ANGLE": null, "IDGIS": null, "PORTING_CLASS": null, "PORTING_ID": null, "POINT_X": 543596.7486, "POINT_Y": 4216704.3120999997, "COMUNE": "Messina", "VIA_DENOMINAZIONE": "SANTA MARGHERITA", "N_CIVICO": null, "STATO_FUNZIONALITA": null, "STATO_CONSERVAZIONE": null, "Note": null, "created_user": "GIOVANNI1", "created_date": "2025-09-25T09:04:23Z", "last_edited_user": "SERGIO", "last_edited_date": "2026-04-29T14:36:04Z", "TIPO": "LIVELLO", "DISTRETTO": "SI", "SORGENTE_DATI": "RILEVATA" }, "geometry": { "type": "Point", "coordinates": [ 15.497215975555459, 38.097091339214018, 0.0 ] } },
{ "type": "Feature", "properties": { "COD_ID": "SM_P01_PU1", "DENOMINAZIONE": "SANTA MARGHERITA", "UTENTE_CREAZIONE": null, "DATA_INS": null, "DATA_AGG": null, "OPERATORE": null, "D_STATO": null, "ANGLE": null, "IDGIS": null, "PORTING_CLASS": null, "PORTING_ID": null, "POINT_X": 543880.9468, "POINT_Y": 4216671.8515999997, "COMUNE": "Messina", "VIA_DENOMINAZIONE": "SANTA MARGHERITA", "N_CIVICO": null, "STATO_FUNZIONALITA": null, "STATO_CONSERVAZIONE": null, "Note": "Misuratore di pressione in uscita", "created_user": "GIOVANNI1", "created_date": "2025-09-25T09:04:23Z", "last_edited_user": "SERGIO", "last_edited_date": "2026-04-29T14:36:04Z", "TIPO": "PRESSIONE", "DISTRETTO": "SI", "SORGENTE_DATI": "RILEVATA" }, "geometry": { "type": "Point", "coordinates": [ 15.500455115054706, 38.096785032860424, 50.4807 ] } },
{ "type": "Feature", "properties": { "COD_ID": "SM_P02_PU1", "DENOMINAZIONE": "SANTA MARGHERITA", "UTENTE_CREAZIONE": null, "DATA_INS": null, "DATA_AGG": null, "OPERATORE": null, "D_STATO": null, "ANGLE": null, "IDGIS": null, "PORTING_CLASS": null, "PORTING_ID": null, "POINT_X": 543920.3815, "POINT_Y": 4216791.485, "COMUNE": "Messina", "VIA_DENOMINAZIONE": "SANTA MARGHERITA", "N_CIVICO": null, "STATO_FUNZIONALITA": null, "STATO_CONSERVAZIONE": null, "Note": "Misuratore di pressione in uscita", "created_user": "GIOVANNI1", "created_date": "2025-09-25T09:31:38Z", "last_edited_user": "SERGIO", "last_edited_date": "2026-04-29T14:36:04Z", "TIPO": "PRESSIONE", "DISTRETTO": "SI", "SORGENTE_DATI": "RILEVATA" }, "geometry": { "type": "Point", "coordinates": [ 15.500912205314155, 38.097861301310402, 0.0 ] } },
{ "type": "Feature", "properties": { "COD_ID": "SM_P03_QU1", "DENOMINAZIONE": "SANTA MARGHERITA", "UTENTE_CREAZIONE": null, "DATA_INS": null, "DATA_AGG": null, "OPERATORE": null, "D_STATO": null, "ANGLE": null, "IDGIS": null, "PORTING_CLASS": null, "PORTING_ID": null, "POINT_X": 543750.7212, "POINT_Y": 4216909.6841000002, "COMUNE": "Messina", "VIA_DENOMINAZIONE": "SANTA MARGHERITA", "N_CIVICO": null, "STATO_FUNZIONALITA": null, "STATO_CONSERVAZIONE": null, "Note": "Misuratore di portata da santa margherita 3 a santa margherita 1", "created_user": "GIOVANNI1", "created_date": "2025-09-25T09:31:38Z", "last_edited_user": "SERGIO", "last_edited_date": "2026-04-29T14:36:04Z", "TIPO": "PORTATA", "DISTRETTO": "SI", "SORGENTE_DATI": "RILEVATA" }, "geometry": { "type": "Point", "coordinates": [ 15.498984540185662, 38.098934791914473, 0.0 ] } },
{ "type": "Feature", "properties": { "COD_ID": "BS_P02_PU1", "DENOMINAZIONE": "BRIGA SUPERIORE", "UTENTE_CREAZIONE": null, "DATA_INS": null, "DATA_AGG": null, "OPERATORE": null, "D_STATO": null, "ANGLE": null, "IDGIS": null, "PORTING_CLASS": null, "PORTING_ID": null, "POINT_X": 542449.425, "POINT_Y": 4214021.668, "COMUNE": "Messina", "VIA_DENOMINAZIONE": "BRIGA SUPERIORE", "N_CIVICO": null, "STATO_FUNZIONALITA": null, "STATO_CONSERVAZIONE": null, "Note": null, "created_user": "GIOVANNI1", "created_date": "2025-09-25T09:54:13Z", "last_edited_user": "SERGIO", "last_edited_date": "2026-04-29T14:36:04Z", "TIPO": "PRESSIONE", "DISTRETTO": "SI", "SORGENTE_DATI": "RILEVATA" }, "geometry": { "type": "Point", "coordinates": [ 15.483975690159415, 38.072972273169881, 74.406700000006822 ] } },
{ "type": "Feature", "properties": { "COD_ID": "BS_P01_PU1", "DENOMINAZIONE": "BRIGA SUPERIORE", "UTENTE_CREAZIONE": null, "DATA_INS": null, "DATA_AGG": null, "OPERATORE": null, "D_STATO": null, "ANGLE": null, "IDGIS": null, "PORTING_CLASS": null, "PORTING_ID": null, "POINT_X": 542467.3241, "POINT_Y": 4214093.6558999997, "COMUNE": "Messina", "VIA_DENOMINAZIONE": "BRIGA SUPERIORE", "N_CIVICO": null, "STATO_FUNZIONALITA": null, "STATO_CONSERVAZIONE": null, "Note": null, "created_user": "GIOVANNI1", "created_date": "2025-09-25T09:54:13Z", "last_edited_user": "SERGIO", "last_edited_date": "2026-04-29T14:36:04Z", "TIPO": "PRESSIONE", "DISTRETTO": "SI", "SORGENTE_DATI": "RILEVATA" }, "geometry": { "type": "Point", "coordinates": [ 15.484180940604922, 38.073615498561502, 68.454899999996996 ] } },
{ "type": "Feature", "properties": { "COD_ID": "CAS_S01_L1", "DENOMINAZIONE": "CASTANEA", "UTENTE_CREAZIONE": null, "DATA_INS": null, "DATA_AGG": null, "OPERATORE": null, "D_STATO": null, "ANGLE": null, "IDGIS": null, "PORTING_CLASS": null, "PORTING_ID": null, "POINT_X": null, "POINT_Y": null, "COMUNE": null, "VIA_DENOMINAZIONE": null, "N_CIVICO": null, "STATO_FUNZIONALITA": null, "STATO_CONSERVAZIONE": null, "Note": null, "created_user": "AMBRA", "created_date": "2025-11-26T11:15:43Z", "last_edited_user": "SERGIO", "last_edited_date": "2026-04-29T14:36:04Z", "TIPO": "LIVELLO", "DISTRETTO": "SI", "SORGENTE_DATI": "RILEVATA" }, "geometry": { "type": "Point", "coordinates": [ 15.525788430802185, 38.251024547289965, 0.0 ] } },
{ "type": "Feature", "properties": { "COD_ID": "CAS_S01_QU1", "DENOMINAZIONE": "CASTANEA", "UTENTE_CREAZIONE": null, "DATA_INS": null, "DATA_AGG": null, "OPERATORE": null, "D_STATO": null, "ANGLE": null, "IDGIS": null, "PORTING_CLASS": null, "PORTING_ID": null, "POINT_X": null, "POINT_Y": null, "COMUNE": null, "VIA_DENOMINAZIONE": null, "N_CIVICO": null, "STATO_FUNZIONALITA": null, "STATO_CONSERVAZIONE": null, "Note": null, "created_user": "AMBRA", "created_date": "2025-11-26T11:32:43Z", "last_edited_user": "SERGIO", "last_edited_date": "2026-04-29T14:36:04Z", "TIPO": "PORTATA", "DISTRETTO": "SI", "SORGENTE_DATI": "RILEVATA" }, "geometry": { "type": "Point", "coordinates": [ 15.525787911515241, 38.251024806470618, 0.0 ] } },
{ "type": "Feature", "properties": { "COD_ID": "GM_S01_QU1", "DENOMINAZIONE": "GIAMPILIERI SUPERIORE", "UTENTE_CREAZIONE": null, "DATA_INS": null, "DATA_AGG": null, "OPERATORE": null, "D_STATO": null, "ANGLE": null, "IDGIS": null, "PORTING_CLASS": null, "PORTING_ID": null, "POINT_X": null, "POINT_Y": null, "COMUNE": null, "VIA_DENOMINAZIONE": null, "N_CIVICO": null, "STATO_FUNZIONALITA": null, "STATO_CONSERVAZIONE": null, "Note": null, "created_user": "AMBRA", "created_date": "2025-11-26T16:37:31Z", "last_edited_user": "SERGIO", "last_edited_date": "2026-04-29T14:36:04Z", "TIPO": "PORTATA", "DISTRETTO": "SI", "SORGENTE_DATI": "RILEVATA" }, "geometry": { "type": "Point", "coordinates": [ 15.466901794173051, 38.071686873516271, 0.0 ] } },
{ "type": "Feature", "properties": { "COD_ID": "GM_S01_QU2", "DENOMINAZIONE": "GIAMPILIERI SUPERIORE", "UTENTE_CREAZIONE": null, "DATA_INS": null, "DATA_AGG": null, "OPERATORE": null, "D_STATO": null, "ANGLE": null, "IDGIS": null, "PORTING_CLASS": null, "PORTING_ID": null, "POINT_X": null, "POINT_Y": null, "COMUNE": null, "VIA_DENOMINAZIONE": null, "N_CIVICO": null, "STATO_FUNZIONALITA": null, "STATO_CONSERVAZIONE": null, "Note": null, "created_user": "GIOVA", "created_date": "2025-11-27T08:35:40Z", "last_edited_user": "SERGIO", "last_edited_date": "2026-04-29T14:36:04Z", "TIPO": "PORTATA", "DISTRETTO": "SI", "SORGENTE_DATI": "RILEVATA" }, "geometry": { "type": "Point", "coordinates": [ 15.46690128906344, 38.071679332779524, 0.0 ] } },
{ "type": "Feature", "properties": { "COD_ID": "SFC_S01_QI1", "DENOMINAZIONE": "S. FILIPPO CASALOTTO", "UTENTE_CREAZIONE": null, "DATA_INS": null, "DATA_AGG": null, "OPERATORE": null, "D_STATO": null, "ANGLE": null, "IDGIS": null, "PORTING_CLASS": null, "PORTING_ID": null, "POINT_X": null, "POINT_Y": null, "COMUNE": null, "VIA_DENOMINAZIONE": null, "N_CIVICO": null, "STATO_FUNZIONALITA": null, "STATO_CONSERVAZIONE": null, "Note": null, "created_user": "GIOVA", "created_date": "2025-11-27T08:43:40Z", "last_edited_user": "SERGIO", "last_edited_date": "2026-04-29T14:36:04Z", "TIPO": "PORTATA", "DISTRETTO": null, "SORGENTE_DATI": "RILEVATA" }, "geometry": { "type": "Point", "coordinates": [ 15.516702621267452, 38.161033235236339, 0.0 ] } },
{ "type": "Feature", "properties": { "COD_ID": "SFC_S01_QI2", "DENOMINAZIONE": "S. FILIPPO CASALOTTO", "UTENTE_CREAZIONE": null, "DATA_INS": null, "DATA_AGG": null, "OPERATORE": null, "D_STATO": null, "ANGLE": null, "IDGIS": null, "PORTING_CLASS": null, "PORTING_ID": null, "POINT_X": null, "POINT_Y": null, "COMUNE": null, "VIA_DENOMINAZIONE": null, "N_CIVICO": null, "STATO_FUNZIONALITA": null, "STATO_CONSERVAZIONE": null, "Note": null, "created_user": "GIOVA", "created_date": "2025-11-27T08:44:36Z", "last_edited_user": "SERGIO", "last_edited_date": "2026-04-29T14:36:04Z", "TIPO": "PORTATA", "DISTRETTO": null, "SORGENTE_DATI": "RILEVATA" }, "geometry": { "type": "Point", "coordinates": [ 15.51667821405437, 38.161023992079144, 0.0 ] } },
{ "type": "Feature", "properties": { "COD_ID": "SFC_S01_QU1", "DENOMINAZIONE": "S. FILIPPO CASALOTTO", "UTENTE_CREAZIONE": null, "DATA_INS": null, "DATA_AGG": null, "OPERATORE": null, "D_STATO": null, "ANGLE": null, "IDGIS": null, "PORTING_CLASS": null, "PORTING_ID": null, "POINT_X": null, "POINT_Y": null, "COMUNE": null, "VIA_DENOMINAZIONE": null, "N_CIVICO": null, "STATO_FUNZIONALITA": null, "STATO_CONSERVAZIONE": null, "Note": null, "created_user": "GIOVA", "created_date": "2025-11-27T08:45:27Z", "last_edited_user": "SERGIO", "last_edited_date": "2026-04-29T14:36:04Z", "TIPO": "PORTATA", "DISTRETTO": null, "SORGENTE_DATI": "RILEVATA" }, "geometry": { "type": "Point", "coordinates": [ 15.516659260787883, 38.161032213806223, 0.0 ] } },
{ "type": "Feature", "properties": { "COD_ID": "SFC_S01_QU2", "DENOMINAZIONE": "S. FILIPPO CASALOTTO", "UTENTE_CREAZIONE": null, "DATA_INS": null, "DATA_AGG": null, "OPERATORE": null, "D_STATO": null, "ANGLE": null, "IDGIS": null, "PORTING_CLASS": null, "PORTING_ID": null, "POINT_X": null, "POINT_Y": null, "COMUNE": null, "VIA_DENOMINAZIONE": null, "N_CIVICO": null, "STATO_FUNZIONALITA": null, "STATO_CONSERVAZIONE": null, "Note": null, "created_user": "GIOVA", "created_date": "2025-11-27T08:45:38Z", "last_edited_user": "SERGIO", "last_edited_date": "2026-04-29T14:36:04Z", "TIPO": "PORTATA", "DISTRETTO": null, "SORGENTE_DATI": "RILEVATA" }, "geometry": { "type": "Point", "coordinates": [ 15.516675585394985, 38.161050703367202, 0.0 ] } },
{ "type": "Feature", "properties": { "COD_ID": "SFC_S01_PU1", "DENOMINAZIONE": "S. FILIPPO CASALOTTO", "UTENTE_CREAZIONE": null, "DATA_INS": null, "DATA_AGG": null, "OPERATORE": null, "D_STATO": null, "ANGLE": null, "IDGIS": null, "PORTING_CLASS": null, "PORTING_ID": null, "POINT_X": null, "POINT_Y": null, "COMUNE": null, "VIA_DENOMINAZIONE": null, "N_CIVICO": null, "STATO_FUNZIONALITA": null, "STATO_CONSERVAZIONE": null, "Note": null, "created_user": "GIOVA", "created_date": "2025-11-27T08:46:02Z", "last_edited_user": "SERGIO", "last_edited_date": "2026-04-29T14:36:04Z", "TIPO": "PRESSIONE", "DISTRETTO": null, "SORGENTE_DATI": "RILEVATA" }, "geometry": { "type": "Point", "coordinates": [ 15.516669708396348, 38.161032167844517, 0.0 ] } },
{ "type": "Feature", "properties": { "COD_ID": "MSP_P01_PU1", "DENOMINAZIONE": "MILI S. PIETRO", "UTENTE_CREAZIONE": null, "DATA_INS": null, "DATA_AGG": null, "OPERATORE": null, "D_STATO": null, "ANGLE": null, "IDGIS": null, "PORTING_CLASS": null, "PORTING_ID": null, "POINT_X": null, "POINT_Y": null, "COMUNE": null, "VIA_DENOMINAZIONE": null, "N_CIVICO": null, "STATO_FUNZIONALITA": null, "STATO_CONSERVAZIONE": null, "Note": null, "created_user": "GIOVA", "created_date": "2025-11-27T09:52:26Z", "last_edited_user": "SERGIO", "last_edited_date": "2026-04-29T14:36:04Z", "TIPO": "PRESSIONE", "DISTRETTO": "SI", "SORGENTE_DATI": "RILEVATA" }, "geometry": { "type": "Point", "coordinates": [ 15.48144498030174, 38.128050218263319, 233.706200000000536 ] } },
{ "type": "Feature", "properties": { "COD_ID": "FSC_S01_QU1", "DENOMINAZIONE": "FARO SUPERIORE", "UTENTE_CREAZIONE": null, "DATA_INS": null, "DATA_AGG": null, "OPERATORE": null, "D_STATO": null, "ANGLE": null, "IDGIS": null, "PORTING_CLASS": null, "PORTING_ID": null, "POINT_X": null, "POINT_Y": null, "COMUNE": null, "VIA_DENOMINAZIONE": null, "N_CIVICO": null, "STATO_FUNZIONALITA": null, "STATO_CONSERVAZIONE": null, "Note": null, "created_user": "GIOVA", "created_date": "2025-11-27T11:53:24Z", "last_edited_user": "SERGIO", "last_edited_date": "2026-04-29T14:36:04Z", "TIPO": "PORTATA", "DISTRETTO": "SI", "SORGENTE_DATI": "RILEVATA" }, "geometry": { "type": "Point", "coordinates": [ 15.579695367087236, 38.27058490960389, 0.0 ] } },
{ "type": "Feature", "properties": { "COD_ID": "FSC_S01_PU1", "DENOMINAZIONE": "FARO SUPERIORE", "UTENTE_CREAZIONE": null, "DATA_INS": null, "DATA_AGG": null, "OPERATORE": null, "D_STATO": null, "ANGLE": null, "IDGIS": null, "PORTING_CLASS": null, "PORTING_ID": null, "POINT_X": null, "POINT_Y": null, "COMUNE": null, "VIA_DENOMINAZIONE": null, "N_CIVICO": null, "STATO_FUNZIONALITA": null, "STATO_CONSERVAZIONE": null, "Note": null, "created_user": "GIOVA", "created_date": "2025-11-27T11:54:14Z", "last_edited_user": "SERGIO", "last_edited_date": "2026-04-29T14:36:04Z", "TIPO": "PRESSIONE", "DISTRETTO": "SI", "SORGENTE_DATI": "RILEVATA" }, "geometry": { "type": "Point", "coordinates": [ 15.579705259033513, 38.270582890627303, 0.0 ] } },
{ "type": "Feature", "properties": { "COD_ID": "FSC_S01_QI1", "DENOMINAZIONE": "FARO SUPERIORE", "UTENTE_CREAZIONE": null, "DATA_INS": null, "DATA_AGG": null, "OPERATORE": null, "D_STATO": null, "ANGLE": null, "IDGIS": null, "PORTING_CLASS": null, "PORTING_ID": null, "POINT_X": null, "POINT_Y": null, "COMUNE": null, "VIA_DENOMINAZIONE": null, "N_CIVICO": null, "STATO_FUNZIONALITA": null, "STATO_CONSERVAZIONE": null, "Note": null, "created_user": "GIOVA", "created_date": "2025-11-27T11:54:54Z", "last_edited_user": "SERGIO", "last_edited_date": "2026-04-29T14:36:04Z", "TIPO": "PORTATA", "DISTRETTO": "SI", "SORGENTE_DATI": "RILEVATA" }, "geometry": { "type": "Point", "coordinates": [ 15.579700097800471, 38.270584935799882, 0.0 ] } },
{ "type": "Feature", "properties": { "COD_ID": "SPE_S01_QU1", "DENOMINAZIONE": "SPERONE", "UTENTE_CREAZIONE": null, "DATA_INS": null, "DATA_AGG": null, "OPERATORE": null, "D_STATO": null, "ANGLE": null, "IDGIS": null, "PORTING_CLASS": null, "PORTING_ID": null, "POINT_X": null, "POINT_Y": null, "COMUNE": null, "VIA_DENOMINAZIONE": null, "N_CIVICO": null, "STATO_FUNZIONALITA": null, "STATO_CONSERVAZIONE": null, "Note": null, "created_user": "GIOVA", "created_date": "2025-11-27T11:57:13Z", "last_edited_user": "SERGIO", "last_edited_date": "2026-04-29T14:36:04Z", "TIPO": "PORTATA", "DISTRETTO": "SI", "SORGENTE_DATI": "RILEVATA" }, "geometry": { "type": "Point", "coordinates": [ 15.594270455227571, 38.270488783292471, 0.0 ] } },
{ "type": "Feature", "properties": { "COD_ID": "SPE_S01_QU2", "DENOMINAZIONE": "SPERONE", "UTENTE_CREAZIONE": null, "DATA_INS": null, "DATA_AGG": null, "OPERATORE": null, "D_STATO": null, "ANGLE": null, "IDGIS": null, "PORTING_CLASS": null, "PORTING_ID": null, "POINT_X": null, "POINT_Y": null, "COMUNE": null, "VIA_DENOMINAZIONE": null, "N_CIVICO": null, "STATO_FUNZIONALITA": null, "STATO_CONSERVAZIONE": null, "Note": null, "created_user": "GIOVA", "created_date": "2025-11-27T11:57:39Z", "last_edited_user": "SERGIO", "last_edited_date": "2026-04-29T14:36:04Z", "TIPO": "PORTATA", "DISTRETTO": "SI", "SORGENTE_DATI": "RILEVATA" }, "geometry": { "type": "Point", "coordinates": [ 15.594314094105455, 38.270500018791324, 0.0 ] } },
{ "type": "Feature", "properties": { "COD_ID": "GM_S01_PI1", "DENOMINAZIONE": "GIAMPILIERI SUPERIORE", "UTENTE_CREAZIONE": null, "DATA_INS": null, "DATA_AGG": null, "OPERATORE": null, "D_STATO": null, "ANGLE": null, "IDGIS": null, "PORTING_CLASS": null, "PORTING_ID": null, "POINT_X": null, "POINT_Y": null, "COMUNE": null, "VIA_DENOMINAZIONE": null, "N_CIVICO": null, "STATO_FUNZIONALITA": null, "STATO_CONSERVAZIONE": null, "Note": null, "created_user": "AMBRA", "created_date": "2025-11-27T17:36:44Z", "last_edited_user": "SERGIO", "last_edited_date": "2026-04-29T14:36:04Z", "TIPO": "PRESSIONE", "DISTRETTO": "SI", "SORGENTE_DATI": "RILEVATA" }, "geometry": { "type": "Point", "coordinates": [ 15.466910232246358, 38.071683868502568, 0.0 ] } },
{ "type": "Feature", "properties": { "COD_ID": "GM_IS1_QU1", "DENOMINAZIONE": "GIAMPILIERI SUPERIORE", "UTENTE_CREAZIONE": null, "DATA_INS": null, "DATA_AGG": null, "OPERATORE": null, "D_STATO": null, "ANGLE": null, "IDGIS": null, "PORTING_CLASS": null, "PORTING_ID": null, "POINT_X": null, "POINT_Y": null, "COMUNE": null, "VIA_DENOMINAZIONE": null, "N_CIVICO": null, "STATO_FUNZIONALITA": null, "STATO_CONSERVAZIONE": null, "Note": "misuratore di portata in uscita", "created_user": "SERGIO", "created_date": "2025-12-23T10:59:20Z", "last_edited_user": "SERGIO", "last_edited_date": "2026-04-29T14:36:04Z", "TIPO": "PORTATA", "DISTRETTO": "SI", "SORGENTE_DATI": "RILEVATA" }, "geometry": { "type": "Point", "coordinates": [ 15.4679729521827, 38.069756492712131, 0.0 ] } },
{ "type": "Feature", "properties": { "COD_ID": "GM_IS1_PU1", "DENOMINAZIONE": "GIAMPILIERI SUPERIORE", "UTENTE_CREAZIONE": null, "DATA_INS": null, "DATA_AGG": null, "OPERATORE": null, "D_STATO": null, "ANGLE": null, "IDGIS": null, "PORTING_CLASS": null, "PORTING_ID": null, "POINT_X": null, "POINT_Y": null, "COMUNE": null, "VIA_DENOMINAZIONE": null, "N_CIVICO": null, "STATO_FUNZIONALITA": null, "STATO_CONSERVAZIONE": null, "Note": null, "created_user": "SERGIO", "created_date": "2025-12-23T11:36:31Z", "last_edited_user": "SERGIO", "last_edited_date": "2026-04-29T14:36:04Z", "TIPO": "PRESSIONE", "DISTRETTO": "SI", "SORGENTE_DATI": "RILEVATA" }, "geometry": { "type": "Point", "coordinates": [ 15.467974361969688, 38.069755703893563, 0.0 ] } },
{ "type": "Feature", "properties": { "COD_ID": "GM_S01_PU1", "DENOMINAZIONE": "GIAMPILIERI SUPERIORE", "UTENTE_CREAZIONE": null, "DATA_INS": null, "DATA_AGG": null, "OPERATORE": null, "D_STATO": null, "ANGLE": null, "IDGIS": null, "PORTING_CLASS": null, "PORTING_ID": null, "POINT_X": null, "POINT_Y": null, "COMUNE": null, "VIA_DENOMINAZIONE": null, "N_CIVICO": null, "STATO_FUNZIONALITA": null, "STATO_CONSERVAZIONE": null, "Note": null, "created_user": "SERGIO", "created_date": "2025-12-23T11:46:13Z", "last_edited_user": "SERGIO", "last_edited_date": "2026-04-29T14:36:04Z", "TIPO": "PRESSIONE", "DISTRETTO": "SI", "SORGENTE_DATI": "RILEVATA" }, "geometry": { "type": "Point", "coordinates": [ 15.466908920433918, 38.071690033906272, 0.0 ] } },
{ "type": "Feature", "properties": { "COD_ID": "GM_S01_PU2", "DENOMINAZIONE": "GIAMPILIERI SUPERIORE", "UTENTE_CREAZIONE": null, "DATA_INS": null, "DATA_AGG": null, "OPERATORE": null, "D_STATO": null, "ANGLE": null, "IDGIS": null, "PORTING_CLASS": null, "PORTING_ID": null, "POINT_X": null, "POINT_Y": null, "COMUNE": null, "VIA_DENOMINAZIONE": null, "N_CIVICO": null, "STATO_FUNZIONALITA": null, "STATO_CONSERVAZIONE": null, "Note": null, "created_user": "SERGIO", "created_date": "2025-12-23T11:46:21Z", "last_edited_user": "SERGIO", "last_edited_date": "2026-04-29T14:36:04Z", "TIPO": "PRESSIONE", "DISTRETTO": "SI", "SORGENTE_DATI": "RILEVATA" }, "geometry": { "type": "Point", "coordinates": [ 15.46690627069337, 38.071675837685923, 0.0 ] } },
{ "type": "Feature", "properties": { "COD_ID": "GLS_S01_PU1", "DENOMINAZIONE": "GALATI S. LUCIA", "UTENTE_CREAZIONE": null, "DATA_INS": null, "DATA_AGG": null, "OPERATORE": null, "D_STATO": null, "ANGLE": null, "IDGIS": null, "PORTING_CLASS": null, "PORTING_ID": null, "POINT_X": null, "POINT_Y": null, "COMUNE": null, "VIA_DENOMINAZIONE": null, "N_CIVICO": null, "STATO_FUNZIONALITA": null, "STATO_CONSERVAZIONE": null, "Note": null, "created_user": "ADMIN", "created_date": "2026-02-17T17:01:20Z", "last_edited_user": "SERGIO", "last_edited_date": "2026-04-29T14:36:04Z", "TIPO": "PRESSIONE", "DISTRETTO": "SI", "SORGENTE_DATI": "RILEVATA" }, "geometry": { "type": "Point", "coordinates": [ 15.49581707479563, 38.110765652398953, 0.0 ] } },
{ "type": "Feature", "properties": { "COD_ID": "GLS_S01_PU2", "DENOMINAZIONE": "GALATI S. LUCIA", "UTENTE_CREAZIONE": null, "DATA_INS": null, "DATA_AGG": null, "OPERATORE": null, "D_STATO": null, "ANGLE": null, "IDGIS": null, "PORTING_CLASS": null, "PORTING_ID": null, "POINT_X": null, "POINT_Y": null, "COMUNE": null, "VIA_DENOMINAZIONE": null, "N_CIVICO": null, "STATO_FUNZIONALITA": null, "STATO_CONSERVAZIONE": null, "Note": null, "created_user": "ADMIN", "created_date": "2026-02-17T17:02:00Z", "last_edited_user": "SERGIO", "last_edited_date": "2026-04-29T14:36:04Z", "TIPO": "PRESSIONE", "DISTRETTO": "SI", "SORGENTE_DATI": "RILEVATA" }, "geometry": { "type": "Point", "coordinates": [ 15.495817109413812, 38.110764698714632, 0.0 ] } },
{ "type": "Feature", "properties": { "COD_ID": "MA_S01_PU1", "DENOMINAZIONE": "MAROTTA", "UTENTE_CREAZIONE": null, "DATA_INS": null, "DATA_AGG": null, "OPERATORE": null, "D_STATO": null, "ANGLE": null, "IDGIS": null, "PORTING_CLASS": null, "PORTING_ID": null, "POINT_X": null, "POINT_Y": null, "COMUNE": null, "VIA_DENOMINAZIONE": null, "N_CIVICO": null, "STATO_FUNZIONALITA": null, "STATO_CONSERVAZIONE": null, "Note": null, "created_user": "ADMIN", "created_date": "2026-02-18T11:15:17Z", "last_edited_user": "SERGIO", "last_edited_date": "2026-04-29T14:36:04Z", "TIPO": "PRESSIONE", "DISTRETTO": "SI", "SORGENTE_DATI": "RILEVATA" }, "geometry": { "type": "Point", "coordinates": [ 15.570205959818951, 38.252329163397093, 0.0 ] } },
{ "type": "Feature", "properties": { "COD_ID": "MA_S01_PU2", "DENOMINAZIONE": "MAROTTA", "UTENTE_CREAZIONE": null, "DATA_INS": null, "DATA_AGG": null, "OPERATORE": null, "D_STATO": null, "ANGLE": null, "IDGIS": null, "PORTING_CLASS": null, "PORTING_ID": null, "POINT_X": null, "POINT_Y": null, "COMUNE": null, "VIA_DENOMINAZIONE": null, "N_CIVICO": null, "STATO_FUNZIONALITA": null, "STATO_CONSERVAZIONE": null, "Note": null, "created_user": "ADMIN", "created_date": "2026-02-18T11:16:44Z", "last_edited_user": "SERGIO", "last_edited_date": "2026-04-29T14:36:04Z", "TIPO": "PRESSIONE", "DISTRETTO": "SI", "SORGENTE_DATI": "RILEVATA" }, "geometry": { "type": "Point", "coordinates": [ 15.570234208676629, 38.252351658993227, 0.0 ] } },
{ "type": "Feature", "properties": { "COD_ID": "MA_S01_PU3", "DENOMINAZIONE": "MAROTTA", "UTENTE_CREAZIONE": null, "DATA_INS": null, "DATA_AGG": null, "OPERATORE": null, "D_STATO": null, "ANGLE": null, "IDGIS": null, "PORTING_CLASS": null, "PORTING_ID": null, "POINT_X": null, "POINT_Y": null, "COMUNE": null, "VIA_DENOMINAZIONE": null, "N_CIVICO": null, "STATO_FUNZIONALITA": null, "STATO_CONSERVAZIONE": null, "Note": null, "created_user": "ADMIN", "created_date": "2026-02-18T11:17:30Z", "last_edited_user": "SERGIO", "last_edited_date": "2026-04-29T14:36:04Z", "TIPO": "PRESSIONE", "DISTRETTO": "SI", "SORGENTE_DATI": "RILEVATA" }, "geometry": { "type": "Point", "coordinates": [ 15.570241059967367, 38.252351607677063, 0.0 ] } },
{ "type": "Feature", "properties": { "COD_ID": "MA_S01_QU3", "DENOMINAZIONE": "MAROTTA", "UTENTE_CREAZIONE": null, "DATA_INS": null, "DATA_AGG": null, "OPERATORE": null, "D_STATO": null, "ANGLE": null, "IDGIS": null, "PORTING_CLASS": null, "PORTING_ID": null, "POINT_X": null, "POINT_Y": null, "COMUNE": null, "VIA_DENOMINAZIONE": null, "N_CIVICO": null, "STATO_FUNZIONALITA": null, "STATO_CONSERVAZIONE": null, "Note": null, "created_user": "ADMIN", "created_date": "2026-02-18T11:42:57Z", "last_edited_user": "SERGIO", "last_edited_date": "2026-04-29T14:36:04Z", "TIPO": "PORTATA", "DISTRETTO": "SI", "SORGENTE_DATI": "RILEVATA" }, "geometry": { "type": "Point", "coordinates": [ 15.570222285489274, 38.25235174847208, 0.0 ] } },
{ "type": "Feature", "properties": { "COD_ID": "MA_S01_QU4", "DENOMINAZIONE": "MAROTTA", "UTENTE_CREAZIONE": null, "DATA_INS": null, "DATA_AGG": null, "OPERATORE": null, "D_STATO": null, "ANGLE": null, "IDGIS": null, "PORTING_CLASS": null, "PORTING_ID": null, "POINT_X": null, "POINT_Y": null, "COMUNE": null, "VIA_DENOMINAZIONE": null, "N_CIVICO": null, "STATO_FUNZIONALITA": null, "STATO_CONSERVAZIONE": null, "Note": null, "created_user": "ADMIN", "created_date": "2026-02-18T11:43:41Z", "last_edited_user": "SERGIO", "last_edited_date": "2026-04-29T14:36:04Z", "TIPO": "PORTATA", "DISTRETTO": "SI", "SORGENTE_DATI": "RILEVATA" }, "geometry": { "type": "Point", "coordinates": [ 15.570226344835136, 38.252351717932747, 0.0 ] } },
{ "type": "Feature", "properties": { "COD_ID": "LA_IS01_PU1", "DENOMINAZIONE": "LARDERIA", "UTENTE_CREAZIONE": null, "DATA_INS": null, "DATA_AGG": null, "OPERATORE": null, "D_STATO": null, "ANGLE": null, "IDGIS": null, "PORTING_CLASS": null, "PORTING_ID": null, "POINT_X": null, "POINT_Y": null, "COMUNE": null, "VIA_DENOMINAZIONE": null, "N_CIVICO": null, "STATO_FUNZIONALITA": null, "STATO_CONSERVAZIONE": null, "Note": null, "created_user": "ADMIN", "created_date": "2026-02-18T14:10:18Z", "last_edited_user": "SERGIO", "last_edited_date": "2026-04-29T14:36:04Z", "TIPO": "PRESSIONE", "DISTRETTO": "SI", "SORGENTE_DATI": "RILEVATA" }, "geometry": { "type": "Point", "coordinates": [ 15.503931203330325, 38.141849404773723, 0.0 ] } },
{ "type": "Feature", "properties": { "COD_ID": "LA_IS01_PU2", "DENOMINAZIONE": "LARDERIA", "UTENTE_CREAZIONE": null, "DATA_INS": null, "DATA_AGG": null, "OPERATORE": null, "D_STATO": null, "ANGLE": null, "IDGIS": null, "PORTING_CLASS": null, "PORTING_ID": null, "POINT_X": null, "POINT_Y": null, "COMUNE": null, "VIA_DENOMINAZIONE": null, "N_CIVICO": null, "STATO_FUNZIONALITA": null, "STATO_CONSERVAZIONE": null, "Note": null, "created_user": "ADMIN", "created_date": "2026-02-18T14:10:35Z", "last_edited_user": "SERGIO", "last_edited_date": "2026-04-29T14:36:04Z", "TIPO": "PRESSIONE", "DISTRETTO": "SI", "SORGENTE_DATI": "RILEVATA" }, "geometry": { "type": "Point", "coordinates": [ 15.503928893861415, 38.141844965161752, 0.0 ] } },
{ "type": "Feature", "properties": { "COD_ID": "FSC_S01_QU2", "DENOMINAZIONE": "FARO SUPERIORE", "UTENTE_CREAZIONE": null, "DATA_INS": null, "DATA_AGG": null, "OPERATORE": null, "D_STATO": null, "ANGLE": null, "IDGIS": null, "PORTING_CLASS": null, "PORTING_ID": null, "POINT_X": null, "POINT_Y": null, "COMUNE": null, "VIA_DENOMINAZIONE": null, "N_CIVICO": null, "STATO_FUNZIONALITA": null, "STATO_CONSERVAZIONE": null, "Note": null, "created_user": "ADMIN", "created_date": "2026-02-18T17:35:19Z", "last_edited_user": "SERGIO", "last_edited_date": "2026-04-29T14:36:04Z", "TIPO": "PORTATA", "DISTRETTO": "SI", "SORGENTE_DATI": "RILEVATA" }, "geometry": { "type": "Point", "coordinates": [ 15.579703428197625, 38.270588136763969, 0.0 ] } },
{ "type": "Feature", "properties": { "COD_ID": null, "DENOMINAZIONE": null, "UTENTE_CREAZIONE": null, "DATA_INS": null, "DATA_AGG": null, "OPERATORE": null, "D_STATO": null, "ANGLE": null, "IDGIS": null, "PORTING_CLASS": null, "PORTING_ID": 1.0, "POINT_X": null, "POINT_Y": null, "COMUNE": null, "VIA_DENOMINAZIONE": " Via Antonio Bonsignore", "N_CIVICO": null, "STATO_FUNZIONALITA": null, "STATO_CONSERVAZIONE": null, "Note": "Misura Portata e Pressione", "created_user": "SERGIO", "created_date": "2026-04-29T14:35:27Z", "last_edited_user": "SERGIO", "last_edited_date": "2026-04-29T14:35:28Z", "TIPO": null, "DISTRETTO": null, "SORGENTE_DATI": "NORMALIZZATA" }, "geometry": { "type": "Point", "coordinates": [ 15.54406575595219, 38.167825922032861, 0.0 ] } },
{ "type": "Feature", "properties": { "COD_ID": null, "DENOMINAZIONE": null, "UTENTE_CREAZIONE": null, "DATA_INS": null, "DATA_AGG": null, "OPERATORE": null, "D_STATO": null, "ANGLE": null, "IDGIS": null, "PORTING_CLASS": null, "PORTING_ID": 2.0, "POINT_X": null, "POINT_Y": null, "COMUNE": null, "VIA_DENOMINAZIONE": null, "N_CIVICO": null, "STATO_FUNZIONALITA": null, "STATO_CONSERVAZIONE": null, "Note": "Portata", "created_user": "SERGIO", "created_date": "2026-04-29T14:35:27Z", "last_edited_user": "SERGIO", "last_edited_date": "2026-04-29T14:35:28Z", "TIPO": null, "DISTRETTO": null, "SORGENTE_DATI": "NORMALIZZATA" }, "geometry": { "type": "Point", "coordinates": [ 15.545271128224899, 38.169671340286371, 0.0 ] } },
{ "type": "Feature", "properties": { "COD_ID": null, "DENOMINAZIONE": null, "UTENTE_CREAZIONE": null, "DATA_INS": null, "DATA_AGG": null, "OPERATORE": null, "D_STATO": null, "ANGLE": null, "IDGIS": null, "PORTING_CLASS": null, "PORTING_ID": 3.0, "POINT_X": null, "POINT_Y": null, "COMUNE": null, "VIA_DENOMINAZIONE": null, "N_CIVICO": null, "STATO_FUNZIONALITA": null, "STATO_CONSERVAZIONE": null, "Note": null, "created_user": "SERGIO", "created_date": "2026-04-29T14:35:27Z", "last_edited_user": "SERGIO", "last_edited_date": "2026-04-29T14:35:28Z", "TIPO": null, "DISTRETTO": null, "SORGENTE_DATI": "NORMALIZZATA" }, "geometry": { "type": "Point", "coordinates": [ 15.538817529994148, 38.162318380047012, 0.0 ] } },
{ "type": "Feature", "properties": { "COD_ID": null, "DENOMINAZIONE": null, "UTENTE_CREAZIONE": null, "DATA_INS": null, "DATA_AGG": null, "OPERATORE": null, "D_STATO": null, "ANGLE": null, "IDGIS": null, "PORTING_CLASS": null, "PORTING_ID": 4.0, "POINT_X": null, "POINT_Y": null, "COMUNE": null, "VIA_DENOMINAZIONE": "G.La Farina", "N_CIVICO": null, "STATO_FUNZIONALITA": null, "STATO_CONSERVAZIONE": null, "Note": "Portata", "created_user": "SERGIO", "created_date": "2026-04-29T14:35:27Z", "last_edited_user": "SERGIO", "last_edited_date": "2026-04-29T14:35:28Z", "TIPO": null, "DISTRETTO": null, "SORGENTE_DATI": "NORMALIZZATA" }, "geometry": { "type": "Point", "coordinates": [ 15.545435270539151, 38.170023132429144, 0.0 ] } },
{ "type": "Feature", "properties": { "COD_ID": null, "DENOMINAZIONE": null, "UTENTE_CREAZIONE": null, "DATA_INS": null, "DATA_AGG": null, "OPERATORE": null, "D_STATO": null, "ANGLE": null, "IDGIS": null, "PORTING_CLASS": null, "PORTING_ID": 5.0, "POINT_X": null, "POINT_Y": null, "COMUNE": null, "VIA_DENOMINAZIONE": "Via La Farina", "N_CIVICO": null, "STATO_FUNZIONALITA": null, "STATO_CONSERVAZIONE": null, "Note": null, "created_user": "SERGIO", "created_date": "2026-04-29T14:35:27Z", "last_edited_user": "SERGIO", "last_edited_date": "2026-04-29T14:35:28Z", "TIPO": null, "DISTRETTO": null, "SORGENTE_DATI": "NORMALIZZATA" }, "geometry": { "type": "Point", "coordinates": [ 15.552312563647172, 38.177615040141035, 0.0 ] } },
{ "type": "Feature", "properties": { "COD_ID": null, "DENOMINAZIONE": null, "UTENTE_CREAZIONE": null, "DATA_INS": null, "DATA_AGG": null, "OPERATORE": null, "D_STATO": null, "ANGLE": null, "IDGIS": null, "PORTING_CLASS": null, "PORTING_ID": 6.0, "POINT_X": null, "POINT_Y": null, "COMUNE": null, "VIA_DENOMINAZIONE": null, "N_CIVICO": null, "STATO_FUNZIONALITA": null, "STATO_CONSERVAZIONE": null, "Note": null, "created_user": "SERGIO", "created_date": "2026-04-29T14:35:27Z", "last_edited_user": "SERGIO", "last_edited_date": "2026-04-29T14:35:28Z", "TIPO": null, "DISTRETTO": null, "SORGENTE_DATI": "NORMALIZZATA" }, "geometry": { "type": "Point", "coordinates": [ 15.549273299278925, 38.17524620176539, 0.0 ] } },
{ "type": "Feature", "properties": { "COD_ID": null, "DENOMINAZIONE": null, "UTENTE_CREAZIONE": null, "DATA_INS": null, "DATA_AGG": null, "OPERATORE": null, "D_STATO": null, "ANGLE": null, "IDGIS": null, "PORTING_CLASS": null, "PORTING_ID": 7.0, "POINT_X": null, "POINT_Y": null, "COMUNE": null, "VIA_DENOMINAZIONE": null, "N_CIVICO": null, "STATO_FUNZIONALITA": null, "STATO_CONSERVAZIONE": null, "Note": null, "created_user": "SERGIO", "created_date": "2026-04-29T14:35:27Z", "last_edited_user": "SERGIO", "last_edited_date": "2026-04-29T14:35:28Z", "TIPO": null, "DISTRETTO": null, "SORGENTE_DATI": "NORMALIZZATA" }, "geometry": { "type": "Point", "coordinates": [ 15.547745653148775, 38.176113588029374, 0.0 ] } },
{ "type": "Feature", "properties": { "COD_ID": null, "DENOMINAZIONE": null, "UTENTE_CREAZIONE": null, "DATA_INS": null, "DATA_AGG": null, "OPERATORE": null, "D_STATO": null, "ANGLE": null, "IDGIS": null, "PORTING_CLASS": null, "PORTING_ID": 8.0, "POINT_X": null, "POINT_Y": null, "COMUNE": "Messina", "VIA_DENOMINAZIONE": "Via Consolare", "N_CIVICO": null, "STATO_FUNZIONALITA": null, "STATO_CONSERVAZIONE": null, "Note": null, "created_user": "SERGIO", "created_date": "2026-04-29T14:35:27Z", "last_edited_user": "SERGIO", "last_edited_date": "2026-04-29T14:35:28Z", "TIPO": null, "DISTRETTO": null, "SORGENTE_DATI": "NORMALIZZATA" }, "geometry": { "type": "Point", "coordinates": [ 15.540963385842598, 38.168300264107508, 0.0 ] } },
{ "type": "Feature", "properties": { "COD_ID": null, "DENOMINAZIONE": null, "UTENTE_CREAZIONE": null, "DATA_INS": null, "DATA_AGG": null, "OPERATORE": null, "D_STATO": null, "ANGLE": null, "IDGIS": null, "PORTING_CLASS": null, "PORTING_ID": 9.0, "POINT_X": null, "POINT_Y": null, "COMUNE": null, "VIA_DENOMINAZIONE": "Via Consolare", "N_CIVICO": null, "STATO_FUNZIONALITA": null, "STATO_CONSERVAZIONE": null, "Note": null, "created_user": "SERGIO", "created_date": "2026-04-29T14:35:27Z", "last_edited_user": "SERGIO", "last_edited_date": "2026-04-29T14:35:28Z", "TIPO": null, "DISTRETTO": null, "SORGENTE_DATI": "NORMALIZZATA" }, "geometry": { "type": "Point", "coordinates": [ 15.537996025644901, 38.16279140109944, 0.0 ] } },
{ "type": "Feature", "properties": { "COD_ID": null, "DENOMINAZIONE": null, "UTENTE_CREAZIONE": null, "DATA_INS": null, "DATA_AGG": null, "OPERATORE": null, "D_STATO": null, "ANGLE": null, "IDGIS": null, "PORTING_CLASS": null, "PORTING_ID": 10.0, "POINT_X": null, "POINT_Y": null, "COMUNE": null, "VIA_DENOMINAZIONE": "Via Consolare", "N_CIVICO": null, "STATO_FUNZIONALITA": null, "STATO_CONSERVAZIONE": null, "Note": "Flussometro", "created_user": "SERGIO", "created_date": "2026-04-29T14:35:27Z", "last_edited_user": "SERGIO", "last_edited_date": "2026-04-29T14:35:28Z", "TIPO": null, "DISTRETTO": null, "SORGENTE_DATI": "NORMALIZZATA" }, "geometry": { "type": "Point", "coordinates": [ 15.537995184482481, 38.162788932808951, 0.0 ] } },
{ "type": "Feature", "properties": { "COD_ID": null, "DENOMINAZIONE": null, "UTENTE_CREAZIONE": null, "DATA_INS": null, "DATA_AGG": null, "OPERATORE": null, "D_STATO": null, "ANGLE": null, "IDGIS": null, "PORTING_CLASS": null, "PORTING_ID": 11.0, "POINT_X": null, "POINT_Y": null, "COMUNE": null, "VIA_DENOMINAZIONE": "Via Ammanato", "N_CIVICO": null, "STATO_FUNZIONALITA": null, "STATO_CONSERVAZIONE": null, "Note": "Manometro", "created_user": "SERGIO", "created_date": "2026-04-29T14:35:27Z", "last_edited_user": "SERGIO", "last_edited_date": "2026-04-29T14:35:28Z", "TIPO": null, "DISTRETTO": null, "SORGENTE_DATI": "NORMALIZZATA" }, "geometry": { "type": "Point", "coordinates": [ 15.536537879894968, 38.167520599328959, 0.0 ] } },
{ "type": "Feature", "properties": { "COD_ID": null, "DENOMINAZIONE": null, "UTENTE_CREAZIONE": null, "DATA_INS": null, "DATA_AGG": null, "OPERATORE": null, "D_STATO": null, "ANGLE": null, "IDGIS": null, "PORTING_CLASS": null, "PORTING_ID": 12.0, "POINT_X": null, "POINT_Y": null, "COMUNE": null, "VIA_DENOMINAZIONE": "Via delle Corse", "N_CIVICO": null, "STATO_FUNZIONALITA": null, "STATO_CONSERVAZIONE": null, "Note": "Misura Pressione", "created_user": "SERGIO", "created_date": "2026-04-29T14:35:27Z", "last_edited_user": "SERGIO", "last_edited_date": "2026-04-29T14:35:28Z", "TIPO": null, "DISTRETTO": null, "SORGENTE_DATI": "NORMALIZZATA" }, "geometry": { "type": "Point", "coordinates": [ 15.5397573126272, 38.168509607110565, 0.0 ] } },
{ "type": "Feature", "properties": { "COD_ID": null, "DENOMINAZIONE": null, "UTENTE_CREAZIONE": null, "DATA_INS": null, "DATA_AGG": null, "OPERATORE": null, "D_STATO": null, "ANGLE": null, "IDGIS": null, "PORTING_CLASS": null, "PORTING_ID": 13.0, "POINT_X": null, "POINT_Y": null, "COMUNE": null, "VIA_DENOMINAZIONE": "Via delle Corse", "N_CIVICO": null, "STATO_FUNZIONALITA": null, "STATO_CONSERVAZIONE": null, "Note": "Misura Portata", "created_user": "SERGIO", "created_date": "2026-04-29T14:35:27Z", "last_edited_user": "SERGIO", "last_edited_date": "2026-04-29T14:35:28Z", "TIPO": null, "DISTRETTO": null, "SORGENTE_DATI": "NORMALIZZATA" }, "geometry": { "type": "Point", "coordinates": [ 15.53976221214085, 38.168508960923226, 0.0 ] } },
{ "type": "Feature", "properties": { "COD_ID": null, "DENOMINAZIONE": null, "UTENTE_CREAZIONE": null, "DATA_INS": null, "DATA_AGG": null, "OPERATORE": null, "D_STATO": null, "ANGLE": null, "IDGIS": null, "PORTING_CLASS": null, "PORTING_ID": 14.0, "POINT_X": null, "POINT_Y": null, "COMUNE": null, "VIA_DENOMINAZIONE": null, "N_CIVICO": null, "STATO_FUNZIONALITA": null, "STATO_CONSERVAZIONE": null, "Note": null, "created_user": "SERGIO", "created_date": "2026-04-29T14:35:27Z", "last_edited_user": "SERGIO", "last_edited_date": "2026-04-29T14:35:28Z", "TIPO": null, "DISTRETTO": null, "SORGENTE_DATI": "NORMALIZZATA" }, "geometry": { "type": "Point", "coordinates": [ 15.538162193892568, 38.16812661057299, 0.0 ] } },
{ "type": "Feature", "properties": { "COD_ID": null, "DENOMINAZIONE": null, "UTENTE_CREAZIONE": null, "DATA_INS": null, "DATA_AGG": null, "OPERATORE": null, "D_STATO": null, "ANGLE": null, "IDGIS": null, "PORTING_CLASS": null, "PORTING_ID": 15.0, "POINT_X": null, "POINT_Y": null, "COMUNE": null, "VIA_DENOMINAZIONE": null, "N_CIVICO": null, "STATO_FUNZIONALITA": null, "STATO_CONSERVAZIONE": null, "Note": "Serbatoio Mangialupi", "created_user": "SERGIO", "created_date": "2026-04-29T14:35:27Z", "last_edited_user": "SERGIO", "last_edited_date": "2026-04-29T14:35:28Z", "TIPO": null, "DISTRETTO": null, "SORGENTE_DATI": "NORMALIZZATA" }, "geometry": { "type": "Point", "coordinates": [ 15.535668260539325, 38.171518398464194, 0.0 ] } },
{ "type": "Feature", "properties": { "COD_ID": null, "DENOMINAZIONE": null, "UTENTE_CREAZIONE": null, "DATA_INS": null, "DATA_AGG": null, "OPERATORE": null, "D_STATO": null, "ANGLE": null, "IDGIS": null, "PORTING_CLASS": null, "PORTING_ID": 16.0, "POINT_X": null, "POINT_Y": null, "COMUNE": null, "VIA_DENOMINAZIONE": null, "N_CIVICO": null, "STATO_FUNZIONALITA": null, "STATO_CONSERVAZIONE": null, "Note": "pressione", "created_user": "SERGIO", "created_date": "2026-04-29T14:35:27Z", "last_edited_user": "SERGIO", "last_edited_date": "2026-04-29T14:35:28Z", "TIPO": null, "DISTRETTO": null, "SORGENTE_DATI": "NORMALIZZATA" }, "geometry": { "type": "Point", "coordinates": [ 15.545273892256803, 38.16966998728747, 0.0 ] } },
{ "type": "Feature", "properties": { "COD_ID": null, "DENOMINAZIONE": null, "UTENTE_CREAZIONE": null, "DATA_INS": null, "DATA_AGG": null, "OPERATORE": null, "D_STATO": null, "ANGLE": null, "IDGIS": null, "PORTING_CLASS": null, "PORTING_ID": 17.0, "POINT_X": null, "POINT_Y": null, "COMUNE": null, "VIA_DENOMINAZIONE": "G.La Farina", "N_CIVICO": null, "STATO_FUNZIONALITA": null, "STATO_CONSERVAZIONE": null, "Note": "Pressione", "created_user": "SERGIO", "created_date": "2026-04-29T14:35:27Z", "last_edited_user": "SERGIO", "last_edited_date": "2026-04-29T14:35:28Z", "TIPO": null, "DISTRETTO": null, "SORGENTE_DATI": "NORMALIZZATA" }, "geometry": { "type": "Point", "coordinates": [ 15.545433179572653, 38.170020898018052, 0.0 ] } },
{ "type": "Feature", "properties": { "COD_ID": null, "DENOMINAZIONE": null, "UTENTE_CREAZIONE": null, "DATA_INS": null, "DATA_AGG": null, "OPERATORE": null, "D_STATO": null, "ANGLE": null, "IDGIS": null, "PORTING_CLASS": null, "PORTING_ID": 18.0, "POINT_X": null, "POINT_Y": null, "COMUNE": null, "VIA_DENOMINAZIONE": " Via Chiesa dei Marinai", "N_CIVICO": null, "STATO_FUNZIONALITA": null, "STATO_CONSERVAZIONE": null, "Note": "Portata e Pressione", "created_user": "SERGIO", "created_date": "2026-04-29T14:35:27Z", "last_edited_user": "SERGIO", "last_edited_date": "2026-04-29T14:35:28Z", "TIPO": null, "DISTRETTO": null, "SORGENTE_DATI": "NORMALIZZATA" }, "geometry": { "type": "Point", "coordinates": [ 15.554548191114085, 38.2020294550518, 0.0 ] } },
{ "type": "Feature", "properties": { "COD_ID": null, "DENOMINAZIONE": null, "UTENTE_CREAZIONE": null, "DATA_INS": null, "DATA_AGG": null, "OPERATORE": null, "D_STATO": null, "ANGLE": null, "IDGIS": null, "PORTING_CLASS": null, "PORTING_ID": 19.0, "POINT_X": null, "POINT_Y": null, "COMUNE": null, "VIA_DENOMINAZIONE": " Via Chiesa dei Marinai", "N_CIVICO": null, "STATO_FUNZIONALITA": null, "STATO_CONSERVAZIONE": null, "Note": "Portata e Pressione", "created_user": "SERGIO", "created_date": "2026-04-29T14:35:27Z", "last_edited_user": "SERGIO", "last_edited_date": "2026-04-29T14:35:28Z", "TIPO": null, "DISTRETTO": null, "SORGENTE_DATI": "NORMALIZZATA" }, "geometry": { "type": "Point", "coordinates": [ 15.55455880294935, 38.20202349183262, 0.0 ] } },
{ "type": "Feature", "properties": { "COD_ID": null, "DENOMINAZIONE": null, "UTENTE_CREAZIONE": null, "DATA_INS": null, "DATA_AGG": null, "OPERATORE": null, "D_STATO": null, "ANGLE": null, "IDGIS": null, "PORTING_CLASS": null, "PORTING_ID": 20.0, "POINT_X": null, "POINT_Y": null, "COMUNE": null, "VIA_DENOMINAZIONE": null, "N_CIVICO": null, "STATO_FUNZIONALITA": null, "STATO_CONSERVAZIONE": null, "Note": "Manometro", "created_user": "SERGIO", "created_date": "2026-04-29T14:35:27Z", "last_edited_user": "SERGIO", "last_edited_date": "2026-04-29T14:35:28Z", "TIPO": null, "DISTRETTO": null, "SORGENTE_DATI": "NORMALIZZATA" }, "geometry": { "type": "Point", "coordinates": [ 15.521748781872754, 38.147239799661257, 0.0 ] } },
{ "type": "Feature", "properties": { "COD_ID": null, "DENOMINAZIONE": null, "UTENTE_CREAZIONE": null, "DATA_INS": null, "DATA_AGG": null, "OPERATORE": null, "D_STATO": null, "ANGLE": null, "IDGIS": null, "PORTING_CLASS": null, "PORTING_ID": 420.0, "POINT_X": null, "POINT_Y": null, "COMUNE": null, "VIA_DENOMINAZIONE": null, "N_CIVICO": null, "STATO_FUNZIONALITA": null, "STATO_CONSERVAZIONE": null, "Note": "Misuratore di portata elettromagnetico", "created_user": "SERGIO", "created_date": "2026-04-29T14:35:27Z", "last_edited_user": "SERGIO", "last_edited_date": "2026-04-29T14:35:28Z", "TIPO": null, "DISTRETTO": null, "SORGENTE_DATI": "NORMALIZZATA" }, "geometry": { "type": "Point", "coordinates": [ 15.481144925118073, 38.098331782900559, 0.0 ] } },
{ "type": "Feature", "properties": { "COD_ID": null, "DENOMINAZIONE": null, "UTENTE_CREAZIONE": null, "DATA_INS": null, "DATA_AGG": null, "OPERATORE": null, "D_STATO": null, "ANGLE": null, "IDGIS": null, "PORTING_CLASS": null, "PORTING_ID": 421.0, "POINT_X": null, "POINT_Y": null, "COMUNE": null, "VIA_DENOMINAZIONE": null, "N_CIVICO": null, "STATO_FUNZIONALITA": null, "STATO_CONSERVAZIONE": null, "Note": "Misuratore di portata e pressione", "created_user": "SERGIO", "created_date": "2026-04-29T14:35:27Z", "last_edited_user": "SERGIO", "last_edited_date": "2026-04-29T14:35:28Z", "TIPO": null, "DISTRETTO": null, "SORGENTE_DATI": "NORMALIZZATA" }, "geometry": { "type": "Point", "coordinates": [ 15.535136720194956, 38.157592068706535, 0.0 ] } },
{ "type": "Feature", "properties": { "COD_ID": null, "DENOMINAZIONE": null, "UTENTE_CREAZIONE": null, "DATA_INS": null, "DATA_AGG": null, "OPERATORE": null, "D_STATO": null, "ANGLE": null, "IDGIS": null, "PORTING_CLASS": null, "PORTING_ID": 423.0, "POINT_X": null, "POINT_Y": null, "COMUNE": "Messina", "VIA_DENOMINAZIONE": null, "N_CIVICO": null, "STATO_FUNZIONALITA": null, "STATO_CONSERVAZIONE": null, "Note": "Misura Portata e Pressione", "created_user": "SERGIO", "created_date": "2026-04-29T14:35:27Z", "last_edited_user": "SERGIO", "last_edited_date": "2026-04-29T14:35:28Z", "TIPO": null, "DISTRETTO": null, "SORGENTE_DATI": "NORMALIZZATA" }, "geometry": { "type": "Point", "coordinates": [ 15.54110335486671, 38.184051386222883, 0.0 ] } },
{ "type": "Feature", "properties": { "COD_ID": null, "DENOMINAZIONE": null, "UTENTE_CREAZIONE": null, "DATA_INS": null, "DATA_AGG": null, "OPERATORE": null, "D_STATO": null, "ANGLE": null, "IDGIS": null, "PORTING_CLASS": null, "PORTING_ID": 425.0, "POINT_X": null, "POINT_Y": null, "COMUNE": "Messina", "VIA_DENOMINAZIONE": null, "N_CIVICO": null, "STATO_FUNZIONALITA": null, "STATO_CONSERVAZIONE": null, "Note": "Misura portata e pressione", "created_user": "SERGIO", "created_date": "2026-04-29T14:35:27Z", "last_edited_user": "SERGIO", "last_edited_date": "2026-04-29T14:35:28Z", "TIPO": null, "DISTRETTO": null, "SORGENTE_DATI": "NORMALIZZATA" }, "geometry": { "type": "Point", "coordinates": [ 15.547378204881534, 38.181042280753246, 0.0 ] } },
{ "type": "Feature", "properties": { "COD_ID": null, "DENOMINAZIONE": null, "UTENTE_CREAZIONE": null, "DATA_INS": null, "DATA_AGG": null, "OPERATORE": null, "D_STATO": null, "ANGLE": null, "IDGIS": null, "PORTING_CLASS": null, "PORTING_ID": 427.0, "POINT_X": null, "POINT_Y": null, "COMUNE": null, "VIA_DENOMINAZIONE": "Via G. Garibaldi", "N_CIVICO": null, "STATO_FUNZIONALITA": null, "STATO_CONSERVAZIONE": null, "Note": null, "created_user": "SERGIO", "created_date": "2026-04-29T14:35:27Z", "last_edited_user": "SERGIO", "last_edited_date": "2026-04-29T14:35:28Z", "TIPO": null, "DISTRETTO": null, "SORGENTE_DATI": "NORMALIZZATA" }, "geometry": { "type": "Point", "coordinates": [ 15.558282101364771, 38.206091376150397, 0.0 ] } },
{ "type": "Feature", "properties": { "COD_ID": null, "DENOMINAZIONE": null, "UTENTE_CREAZIONE": null, "DATA_INS": null, "DATA_AGG": null, "OPERATORE": null, "D_STATO": null, "ANGLE": null, "IDGIS": null, "PORTING_CLASS": null, "PORTING_ID": 1227.0, "POINT_X": null, "POINT_Y": null, "COMUNE": null, "VIA_DENOMINAZIONE": "Via Pasquale Calapso", "N_CIVICO": null, "STATO_FUNZIONALITA": null, "STATO_CONSERVAZIONE": null, "Note": "Misura Portata", "created_user": "SERGIO", "created_date": "2026-04-29T14:35:27Z", "last_edited_user": "SERGIO", "last_edited_date": "2026-04-29T14:35:28Z", "TIPO": null, "DISTRETTO": null, "SORGENTE_DATI": "NORMALIZZATA" }, "geometry": { "type": "Point", "coordinates": [ 15.55129447842951, 38.204300643389558, 0.0 ] } },
{ "type": "Feature", "properties": { "COD_ID": null, "DENOMINAZIONE": null, "UTENTE_CREAZIONE": null, "DATA_INS": null, "DATA_AGG": null, "OPERATORE": null, "D_STATO": null, "ANGLE": null, "IDGIS": null, "PORTING_CLASS": null, "PORTING_ID": 1228.0, "POINT_X": null, "POINT_Y": null, "COMUNE": null, "VIA_DENOMINAZIONE": "Via Pasquale Calapso", "N_CIVICO": null, "STATO_FUNZIONALITA": null, "STATO_CONSERVAZIONE": null, "Note": "Misura Pressione", "created_user": "SERGIO", "created_date": "2026-04-29T14:35:27Z", "last_edited_user": "SERGIO", "last_edited_date": "2026-04-29T14:35:28Z", "TIPO": null, "DISTRETTO": null, "SORGENTE_DATI": "NORMALIZZATA" }, "geometry": { "type": "Point", "coordinates": [ 15.551296540594286, 38.204302235224866, 0.0 ] } },
{ "type": "Feature", "properties": { "COD_ID": null, "DENOMINAZIONE": null, "UTENTE_CREAZIONE": null, "DATA_INS": null, "DATA_AGG": null, "OPERATORE": null, "D_STATO": null, "ANGLE": null, "IDGIS": null, "PORTING_CLASS": null, "PORTING_ID": 1627.0, "POINT_X": null, "POINT_Y": null, "COMUNE": null, "VIA_DENOMINAZIONE": "Via Torrente Trapani", "N_CIVICO": null, "STATO_FUNZIONALITA": null, "STATO_CONSERVAZIONE": null, "Note": "Manometro", "created_user": "SERGIO", "created_date": "2026-04-29T14:35:27Z", "last_edited_user": "SERGIO", "last_edited_date": "2026-04-29T14:35:28Z", "TIPO": null, "DISTRETTO": null, "SORGENTE_DATI": "NORMALIZZATA" }, "geometry": { "type": "Point", "coordinates": [ 15.549533533188171, 38.204948653380825, 0.0 ] } },
{ "type": "Feature", "properties": { "COD_ID": null, "DENOMINAZIONE": null, "UTENTE_CREAZIONE": null, "DATA_INS": null, "DATA_AGG": null, "OPERATORE": null, "D_STATO": null, "ANGLE": null, "IDGIS": null, "PORTING_CLASS": null, "PORTING_ID": 2027.0, "POINT_X": null, "POINT_Y": null, "COMUNE": null, "VIA_DENOMINAZIONE": null, "N_CIVICO": null, "STATO_FUNZIONALITA": null, "STATO_CONSERVAZIONE": null, "Note": "Misura di portata e di pressione", "created_user": "SERGIO", "created_date": "2026-04-29T14:35:27Z", "last_edited_user": "SERGIO", "last_edited_date": "2026-04-29T14:35:28Z", "TIPO": null, "DISTRETTO": null, "SORGENTE_DATI": "NORMALIZZATA" }, "geometry": { "type": "Point", "coordinates": [ 15.559461935285634, 38.187345639813429, 0.0 ] } },
{ "type": "Feature", "properties": { "COD_ID": null, "DENOMINAZIONE": null, "UTENTE_CREAZIONE": null, "DATA_INS": null, "DATA_AGG": null, "OPERATORE": null, "D_STATO": null, "ANGLE": null, "IDGIS": null, "PORTING_CLASS": null, "PORTING_ID": 2028.0, "POINT_X": null, "POINT_Y": null, "COMUNE": "Messina", "VIA_DENOMINAZIONE": null, "N_CIVICO": null, "STATO_FUNZIONALITA": null, "STATO_CONSERVAZIONE": null, "Note": "Misuratore di portata elettromagnetico", "created_user": "SERGIO", "created_date": "2026-04-29T14:35:27Z", "last_edited_user": "SERGIO", "last_edited_date": "2026-04-29T14:35:28Z", "TIPO": null, "DISTRETTO": null, "SORGENTE_DATI": "NORMALIZZATA" }, "geometry": { "type": "Point", "coordinates": [ 15.526848636076483, 38.188617425458013, 0.0 ] } },
{ "type": "Feature", "properties": { "COD_ID": null, "DENOMINAZIONE": null, "UTENTE_CREAZIONE": null, "DATA_INS": null, "DATA_AGG": null, "OPERATORE": null, "D_STATO": null, "ANGLE": null, "IDGIS": null, "PORTING_CLASS": null, "PORTING_ID": 2029.0, "POINT_X": null, "POINT_Y": null, "COMUNE": "Messina", "VIA_DENOMINAZIONE": null, "N_CIVICO": null, "STATO_FUNZIONALITA": null, "STATO_CONSERVAZIONE": null, "Note": "Misuratore di portata elettromagnetico", "created_user": "SERGIO", "created_date": "2026-04-29T14:35:27Z", "last_edited_user": "SERGIO", "last_edited_date": "2026-04-29T14:35:28Z", "TIPO": null, "DISTRETTO": null, "SORGENTE_DATI": "NORMALIZZATA" }, "geometry": { "type": "Point", "coordinates": [ 15.526840679518923, 38.188620947201386, 0.0 ] } },
{ "type": "Feature", "properties": { "COD_ID": null, "DENOMINAZIONE": null, "UTENTE_CREAZIONE": null, "DATA_INS": null, "DATA_AGG": null, "OPERATORE": null, "D_STATO": null, "ANGLE": null, "IDGIS": null, "PORTING_CLASS": null, "PORTING_ID": 2428.0, "POINT_X": null, "POINT_Y": null, "COMUNE": null, "VIA_DENOMINAZIONE": null, "N_CIVICO": null, "STATO_FUNZIONALITA": null, "STATO_CONSERVAZIONE": null, "Note": "Misuratore di portata e pressione", "created_user": "SERGIO", "created_date": "2026-04-29T14:35:27Z", "last_edited_user": "SERGIO", "last_edited_date": "2026-04-29T14:35:28Z", "TIPO": null, "DISTRETTO": null, "SORGENTE_DATI": "NORMALIZZATA" }, "geometry": { "type": "Point", "coordinates": [ 15.539891025430077, 38.185777274779177, 0.0 ] } },
{ "type": "Feature", "properties": { "COD_ID": null, "DENOMINAZIONE": null, "UTENTE_CREAZIONE": null, "DATA_INS": null, "DATA_AGG": null, "OPERATORE": null, "D_STATO": null, "ANGLE": null, "IDGIS": null, "PORTING_CLASS": null, "PORTING_ID": 2429.0, "POINT_X": null, "POINT_Y": null, "COMUNE": null, "VIA_DENOMINAZIONE": null, "N_CIVICO": null, "STATO_FUNZIONALITA": null, "STATO_CONSERVAZIONE": null, "Note": "Misuratore di portata e pressione", "created_user": "SERGIO", "created_date": "2026-04-29T14:35:27Z", "last_edited_user": "SERGIO", "last_edited_date": "2026-04-29T14:35:28Z", "TIPO": null, "DISTRETTO": null, "SORGENTE_DATI": "NORMALIZZATA" }, "geometry": { "type": "Point", "coordinates": [ 15.539884275562176, 38.185777075995553, 0.0 ] } },
{ "type": "Feature", "properties": { "COD_ID": null, "DENOMINAZIONE": null, "UTENTE_CREAZIONE": null, "DATA_INS": null, "DATA_AGG": null, "OPERATORE": null, "D_STATO": null, "ANGLE": null, "IDGIS": null, "PORTING_CLASS": null, "PORTING_ID": 2430.0, "POINT_X": null, "POINT_Y": null, "COMUNE": null, "VIA_DENOMINAZIONE": null, "N_CIVICO": null, "STATO_FUNZIONALITA": null, "STATO_CONSERVAZIONE": null, "Note": null, "created_user": "SERGIO", "created_date": "2026-04-29T14:35:28Z", "last_edited_user": "SERGIO", "last_edited_date": "2026-04-29T14:35:28Z", "TIPO": null, "DISTRETTO": null, "SORGENTE_DATI": "NORMALIZZATA" }, "geometry": { "type": "Point", "coordinates": [ 15.54600038754298, 38.18626683111065, 0.0 ] } },
{ "type": "Feature", "properties": { "COD_ID": null, "DENOMINAZIONE": null, "UTENTE_CREAZIONE": null, "DATA_INS": null, "DATA_AGG": null, "OPERATORE": null, "D_STATO": null, "ANGLE": null, "IDGIS": null, "PORTING_CLASS": null, "PORTING_ID": 2431.0, "POINT_X": null, "POINT_Y": null, "COMUNE": null, "VIA_DENOMINAZIONE": null, "N_CIVICO": null, "STATO_FUNZIONALITA": null, "STATO_CONSERVAZIONE": null, "Note": null, "created_user": "SERGIO", "created_date": "2026-04-29T14:35:28Z", "last_edited_user": "SERGIO", "last_edited_date": "2026-04-29T14:35:28Z", "TIPO": null, "DISTRETTO": null, "SORGENTE_DATI": "NORMALIZZATA" }, "geometry": { "type": "Point", "coordinates": [ 15.546618953481889, 38.186384595565656, 0.0 ] } },
{ "type": "Feature", "properties": { "COD_ID": null, "DENOMINAZIONE": null, "UTENTE_CREAZIONE": null, "DATA_INS": null, "DATA_AGG": null, "OPERATORE": null, "D_STATO": null, "ANGLE": null, "IDGIS": null, "PORTING_CLASS": null, "PORTING_ID": 2432.0, "POINT_X": null, "POINT_Y": null, "COMUNE": null, "VIA_DENOMINAZIONE": null, "N_CIVICO": null, "STATO_FUNZIONALITA": null, "STATO_CONSERVAZIONE": null, "Note": null, "created_user": "SERGIO", "created_date": "2026-04-29T14:35:28Z", "last_edited_user": "SERGIO", "last_edited_date": "2026-04-29T14:35:28Z", "TIPO": null, "DISTRETTO": null, "SORGENTE_DATI": "NORMALIZZATA" }, "geometry": { "type": "Point", "coordinates": [ 15.546621280198895, 38.186384998408521, 0.0 ] } },
{ "type": "Feature", "properties": { "COD_ID": null, "DENOMINAZIONE": null, "UTENTE_CREAZIONE": null, "DATA_INS": null, "DATA_AGG": null, "OPERATORE": null, "D_STATO": null, "ANGLE": null, "IDGIS": null, "PORTING_CLASS": null, "PORTING_ID": 2433.0, "POINT_X": null, "POINT_Y": null, "COMUNE": null, "VIA_DENOMINAZIONE": null, "N_CIVICO": null, "STATO_FUNZIONALITA": null, "STATO_CONSERVAZIONE": null, "Note": null, "created_user": "SERGIO", "created_date": "2026-04-29T14:35:28Z", "last_edited_user": "SERGIO", "last_edited_date": "2026-04-29T14:35:28Z", "TIPO": null, "DISTRETTO": null, "SORGENTE_DATI": "NORMALIZZATA" }, "geometry": { "type": "Point", "coordinates": [ 15.546560389777312, 38.186291450751909, 0.0 ] } },
{ "type": "Feature", "properties": { "COD_ID": null, "DENOMINAZIONE": null, "UTENTE_CREAZIONE": null, "DATA_INS": null, "DATA_AGG": null, "OPERATORE": null, "D_STATO": null, "ANGLE": null, "IDGIS": null, "PORTING_CLASS": null, "PORTING_ID": 2434.0, "POINT_X": null, "POINT_Y": null, "COMUNE": null, "VIA_DENOMINAZIONE": null, "N_CIVICO": null, "STATO_FUNZIONALITA": null, "STATO_CONSERVAZIONE": null, "Note": null, "created_user": "SERGIO", "created_date": "2026-04-29T14:35:28Z", "last_edited_user": "SERGIO", "last_edited_date": "2026-04-29T14:35:28Z", "TIPO": null, "DISTRETTO": null, "SORGENTE_DATI": "NORMALIZZATA" }, "geometry": { "type": "Point", "coordinates": [ 15.546571232666061, 38.186292938716328, 0.0 ] } },
{ "type": "Feature", "properties": { "COD_ID": null, "DENOMINAZIONE": null, "UTENTE_CREAZIONE": null, "DATA_INS": null, "DATA_AGG": null, "OPERATORE": null, "D_STATO": null, "ANGLE": null, "IDGIS": null, "PORTING_CLASS": null, "PORTING_ID": 2435.0, "POINT_X": null, "POINT_Y": null, "COMUNE": null, "VIA_DENOMINAZIONE": "Via Maddalena", "N_CIVICO": null, "STATO_FUNZIONALITA": null, "STATO_CONSERVAZIONE": null, "Note": "Misuratore di portata e pressione", "created_user": "SERGIO", "created_date": "2026-04-29T14:35:28Z", "last_edited_user": "SERGIO", "last_edited_date": "2026-04-29T14:35:28Z", "TIPO": null, "DISTRETTO": null, "SORGENTE_DATI": "NORMALIZZATA" }, "geometry": { "type": "Point", "coordinates": [ 15.552742625640871, 38.185630611046349, 0.0 ] } },
{ "type": "Feature", "properties": { "COD_ID": null, "DENOMINAZIONE": null, "UTENTE_CREAZIONE": null, "DATA_INS": null, "DATA_AGG": null, "OPERATORE": null, "D_STATO": null, "ANGLE": null, "IDGIS": null, "PORTING_CLASS": null, "PORTING_ID": 2436.0, "POINT_X": null, "POINT_Y": null, "COMUNE": null, "VIA_DENOMINAZIONE": null, "N_CIVICO": null, "STATO_FUNZIONALITA": null, "STATO_CONSERVAZIONE": null, "Note": null, "created_user": "SERGIO", "created_date": "2026-04-29T14:35:28Z", "last_edited_user": "SERGIO", "last_edited_date": "2026-04-29T14:35:28Z", "TIPO": null, "DISTRETTO": null, "SORGENTE_DATI": "NORMALIZZATA" }, "geometry": { "type": "Point", "coordinates": [ 15.542627699832535, 38.187552088730428, 0.0 ] } },
{ "type": "Feature", "properties": { "COD_ID": null, "DENOMINAZIONE": null, "UTENTE_CREAZIONE": null, "DATA_INS": null, "DATA_AGG": null, "OPERATORE": null, "D_STATO": null, "ANGLE": null, "IDGIS": null, "PORTING_CLASS": null, "PORTING_ID": 2437.0, "POINT_X": null, "POINT_Y": null, "COMUNE": null, "VIA_DENOMINAZIONE": "Viale Italia", "N_CIVICO": null, "STATO_FUNZIONALITA": null, "STATO_CONSERVAZIONE": null, "Note": "Portata e Pressione", "created_user": "SERGIO", "created_date": "2026-04-29T14:35:28Z", "last_edited_user": "SERGIO", "last_edited_date": "2026-04-29T14:35:28Z", "TIPO": null, "DISTRETTO": null, "SORGENTE_DATI": "NORMALIZZATA" }, "geometry": { "type": "Point", "coordinates": [ 15.545275357844178, 38.189489717245706, 0.0 ] } },
{ "type": "Feature", "properties": { "COD_ID": null, "DENOMINAZIONE": null, "UTENTE_CREAZIONE": null, "DATA_INS": null, "DATA_AGG": null, "OPERATORE": null, "D_STATO": null, "ANGLE": null, "IDGIS": null, "PORTING_CLASS": null, "PORTING_ID": 2438.0, "POINT_X": null, "POINT_Y": null, "COMUNE": null, "VIA_DENOMINAZIONE": "Via Trieste incrocio via Bassi", "N_CIVICO": null, "STATO_FUNZIONALITA": null, "STATO_CONSERVAZIONE": null, "Note": "Manometro", "created_user": "SERGIO", "created_date": "2026-04-29T14:35:28Z", "last_edited_user": "SERGIO", "last_edited_date": "2026-04-29T14:35:28Z", "TIPO": null, "DISTRETTO": null, "SORGENTE_DATI": "NORMALIZZATA" }, "geometry": { "type": "Point", "coordinates": [ 15.553018481739572, 38.180218868183438, 0.0 ] } },
{ "type": "Feature", "properties": { "COD_ID": null, "DENOMINAZIONE": null, "UTENTE_CREAZIONE": null, "DATA_INS": null, "DATA_AGG": null, "OPERATORE": null, "D_STATO": null, "ANGLE": null, "IDGIS": null, "PORTING_CLASS": null, "PORTING_ID": 2439.0, "POINT_X": null, "POINT_Y": null, "COMUNE": null, "VIA_DENOMINAZIONE": "Via G. Natoli", "N_CIVICO": null, "STATO_FUNZIONALITA": null, "STATO_CONSERVAZIONE": null, "Note": "Misuratore di portata e pressione", "created_user": "SERGIO", "created_date": "2026-04-29T14:35:28Z", "last_edited_user": "SERGIO", "last_edited_date": "2026-04-29T14:35:28Z", "TIPO": null, "DISTRETTO": null, "SORGENTE_DATI": "NORMALIZZATA" }, "geometry": { "type": "Point", "coordinates": [ 15.554524988790178, 38.180869519892944, 0.0 ] } },
{ "type": "Feature", "properties": { "COD_ID": null, "DENOMINAZIONE": null, "UTENTE_CREAZIONE": null, "DATA_INS": null, "DATA_AGG": null, "OPERATORE": null, "D_STATO": null, "ANGLE": null, "IDGIS": null, "PORTING_CLASS": null, "PORTING_ID": 2440.0, "POINT_X": null, "POINT_Y": null, "COMUNE": null, "VIA_DENOMINAZIONE": "Via Regolo", "N_CIVICO": null, "STATO_FUNZIONALITA": null, "STATO_CONSERVAZIONE": null, "Note": "Misuratore Portata e pressione", "created_user": "SERGIO", "created_date": "2026-04-29T14:35:28Z", "last_edited_user": "SERGIO", "last_edited_date": "2026-04-29T14:35:28Z", "TIPO": null, "DISTRETTO": null, "SORGENTE_DATI": "NORMALIZZATA" }, "geometry": { "type": "Point", "coordinates": [ 15.555755501471744, 38.182209564569284, 0.0 ] } },
{ "type": "Feature", "properties": { "COD_ID": null, "DENOMINAZIONE": null, "UTENTE_CREAZIONE": null, "DATA_INS": null, "DATA_AGG": null, "OPERATORE": null, "D_STATO": null, "ANGLE": null, "IDGIS": null, "PORTING_CLASS": null, "PORTING_ID": 2441.0, "POINT_X": null, "POINT_Y": null, "COMUNE": "Messina", "VIA_DENOMINAZIONE": "Via S cecilia a. v. dei Mamertini", "N_CIVICO": null, "STATO_FUNZIONALITA": null, "STATO_CONSERVAZIONE": null, "Note": null, "created_user": "SERGIO", "created_date": "2026-04-29T14:35:28Z", "last_edited_user": "SERGIO", "last_edited_date": "2026-04-29T14:35:28Z", "TIPO": null, "DISTRETTO": null, "SORGENTE_DATI": "NORMALIZZATA" }, "geometry": { "type": "Point", "coordinates": [ 15.54813739778643, 38.185024414664667, 0.0 ] } }
]
}
