{
"type": "FeatureCollection",
"name": "SERBATOIO",
"crs": { "type": "name", "properties": { "name": "urn:ogc:def:crs:OGC:1.3:CRS84" } },
"features": [
{ "type": "Feature", "properties": { "COD_CESPITI": "TA_S01", "DENOMINAZIONE": "TREMESTIERI ALTO", "ACCESSSO_TIPO": "Carrabile agevole", "A_INIZIO_ESERC": null, "TIPOLOGIA_COSTR": "c.a.", "CAPACITA": null, "N_VASCHE": null, "Q_MAX_PL": null, "Q_MIN_PL": null, "Q_FONDO": null, "STRUMENTI_M_POSIZIONE": null, "STRUMENTI_M_TIPO": null, "TELECONTROLLO": "SI", "RECINZIONE": null, "AUTOM_D_REAG": null, "NOTE": " ", "TIPOLOGIA": "ACCUMULO", "STATO_CONSERVAZIONE": 4, "STATO_FUNZIONALITA": 4, "COMUNE": "Messina", "N_CIV": null, "UTENTE_CREAZIONE": null, "DATA_INS": null, "OPERATORE": null, "DATA_AGG": null, "D_STATO": "Attivo/In esercizio", "IDGIS": null, "TIPO_DISINF": null, "VIA_DENOMINAZIONE": "TREMESTIERI ALTO", "PSU": null, "GlobalID": "{DCE12878-6544-4AA1-A6BC-1F7B9B1C16E5}", "fid_1_2": 1.0, "fid_1": 1.0, "COD_PRGA": "SE063", "COMPRENSOR": 8.0, "COD_GESTOR": "G0049", "SERBATOI_name": " ", "SERBATOI_CODICE": "SB28", "DESCRIZIONE": " ", "PROV_ACQ": "Fiumefreddo", "DISTR_ACQ": "Tremestieri", "ANNO_COSTR": 0.0, "CAPACITA_": 900.0, "QUOTA_slm": 100.0, "NUM_SERBAT": 0.0, "TIPOLOGIA_1": null, "IN_ESERCIZ": " ", "MIS_Q_IN": " ", "MIS_Q_OUT": " ", "DISINFEZIO": "SI", "DISIN_TIPO": " ", "STATO_CONS": 4.0, "TELEMETRIA": "SI", "SERBATOI_X": 545816.07, "SERBATOI_Y": 4222234.8199000005, "ACCESSIBIL": "facilmente accessibile: strada asfaltata e sgombra", "CONDIZIONE": "manufatto in buone condizioni", "SICUREZZA": "porta chiusa con lucchetto,", "NOTE_1": null, "LINK": "www.amam.it/gis/serbatoi/SB28/", "INT_URG": " ", "INT_PROGRA": "Manutenzione porte accesso serbatoio", "LINK_2": " ", "N_STRUMENTI_PORTATA": null, "N_STRUMENTI_PRESSIONE": null, "DISTRETTO": null, "SORGENTE_DATI": "RILIEVO" }, "geometry": { "type": "Point", "coordinates": [ 15.522881484954484, 38.146824315189065, 0.0 ] } },
{ "type": "Feature", "properties": { "COD_CESPITI": "TB_S01", "DENOMINAZIONE": "TREMESTIERI BASSO", "ACCESSSO_TIPO": "Carrabile agevole", "A_INIZIO_ESERC": null, "TIPOLOGIA_COSTR": "c.a.", "CAPACITA": null, "N_VASCHE": null, "Q_MAX_PL": null, "Q_MIN_PL": null, "Q_FONDO": null, "STRUMENTI_M_POSIZIONE": null, "STRUMENTI_M_TIPO": null, "TELECONTROLLO": "SI", "RECINZIONE": null, "AUTOM_D_REAG": null, "NOTE": "Contatore non protetto", "TIPOLOGIA": "ACCUMULO", "STATO_CONSERVAZIONE": 4, "STATO_FUNZIONALITA": 4, "COMUNE": "Messina", "N_CIV": null, "UTENTE_CREAZIONE": null, "DATA_INS": null, "OPERATORE": null, "DATA_AGG": null, "D_STATO": "Attivo/In esercizio", "IDGIS": null, "TIPO_DISINF": null, "VIA_DENOMINAZIONE": "TREMESTIERI BASSO", "PSU": null, "GlobalID": "{E25AB0B0-A4B9-40E1-85D8-E761E38DCF07}", "fid_1_2": 2.0, "fid_1": 2.0, "COD_PRGA": "SE026", "COMPRENSOR": 8.0, "COD_GESTOR": "G0049", "SERBATOI_name": " ", "SERBATOI_CODICE": "SB29", "DESCRIZIONE": " ", "PROV_ACQ": "Santissima", "DISTR_ACQ": "Tremestieri", "ANNO_COSTR": 0.0, "CAPACITA_": 900.0, "QUOTA_slm": 90.0, "NUM_SERBAT": 0.0, "TIPOLOGIA_1": null, "IN_ESERCIZ": " ", "MIS_Q_IN": " ", "MIS_Q_OUT": " ", "DISINFEZIO": "SI", "DISIN_TIPO": " ", "STATO_CONS": 4.0, "TELEMETRIA": "SI", "SERBATOI_X": 545935.76, "SERBATOI_Y": 4222177.1699000001, "ACCESSIBIL": "facilmente accessibile: strada asfaltata e sgombra", "CONDIZIONE": "manufatto in buone condizioni", "SICUREZZA": "porta chiusa con lucchetto", "NOTE_1": null, "LINK": "www.amam.it/gis/serbatoi/SB29/", "INT_URG": " ", "INT_PROGRA": "Manutenzione porte accesso serbatoio", "LINK_2": " ", "N_STRUMENTI_PORTATA": null, "N_STRUMENTI_PRESSIONE": null, "DISTRETTO": null, "SORGENTE_DATI": "RILIEVO" }, "geometry": { "type": "Point", "coordinates": [ 15.524243690624818, 38.146298667716081, 0.0 ] } },
{ "type": "Feature", "properties": { "COD_CESPITI": "ZA_S01", "DENOMINAZIONE": "ZAFFERIA BASSO", "ACCESSSO_TIPO": null, "A_INIZIO_ESERC": null, "TIPOLOGIA_COSTR": "c.a.", "CAPACITA": null, "N_VASCHE": null, "Q_MAX_PL": null, "Q_MIN_PL": null, "Q_FONDO": null, "STRUMENTI_M_POSIZIONE": null, "STRUMENTI_M_TIPO": null, "TELECONTROLLO": "SI", "RECINZIONE": null, "AUTOM_D_REAG": null, "NOTE": "2 distribuzioni, una adduzzione in ingresso e una in uscita verso zafferia alto", "TIPOLOGIA": "ACCUMULO", "STATO_CONSERVAZIONE": 4, "STATO_FUNZIONALITA": 4, "COMUNE": "Messina", "N_CIV": null, "UTENTE_CREAZIONE": null, "DATA_INS": null, "OPERATORE": null, "DATA_AGG": null, "D_STATO": "Attivo/In esercizio", "IDGIS": null, "TIPO_DISINF": null, "VIA_DENOMINAZIONE": "ZAFFERIA BASSO", "PSU": null, "GlobalID": "{20403D96-E879-4657-8CFD-7FA1AD347B05}", "fid_1_2": 3.0, "fid_1": 3.0, "COD_PRGA": "SE062", "COMPRENSOR": 8.0, "COD_GESTOR": "G0049", "SERBATOI_name": " ", "SERBATOI_CODICE": "SB87", "DESCRIZIONE": " ", "PROV_ACQ": " ", "DISTR_ACQ": " ", "ANNO_COSTR": 0.0, "CAPACITA_": 0.0, "QUOTA_slm": 160.0, "NUM_SERBAT": 0.0, "TIPOLOGIA_1": null, "IN_ESERCIZ": " ", "MIS_Q_IN": " ", "MIS_Q_OUT": " ", "DISINFEZIO": "SI", "DISIN_TIPO": " ", "STATO_CONS": 4.0, "TELEMETRIA": "NO", "SERBATOI_X": 544267.03, "SERBATOI_Y": 4222895.0099, "ACCESSIBIL": "difficilmente accessibile: strada tortuosa e sterrata", "CONDIZIONE": "manufatto in buone condizioni", "SICUREZZA": " ", "NOTE_1": null, "LINK": "www.amam.it/gis/serbatoi/SB87/", "INT_URG": "Occorre collocare rete antiroditori nei fori di areazione e sigillare le porte di accesso al serbatoio", "INT_PROGRA": " ", "LINK_2": " ", "N_STRUMENTI_PORTATA": null, "N_STRUMENTI_PRESSIONE": null, "DISTRETTO": "SI", "SORGENTE_DATI": "RILIEVO" }, "geometry": { "type": "Point", "coordinates": [ 15.505244563690928, 38.152851523654071, 0.0 ] } },
{ "type": "Feature", "properties": { "COD_CESPITI": "GSL_S01", "DENOMINAZIONE": "GALATI S.LUCIA", "ACCESSSO_TIPO": null, "A_INIZIO_ESERC": null, "TIPOLOGIA_COSTR": "c.a.", "CAPACITA": null, "N_VASCHE": null, "Q_MAX_PL": null, "Q_MIN_PL": null, "Q_FONDO": null, "STRUMENTI_M_POSIZIONE": null, "STRUMENTI_M_TIPO": null, "TELECONTROLLO": "SI", "RECINZIONE": null, "AUTOM_D_REAG": null, "NOTE": " ", "TIPOLOGIA": "ACCUMULO", "STATO_CONSERVAZIONE": 4, "STATO_FUNZIONALITA": 4, "COMUNE": "Messina", "N_CIV": null, "UTENTE_CREAZIONE": null, "DATA_INS": null, "OPERATORE": null, "DATA_AGG": null, "D_STATO": "Attivo/In esercizio", "IDGIS": null, "TIPO_DISINF": null, "VIA_DENOMINAZIONE": "GALATI S.LUCIA", "PSU": null, "GlobalID": "{B35F90F0-56D1-4E53-9969-DA04F03A09DA}", "fid_1_2": 4.0, "fid_1": 4.0, "COD_PRGA": "SE55", "COMPRENSOR": 8.0, "COD_GESTOR": "G0049", "SERBATOI_name": " ", "SERBATOI_CODICE": "SB61", "DESCRIZIONE": " ", "PROV_ACQ": "Santissima", "DISTR_ACQ": "S.Lucia alta e bassa, autoclave di S.Anna", "ANNO_COSTR": 0.0, "CAPACITA_": 100.0, "QUOTA_slm": 78.0, "NUM_SERBAT": 0.0, "TIPOLOGIA_1": null, "IN_ESERCIZ": " ", "MIS_Q_IN": " ", "MIS_Q_OUT": " ", "DISINFEZIO": "SI", "DISIN_TIPO": " ", "STATO_CONS": 2.0, "TELEMETRIA": "SI", "SERBATOI_X": 543464.43, "SERBATOI_Y": 4218220.4899000004, "ACCESSIBIL": "difficilmente accessibile: strada tortuosa, sterrata che attraversa il torrente", "CONDIZIONE": "manufatto presenta crepe e scale instabili, all'esterno vi sono erbacce", "SICUREZZA": "presenza di una recinzione, cancello principale rotto", "NOTE_1": null, "LINK": "www.amam.it/gis/serbatoi/SB61/", "INT_URG": "Sigillare fessure ai lati delle porte accesso vasche", "INT_PROGRA": "Trattamento ferri soletta e ripristino intonaci - scerbatura aree esterne", "LINK_2": " ", "N_STRUMENTI_PORTATA": null, "N_STRUMENTI_PRESSIONE": null, "DISTRETTO": "SI", "SORGENTE_DATI": "RILIEVO" }, "geometry": { "type": "Point", "coordinates": [ 15.495799284594066, 38.110762118806868, 0.0 ] } },
{ "type": "Feature", "properties": { "COD_CESPITI": "GMS_S01", "DENOMINAZIONE": "GIAMPILIERI SUPERIORE", "ACCESSSO_TIPO": "Carrabile agevole", "A_INIZIO_ESERC": null, "TIPOLOGIA_COSTR": "c.a.", "CAPACITA": null, "N_VASCHE": null, "Q_MAX_PL": null, "Q_MIN_PL": null, "Q_FONDO": null, "STRUMENTI_M_POSIZIONE": null, "STRUMENTI_M_TIPO": null, "TELECONTROLLO": "SI", "RECINZIONE": null, "AUTOM_D_REAG": null, "NOTE": "saracinesca in uscita non funzionante", "TIPOLOGIA": "ACCUMULO", "STATO_CONSERVAZIONE": 4, "STATO_FUNZIONALITA": 4, "COMUNE": "Messina", "N_CIV": null, "UTENTE_CREAZIONE": null, "DATA_INS": null, "OPERATORE": null, "DATA_AGG": null, "D_STATO": "Attivo/In esercizio", "IDGIS": null, "TIPO_DISINF": null, "VIA_DENOMINAZIONE": "GIAMPILIERI SUPERIORE", "PSU": null, "GlobalID": "{5CA2C4A4-0671-46D4-B4E2-DDDEF691FC13}", "fid_1_2": 5.0, "fid_1": 5.0, "COD_PRGA": "SE051", "COMPRENSOR": 8.0, "COD_GESTOR": "G0049", "SERBATOI_name": " ", "SERBATOI_CODICE": "SB64", "DESCRIZIONE": " ", "PROV_ACQ": "Fiumefreddo", "DISTR_ACQ": "Giampilieri", "ANNO_COSTR": 0.0, "CAPACITA_": 100.0, "QUOTA_slm": 175.0, "NUM_SERBAT": 0.0, "TIPOLOGIA_1": null, "IN_ESERCIZ": " ", "MIS_Q_IN": " ", "MIS_Q_OUT": " ", "DISINFEZIO": "SI", "DISIN_TIPO": " ", "STATO_CONS": 5.0, "TELEMETRIA": "SI", "SERBATOI_X": 540952.3, "SERBATOI_Y": 4213871.4299, "ACCESSIBIL": "facilmente accessibile: strada asfaltata e sgombra", "CONDIZIONE": "manufatto in ottime condizioni", "SICUREZZA": "porta chiusa con lucchetto, presenza di recinzione e cancello", "NOTE_1": null, "LINK": "www.amam.it/gis/serbatoi/SB64/", "INT_URG": "Sigillare porta accesso vasca  (possibile penetrazione di animali e sporco)", "INT_PROGRA": " ", "LINK_2": " ", "N_STRUMENTI_PORTATA": null, "N_STRUMENTI_PRESSIONE": null, "DISTRETTO": "SI", "SORGENTE_DATI": "RILIEVO" }, "geometry": { "type": "Point", "coordinates": [ 15.466894897717857, 38.071683814957908, 0.0 ] } },
{ "type": "Feature", "properties": { "COD_CESPITI": "SM_S01", "DENOMINAZIONE": "S. MARGHERITA", "ACCESSSO_TIPO": "Carrabile agevole", "A_INIZIO_ESERC": null, "TIPOLOGIA_COSTR": "c.a.", "CAPACITA": null, "N_VASCHE": null, "Q_MAX_PL": null, "Q_MIN_PL": null, "Q_FONDO": null, "STRUMENTI_M_POSIZIONE": null, "STRUMENTI_M_TIPO": null, "TELECONTROLLO": "SI", "RECINZIONE": null, "AUTOM_D_REAG": null, "NOTE": "quadro Enel non protetto; acqua in eccesso che va persa", "TIPOLOGIA": "ACCUMULO", "STATO_CONSERVAZIONE": 4, "STATO_FUNZIONALITA": 4, "COMUNE": "Messina", "N_CIV": null, "UTENTE_CREAZIONE": null, "DATA_INS": null, "OPERATORE": null, "DATA_AGG": null, "D_STATO": "Attivo/In esercizio", "IDGIS": null, "TIPO_DISINF": null, "VIA_DENOMINAZIONE": "S. MARGHERITA", "PSU": null, "GlobalID": "{94494CBF-5490-479E-B246-281E868B0DCB}", "fid_1_2": 6.0, "fid_1": 6.0, "COD_PRGA": "SE028", "COMPRENSOR": 8.0, "COD_GESTOR": "G0049", "SERBATOI_name": " ", "SERBATOI_CODICE": "SB27", "DESCRIZIONE": " ", "PROV_ACQ": "pozzo", "DISTR_ACQ": "S.Margherita", "ANNO_COSTR": 0.0, "CAPACITA_": 900.0, "QUOTA_slm": 82.0, "NUM_SERBAT": 0.0, "TIPOLOGIA_1": null, "IN_ESERCIZ": " ", "MIS_Q_IN": " ", "MIS_Q_OUT": " ", "DISINFEZIO": "SI", "DISIN_TIPO": " ", "STATO_CONS": 3.0, "TELEMETRIA": "SI", "SERBATOI_X": 543597.26, "SERBATOI_Y": 4216703.9999000002, "ACCESSIBIL": "facilmente accessibile: viale ampio, asfaltato e sgombro", "CONDIZIONE": "manufatto necessita di manutenzione nel vano clorazione", "SICUREZZA": "porta chiusa con lucchetto, presenza di recinzione e cancello", "NOTE_1": null, "LINK": "www.amam.it/gis/serbatoi/SB27/", "INT_URG": "Porte accesso serbatoi arruginite e non a tenuta, POSSIBILE INGRESSO NELLA VASCA DI RODITORI ED INSETTI", "INT_PROGRA": "Scerbatura, opere murarie vano clorazione, reti in acciaio finestre areazione", "LINK_2": " ", "N_STRUMENTI_PORTATA": null, "N_STRUMENTI_PRESSIONE": null, "DISTRETTO": null, "SORGENTE_DATI": "RILIEVO" }, "geometry": { "type": "Point", "coordinates": [ 15.497221788747275, 38.097088500860842, 0.0 ] } },
{ "type": "Feature", "properties": { "COD_CESPITI": "MSM_S01", "DENOMINAZIONE": "MILI S.MARCO", "ACCESSSO_TIPO": "Carrabile agevole", "A_INIZIO_ESERC": null, "TIPOLOGIA_COSTR": "c.a.", "CAPACITA": null, "N_VASCHE": null, "Q_MAX_PL": null, "Q_MIN_PL": null, "Q_FONDO": null, "STRUMENTI_M_POSIZIONE": null, "STRUMENTI_M_TIPO": null, "TELECONTROLLO": "SI", "RECINZIONE": null, "AUTOM_D_REAG": null, "NOTE": " ", "TIPOLOGIA": "ACCUMULO", "STATO_CONSERVAZIONE": 4, "STATO_FUNZIONALITA": 4, "COMUNE": "Messina", "N_CIV": null, "UTENTE_CREAZIONE": null, "DATA_INS": null, "OPERATORE": null, "DATA_AGG": null, "D_STATO": "Attivo/In esercizio", "IDGIS": null, "TIPO_DISINF": null, "VIA_DENOMINAZIONE": "MILI S.MARCO", "PSU": null, "GlobalID": "{B6C0A648-5148-455C-87BC-EE098EBA4A9E}", "fid_1_2": 7.0, "fid_1": 7.0, "COD_PRGA": "SE057", "COMPRENSOR": 8.0, "COD_GESTOR": "G0049", "SERBATOI_name": " ", "SERBATOI_CODICE": "SB71", "DESCRIZIONE": " ", "PROV_ACQ": "Fiumefreddo", "DISTR_ACQ": "Mili S.Marco", "ANNO_COSTR": 0.0, "CAPACITA_": 100.0, "QUOTA_slm": 115.0, "NUM_SERBAT": 0.0, "TIPOLOGIA_1": null, "IN_ESERCIZ": " ", "MIS_Q_IN": " ", "MIS_Q_OUT": " ", "DISINFEZIO": "SI", "DISIN_TIPO": " ", "STATO_CONS": 4.0, "TELEMETRIA": "SI", "SERBATOI_X": 544240.52, "SERBATOI_Y": 4219511.9099000003, "ACCESSIBIL": "facilmente accessibile: strada ripida", "CONDIZIONE": "manufatto in buone condizioni, all'esterno vi sono erbacce", "SICUREZZA": "porta chiusa con lucchetto, presenza di recinzione", "NOTE_1": null, "LINK": "www.amam.it/gis/serbatoi/SB71/", "INT_URG": "Installare reti nelle prese di aeazione dei locali (Possibile ingresso roditori)", "INT_PROGRA": "Eliminare erbacce", "LINK_2": " ", "N_STRUMENTI_PORTATA": 2.0, "N_STRUMENTI_PRESSIONE": 3.0, "DISTRETTO": null, "SORGENTE_DATI": "RILIEVO" }, "geometry": { "type": "Point", "coordinates": [ 15.504731940773707, 38.122363184713016, 0.0 ] } },
{ "type": "Feature", "properties": { "COD_CESPITI": "MSP_S01", "DENOMINAZIONE": "MILI S.PIETRO", "ACCESSSO_TIPO": null, "A_INIZIO_ESERC": null, "TIPOLOGIA_COSTR": "c.a.", "CAPACITA": null, "N_VASCHE": null, "Q_MAX_PL": null, "Q_MIN_PL": null, "Q_FONDO": null, "STRUMENTI_M_POSIZIONE": null, "STRUMENTI_M_TIPO": null, "TELECONTROLLO": "SI", "RECINZIONE": null, "AUTOM_D_REAG": null, "NOTE": "una adduzzione in ingresso dal pozzo, una in uscita verso serbatoio tipoldo e una distribuzione", "TIPOLOGIA": "ACCUMULO", "STATO_CONSERVAZIONE": 4, "STATO_FUNZIONALITA": 4, "COMUNE": "Messina", "N_CIV": null, "UTENTE_CREAZIONE": null, "DATA_INS": null, "OPERATORE": null, "DATA_AGG": null, "D_STATO": "Attivo/In esercizio", "IDGIS": null, "TIPO_DISINF": null, "VIA_DENOMINAZIONE": "MILI S.PIETRO", "PSU": null, "GlobalID": "{6F6BE268-9A69-4F10-BAC9-98DB53FB59EF}", "fid_1_2": 8.0, "fid_1": 8.0, "COD_PRGA": "SE056", "COMPRENSOR": 8.0, "COD_GESTOR": "G0049", "SERBATOI_name": " ", "SERBATOI_CODICE": "SB72", "DESCRIZIONE": " ", "PROV_ACQ": "sorgive", "DISTR_ACQ": "Mili S.Pietro e autoclave di Tipoldo", "ANNO_COSTR": 0.0, "CAPACITA_": 300.0, "QUOTA_slm": 330.0, "NUM_SERBAT": 0.0, "TIPOLOGIA_1": null, "IN_ESERCIZ": " ", "MIS_Q_IN": " ", "MIS_Q_OUT": " ", "DISINFEZIO": "SI", "DISIN_TIPO": " ", "STATO_CONS": 4.0, "TELEMETRIA": "SI", "SERBATOI_X": 542902.74, "SERBATOI_Y": 4220547.6399000008, "ACCESSIBIL": "difficilmente accessibile: strada tortuosa e ripida", "CONDIZIONE": "manufatto in buone condizioni", "SICUREZZA": "porta chiusa con lucchetto, assenza di cancello e recinzione", "NOTE_1": null, "LINK": "www.amam.it/gis/serbatoi/SB72/", "INT_URG": "Porte e botole accesso serbatoi arruginite e/o non a tenuta, POSSIBILE INGRESSO NELLA VASCA DI RODITORI ED INSETTI", "INT_PROGRA": " ", "LINK_2": " ", "N_STRUMENTI_PORTATA": 3.0, "N_STRUMENTI_PRESSIONE": 1.0, "DISTRETTO": "SI", "SORGENTE_DATI": "RILIEVO" }, "geometry": { "type": "Point", "coordinates": [ 15.489532309516838, 38.131762149702148, 0.0 ] } },
{ "type": "Feature", "properties": { "COD_CESPITI": "TI_S01", "DENOMINAZIONE": "TIPOLDO", "ACCESSSO_TIPO": null, "A_INIZIO_ESERC": null, "TIPOLOGIA_COSTR": "c.a.", "CAPACITA": null, "N_VASCHE": null, "Q_MAX_PL": null, "Q_MIN_PL": null, "Q_FONDO": null, "STRUMENTI_M_POSIZIONE": null, "STRUMENTI_M_TIPO": null, "TELECONTROLLO": "SI", "RECINZIONE": null, "AUTOM_D_REAG": null, "NOTE": "non presente in telemetria. Un ingresso, da Mili san pietro, due distribuzioni, una piccolina.", "TIPOLOGIA": "ACCUMULO", "STATO_CONSERVAZIONE": 4, "STATO_FUNZIONALITA": 4, "COMUNE": "Messina", "N_CIV": null, "UTENTE_CREAZIONE": null, "DATA_INS": null, "OPERATORE": null, "DATA_AGG": null, "D_STATO": "Attivo/In esercizio", "IDGIS": null, "TIPO_DISINF": null, "VIA_DENOMINAZIONE": "TIPOLDO", "PSU": null, "GlobalID": "{5FF0158A-BFDE-467C-B1B8-59BE17F966C6}", "fid_1_2": 9.0, "fid_1": 9.0, "COD_PRGA": " ", "COMPRENSOR": 8.0, "COD_GESTOR": "G0049", "SERBATOI_name": " ", "SERBATOI_CODICE": "SB85", "DESCRIZIONE": " ", "PROV_ACQ": "sorgive", "DISTR_ACQ": "Tipoldo", "ANNO_COSTR": 0.0, "CAPACITA_": 0.0, "QUOTA_slm": 440.0, "NUM_SERBAT": 0.0, "TIPOLOGIA_1": null, "IN_ESERCIZ": " ", "MIS_Q_IN": " ", "MIS_Q_OUT": " ", "DISINFEZIO": "NO", "DISIN_TIPO": " ", "STATO_CONS": 1.0, "TELEMETRIA": "NO", "SERBATOI_X": 542566.46, "SERBATOI_Y": 4220769.8498999998, "ACCESSIBIL": "difficilmente accessibile: strada tortuosa, ripida e sterrata", "CONDIZIONE": "manufatto in pessime condizioni: copertura in lamiera, esterni malridotti", "SICUREZZA": "porta chiusa con lucchetto, assenza di cancello e recinzione", "NOTE_1": null, "LINK": "www.amam.it/gis/serbatoi/SB85/", "INT_URG": " ", "INT_PROGRA": " ", "LINK_2": " ", "N_STRUMENTI_PORTATA": null, "N_STRUMENTI_PRESSIONE": null, "DISTRETTO": "SI", "SORGENTE_DATI": "RILIEVO" }, "geometry": { "type": "Point", "coordinates": [ 15.485708659990447, 38.133780715275279, 0.0 ] } },
{ "type": "Feature", "properties": { "COD_CESPITI": "LA_IS01", "DENOMINAZIONE": "LARDERIA SOLLEVAMENTO", "ACCESSSO_TIPO": "Carrabile agevole", "A_INIZIO_ESERC": null, "TIPOLOGIA_COSTR": "c.a.", "CAPACITA": null, "N_VASCHE": null, "Q_MAX_PL": null, "Q_MIN_PL": null, "Q_FONDO": null, "STRUMENTI_M_POSIZIONE": null, "STRUMENTI_M_TIPO": null, "TELECONTROLLO": "SI", "RECINZIONE": null, "AUTOM_D_REAG": null, "NOTE": "Alimentazione estiva proveniente da Fiumefreddo con pozzo; acqua in eccesso che va persa nel periodo invernale (pozzo chiuso)", "TIPOLOGIA": "ACCUMULO", "STATO_CONSERVAZIONE": 4, "STATO_FUNZIONALITA": 4, "COMUNE": "Messina", "N_CIV": null, "UTENTE_CREAZIONE": null, "DATA_INS": null, "OPERATORE": null, "DATA_AGG": null, "D_STATO": "Attivo/In esercizio", "IDGIS": null, "TIPO_DISINF": null, "VIA_DENOMINAZIONE": "LARDERIA SOLLEVAMENTO", "PSU": null, "GlobalID": "{A3377F4B-99E8-48D1-A4CA-B7F03B5F5099}", "fid_1_2": 10.0, "fid_1": 10.0, "COD_PRGA": "SE061", "COMPRENSOR": 8.0, "COD_GESTOR": "G0049", "SERBATOI_name": " ", "SERBATOI_CODICE": "SB33", "DESCRIZIONE": " ", "PROV_ACQ": "sorgive", "DISTR_ACQ": "zona Larderia soll. e serbatoio Larderia sup. e inf.", "ANNO_COSTR": 0.0, "CAPACITA_": 800.0, "QUOTA_slm": 150.0, "NUM_SERBAT": 0.0, "TIPOLOGIA_1": null, "IN_ESERCIZ": " ", "MIS_Q_IN": " ", "MIS_Q_OUT": " ", "DISINFEZIO": " ", "DISIN_TIPO": " ", "STATO_CONS": 4.0, "TELEMETRIA": "SI", "SERBATOI_X": 544159.69, "SERBATOI_Y": 4221676.3498999998, "ACCESSIBIL": "facilmente accessibile: strada asfaltata e sgombra", "CONDIZIONE": "manufatto in buone condizioni", "SICUREZZA": "porta chiusa con lucchetto, presenza di cancello e recinzione", "NOTE_1": null, "LINK": "www.amam.it/gis/serbatoi/SB33/", "INT_URG": "Installare reti nelle prese di aeazione dei locali (Possibile ingresso roditori). Chiudere buchi muo a lato della porta accesso serbatoi", "INT_PROGRA": "Ripristinare intonaci vano clorazione. Eliminare erbacce ingresso esterno. Sistemare impianto elettrico", "LINK_2": "https://drive.google.com/open?id=1xa-AcBIZVCyK0Hg8f5IrhwlRMbdTcU0l", "N_STRUMENTI_PORTATA": null, "N_STRUMENTI_PRESSIONE": null, "DISTRETTO": null, "SORGENTE_DATI": "RILIEVO" }, "geometry": { "type": "Point", "coordinates": [ 15.503943909448628, 38.141873828479497, 0.0 ] } },
{ "type": "Feature", "properties": { "COD_CESPITI": "LA_S02", "DENOMINAZIONE": "LARDERIA INFERIORE", "ACCESSSO_TIPO": "Carrabile agevole", "A_INIZIO_ESERC": null, "TIPOLOGIA_COSTR": "c.a.", "CAPACITA": null, "N_VASCHE": null, "Q_MAX_PL": null, "Q_MIN_PL": null, "Q_FONDO": null, "STRUMENTI_M_POSIZIONE": null, "STRUMENTI_M_TIPO": null, "TELECONTROLLO": "SI", "RECINZIONE": null, "AUTOM_D_REAG": null, "NOTE": "presenza di muffa all'interno", "TIPOLOGIA": "ACCUMULO", "STATO_CONSERVAZIONE": 4, "STATO_FUNZIONALITA": 4, "COMUNE": "Messina", "N_CIV": null, "UTENTE_CREAZIONE": null, "DATA_INS": null, "OPERATORE": null, "DATA_AGG": null, "D_STATO": "Attivo/In esercizio", "IDGIS": null, "TIPO_DISINF": null, "VIA_DENOMINAZIONE": "LARDERIA INFERIORE", "PSU": null, "GlobalID": "{8D156A98-EDEF-460F-A8BF-0700C590BBE0}", "fid_1_2": 11.0, "fid_1": 11.0, "COD_PRGA": "SE060", "COMPRENSOR": 8.0, "COD_GESTOR": "G0049", "SERBATOI_name": " ", "SERBATOI_CODICE": "SB32", "DESCRIZIONE": " ", "PROV_ACQ": "sorgive", "DISTR_ACQ": "Larderia inferiore", "ANNO_COSTR": 0.0, "CAPACITA_": 800.0, "QUOTA_slm": 205.0, "NUM_SERBAT": 0.0, "TIPOLOGIA_1": null, "IN_ESERCIZ": " ", "MIS_Q_IN": " ", "MIS_Q_OUT": " ", "DISINFEZIO": "SI", "DISIN_TIPO": " ", "STATO_CONS": 3.0, "TELEMETRIA": "SI", "SERBATOI_X": 543979.57, "SERBATOI_Y": 4221753.8299000002, "ACCESSIBIL": "facilmente accessibile: strada asfaltata e sgombra", "CONDIZIONE": "manufatto necessita di manutenzione nella parte esterna: vi sono erbacce", "SICUREZZA": "porta chiusa con lucchetto, presenza di cancello", "NOTE_1": null, "LINK": "www.amam.it/gis/serbatoi/SB32/", "INT_URG": " ", "INT_PROGRA": " ", "LINK_2": "https://drive.google.com/open?id=1paQdpGDLy1t27yIA_LsE4l0qcrHsFR4b", "N_STRUMENTI_PORTATA": null, "N_STRUMENTI_PRESSIONE": null, "DISTRETTO": null, "SORGENTE_DATI": "RILIEVO" }, "geometry": { "type": "Point", "coordinates": [ 15.501893262854887, 38.142580904497699, 0.0 ] } },
{ "type": "Feature", "properties": { "COD_CESPITI": "LA_S01", "DENOMINAZIONE": "LARDERIA SUPERIORE", "ACCESSSO_TIPO": null, "A_INIZIO_ESERC": null, "TIPOLOGIA_COSTR": "c.a.", "CAPACITA": null, "N_VASCHE": null, "Q_MAX_PL": null, "Q_MIN_PL": null, "Q_FONDO": null, "STRUMENTI_M_POSIZIONE": null, "STRUMENTI_M_TIPO": null, "TELECONTROLLO": "SI", "RECINZIONE": null, "AUTOM_D_REAG": null, "NOTE": "accessibile pedonalmente solo attraverso un sentiero che versa in pessime condizioni", "TIPOLOGIA": "ACCUMULO", "STATO_CONSERVAZIONE": 4, "STATO_FUNZIONALITA": 4, "COMUNE": "Messina", "N_CIV": null, "UTENTE_CREAZIONE": null, "DATA_INS": null, "OPERATORE": null, "DATA_AGG": null, "D_STATO": "Attivo/In esercizio", "IDGIS": null, "TIPO_DISINF": null, "VIA_DENOMINAZIONE": "LARDERIA SUPERIORE", "PSU": null, "GlobalID": "{61606DC9-7E18-442D-B260-9BE139746CB4}", "fid_1_2": 12.0, "fid_1": 12.0, "COD_PRGA": "SE059", "COMPRENSOR": 8.0, "COD_GESTOR": "G0049", "SERBATOI_name": " ", "SERBATOI_CODICE": "SB65", "DESCRIZIONE": " ", "PROV_ACQ": "sorgive", "DISTR_ACQ": "Larderia superiore", "ANNO_COSTR": 0.0, "CAPACITA_": 100.0, "QUOTA_slm": 295.0, "NUM_SERBAT": 0.0, "TIPOLOGIA_1": null, "IN_ESERCIZ": " ", "MIS_Q_IN": " ", "MIS_Q_OUT": " ", "DISINFEZIO": " ", "DISIN_TIPO": " ", "STATO_CONS": 1.0, "TELEMETRIA": "SI", "SERBATOI_X": 543208.77, "SERBATOI_Y": 4221329.5398999993, "ACCESSIBIL": "difficilmente accessibile: sentiero sterrato e con forte pendenza", "CONDIZIONE": "manufatto in pessime condizioni: solaio pericolante, all'esterno vi sono erbacce", "SICUREZZA": "porta chiusa con lucchetto, assemza di cancello e recinzione", "NOTE_1": null, "LINK": "www.amam.it/gis/serbatoi/SB65/", "INT_URG": " ", "INT_PROGRA": " ", "LINK_2": " ", "N_STRUMENTI_PORTATA": null, "N_STRUMENTI_PRESSIONE": null, "DISTRETTO": null, "SORGENTE_DATI": "RILIEVO" }, "geometry": { "type": "Point", "coordinates": [ 15.493071490194895, 38.138794309335267, 0.0 ] } },
{ "type": "Feature", "properties": { "COD_CESPITI": "AL_S01", "DENOMINAZIONE": "ALTOLIA", "ACCESSSO_TIPO": null, "A_INIZIO_ESERC": null, "TIPOLOGIA_COSTR": "c.a.", "CAPACITA": null, "N_VASCHE": null, "Q_MAX_PL": null, "Q_MIN_PL": null, "Q_FONDO": null, "STRUMENTI_M_POSIZIONE": null, "STRUMENTI_M_TIPO": null, "TELECONTROLLO": "SI", "RECINZIONE": null, "AUTOM_D_REAG": null, "NOTE": " ", "TIPOLOGIA": "ACCUMULO", "STATO_CONSERVAZIONE": 4, "STATO_FUNZIONALITA": 4, "COMUNE": "Messina", "N_CIV": null, "UTENTE_CREAZIONE": null, "DATA_INS": null, "OPERATORE": null, "DATA_AGG": null, "D_STATO": "Attivo/In esercizio", "IDGIS": null, "TIPO_DISINF": null, "VIA_DENOMINAZIONE": "ALTOLIA", "PSU": null, "GlobalID": "{795BCC47-E725-4912-8A0F-21BBC9BC85FA}", "fid_1_2": 13.0, "fid_1": 13.0, "COD_PRGA": "SE049", "COMPRENSOR": 8.0, "COD_GESTOR": "G0049", "SERBATOI_name": " ", "SERBATOI_CODICE": "SB51", "DESCRIZIONE": " ", "PROV_ACQ": "sorgive e Fiumefreddo", "DISTR_ACQ": "Altolia", "ANNO_COSTR": 0.0, "CAPACITA_": 200.0, "QUOTA_slm": 370.0, "NUM_SERBAT": 0.0, "TIPOLOGIA_1": null, "IN_ESERCIZ": " ", "MIS_Q_IN": " ", "MIS_Q_OUT": " ", "DISINFEZIO": "SI", "DISIN_TIPO": " ", "STATO_CONS": 0.0, "TELEMETRIA": "NO", "SERBATOI_X": 539094.83, "SERBATOI_Y": 4214610.0099, "ACCESSIBIL": " ", "CONDIZIONE": " ", "SICUREZZA": " ", "NOTE_1": null, "LINK": "www.amam.it/gis/serbatoi/SB51/", "INT_URG": " ", "INT_PROGRA": " ", "LINK_2": " ", "N_STRUMENTI_PORTATA": null, "N_STRUMENTI_PRESSIONE": null, "DISTRETTO": null, "SORGENTE_DATI": "RILIEVO" }, "geometry": { "type": "Point", "coordinates": [ 15.445758990304475, 38.078422489900092, 0.0 ] } },
{ "type": "Feature", "properties": { "COD_CESPITI": "", "DENOMINAZIONE": "GRANATARI", "ACCESSSO_TIPO": "Carrabile agevole", "A_INIZIO_ESERC": null, "TIPOLOGIA_COSTR": "c.a.", "CAPACITA": null, "N_VASCHE": null, "Q_MAX_PL": null, "Q_MIN_PL": null, "Q_FONDO": null, "STRUMENTI_M_POSIZIONE": null, "STRUMENTI_M_TIPO": null, "TELECONTROLLO": "SI", "RECINZIONE": null, "AUTOM_D_REAG": null, "NOTE": "riempimento acqua da serbatoio Tremonti - occorre manutenzione impianto illuminazione interna", "TIPOLOGIA": "ACCUMULO", "STATO_CONSERVAZIONE": 4, "STATO_FUNZIONALITA": 4, "COMUNE": "Messina", "N_CIV": null, "UTENTE_CREAZIONE": null, "DATA_INS": null, "OPERATORE": null, "DATA_AGG": null, "D_STATO": "Attivo/In esercizio", "IDGIS": null, "TIPO_DISINF": null, "VIA_DENOMINAZIONE": "GRANATARI", "PSU": null, "GlobalID": "{FE94A372-BF2E-4A6D-8561-BD00C00669B1}", "fid_1_2": 14.0, "fid_1": 14.0, "COD_PRGA": "SE001", "COMPRENSOR": 8.0, "COD_GESTOR": "G0049", "SERBATOI_name": " ", "SERBATOI_CODICE": "SB19", "DESCRIZIONE": " ", "PROV_ACQ": "Serbatoio Tremonti", "DISTR_ACQ": "Torre Faro e Ganzirri", "ANNO_COSTR": 0.0, "CAPACITA_": 2500.0, "QUOTA_slm": 128.0, "NUM_SERBAT": 0.0, "TIPOLOGIA_1": null, "IN_ESERCIZ": " ", "MIS_Q_IN": " ", "MIS_Q_OUT": " ", "DISINFEZIO": "SI", "DISIN_TIPO": " ", "STATO_CONS": 4.0, "TELEMETRIA": "SI", "SERBATOI_X": 554579.49, "SERBATOI_Y": 4235637.6298999991, "ACCESSIBIL": "facilmente accessibile: strada asfaltata e sgombra", "CONDIZIONE": "manufatto in buone condizioni ad eccezione del vano botole ove si rilevano distacchi degli intonaci e scopertura dei ferri", "SICUREZZA": "porta chiusa con lucchetto: presenza di cancello - Griglia sopra porta di areazione danneggiata (possibile ingresso animali). Verificare griglie antiroditori nelle tubazioni di scarico", "NOTE_1": null, "LINK": "www.amam.it/gis/serbatoi/SB19/", "INT_URG": "Installare griglie antiroditori nelle tubazioni di scarico e nelle porte d'accesso.POSSIBILE INGRESSO RODITORI", "INT_PROGRA": "Trattare ferri e riprisstinare intonaci vano botole serbatoi. Installare coperchio quadro contatore", "LINK_2": "https://drive.google.com/open?id=1YY2ONRGYY7zCX1Zoj7RZGpdRE3elTgY5", "N_STRUMENTI_PORTATA": 4.0, "N_STRUMENTI_PRESSIONE": 0.0, "DISTRETTO": null, "SORGENTE_DATI": "RILIEVO" }, "geometry": { "type": "Point", "coordinates": [ 15.62392025972914, 38.267123291408431, 0.0 ] } },
{ "type": "Feature", "properties": { "COD_CESPITI": "", "DENOMINAZIONE": "S. AGATA", "ACCESSSO_TIPO": "Carrabile agevole", "A_INIZIO_ESERC": null, "TIPOLOGIA_COSTR": "c.a.", "CAPACITA": null, "N_VASCHE": null, "Q_MAX_PL": null, "Q_MIN_PL": null, "Q_FONDO": null, "STRUMENTI_M_POSIZIONE": null, "STRUMENTI_M_TIPO": null, "TELECONTROLLO": "SI", "RECINZIONE": null, "AUTOM_D_REAG": null, "NOTE": " ", "TIPOLOGIA": "ACCUMULO", "STATO_CONSERVAZIONE": 4, "STATO_FUNZIONALITA": 4, "COMUNE": "Messina", "N_CIV": null, "UTENTE_CREAZIONE": null, "DATA_INS": null, "OPERATORE": null, "DATA_AGG": null, "D_STATO": "Attivo/In esercizio", "IDGIS": null, "TIPO_DISINF": null, "VIA_DENOMINAZIONE": "S. AGATA", "PSU": null, "GlobalID": "{CDB888F7-6A82-4280-99E5-417834E077B0}", "fid_1_2": 15.0, "fid_1": 15.0, "COD_PRGA": "SE002", "COMPRENSOR": 8.0, "COD_GESTOR": "G0049", "SERBATOI_name": " ", "SERBATOI_CODICE": "SB36", "DESCRIZIONE": " ", "PROV_ACQ": "Fiumefreddo", "DISTR_ACQ": "S.Agata", "ANNO_COSTR": 0.0, "CAPACITA_": 800.0, "QUOTA_slm": 130.0, "NUM_SERBAT": 0.0, "TIPOLOGIA_1": null, "IN_ESERCIZ": " ", "MIS_Q_IN": " ", "MIS_Q_OUT": " ", "DISINFEZIO": "SI", "DISIN_TIPO": " ", "STATO_CONS": 4.0, "TELEMETRIA": "SI", "SERBATOI_X": 551878.57, "SERBATOI_Y": 4234163.0998999998, "ACCESSIBIL": "facilmente accessibile: strada asfaltata e sgombra", "CONDIZIONE": "manufatto in buone condizioni ad eccezione del vano botole ove si rilevano distacchi degli intonaci e scopertura dei ferri", "SICUREZZA": "porta chiusa con lucchetto:presenza di cancello automatico - da sistemare botole non a tenuta e reti anti roditori nei fori e nelle prese di areazione", "NOTE_1": null, "LINK": "www.amam.it/gis/serbatoi/SB36/", "INT_URG": "Installare griglie antiroditori nelle tubazioni di scarico e nelle porte d'accesso. Occorre riparazione urgente parti murarie vano botole", "INT_PROGRA": " ", "LINK_2": " ", "N_STRUMENTI_PORTATA": 1.0, "N_STRUMENTI_PRESSIONE": 1.0, "DISTRETTO": null, "SORGENTE_DATI": "RILIEVO" }, "geometry": { "type": "Point", "coordinates": [ 15.592938499681038, 38.253994906376647, 0.0 ] } },
{ "type": "Feature", "properties": { "COD_CESPITI": null, "DENOMINAZIONE": "PACE", "ACCESSSO_TIPO": "Carrabile agevole", "A_INIZIO_ESERC": null, "TIPOLOGIA_COSTR": "c.a.", "CAPACITA": null, "N_VASCHE": null, "Q_MAX_PL": null, "Q_MIN_PL": null, "Q_FONDO": null, "STRUMENTI_M_POSIZIONE": null, "STRUMENTI_M_TIPO": null, "TELECONTROLLO": "SI", "RECINZIONE": "NO", "AUTOM_D_REAG": null, "NOTE": "alimenta le vasche", "TIPOLOGIA": "ACCUMULO", "STATO_CONSERVAZIONE": 4, "STATO_FUNZIONALITA": 4, "COMUNE": "Messina", "N_CIV": null, "UTENTE_CREAZIONE": null, "DATA_INS": null, "OPERATORE": null, "DATA_AGG": null, "D_STATO": "Attivo/In esercizio", "IDGIS": null, "TIPO_DISINF": null, "VIA_DENOMINAZIONE": "PACE", "PSU": null, "GlobalID": "{A57CF0E7-F29A-479C-8582-64BEAEF8A052}", "fid_1_2": 16.0, "fid_1": 16.0, "COD_PRGA": "SE003", "COMPRENSOR": 8.0, "COD_GESTOR": "G0049", "SERBATOI_name": " ", "SERBATOI_CODICE": "SB34", "DESCRIZIONE": " ", "PROV_ACQ": "Fiumefreddo", "DISTR_ACQ": "Pace", "ANNO_COSTR": 0.0, "CAPACITA_": 800.0, "QUOTA_slm": 130.0, "NUM_SERBAT": 0.0, "TIPOLOGIA_1": null, "IN_ESERCIZ": " ", "MIS_Q_IN": " ", "MIS_Q_OUT": " ", "DISINFEZIO": "SI", "DISIN_TIPO": " ", "STATO_CONS": 4.0, "TELEMETRIA": "SI", "SERBATOI_X": 550463.63, "SERBATOI_Y": 4232625.2798999995, "ACCESSIBIL": "facilmente accessibile: strada asfaltata e sgombra", "CONDIZIONE": "manufatto in buone condizioni", "SICUREZZA": "porta chiusa con lucchetto - accesso alle botole con porta in ferro arruginita, intonaci vano botole cadenti, botole non a tenuta stagna, POSSIBILE INGRESSO NELLA VASCA DI RODITORI ED INSETTI", "NOTE_1": "sul retro del serbatoio ci sono dei containers verdi collegati al serbatoio di cui non abbiamo chiavi", "LINK": "www.amam.it/gis/serbatoi/SB34/", "INT_URG": "Installare griglie antiroditori nelle tubazioni di scarico e nelle porte d'accesso. Riparare o sostituire botole, riparazione urgente parti murarie vano botole", "INT_PROGRA": " ", "LINK_2": " ", "N_STRUMENTI_PORTATA": null, "N_STRUMENTI_PRESSIONE": null, "DISTRETTO": null, "SORGENTE_DATI": "RILIEVO" }, "geometry": { "type": "Point", "coordinates": [ 15.576657910071848, 38.240216569478001, 0.0 ] } },
{ "type": "Feature", "properties": { "COD_CESPITI": null, "DENOMINAZIONE": "S. CORRAO", "ACCESSSO_TIPO": null, "A_INIZIO_ESERC": null, "TIPOLOGIA_COSTR": "c.a.", "CAPACITA": null, "N_VASCHE": null, "Q_MAX_PL": null, "Q_MIN_PL": null, "Q_FONDO": null, "STRUMENTI_M_POSIZIONE": null, "STRUMENTI_M_TIPO": null, "TELECONTROLLO": "SI", "RECINZIONE": null, "AUTOM_D_REAG": null, "NOTE": "riempimento acqua da serbatoio Tremonti", "TIPOLOGIA": "ACCUMULO", "STATO_CONSERVAZIONE": 4, "STATO_FUNZIONALITA": 4, "COMUNE": "Messina", "N_CIV": null, "UTENTE_CREAZIONE": null, "DATA_INS": null, "OPERATORE": null, "DATA_AGG": null, "D_STATO": "Attivo/In esercizio", "IDGIS": null, "TIPO_DISINF": null, "VIA_DENOMINAZIONE": "S. CORRAO", "PSU": null, "GlobalID": "{AC9720D0-2F77-4B2E-8871-F8924F660A2A}", "fid_1_2": 17.0, "fid_1": 17.0, "COD_PRGA": "SE009", "COMPRENSOR": 8.0, "COD_GESTOR": "G0049", "SERBATOI_name": " ", "SERBATOI_CODICE": "SB26", "DESCRIZIONE": " ", "PROV_ACQ": "Serbatoio Tremonti", "DISTR_ACQ": " ", "ANNO_COSTR": 0.0, "CAPACITA_": 1000.0, "QUOTA_slm": 0.0, "NUM_SERBAT": 0.0, "TIPOLOGIA_1": null, "IN_ESERCIZ": " ", "MIS_Q_IN": " ", "MIS_Q_OUT": " ", "DISINFEZIO": "SI", "DISIN_TIPO": " ", "STATO_CONS": 0.0, "TELEMETRIA": "SI", "SERBATOI_X": 547093.76, "SERBATOI_Y": 4227949.8399, "ACCESSIBIL": " ", "CONDIZIONE": " ", "SICUREZZA": "porta e cancello chiusi con lucchetto. Porta accesso botola aperta. Una botola aperta, l'altra non chiude ermeticamente. POSSIBILE INGRESSO ALL'INTERNO DEI SERBATOI DI SPORCIZIA, RODITORI ED INSETTI", "NOTE_1": null, "LINK": "www.amam.it/gis/serbatoi/SB26/", "INT_URG": "Installare griglie antiroditori nelle tubazioni di scarico e nelle porte d'accesso. Urge la riparazione e la chiusura delle botole.", "INT_PROGRA": " ", "LINK_2": " ", "N_STRUMENTI_PORTATA": null, "N_STRUMENTI_PRESSIONE": null, "DISTRETTO": null, "SORGENTE_DATI": "RILIEVO" }, "geometry": { "type": "Point", "coordinates": [ 15.537841083951301, 38.198263614428441, 0.0 ] } },
{ "type": "Feature", "properties": { "COD_CESPITI": null, "DENOMINAZIONE": "ANNUNZIATA BASSA - CICCOLO", "ACCESSSO_TIPO": "Carrabile agevole", "A_INIZIO_ESERC": null, "TIPOLOGIA_COSTR": "c.a.", "CAPACITA": null, "N_VASCHE": null, "Q_MAX_PL": null, "Q_MIN_PL": null, "Q_FONDO": null, "STRUMENTI_M_POSIZIONE": null, "STRUMENTI_M_TIPO": null, "TELECONTROLLO": "SI", "RECINZIONE": null, "AUTOM_D_REAG": null, "NOTE": " ", "TIPOLOGIA": "ACCUMULO", "STATO_CONSERVAZIONE": 4, "STATO_FUNZIONALITA": 4, "COMUNE": "Messina", "N_CIV": null, "UTENTE_CREAZIONE": null, "DATA_INS": null, "OPERATORE": null, "DATA_AGG": null, "D_STATO": "Attivo/In esercizio", "IDGIS": null, "TIPO_DISINF": null, "VIA_DENOMINAZIONE": "ANNUNZIATA BASSA - CICCOLO", "PSU": null, "GlobalID": "{C5A9E37F-E8F7-44AC-A4CF-D9ACE081A1E6}", "fid_1_2": 18.0, "fid_1": 18.0, "COD_PRGA": "SE006", "COMPRENSOR": 8.0, "COD_GESTOR": "G0049", "SERBATOI_name": " ", "SERBATOI_CODICE": "SB39", "DESCRIZIONE": " ", "PROV_ACQ": "Serbatoio Tremonti", "DISTR_ACQ": "Annunziata", "ANNO_COSTR": 0.0, "CAPACITA_": 650.0, "QUOTA_slm": 160.0, "NUM_SERBAT": 0.0, "TIPOLOGIA_1": null, "IN_ESERCIZ": " ", "MIS_Q_IN": " ", "MIS_Q_OUT": " ", "DISINFEZIO": "SI", "DISIN_TIPO": " ", "STATO_CONS": 2.0, "TELEMETRIA": "SI", "SERBATOI_X": 547960.12, "SERBATOI_Y": 4230791.4999000002, "ACCESSIBIL": "facilmente accessibile: strada ripida ma asfaltata", "CONDIZIONE": "Manufatto che necessita di manutenzione URGENTE nella parte esterna ed interna. Struttura dei serbatoi in precarie condizioni", "SICUREZZA": "porta e cancello chiusi con lucchetto. Porta accesso botola divelta. Assenza di chiusura ermetica della bocca del serbatoio. POSSIBILE INGRESSO ALL'INTERNO DEI SERBATOI DI SPORCIZIA, RODITORI ED INSET", "NOTE_1": null, "LINK": "www.amam.it/gis/serbatoi/SB39/", "INT_URG": "Installare nuova porta accesso vano botole, sistemare botole per ottenere chiusura stagna dei serbatoi", "INT_PROGRA": "Trattare ferri e riprisstinare intonaci soffitto. Installare coperchio quadro contatore", "LINK_2": " ", "N_STRUMENTI_PORTATA": null, "N_STRUMENTI_PRESSIONE": null, "DISTRETTO": null, "SORGENTE_DATI": "RILIEVO" }, "geometry": { "type": "Point", "coordinates": [ 15.547927032208246, 38.223827375087041, 0.0 ] } },
{ "type": "Feature", "properties": { "COD_CESPITI": null, "DENOMINAZIONE": "ANNUNZIATA ALTA", "ACCESSSO_TIPO": null, "A_INIZIO_ESERC": null, "TIPOLOGIA_COSTR": "c.a.", "CAPACITA": null, "N_VASCHE": null, "Q_MAX_PL": null, "Q_MIN_PL": null, "Q_FONDO": null, "STRUMENTI_M_POSIZIONE": null, "STRUMENTI_M_TIPO": null, "TELECONTROLLO": "SI", "RECINZIONE": null, "AUTOM_D_REAG": null, "NOTE": " ", "TIPOLOGIA": "ACCUMULO", "STATO_CONSERVAZIONE": 4, "STATO_FUNZIONALITA": 4, "COMUNE": "Messina", "N_CIV": null, "UTENTE_CREAZIONE": null, "DATA_INS": null, "OPERATORE": null, "DATA_AGG": null, "D_STATO": "Attivo/In esercizio", "IDGIS": null, "TIPO_DISINF": null, "VIA_DENOMINAZIONE": "ANNUNZIATA ALTA", "PSU": null, "GlobalID": "{5B0272DF-A025-4D01-B9F7-EEC61B023DEE}", "fid_1_2": 19.0, "fid_1": 19.0, "COD_PRGA": "SE007", "COMPRENSOR": 8.0, "COD_GESTOR": "G0049", "SERBATOI_name": " ", "SERBATOI_CODICE": "SB38", "DESCRIZIONE": " ", "PROV_ACQ": "Tremonti", "DISTR_ACQ": "Annunziata alta e serbatoio Piraino", "ANNO_COSTR": 0.0, "CAPACITA_": 650.0, "QUOTA_slm": 244.0, "NUM_SERBAT": 0.0, "TIPOLOGIA_1": null, "IN_ESERCIZ": " ", "MIS_Q_IN": " ", "MIS_Q_OUT": " ", "DISINFEZIO": "NO", "DISIN_TIPO": " ", "STATO_CONS": 1.0, "TELEMETRIA": "SI", "SERBATOI_X": 547947.75, "SERBATOI_Y": 4231544.9699000008, "ACCESSIBIL": "difficilmente accessibile: strada tortuosa e  ricoperta da erba alta", "CONDIZIONE": "manufatto in pessime condizioni interne ed esterne", "SICUREZZA": "porta e cancello chiusi con lucchetto", "NOTE_1": null, "LINK": "www.amam.it/gis/serbatoi/SB38/", "INT_URG": " ", "INT_PROGRA": " ", "LINK_2": " ", "N_STRUMENTI_PORTATA": null, "N_STRUMENTI_PRESSIONE": null, "DISTRETTO": null, "SORGENTE_DATI": "RILIEVO" }, "geometry": { "type": "Point", "coordinates": [ 15.54783664488966, 38.230618410022316, 0.0 ] } },
{ "type": "Feature", "properties": { "COD_CESPITI": null, "DENOMINAZIONE": "PIRAINO", "ACCESSSO_TIPO": null, "A_INIZIO_ESERC": null, "TIPOLOGIA_COSTR": "c.a.", "CAPACITA": 500.0, "N_VASCHE": null, "Q_MAX_PL": null, "Q_MIN_PL": null, "Q_FONDO": null, "STRUMENTI_M_POSIZIONE": null, "STRUMENTI_M_TIPO": null, "TELECONTROLLO": "SI", "RECINZIONE": "SI", "AUTOM_D_REAG": null, "NOTE": " ", "TIPOLOGIA": "ACCUMULO", "STATO_CONSERVAZIONE": 4, "STATO_FUNZIONALITA": 4, "COMUNE": "Messina", "N_CIV": null, "UTENTE_CREAZIONE": null, "DATA_INS": null, "OPERATORE": null, "DATA_AGG": null, "D_STATO": "Attivo/In esercizio", "IDGIS": null, "TIPO_DISINF": null, "VIA_DENOMINAZIONE": "PIRAINO", "PSU": null, "GlobalID": "{B798FC6A-B0F8-46E6-87A3-7281026B458B}", "fid_1_2": 20.0, "fid_1": 20.0, "COD_PRGA": "SE029", "COMPRENSOR": 8.0, "COD_GESTOR": "G0049", "SERBATOI_name": " ", "SERBATOI_CODICE": "SB41", "DESCRIZIONE": " ", "PROV_ACQ": "serbatoio Annunziata alta", "DISTR_ACQ": "zona Annunziata", "ANNO_COSTR": 0.0, "CAPACITA_": 500.0, "QUOTA_slm": 300.0, "NUM_SERBAT": 0.0, "TIPOLOGIA_1": null, "IN_ESERCIZ": " ", "MIS_Q_IN": " ", "MIS_Q_OUT": " ", "DISINFEZIO": "SI", "DISIN_TIPO": " ", "STATO_CONS": 4.0, "TELEMETRIA": "SI", "SERBATOI_X": 548212.42, "SERBATOI_Y": 4232509.8498999998, "ACCESSIBIL": "difficilmente accessibile: strada tortuosa  con buche", "CONDIZIONE": "manufatto in buone condizioni - Accesso all'area degli automezzi non possibile causa frana", "SICUREZZA": "porta chiusa con lucchetto - botole vasca molto arruginite e non perfettamente a tenuta stagna (possibile ingresso sporcizia e piccoli roditori)", "NOTE_1": null, "LINK": "www.amam.it/gis/serbatoi/SB41/", "INT_URG": "Manutenzione alle botole di servatoi", "INT_PROGRA": "Rimuovere residui frana per consentire accesso all'area", "LINK_2": " ", "N_STRUMENTI_PORTATA": null, "N_STRUMENTI_PRESSIONE": null, "DISTRETTO": null, "SORGENTE_DATI": "RILIEVO" }, "geometry": { "type": "Point", "coordinates": [ 15.550926160868359, 38.239299872678892, 0.0 ] } },
{ "type": "Feature", "properties": { "COD_CESPITI": null, "DENOMINAZIONE": "TRAPANI", "ACCESSSO_TIPO": null, "A_INIZIO_ESERC": null, "TIPOLOGIA_COSTR": "c.a.", "CAPACITA": null, "N_VASCHE": null, "Q_MAX_PL": null, "Q_MIN_PL": null, "Q_FONDO": null, "STRUMENTI_M_POSIZIONE": null, "STRUMENTI_M_TIPO": null, "TELECONTROLLO": "SI", "RECINZIONE": null, "AUTOM_D_REAG": null, "NOTE": "Impianto elettrico in buono stato ma da sistemare alcuni cavi all'interno delle canaline. Ripulire da materiali estranei la zona di pompaggio", "TIPOLOGIA": "ACCUMULO", "STATO_CONSERVAZIONE": 4, "STATO_FUNZIONALITA": 4, "COMUNE": "Messina", "N_CIV": null, "UTENTE_CREAZIONE": null, "DATA_INS": null, "OPERATORE": null, "DATA_AGG": null, "D_STATO": "Attivo/In esercizio", "IDGIS": null, "TIPO_DISINF": null, "VIA_DENOMINAZIONE": "TRAPANI", "PSU": null, "GlobalID": "{799DC332-7E8A-43A4-8CA3-ACA9C3CD6BF0}", "fid_1_2": 21.0, "fid_1": 21.0, "COD_PRGA": "SE014", "COMPRENSOR": 8.0, "COD_GESTOR": "G0049", "SERBATOI_name": " ", "SERBATOI_CODICE": "SB15", "DESCRIZIONE": " ", "PROV_ACQ": " ", "DISTR_ACQ": " ", "ANNO_COSTR": 0.0, "CAPACITA_": 5500.0, "QUOTA_slm": 0.0, "NUM_SERBAT": 0.0, "TIPOLOGIA_1": null, "IN_ESERCIZ": " ", "MIS_Q_IN": " ", "MIS_Q_OUT": " ", "DISINFEZIO": "SI", "DISIN_TIPO": " ", "STATO_CONS": 4.0, "TELEMETRIA": "SI", "SERBATOI_X": 548184.37, "SERBATOI_Y": 4228403.4099000003, "ACCESSIBIL": "Facilmente accessibile", "CONDIZIONE": "Manufatto in buone condizioni. Scala in c.a. di accesso alle botole ed alla postazione di clorazione in pessime condizioni", "SICUREZZA": "Porta in ferro arruginita. Botole del serbatoio da sistemare in quanto parzialmente arruginite -POSSIBILE INGRESSO NELLA VASCA DI RODITORI ED INSETTI", "NOTE_1": null, "LINK": "www.amam.it/gis/serbatoi/SB15/", "INT_URG": "Manutenzione alle botole dei serbatoi ed alla porta di accesso del relativo locale", "INT_PROGRA": "Trattamento dei ferri della struttura in c.a. della scala interna e ripristino muratura", "LINK_2": " ", "N_STRUMENTI_PORTATA": null, "N_STRUMENTI_PRESSIONE": null, "DISTRETTO": null, "SORGENTE_DATI": "RILIEVO" }, "geometry": { "type": "Point", "coordinates": [ 15.550326796884551, 38.202293550027932, 0.0 ] } },
{ "type": "Feature", "properties": { "COD_CESPITI": null, "DENOMINAZIONE": "MONTESANTO 2", "ACCESSSO_TIPO": null, "A_INIZIO_ESERC": null, "TIPOLOGIA_COSTR": "c.a.", "CAPACITA": null, "N_VASCHE": null, "Q_MAX_PL": null, "Q_MIN_PL": null, "Q_FONDO": null, "STRUMENTI_M_POSIZIONE": null, "STRUMENTI_M_TIPO": null, "TELECONTROLLO": "SI", "RECINZIONE": null, "AUTOM_D_REAG": null, "NOTE": " ", "TIPOLOGIA": "ACCUMULO", "STATO_CONSERVAZIONE": 4, "STATO_FUNZIONALITA": 4, "COMUNE": "Messina", "N_CIV": null, "UTENTE_CREAZIONE": null, "DATA_INS": null, "OPERATORE": null, "DATA_AGG": null, "D_STATO": "Attivo/In esercizio", "IDGIS": null, "TIPO_DISINF": null, "VIA_DENOMINAZIONE": "MONTESANTO 2", "PSU": null, "GlobalID": "{AC7AB5DE-72D3-42CD-83B3-1BB3530C0772}", "fid_1_2": 22.0, "fid_1": 22.0, "COD_PRGA": " ", "COMPRENSOR": 8.0, "COD_GESTOR": "G0049", "SERBATOI_name": " ", "SERBATOI_CODICE": "SB10", "DESCRIZIONE": " ", "PROV_ACQ": "Fiumefreddo", "DISTR_ACQ": " ", "ANNO_COSTR": 0.0, "CAPACITA_": 18000.0, "QUOTA_slm": 0.0, "NUM_SERBAT": 0.0, "TIPOLOGIA_1": null, "IN_ESERCIZ": "SI", "MIS_Q_IN": " ", "MIS_Q_OUT": " ", "DISINFEZIO": " ", "DISIN_TIPO": " ", "STATO_CONS": 0.0, "TELEMETRIA": "SI", "SERBATOI_X": 547069.14, "SERBATOI_Y": 4225872.5699000005, "ACCESSIBIL": " ", "CONDIZIONE": " ", "SICUREZZA": " ", "NOTE_1": null, "LINK": "www.amam.it/gis/serbatoi/SB10/", "INT_URG": " ", "INT_PROGRA": " ", "LINK_2": " ", "N_STRUMENTI_PORTATA": null, "N_STRUMENTI_PRESSIONE": null, "DISTRETTO": null, "SORGENTE_DATI": "RILIEVO" }, "geometry": { "type": "Point", "coordinates": [ 15.537422343861749, 38.179544104367444, 0.0 ] } },
{ "type": "Feature", "properties": { "COD_CESPITI": null, "DENOMINAZIONE": "TREMONTI", "ACCESSSO_TIPO": null, "A_INIZIO_ESERC": null, "TIPOLOGIA_COSTR": "c.a.", "CAPACITA": null, "N_VASCHE": null, "Q_MAX_PL": null, "Q_MIN_PL": null, "Q_FONDO": null, "STRUMENTI_M_POSIZIONE": null, "STRUMENTI_M_TIPO": null, "TELECONTROLLO": "SI", "RECINZIONE": null, "AUTOM_D_REAG": null, "NOTE": "Giunzioni di conduttori elettrici eseguite in maniera non idonea. Cavi non sempre collocati all'interno di adeguate viecavi.", "TIPOLOGIA": "ACCUMULO", "STATO_CONSERVAZIONE": 4, "STATO_FUNZIONALITA": 4, "COMUNE": "Messina", "N_CIV": null, "UTENTE_CREAZIONE": null, "DATA_INS": null, "OPERATORE": null, "DATA_AGG": null, "D_STATO": "Attivo/In esercizio", "IDGIS": null, "TIPO_DISINF": null, "VIA_DENOMINAZIONE": "TREMONTI", "PSU": null, "GlobalID": "{83045C06-E0FF-47AA-A486-F5F8C1C1D1C4}", "fid_1_2": 23.0, "fid_1": 23.0, "COD_PRGA": "SE008", "COMPRENSOR": 8.0, "COD_GESTOR": "G0049", "SERBATOI_name": " ", "SERBATOI_CODICE": "SB16", "DESCRIZIONE": " ", "PROV_ACQ": "Fiumefreddo", "DISTR_ACQ": "serbatoi di San Jachiddu, Annunziate, Ritiro", "ANNO_COSTR": 0.0, "CAPACITA_": 5500.0, "QUOTA_slm": 140.0, "NUM_SERBAT": 0.0, "TIPOLOGIA_1": null, "IN_ESERCIZ": " ", "MIS_Q_IN": " ", "MIS_Q_OUT": " ", "DISINFEZIO": "SI", "DISIN_TIPO": " ", "STATO_CONS": 1.0, "TELEMETRIA": "SI", "SERBATOI_X": 548031.1661, "SERBATOI_Y": 4229940.1941999998, "ACCESSIBIL": "facilmente accessibile", "CONDIZIONE": "manufatto in pessime condizioni: serbatoio, cisterna e fondo vasca crepati; perdite; muschio; intonaco scrostato, presenza di materiale di scarto all'esterno", "SICUREZZA": "porta e cancello chiusi con lucchetto. Non adeguatamente sigillato l'ngresso di cavi e di tubi di clorazione all'interno della vasca (rete antiroditori rotta)", "NOTE_1": null, "LINK": "www.amam.it/gis/serbatoi/SB16/", "INT_URG": "Rimozione materiali non di pertinenza. Installare rete antiroditori per sigillare ingresso cavi e tubi all'interno dei serbatoi", "INT_PROGRA": "Trattamento ferri strutture in c.a. e ripristino intonaci", "LINK_2": " ", "N_STRUMENTI_PORTATA": null, "N_STRUMENTI_PRESSIONE": null, "DISTRETTO": null, "SORGENTE_DATI": "RILIEVO" }, "geometry": { "type": "Point", "coordinates": [ 15.548681051886227, 38.216151491122126, 0.0 ] } },
{ "type": "Feature", "properties": { "COD_CESPITI": "MO_S01", "DENOMINAZIONE": "MOLINO", "ACCESSSO_TIPO": null, "A_INIZIO_ESERC": null, "TIPOLOGIA_COSTR": "c.a.", "CAPACITA": null, "N_VASCHE": null, "Q_MAX_PL": null, "Q_MIN_PL": null, "Q_FONDO": null, "STRUMENTI_M_POSIZIONE": null, "STRUMENTI_M_TIPO": null, "TELECONTROLLO": "SI", "RECINZIONE": null, "AUTOM_D_REAG": null, "NOTE": "acqua in eccesso che va persa", "TIPOLOGIA": "ACCUMULO", "STATO_CONSERVAZIONE": 4, "STATO_FUNZIONALITA": 4, "COMUNE": "Messina", "N_CIV": null, "UTENTE_CREAZIONE": null, "DATA_INS": null, "OPERATORE": null, "DATA_AGG": null, "D_STATO": "Attivo/In esercizio", "IDGIS": null, "TIPO_DISINF": null, "VIA_DENOMINAZIONE": "MOLINO", "PSU": null, "GlobalID": "{8DCC4DEC-8447-4757-9AB5-63F5BC76009E}", "fid_1_2": 24.0, "fid_1": 24.0, "COD_PRGA": "SE050", "COMPRENSOR": 8.0, "COD_GESTOR": "G0049", "SERBATOI_name": " ", "SERBATOI_CODICE": "SB73", "DESCRIZIONE": " ", "PROV_ACQ": "sorgive", "DISTR_ACQ": " ", "ANNO_COSTR": 0.0, "CAPACITA_": 50.0, "QUOTA_slm": 320.0, "NUM_SERBAT": 0.0, "TIPOLOGIA_1": null, "IN_ESERCIZ": " ", "MIS_Q_IN": " ", "MIS_Q_OUT": " ", "DISINFEZIO": "NO", "DISIN_TIPO": " ", "STATO_CONS": 2.0, "TELEMETRIA": "NO", "SERBATOI_X": 539070.5242999997, "SERBATOI_Y": 4214451.829, "ACCESSIBIL": "difficilmente accessibile: passaggio per scale, terrazzamenti e proprieta privata", "CONDIZIONE": "manufatto necessita di manutenzione nella parte esterna ed interna: versa in stato di abbandono, erbacce alte", "SICUREZZA": "porta malridotta chiusa con lucchetto", "NOTE_1": null, "LINK": "www.amam.it/gis/serbatoi/SB73/", "INT_URG": " ", "INT_PROGRA": " ", "LINK_2": " ", "N_STRUMENTI_PORTATA": null, "N_STRUMENTI_PRESSIONE": null, "DISTRETTO": null, "SORGENTE_DATI": "RILIEVO" }, "geometry": { "type": "Point", "coordinates": [ 15.445473216408038, 38.076997934108633, 358.80000000000291 ] } },
{ "type": "Feature", "properties": { "COD_CESPITI": "BS_S01", "DENOMINAZIONE": "BRIGA SUPERIORE", "ACCESSSO_TIPO": null, "A_INIZIO_ESERC": null, "TIPOLOGIA_COSTR": "c.a.", "CAPACITA": null, "N_VASCHE": null, "Q_MAX_PL": null, "Q_MIN_PL": null, "Q_FONDO": null, "STRUMENTI_M_POSIZIONE": null, "STRUMENTI_M_TIPO": null, "TELECONTROLLO": "SI", "RECINZIONE": null, "AUTOM_D_REAG": null, "NOTE": "RIEMPITO DA RIPARTITORE PEZZOLO", "TIPOLOGIA": "ACCUMULO", "STATO_CONSERVAZIONE": 4, "STATO_FUNZIONALITA": 4, "COMUNE": "Messina", "N_CIV": null, "UTENTE_CREAZIONE": null, "DATA_INS": null, "OPERATORE": null, "DATA_AGG": null, "D_STATO": "Attivo/In esercizio", "IDGIS": null, "TIPO_DISINF": null, "VIA_DENOMINAZIONE": "BRIGA SUPERIORE", "PSU": null, "GlobalID": "{E161D917-3736-4662-BC4E-7D4A34B882F7}", "fid_1_2": 25.0, "fid_1": 25.0, "COD_PRGA": " ", "COMPRENSOR": 8.0, "COD_GESTOR": "G0049", "SERBATOI_name": " ", "SERBATOI_CODICE": "SB54", "DESCRIZIONE": " ", "PROV_ACQ": "Ripartitore di Pezzolo", "DISTR_ACQ": "Briga superiore", "ANNO_COSTR": 0.0, "CAPACITA_": 0.0, "QUOTA_slm": 140.0, "NUM_SERBAT": 0.0, "TIPOLOGIA_1": null, "IN_ESERCIZ": " ", "MIS_Q_IN": " ", "MIS_Q_OUT": " ", "DISINFEZIO": "NO", "DISIN_TIPO": " ", "STATO_CONS": 0.0, "TELEMETRIA": "NO", "SERBATOI_X": 541384.5016000001, "SERBATOI_Y": 4214815.2596000005, "ACCESSIBIL": "difficilmente accessibile: percorso nel torrente", "CONDIZIONE": " ", "SICUREZZA": "presenza di catena con lucchetto", "NOTE_1": null, "LINK": "www.amam.it/gis/serbatoi/SB54/", "INT_URG": " ", "INT_PROGRA": " ", "LINK_2": "https://drive.google.com/open?id=1LajC0wHKpinjSNOge5fgyZvlRmyfpWjh", "N_STRUMENTI_PORTATA": null, "N_STRUMENTI_PRESSIONE": null, "DISTRETTO": null, "SORGENTE_DATI": "RILIEVO" }, "geometry": { "type": "Point", "coordinates": [ 15.471876903963341, 38.080170381433575, 181.399999999994179 ] } },
{ "type": "Feature", "properties": { "COD_CESPITI": "SSM_S01", "DENOMINAZIONE": "S. STEFANO MEDIO", "ACCESSSO_TIPO": null, "A_INIZIO_ESERC": null, "TIPOLOGIA_COSTR": "c.a.", "CAPACITA": null, "N_VASCHE": null, "Q_MAX_PL": null, "Q_MIN_PL": null, "Q_FONDO": null, "STRUMENTI_M_POSIZIONE": null, "STRUMENTI_M_TIPO": null, "TELECONTROLLO": "SI", "RECINZIONE": null, "AUTOM_D_REAG": null, "NOTE": " dismesso e inaccessibile ", "TIPOLOGIA": "ACCUMULO", "STATO_CONSERVAZIONE": 4, "STATO_FUNZIONALITA": 4, "COMUNE": "Messina", "N_CIV": null, "UTENTE_CREAZIONE": null, "DATA_INS": null, "OPERATORE": null, "DATA_AGG": null, "D_STATO": "Attivo/In esercizio", "IDGIS": null, "TIPO_DISINF": null, "VIA_DENOMINAZIONE": "S. STEFANO MEDIO", "PSU": null, "GlobalID": "{E04B67BE-1D52-4DE8-A58D-0B74D0E09EF6}", "fid_1_2": 26.0, "fid_1": 26.0, "COD_PRGA": "SE054", "COMPRENSOR": 8.0, "COD_GESTOR": "G0049", "SERBATOI_name": " ", "SERBATOI_CODICE": "SB88", "DESCRIZIONE": " ", "PROV_ACQ": " ", "DISTR_ACQ": " ", "ANNO_COSTR": 0.0, "CAPACITA_": 100.0, "QUOTA_slm": 0.0, "NUM_SERBAT": 0.0, "TIPOLOGIA_1": null, "IN_ESERCIZ": "NO", "MIS_Q_IN": " ", "MIS_Q_OUT": " ", "DISINFEZIO": " ", "DISIN_TIPO": " ", "STATO_CONS": 0.0, "TELEMETRIA": "NO", "SERBATOI_X": 542568.61, "SERBATOI_Y": 4217403.0998999998, "ACCESSIBIL": " ", "CONDIZIONE": " ", "SICUREZZA": " ", "NOTE_1": null, "LINK": "www.amam.it/gis/serbatoi/ /", "INT_URG": " ", "INT_PROGRA": " ", "LINK_2": " ", "N_STRUMENTI_PORTATA": null, "N_STRUMENTI_PRESSIONE": null, "DISTRETTO": null, "SORGENTE_DATI": "RILIEVO" }, "geometry": { "type": "Point", "coordinates": [ 15.485532235968037, 38.103438138953493, 0.0 ] } },
{ "type": "Feature", "properties": { "COD_CESPITI": "PE_S01", "DENOMINAZIONE": "PEZZOLO", "ACCESSSO_TIPO": null, "A_INIZIO_ESERC": null, "TIPOLOGIA_COSTR": "c.a.", "CAPACITA": null, "N_VASCHE": null, "Q_MAX_PL": null, "Q_MIN_PL": null, "Q_FONDO": null, "STRUMENTI_M_POSIZIONE": null, "STRUMENTI_M_TIPO": null, "TELECONTROLLO": "SI", "RECINZIONE": null, "AUTOM_D_REAG": null, "NOTE": "Non accessibile in quanto non rinvenuta chiave", "TIPOLOGIA": "ACCUMULO", "STATO_CONSERVAZIONE": 4, "STATO_FUNZIONALITA": 4, "COMUNE": "Messina", "N_CIV": null, "UTENTE_CREAZIONE": null, "DATA_INS": null, "OPERATORE": null, "DATA_AGG": null, "D_STATO": "Attivo/In esercizio", "IDGIS": null, "TIPO_DISINF": null, "VIA_DENOMINAZIONE": "PEZZOLO", "PSU": null, "GlobalID": "{6C8866E1-BD72-4172-94CE-A6BBBD4A3E0C}", "fid_1_2": 27.0, "fid_1": 27.0, "COD_PRGA": "SE052", "COMPRENSOR": 8.0, "COD_GESTOR": "G0049", "SERBATOI_name": " ", "SERBATOI_CODICE": "SB75", "DESCRIZIONE": " ", "PROV_ACQ": "Santissima", "DISTR_ACQ": "Pezzolo", "ANNO_COSTR": 0.0, "CAPACITA_": 100.0, "QUOTA_slm": 390.0, "NUM_SERBAT": 0.0, "TIPOLOGIA_1": null, "IN_ESERCIZ": " ", "MIS_Q_IN": " ", "MIS_Q_OUT": " ", "DISINFEZIO": "SI", "DISIN_TIPO": " ", "STATO_CONS": 2.0, "TELEMETRIA": "NO", "SERBATOI_X": 540191.88449999969, "SERBATOI_Y": 4215439.8571000006, "ACCESSIBIL": "difficilmente accessibile: passaggio per scalette, sterpaglie e terrazzamenti", "CONDIZIONE": "manufatto necessita di manutenzione nella parte esterna: erbacce alte e esterni malridotti", "SICUREZZA": "porta nuova chiusa con lucchetto; assenza di recinzione", "NOTE_1": null, "LINK": "www.amam.it/gis/serbatoi/SB75/", "INT_URG": " ", "INT_PROGRA": " ", "LINK_2": " ", "N_STRUMENTI_PORTATA": null, "N_STRUMENTI_PRESSIONE": null, "DISTRETTO": null, "SORGENTE_DATI": "RILIEVO" }, "geometry": { "type": "Point", "coordinates": [ 15.458313916908443, 38.085853367774455, 436.899999999994179 ] } },
{ "type": "Feature", "properties": { "COD_CESPITI": null, "DENOMINAZIONE": "BORDONARO ALTO", "ACCESSSO_TIPO": null, "A_INIZIO_ESERC": null, "TIPOLOGIA_COSTR": "c.a.", "CAPACITA": null, "N_VASCHE": null, "Q_MAX_PL": null, "Q_MIN_PL": null, "Q_FONDO": null, "STRUMENTI_M_POSIZIONE": null, "STRUMENTI_M_TIPO": null, "TELECONTROLLO": "SI", "RECINZIONE": null, "AUTOM_D_REAG": null, "NOTE": "acqua in eccesso che va persa", "TIPOLOGIA": "ACCUMULO", "STATO_CONSERVAZIONE": 4, "STATO_FUNZIONALITA": 4, "COMUNE": "Messina", "N_CIV": null, "UTENTE_CREAZIONE": null, "DATA_INS": null, "OPERATORE": null, "DATA_AGG": null, "D_STATO": "Attivo/In esercizio", "IDGIS": null, "TIPO_DISINF": null, "VIA_DENOMINAZIONE": "BORDONARO ALTO", "PSU": null, "GlobalID": "{DAB332A1-3852-45B3-862D-B1A9B2C02C10}", "fid_1_2": 28.0, "fid_1": 28.0, "COD_PRGA": "SE068", "COMPRENSOR": 8.0, "COD_GESTOR": "G0049", "SERBATOI_name": " ", "SERBATOI_CODICE": "SB52", "DESCRIZIONE": " ", "PROV_ACQ": "sorgiva Subalvea e pompa Gescal", "DISTR_ACQ": "Bordonaro Alto e serbatoio Bordonaro basso", "ANNO_COSTR": 0.0, "CAPACITA_": 100.0, "QUOTA_slm": 300.0, "NUM_SERBAT": 0.0, "TIPOLOGIA_1": null, "IN_ESERCIZ": " ", "MIS_Q_IN": " ", "MIS_Q_OUT": " ", "DISINFEZIO": "SI", "DISIN_TIPO": " ", "STATO_CONS": 4.0, "TELEMETRIA": "SI", "SERBATOI_X": 544340.66220000014, "SERBATOI_Y": 4225898.0889, "ACCESSIBIL": "difficilmente accessibile: strada sterrata", "CONDIZIONE": "manufatto in buone condizioni", "SICUREZZA": "porta chiusa con lucchetto; doppio cancello", "NOTE_1": null, "LINK": "www.amam.it/gis/serbatoi/SB52/", "INT_URG": "Verificare tenuta botole (contro ingresso animali e sporco) e lucchettare", "INT_PROGRA": " ", "LINK_2": " ", "N_STRUMENTI_PORTATA": null, "N_STRUMENTI_PRESSIONE": null, "DISTRETTO": null, "SORGENTE_DATI": "RILIEVO" }, "geometry": { "type": "Point", "coordinates": [ 15.506272092109306, 38.179912529512535, 0.0 ] } },
{ "type": "Feature", "properties": { "COD_CESPITI": null, "DENOMINAZIONE": "BORDONARO BASSO", "ACCESSSO_TIPO": "Carrabile agevole", "A_INIZIO_ESERC": null, "TIPOLOGIA_COSTR": "c.a.", "CAPACITA": null, "N_VASCHE": null, "Q_MAX_PL": null, "Q_MIN_PL": null, "Q_FONDO": null, "STRUMENTI_M_POSIZIONE": null, "STRUMENTI_M_TIPO": null, "TELECONTROLLO": "SI", "RECINZIONE": null, "AUTOM_D_REAG": null, "NOTE": " ", "TIPOLOGIA": "ACCUMULO", "STATO_CONSERVAZIONE": 4, "STATO_FUNZIONALITA": 4, "COMUNE": "Messina", "N_CIV": null, "UTENTE_CREAZIONE": null, "DATA_INS": null, "OPERATORE": null, "DATA_AGG": null, "D_STATO": "Attivo/In esercizio", "IDGIS": null, "TIPO_DISINF": null, "VIA_DENOMINAZIONE": "BORDONARO BASSO", "PSU": null, "GlobalID": "{6A8CBA9D-1AAC-4D00-88B8-7EC788D27562}", "fid_1_2": 29.0, "fid_1": 29.0, "COD_PRGA": "SE069", "COMPRENSOR": 8.0, "COD_GESTOR": "G0049", "SERBATOI_name": " ", "SERBATOI_CODICE": "SB53", "DESCRIZIONE": " ", "PROV_ACQ": "sorgiva Subalvea e pompa Gescal", "DISTR_ACQ": "Bordonaro basso", "ANNO_COSTR": 0.0, "CAPACITA_": 100.0, "QUOTA_slm": 210.0, "NUM_SERBAT": 0.0, "TIPOLOGIA_1": null, "IN_ESERCIZ": " ", "MIS_Q_IN": " ", "MIS_Q_OUT": " ", "DISINFEZIO": "SI", "DISIN_TIPO": " ", "STATO_CONS": 4.0, "TELEMETRIA": "SI", "SERBATOI_X": 544671.23, "SERBATOI_Y": 4225926.6098999996, "ACCESSIBIL": "facilmente accessibile: strada asfaltata e sgombra", "CONDIZIONE": "manufatto in buone condizioni", "SICUREZZA": "porta chiusa con lucchetto", "NOTE_1": null, "LINK": "www.amam.it/gis/serbatoi/SB53/", "INT_URG": " ", "INT_PROGRA": " ", "LINK_2": " ", "N_STRUMENTI_PORTATA": null, "N_STRUMENTI_PRESSIONE": null, "DISTRETTO": null, "SORGENTE_DATI": "RILIEVO" }, "geometry": { "type": "Point", "coordinates": [ 15.51004809812189, 38.180153235365978, 0.0 ] } },
{ "type": "Feature", "properties": { "COD_CESPITI": null, "DENOMINAZIONE": "GESCAL", "ACCESSSO_TIPO": null, "A_INIZIO_ESERC": null, "TIPOLOGIA_COSTR": "c.a.", "CAPACITA": null, "N_VASCHE": null, "Q_MAX_PL": null, "Q_MIN_PL": null, "Q_FONDO": null, "STRUMENTI_M_POSIZIONE": null, "STRUMENTI_M_TIPO": null, "TELECONTROLLO": "SI", "RECINZIONE": null, "AUTOM_D_REAG": null, "NOTE": " Rilievo parziale per camera di manovra allagata", "TIPOLOGIA": "ACCUMULO", "STATO_CONSERVAZIONE": 4, "STATO_FUNZIONALITA": 4, "COMUNE": "Messina", "N_CIV": null, "UTENTE_CREAZIONE": null, "DATA_INS": null, "OPERATORE": null, "DATA_AGG": null, "D_STATO": "Attivo/In esercizio", "IDGIS": null, "TIPO_DISINF": null, "VIA_DENOMINAZIONE": "GESCAL", "PSU": null, "GlobalID": "{6187B932-653D-4E73-96F8-39B91D023DBF}", "fid_1_2": 30.0, "fid_1": 30.0, "COD_PRGA": "SE024", "COMPRENSOR": 8.0, "COD_GESTOR": "G0049", "SERBATOI_name": " ", "SERBATOI_CODICE": "SB45", "DESCRIZIONE": " ", "PROV_ACQ": "Santissima", "DISTR_ACQ": "Gescal e serbatoio Cumia e Bordonaro superiore", "ANNO_COSTR": 0.0, "CAPACITA_": 300.0, "QUOTA_slm": 138.0, "NUM_SERBAT": 0.0, "TIPOLOGIA_1": null, "IN_ESERCIZ": " ", "MIS_Q_IN": " ", "MIS_Q_OUT": " ", "DISINFEZIO": "NO", "DISIN_TIPO": " ", "STATO_CONS": 4.0, "TELEMETRIA": "SI", "SERBATOI_X": 545485.7199, "SERBATOI_Y": 4225125.7777999993, "ACCESSIBIL": "Facilmente accessibile", "CONDIZIONE": "Buone condizioni del manufatto", "SICUREZZA": "Porte chiuse con lucchetto", "NOTE_1": null, "LINK": "www.amam.it/gis/serbatoi/SB45/", "INT_URG": "Sigillare porte accesso serbatoio ed installare rete anti roditori nelle tubazioni di sfiato", "INT_PROGRA": "Eliminare ristagni di liquami nelle aree esterne (dopo aver individuato la causa)", "LINK_2": " ", "N_STRUMENTI_PORTATA": null, "N_STRUMENTI_PRESSIONE": null, "DISTRETTO": null, "SORGENTE_DATI": "RILIEVO" }, "geometry": { "type": "Point", "coordinates": [ 15.519296225742719, 38.172895169224027, 0.0 ] } },
{ "type": "Feature", "properties": { "COD_CESPITI": null, "DENOMINAZIONE": "CUMIA INFERIORE", "ACCESSSO_TIPO": null, "A_INIZIO_ESERC": null, "TIPOLOGIA_COSTR": "c.a.", "CAPACITA": null, "N_VASCHE": null, "Q_MAX_PL": null, "Q_MIN_PL": null, "Q_FONDO": null, "STRUMENTI_M_POSIZIONE": null, "STRUMENTI_M_TIPO": null, "TELECONTROLLO": "SI", "RECINZIONE": null, "AUTOM_D_REAG": null, "NOTE": " ", "TIPOLOGIA": "ACCUMULO", "STATO_CONSERVAZIONE": 4, "STATO_FUNZIONALITA": 4, "COMUNE": "Messina", "N_CIV": null, "UTENTE_CREAZIONE": null, "DATA_INS": null, "OPERATORE": null, "DATA_AGG": null, "D_STATO": "Attivo/In esercizio", "IDGIS": null, "TIPO_DISINF": null, "VIA_DENOMINAZIONE": "CUMIA INFERIORE", "PSU": null, "GlobalID": "{72432EE8-D3D4-41A0-B266-5D2E405E901D}", "fid_1_2": 31.0, "fid_1": 31.0, "COD_PRGA": "SE067", "COMPRENSOR": 8.0, "COD_GESTOR": "G0049", "SERBATOI_name": " ", "SERBATOI_CODICE": "SB57", "DESCRIZIONE": " ", "PROV_ACQ": "pompa Gescal", "DISTR_ACQ": "Cumia inferiore", "ANNO_COSTR": 0.0, "CAPACITA_": 100.0, "QUOTA_slm": 320.0, "NUM_SERBAT": 0.0, "TIPOLOGIA_1": null, "IN_ESERCIZ": " ", "MIS_Q_IN": " ", "MIS_Q_OUT": " ", "DISINFEZIO": "NO", "DISIN_TIPO": " ", "STATO_CONS": 4.0, "TELEMETRIA": "SI", "SERBATOI_X": 543922.121, "SERBATOI_Y": 4225238.2380999997, "ACCESSIBIL": "difficilmente accessibile: strada ripida e sterrata", "CONDIZIONE": "manufatto in buone condizioni; all'esterno vi sono erbacce alte", "SICUREZZA": "porta senza lucchetto e molto arruginita", "NOTE_1": null, "LINK": "www.amam.it/gis/serbatoi/SB57/", "INT_URG": " ", "INT_PROGRA": " ", "LINK_2": " ", "N_STRUMENTI_PORTATA": null, "N_STRUMENTI_PRESSIONE": null, "DISTRETTO": null, "SORGENTE_DATI": "RILIEVO" }, "geometry": { "type": "Point", "coordinates": [ 15.501452693669759, 38.173986273674579, 0.0 ] } },
{ "type": "Feature", "properties": { "COD_CESPITI": null, "DENOMINAZIONE": "CUMIA SUPERIORE", "ACCESSSO_TIPO": "Pedonale", "A_INIZIO_ESERC": null, "TIPOLOGIA_COSTR": "c.a.", "CAPACITA": null, "N_VASCHE": null, "Q_MAX_PL": null, "Q_MIN_PL": null, "Q_FONDO": null, "STRUMENTI_M_POSIZIONE": null, "STRUMENTI_M_TIPO": null, "TELECONTROLLO": "SI", "RECINZIONE": null, "AUTOM_D_REAG": null, "NOTE": " ", "TIPOLOGIA": "ACCUMULO", "STATO_CONSERVAZIONE": 4, "STATO_FUNZIONALITA": 4, "COMUNE": "Messina", "N_CIV": null, "UTENTE_CREAZIONE": null, "DATA_INS": null, "OPERATORE": null, "DATA_AGG": null, "D_STATO": "Attivo/In esercizio", "IDGIS": null, "TIPO_DISINF": null, "VIA_DENOMINAZIONE": "CUMIA SUPERIORE", "PSU": null, "GlobalID": "{4B01E4C2-DE6F-473E-9349-6FF7CAC421EF}", "fid_1_2": 32.0, "fid_1": 32.0, "COD_PRGA": "SE066", "COMPRENSOR": 8.0, "COD_GESTOR": "G0049", "SERBATOI_name": " ", "SERBATOI_CODICE": "SB58", "DESCRIZIONE": " ", "PROV_ACQ": "sorgive e serbatoio Cumia inf", "DISTR_ACQ": "Cumia superiore", "ANNO_COSTR": 0.0, "CAPACITA_": 100.0, "QUOTA_slm": 440.0, "NUM_SERBAT": 0.0, "TIPOLOGIA_1": null, "IN_ESERCIZ": " ", "MIS_Q_IN": " ", "MIS_Q_OUT": " ", "DISINFEZIO": "SI", "DISIN_TIPO": " ", "STATO_CONS": 4.0, "TELEMETRIA": "SI", "SERBATOI_X": 543564.45, "SERBATOI_Y": 4225198.9999000002, "ACCESSIBIL": "facilmente accessibile: situato su stradina con scalini", "CONDIZIONE": "manufatto in buone condizioni", "SICUREZZA": "porta chiusa con lucchetto", "NOTE_1": null, "LINK": "www.amam.it/gis/serbatoi/SB58/", "INT_URG": " ", "INT_PROGRA": " ", "LINK_2": " ", "N_STRUMENTI_PORTATA": null, "N_STRUMENTI_PRESSIONE": null, "DISTRETTO": null, "SORGENTE_DATI": "RILIEVO" }, "geometry": { "type": "Point", "coordinates": [ 15.49736695322056, 38.173650013159261, 0.0 ] } },
{ "type": "Feature", "properties": { "COD_CESPITI": null, "DENOMINAZIONE": "S. FILIPPO SUPERIORE", "ACCESSSO_TIPO": null, "A_INIZIO_ESERC": null, "TIPOLOGIA_COSTR": "c.a.", "CAPACITA": null, "N_VASCHE": null, "Q_MAX_PL": null, "Q_MIN_PL": null, "Q_FONDO": null, "STRUMENTI_M_POSIZIONE": null, "STRUMENTI_M_TIPO": null, "TELECONTROLLO": "SI", "RECINZIONE": null, "AUTOM_D_REAG": null, "NOTE": "colpito da una frana inaccessibile tubi nuovi in polietilene", "TIPOLOGIA": "ACCUMULO", "STATO_CONSERVAZIONE": 4, "STATO_FUNZIONALITA": 4, "COMUNE": "Messina", "N_CIV": null, "UTENTE_CREAZIONE": null, "DATA_INS": null, "OPERATORE": null, "DATA_AGG": null, "D_STATO": "Attivo/In esercizio", "IDGIS": null, "TIPO_DISINF": null, "VIA_DENOMINAZIONE": "S. FILIPPO SUPERIORE", "PSU": null, "GlobalID": "{3F9A327C-D63C-45F0-B3B1-E27656FE502B}", "fid_1_2": 33.0, "fid_1": 33.0, "COD_PRGA": "SE064", "COMPRENSOR": 8.0, "COD_GESTOR": "G0049", "SERBATOI_name": " ", "SERBATOI_CODICE": "SB37", "DESCRIZIONE": " ", "PROV_ACQ": "sorgive subalvea e villari, pozzo", "DISTR_ACQ": "San. Filippo superiore e San Giovannello", "ANNO_COSTR": 0.0, "CAPACITA_": 800.0, "QUOTA_slm": 338.0, "NUM_SERBAT": 0.0, "TIPOLOGIA_1": null, "IN_ESERCIZ": " ", "MIS_Q_IN": " ", "MIS_Q_OUT": " ", "DISINFEZIO": "SI", "DISIN_TIPO": " ", "STATO_CONS": 5.0, "TELEMETRIA": "SI", "SERBATOI_X": 543056.57, "SERBATOI_Y": 4224071.6599000003, "ACCESSIBIL": "facilmente accessibile", "CONDIZIONE": "manufatto in buone condizioni: recentemente ristrutturato", "SICUREZZA": "porta chiusa con lucchetto", "NOTE_1": null, "LINK": "www.amam.it/gis/serbatoi/SB37/", "INT_URG": "Sigillare buchi attorno alla porta accesso serbatoio", "INT_PROGRA": " ", "LINK_2": " ", "N_STRUMENTI_PORTATA": null, "N_STRUMENTI_PRESSIONE": null, "DISTRETTO": null, "SORGENTE_DATI": "RILIEVO" }, "geometry": { "type": "Point", "coordinates": [ 15.491500553875449, 38.163514491726119, 0.0 ] } },
{ "type": "Feature", "properties": { "COD_CESPITI": "SFC_S01", "DENOMINAZIONE": "S. FILIPPO CASALOTTO", "ACCESSSO_TIPO": null, "A_INIZIO_ESERC": null, "TIPOLOGIA_COSTR": "c.a.", "CAPACITA": null, "N_VASCHE": null, "Q_MAX_PL": null, "Q_MIN_PL": null, "Q_FONDO": null, "STRUMENTI_M_POSIZIONE": null, "STRUMENTI_M_TIPO": null, "TELECONTROLLO": "SI", "RECINZIONE": null, "AUTOM_D_REAG": null, "NOTE": "SERBATOIO DISMESSO - restano tubazioni di passaggio e pompe sollevamento", "TIPOLOGIA": "ACCUMULO", "STATO_CONSERVAZIONE": 4, "STATO_FUNZIONALITA": 4, "COMUNE": "Messina", "N_CIV": null, "UTENTE_CREAZIONE": null, "DATA_INS": null, "OPERATORE": null, "DATA_AGG": null, "D_STATO": "Attivo/In esercizio", "IDGIS": null, "TIPO_DISINF": null, "VIA_DENOMINAZIONE": "S. FILIPPO CASALOTTO", "PSU": null, "GlobalID": "{C23065D9-CD26-45DF-BA4C-A66BCC461F5F}", "fid_1_2": 34.0, "fid_1": 34.0, "COD_PRGA": "SE065", "COMPRENSOR": 8.0, "COD_GESTOR": "G0049", "SERBATOI_name": " ", "SERBATOI_CODICE": "SB78", "DESCRIZIONE": " ", "PROV_ACQ": "Santissima", "DISTR_ACQ": "San Giovannello e Casalotto", "ANNO_COSTR": 0.0, "CAPACITA_": 100.0, "QUOTA_slm": 137.0, "NUM_SERBAT": 0.0, "TIPOLOGIA_1": null, "IN_ESERCIZ": " ", "MIS_Q_IN": " ", "MIS_Q_OUT": " ", "DISINFEZIO": "SI", "DISIN_TIPO": " ", "STATO_CONS": 4.0, "TELEMETRIA": "NO", "SERBATOI_X": 545264.35, "SERBATOI_Y": 4223808.6799, "ACCESSIBIL": "difficilmente accessibile: strada sterrata", "CONDIZIONE": "manufatto in buone condizioni; vi soo erbacce alte all'esterno", "SICUREZZA": "porta chiusa con lucchetto", "NOTE_1": null, "LINK": "www.amam.it/gis/serbatoi/SB78/", "INT_URG": " ", "INT_PROGRA": " ", "LINK_2": " ", "N_STRUMENTI_PORTATA": null, "N_STRUMENTI_PRESSIONE": null, "DISTRETTO": null, "SORGENTE_DATI": "RILIEVO" }, "geometry": { "type": "Point", "coordinates": [ 15.516685215750545, 38.161036267933305, 0.0 ] } },
{ "type": "Feature", "properties": { "COD_CESPITI": null, "DENOMINAZIONE": "PARADISO", "ACCESSSO_TIPO": null, "A_INIZIO_ESERC": null, "TIPOLOGIA_COSTR": "c.a.", "CAPACITA": null, "N_VASCHE": null, "Q_MAX_PL": null, "Q_MIN_PL": null, "Q_FONDO": null, "STRUMENTI_M_POSIZIONE": null, "STRUMENTI_M_TIPO": null, "TELECONTROLLO": "SI", "RECINZIONE": null, "AUTOM_D_REAG": null, "NOTE": "tubi nuovi", "TIPOLOGIA": "ACCUMULO", "STATO_CONSERVAZIONE": 4, "STATO_FUNZIONALITA": 4, "COMUNE": "Messina", "N_CIV": null, "UTENTE_CREAZIONE": null, "DATA_INS": null, "OPERATORE": null, "DATA_AGG": null, "D_STATO": "Attivo/In esercizio", "IDGIS": null, "TIPO_DISINF": null, "VIA_DENOMINAZIONE": "PARADISO", "PSU": null, "GlobalID": "{DAC585DA-3836-4542-89EF-6E3CF5CDA8FF}", "fid_1_2": 35.0, "fid_1": 35.0, "COD_PRGA": "SE004", "COMPRENSOR": 8.0, "COD_GESTOR": "G0049", "SERBATOI_name": " ", "SERBATOI_CODICE": "SB35", "DESCRIZIONE": " ", "PROV_ACQ": " ", "DISTR_ACQ": " ", "ANNO_COSTR": 0.0, "CAPACITA_": 800.0, "QUOTA_slm": 107.0, "NUM_SERBAT": 0.0, "TIPOLOGIA_1": null, "IN_ESERCIZ": " ", "MIS_Q_IN": " ", "MIS_Q_OUT": " ", "DISINFEZIO": "SI", "DISIN_TIPO": " ", "STATO_CONS": 3.0, "TELEMETRIA": "SI", "SERBATOI_X": 549155.89479999989, "SERBATOI_Y": 4230699.0363999996, "ACCESSIBIL": "facilmente accessibile ma necessario passare per proprieta privata", "CONDIZIONE": "manufatto in discrete condizioni", "SICUREZZA": "Porta chiusa con lucchetto - presenza di lesioni a lato della porta d'accesso alla vasca dalla quale possono penetrare animali", "NOTE_1": null, "LINK": "www.amam.it/gis/serbatoi/SB35/", "INT_URG": "Sigillare porta accesso vasca - verificare stato reti antiroditori", "INT_PROGRA": "Scerbatura", "LINK_2": " ", "N_STRUMENTI_PORTATA": null, "N_STRUMENTI_PRESSIONE": null, "DISTRETTO": null, "SORGENTE_DATI": "RILIEVO" }, "geometry": { "type": "Point", "coordinates": [ 15.561581322127257, 38.222929520896713, 0.0 ] } },
{ "type": "Feature", "properties": { "COD_CESPITI": null, "DENOMINAZIONE": "S. LICANDRO", "ACCESSSO_TIPO": null, "A_INIZIO_ESERC": null, "TIPOLOGIA_COSTR": "c.a.", "CAPACITA": null, "N_VASCHE": null, "Q_MAX_PL": null, "Q_MIN_PL": null, "Q_FONDO": null, "STRUMENTI_M_POSIZIONE": null, "STRUMENTI_M_TIPO": null, "TELECONTROLLO": "SI", "RECINZIONE": null, "AUTOM_D_REAG": null, "NOTE": "tubi arrugginiti", "TIPOLOGIA": "ACCUMULO", "STATO_CONSERVAZIONE": 4, "STATO_FUNZIONALITA": 4, "COMUNE": "Messina", "N_CIV": null, "UTENTE_CREAZIONE": null, "DATA_INS": null, "OPERATORE": null, "DATA_AGG": null, "D_STATO": "Attivo/In esercizio", "IDGIS": null, "TIPO_DISINF": null, "VIA_DENOMINAZIONE": "S. LICANDRO", "PSU": null, "GlobalID": "{F43D4B1F-A70A-4BAD-B643-C8DFCCB260DA}", "fid_1_2": 36.0, "fid_1": 36.0, "COD_PRGA": "SE005", "COMPRENSOR": 8.0, "COD_GESTOR": "G0049", "SERBATOI_name": " ", "SERBATOI_CODICE": "SB24", "DESCRIZIONE": " ", "PROV_ACQ": "Serbatoio Montesanto", "DISTR_ACQ": "San Licandro", "ANNO_COSTR": 0.0, "CAPACITA_": 2000.0, "QUOTA_slm": 110.0, "NUM_SERBAT": 0.0, "TIPOLOGIA_1": null, "IN_ESERCIZ": " ", "MIS_Q_IN": " ", "MIS_Q_OUT": " ", "DISINFEZIO": "SI", "DISIN_TIPO": " ", "STATO_CONS": 3.0, "TELEMETRIA": "SI", "SERBATOI_X": 548272.02610000037, "SERBATOI_Y": 4229750.7150999997, "ACCESSIBIL": "facilmente accessibile", "CONDIZIONE": "manufatto necessita di manutenzione nella parte esterna ed interna", "SICUREZZA": "porta chiusa con lucchetto e presenza di cancello automatico", "NOTE_1": null, "LINK": "www.amam.it/gis/serbatoi/SB24/", "INT_URG": " ", "INT_PROGRA": " ", "LINK_2": " ", "N_STRUMENTI_PORTATA": null, "N_STRUMENTI_PRESSIONE": null, "DISTRETTO": null, "SORGENTE_DATI": "RILIEVO" }, "geometry": { "type": "Point", "coordinates": [ 15.551419497291029, 38.214430984883116, 0.0 ] } },
{ "type": "Feature", "properties": { "COD_CESPITI": null, "DENOMINAZIONE": "S. JACHIDDU", "ACCESSSO_TIPO": null, "A_INIZIO_ESERC": null, "TIPOLOGIA_COSTR": "c.a.", "CAPACITA": null, "N_VASCHE": null, "Q_MAX_PL": null, "Q_MIN_PL": null, "Q_FONDO": null, "STRUMENTI_M_POSIZIONE": null, "STRUMENTI_M_TIPO": null, "TELECONTROLLO": "SI", "RECINZIONE": null, "AUTOM_D_REAG": null, "NOTE": " ", "TIPOLOGIA": "ACCUMULO", "STATO_CONSERVAZIONE": 4, "STATO_FUNZIONALITA": 4, "COMUNE": "Messina", "N_CIV": null, "UTENTE_CREAZIONE": null, "DATA_INS": null, "OPERATORE": null, "DATA_AGG": null, "D_STATO": "Attivo/In esercizio", "IDGIS": null, "TIPO_DISINF": null, "VIA_DENOMINAZIONE": "S. JACHIDDU", "PSU": null, "GlobalID": "{6C9B1CF8-0028-4E1E-BB38-998B83A7E3C3}", "fid_1_2": 37.0, "fid_1": 37.0, "COD_PRGA": " ", "COMPRENSOR": 8.0, "COD_GESTOR": "G0049", "SERBATOI_name": " ", "SERBATOI_CODICE": "SB43", "DESCRIZIONE": " ", "PROV_ACQ": "Serbatoio Tremonti", "DISTR_ACQ": "S Jachiddu", "ANNO_COSTR": 0.0, "CAPACITA_": 500.0, "QUOTA_slm": 205.0, "NUM_SERBAT": 0.0, "TIPOLOGIA_1": null, "IN_ESERCIZ": " ", "MIS_Q_IN": " ", "MIS_Q_OUT": " ", "DISINFEZIO": "NO", "DISIN_TIPO": " ", "STATO_CONS": 4.0, "TELEMETRIA": "SI", "SERBATOI_X": 547445.12689999957, "SERBATOI_Y": 4230286.4431999996, "ACCESSIBIL": "facilmente accessibile", "CONDIZIONE": "manufatto in buone condizioni", "SICUREZZA": "porta chiusa con lucchetto e presenza di cancello", "NOTE_1": null, "LINK": "www.amam.it/gis/serbatoi/SB43/", "INT_URG": " ", "INT_PROGRA": " ", "LINK_2": " ", "N_STRUMENTI_PORTATA": null, "N_STRUMENTI_PRESSIONE": null, "DISTRETTO": null, "SORGENTE_DATI": "RILIEVO" }, "geometry": { "type": "Point", "coordinates": [ 15.542009895585926, 38.219303041361059, 0.0 ] } },
{ "type": "Feature", "properties": { "COD_CESPITI": null, "DENOMINAZIONE": "COSTARELLI", "ACCESSSO_TIPO": null, "A_INIZIO_ESERC": null, "TIPOLOGIA_COSTR": "c.a.", "CAPACITA": null, "N_VASCHE": null, "Q_MAX_PL": null, "Q_MIN_PL": null, "Q_FONDO": null, "STRUMENTI_M_POSIZIONE": null, "STRUMENTI_M_TIPO": null, "TELECONTROLLO": "SI", "RECINZIONE": null, "AUTOM_D_REAG": null, "NOTE": " ", "TIPOLOGIA": "ACCUMULO", "STATO_CONSERVAZIONE": 4, "STATO_FUNZIONALITA": 4, "COMUNE": "Messina", "N_CIV": null, "UTENTE_CREAZIONE": null, "DATA_INS": null, "OPERATORE": null, "DATA_AGG": null, "D_STATO": "Attivo/In esercizio", "IDGIS": null, "TIPO_DISINF": null, "VIA_DENOMINAZIONE": "COSTARELLI", "PSU": null, "GlobalID": "{62FE0E11-072B-449A-9585-F5F15031E96F}", "fid_1_2": 38.0, "fid_1": 38.0, "COD_PRGA": "SE012", "COMPRENSOR": 8.0, "COD_GESTOR": "G0049", "SERBATOI_name": " ", "SERBATOI_CODICE": "SB22", "DESCRIZIONE": " ", "PROV_ACQ": "serbatoio Ritiro", "DISTR_ACQ": "zona Ritiro", "ANNO_COSTR": 0.0, "CAPACITA_": 2000.0, "QUOTA_slm": 180.0, "NUM_SERBAT": 0.0, "TIPOLOGIA_1": null, "IN_ESERCIZ": " ", "MIS_Q_IN": " ", "MIS_Q_OUT": " ", "DISINFEZIO": "NO", "DISIN_TIPO": " ", "STATO_CONS": 3.0, "TELEMETRIA": "SI", "SERBATOI_X": 546728.93, "SERBATOI_Y": 4230437.9199000001, "ACCESSIBIL": "facilmente accessibile", "CONDIZIONE": "manufatto necessita di manutenzione nella parte esterna", "SICUREZZA": "porta chiusa con lucchetto", "NOTE_1": null, "LINK": "www.amam.it/gis/serbatoi/SB22/", "INT_URG": " ", "INT_PROGRA": " ", "LINK_2": " ", "N_STRUMENTI_PORTATA": null, "N_STRUMENTI_PRESSIONE": null, "DISTRETTO": null, "SORGENTE_DATI": "RILIEVO" }, "geometry": { "type": "Point", "coordinates": [ 15.533838416491777, 38.220705666341487, 0.0 ] } },
{ "type": "Feature", "properties": { "COD_CESPITI": null, "DENOMINAZIONE": "RITIRO", "ACCESSSO_TIPO": null, "A_INIZIO_ESERC": null, "TIPOLOGIA_COSTR": "c.a.", "CAPACITA": null, "N_VASCHE": null, "Q_MAX_PL": null, "Q_MIN_PL": null, "Q_FONDO": null, "STRUMENTI_M_POSIZIONE": null, "STRUMENTI_M_TIPO": null, "TELECONTROLLO": "SI", "RECINZIONE": null, "AUTOM_D_REAG": null, "NOTE": "presenza di perdite - clorazione da pozzo Amam", "TIPOLOGIA": "ACCUMULO", "STATO_CONSERVAZIONE": 4, "STATO_FUNZIONALITA": 4, "COMUNE": "Messina", "N_CIV": null, "UTENTE_CREAZIONE": null, "DATA_INS": null, "OPERATORE": null, "DATA_AGG": null, "D_STATO": "Attivo/In esercizio", "IDGIS": null, "TIPO_DISINF": null, "VIA_DENOMINAZIONE": "RITIRO", "PSU": null, "GlobalID": "{F96A739A-9159-4026-999D-FF357CCAEDD7}", "fid_1_2": 39.0, "fid_1": 39.0, "COD_PRGA": "SE013", "COMPRENSOR": 8.0, "COD_GESTOR": "G0049", "SERBATOI_name": " ", "SERBATOI_CODICE": "SB42", "DESCRIZIONE": " ", "PROV_ACQ": "pozzi e serbatorio Tremonti", "DISTR_ACQ": "Serbatoi di Badiazza, Pisciotto, Costarelli", "ANNO_COSTR": 0.0, "CAPACITA_": 500.0, "QUOTA_slm": 113.0, "NUM_SERBAT": 0.0, "TIPOLOGIA_1": null, "IN_ESERCIZ": " ", "MIS_Q_IN": " ", "MIS_Q_OUT": " ", "DISINFEZIO": "SI", "DISIN_TIPO": " ", "STATO_CONS": 3.0, "TELEMETRIA": "SI", "SERBATOI_X": 547052.40539999958, "SERBATOI_Y": 4229660.828, "ACCESSIBIL": "facilmente accessibile", "CONDIZIONE": "discrete condizioni all'esterno, pessime all'interno", "SICUREZZA": "porta chiusa con lucchetto", "NOTE_1": null, "LINK": "www.amam.it/gis/serbatoi/SB42/", "INT_URG": " ", "INT_PROGRA": " ", "LINK_2": " ", "N_STRUMENTI_PORTATA": null, "N_STRUMENTI_PRESSIONE": null, "DISTRETTO": null, "SORGENTE_DATI": "RILIEVO" }, "geometry": { "type": "Point", "coordinates": [ 15.537482179316052, 38.213685519779986, 0.0 ] } },
{ "type": "Feature", "properties": { "COD_CESPITI": null, "DENOMINAZIONE": "OLIMPIA", "ACCESSSO_TIPO": null, "A_INIZIO_ESERC": null, "TIPOLOGIA_COSTR": "c.a.", "CAPACITA": null, "N_VASCHE": null, "Q_MAX_PL": null, "Q_MIN_PL": null, "Q_FONDO": null, "STRUMENTI_M_POSIZIONE": null, "STRUMENTI_M_TIPO": null, "TELECONTROLLO": "SI", "RECINZIONE": null, "AUTOM_D_REAG": null, "NOTE": " ", "TIPOLOGIA": "ACCUMULO", "STATO_CONSERVAZIONE": 4, "STATO_FUNZIONALITA": 4, "COMUNE": "Messina", "N_CIV": null, "UTENTE_CREAZIONE": null, "DATA_INS": null, "OPERATORE": null, "DATA_AGG": null, "D_STATO": "Attivo/In esercizio", "IDGIS": null, "TIPO_DISINF": null, "VIA_DENOMINAZIONE": "OLIMPIA", "PSU": null, "GlobalID": "{461E6011-9548-4237-8FE3-FBAD7E2666CC}", "fid_1_2": 40.0, "fid_1": 40.0, "COD_PRGA": " ", "COMPRENSOR": 8.0, "COD_GESTOR": "G0049", "SERBATOI_name": " ", "SERBATOI_CODICE": "SB47", "DESCRIZIONE": " ", "PROV_ACQ": "Serbatoio s. Licandro", "DISTR_ACQ": "sopra S. licandro", "ANNO_COSTR": 0.0, "CAPACITA_": 100.0, "QUOTA_slm": 75.0, "NUM_SERBAT": 0.0, "TIPOLOGIA_1": null, "IN_ESERCIZ": " ", "MIS_Q_IN": " ", "MIS_Q_OUT": " ", "DISINFEZIO": " ", "DISIN_TIPO": " ", "STATO_CONS": 3.0, "TELEMETRIA": "SI", "SERBATOI_X": 548767.35, "SERBATOI_Y": 4230094.5998999998, "ACCESSIBIL": "facilmente accessibile", "CONDIZIONE": "manufatto necessita di manutenzione nella parte esterna, presenza di erbacce", "SICUREZZA": "porta chiusa con lucchetto e presenza di cancello", "NOTE_1": null, "LINK": "www.amam.it/gis/serbatoi/SB47/", "INT_URG": "Realizzare chiusura a chiave della porta che immette al serbatoio", "INT_PROGRA": "Manutenzione alle parti murarie interne ed esterne. Impermeabilizzazione copertura", "LINK_2": " ", "N_STRUMENTI_PORTATA": null, "N_STRUMENTI_PRESSIONE": null, "DISTRETTO": null, "SORGENTE_DATI": "RILIEVO" }, "geometry": { "type": "Point", "coordinates": [ 15.557101048443702, 38.217503409870005, 0.0 ] } },
{ "type": "Feature", "properties": { "COD_CESPITI": null, "DENOMINAZIONE": "PISCIOTTO", "ACCESSSO_TIPO": "Carrabile impervia", "A_INIZIO_ESERC": null, "TIPOLOGIA_COSTR": "c.a.", "CAPACITA": null, "N_VASCHE": null, "Q_MAX_PL": null, "Q_MIN_PL": null, "Q_FONDO": null, "STRUMENTI_M_POSIZIONE": null, "STRUMENTI_M_TIPO": null, "TELECONTROLLO": "SI", "RECINZIONE": null, "AUTOM_D_REAG": null, "NOTE": " ", "TIPOLOGIA": "ACCUMULO", "STATO_CONSERVAZIONE": 4, "STATO_FUNZIONALITA": 4, "COMUNE": "Messina", "N_CIV": null, "UTENTE_CREAZIONE": null, "DATA_INS": null, "OPERATORE": null, "DATA_AGG": null, "D_STATO": "Attivo/In esercizio", "IDGIS": null, "TIPO_DISINF": null, "VIA_DENOMINAZIONE": "PISCIOTTO", "PSU": null, "GlobalID": "{86D5FEA9-2551-4D9F-85A7-CF9CDD1F0E3A}", "fid_1_2": 41.0, "fid_1": 41.0, "COD_PRGA": "SE011", "COMPRENSOR": 8.0, "COD_GESTOR": "G0049", "SERBATOI_name": " ", "SERBATOI_CODICE": "SB48", "DESCRIZIONE": " ", "PROV_ACQ": "Serbatoio Ritiro", "DISTR_ACQ": "serbatorio Reginella e Portella, zona Pisciotto", "ANNO_COSTR": 0.0, "CAPACITA_": 100.0, "QUOTA_slm": 270.0, "NUM_SERBAT": 0.0, "TIPOLOGIA_1": null, "IN_ESERCIZ": " ", "MIS_Q_IN": " ", "MIS_Q_OUT": " ", "DISINFEZIO": "SI", "DISIN_TIPO": " ", "STATO_CONS": 3.0, "TELEMETRIA": "SI", "SERBATOI_X": 545949.5, "SERBATOI_Y": 4231446.9999000002, "ACCESSIBIL": "strada tortuosa che costeggia il torrente", "CONDIZIONE": "discrete condizioni", "SICUREZZA": "porta chiusa con lucchetto e presenza di cancello - Recinzione metallica locale clorazione da ripristinare", "NOTE_1": null, "LINK": "www.amam.it/gis/serbatoi/SB48/", "INT_URG": " ", "INT_PROGRA": "Occorre realizzare scaletta in ferro per accesso alla zona clorazione e ripristinare recinzione metallica zona esterna", "LINK_2": " ", "N_STRUMENTI_PORTATA": null, "N_STRUMENTI_PRESSIONE": null, "DISTRETTO": null, "SORGENTE_DATI": "RILIEVO" }, "geometry": { "type": "Point", "coordinates": [ 15.52499979577189, 38.229839826678912, 0.0 ] } },
{ "type": "Feature", "properties": { "COD_CESPITI": "MA_S01", "DENOMINAZIONE": "MAROTTA", "ACCESSSO_TIPO": null, "A_INIZIO_ESERC": null, "TIPOLOGIA_COSTR": "c.a.", "CAPACITA": null, "N_VASCHE": null, "Q_MAX_PL": null, "Q_MIN_PL": null, "Q_FONDO": null, "STRUMENTI_M_POSIZIONE": null, "STRUMENTI_M_TIPO": null, "TELECONTROLLO": "SI", "RECINZIONE": null, "AUTOM_D_REAG": null, "NOTE": " ", "TIPOLOGIA": "ACCUMULO", "STATO_CONSERVAZIONE": 4, "STATO_FUNZIONALITA": 4, "COMUNE": "Messina", "N_CIV": null, "UTENTE_CREAZIONE": null, "DATA_INS": null, "OPERATORE": null, "DATA_AGG": null, "D_STATO": "Attivo/In esercizio", "IDGIS": null, "TIPO_DISINF": null, "VIA_DENOMINAZIONE": "MAROTTA", "PSU": null, "GlobalID": "{E718C142-4371-4AC2-B18D-CD876DA7F358}", "fid_1_2": 42.0, "fid_1": 42.0, "COD_PRGA": "SE076", "COMPRENSOR": 8.0, "COD_GESTOR": "G0049", "SERBATOI_name": " ", "SERBATOI_CODICE": "SB67", "DESCRIZIONE": " ", "PROV_ACQ": "Condotta Panoramica", "DISTR_ACQ": "Marotta", "ANNO_COSTR": 0.0, "CAPACITA_": 0.0, "QUOTA_slm": 0.0, "NUM_SERBAT": 0.0, "TIPOLOGIA_1": null, "IN_ESERCIZ": " ", "MIS_Q_IN": " ", "MIS_Q_OUT": " ", "DISINFEZIO": "SI", "DISIN_TIPO": " ", "STATO_CONS": 3.0, "TELEMETRIA": "SI", "SERBATOI_X": 549891.11, "SERBATOI_Y": 4233968.2898999993, "ACCESSIBIL": "facilmente accessibile", "CONDIZIONE": "manufatto in discrete condizioni", "SICUREZZA": "porta chiusa con lucchetto, presenza di cancello", "NOTE_1": null, "LINK": "www.amam.it/gis/serbatoi/SB67/", "INT_URG": "Rendere impermeabili le botole dei serbatoi per impedire l'accesso di sporco ed animali", "INT_PROGRA": "Consigliata pulizia esterna (scerbatura), sistemazione impianto elettrico illuminazione,eliminare rifiuti e materiali non pertinenti", "LINK_2": " ", "N_STRUMENTI_PORTATA": null, "N_STRUMENTI_PRESSIONE": null, "DISTRETTO": null, "SORGENTE_DATI": "RILIEVO" }, "geometry": { "type": "Point", "coordinates": [ 15.570210458287837, 38.252351835680862, 0.0 ] } },
{ "type": "Feature", "properties": { "COD_CESPITI": "CU_S01", "DENOMINAZIONE": "CURCURACI", "ACCESSSO_TIPO": null, "A_INIZIO_ESERC": null, "TIPOLOGIA_COSTR": "c.a.", "CAPACITA": null, "N_VASCHE": null, "Q_MAX_PL": null, "Q_MIN_PL": null, "Q_FONDO": null, "STRUMENTI_M_POSIZIONE": null, "STRUMENTI_M_TIPO": null, "TELECONTROLLO": "SI", "RECINZIONE": null, "AUTOM_D_REAG": null, "NOTE": "all'entrata presenza di cancello privato", "TIPOLOGIA": "ACCUMULO", "STATO_CONSERVAZIONE": 4, "STATO_FUNZIONALITA": 4, "COMUNE": "Messina", "N_CIV": null, "UTENTE_CREAZIONE": null, "DATA_INS": null, "OPERATORE": null, "DATA_AGG": null, "D_STATO": "Attivo/In esercizio", "IDGIS": null, "TIPO_DISINF": null, "VIA_DENOMINAZIONE": "CURCURACI", "PSU": null, "GlobalID": "{18AA98C6-F9FC-4331-9EAF-DADE0636C95B}", "fid_1_2": 43.0, "fid_1": 43.0, "COD_PRGA": "SE041", "COMPRENSOR": 8.0, "COD_GESTOR": "G0049", "SERBATOI_name": " ", "SERBATOI_CODICE": "SB59", "DESCRIZIONE": " ", "PROV_ACQ": "serbatoio Marotta", "DISTR_ACQ": "Curcuraci", "ANNO_COSTR": 0.0, "CAPACITA_": 100.0, "QUOTA_slm": 0.0, "NUM_SERBAT": 0.0, "TIPOLOGIA_1": null, "IN_ESERCIZ": " ", "MIS_Q_IN": " ", "MIS_Q_OUT": " ", "DISINFEZIO": " ", "DISIN_TIPO": " ", "STATO_CONS": 3.0, "TELEMETRIA": "SI", "SERBATOI_X": 549516.4967, "SERBATOI_Y": 4235007.8528000005, "ACCESSIBIL": "difficilmente accessibile: percorso sterrato ostacolato da erba alta", "CONDIZIONE": "manufatto in discrete condizioni", "SICUREZZA": "porta chiusa con lucchetto, presenza di cancello", "NOTE_1": null, "LINK": "www.amam.it/gis/serbatoi/SB59/", "INT_URG": " ", "INT_PROGRA": " ", "LINK_2": " ", "N_STRUMENTI_PORTATA": null, "N_STRUMENTI_PRESSIONE": null, "DISTRETTO": null, "SORGENTE_DATI": "RILIEVO" }, "geometry": { "type": "Point", "coordinates": [ 15.566001833005922, 38.26174116729338, 402.5 ] } },
{ "type": "Feature", "properties": { "COD_CESPITI": "FSC_S02", "DENOMINAZIONE": "LUVARAZZI", "ACCESSSO_TIPO": "Pedonale", "A_INIZIO_ESERC": null, "TIPOLOGIA_COSTR": "c.a.", "CAPACITA": null, "N_VASCHE": null, "Q_MAX_PL": null, "Q_MIN_PL": null, "Q_FONDO": null, "STRUMENTI_M_POSIZIONE": null, "STRUMENTI_M_TIPO": null, "TELECONTROLLO": "SI", "RECINZIONE": "SI", "AUTOM_D_REAG": null, "NOTE": "Ultimo tratto di strada percorribile solo a piedi", "TIPOLOGIA": "ACCUMULO", "STATO_CONSERVAZIONE": 4, "STATO_FUNZIONALITA": 4, "COMUNE": "Messina", "N_CIV": null, "UTENTE_CREAZIONE": null, "DATA_INS": null, "OPERATORE": null, "DATA_AGG": null, "D_STATO": "Attivo/In esercizio", "IDGIS": null, "TIPO_DISINF": null, "VIA_DENOMINAZIONE": "LUVARAZZI", "PSU": null, "GlobalID": "{7CE1A6E8-6702-4C53-BE4F-05ED7D2D35AD}", "fid_1_2": 44.0, "fid_1": 44.0, "COD_PRGA": "SE040", "COMPRENSOR": 8.0, "COD_GESTOR": "G0049", "SERBATOI_name": " ", "SERBATOI_CODICE": "SB66", "DESCRIZIONE": " ", "PROV_ACQ": "Camera di rilancio Papardo", "DISTR_ACQ": "Faro superiore e Luvarazzi", "ANNO_COSTR": 0.0, "CAPACITA_": 0.0, "QUOTA_slm": 0.0, "NUM_SERBAT": 0.0, "TIPOLOGIA_1": null, "IN_ESERCIZ": " ", "MIS_Q_IN": " ", "MIS_Q_OUT": " ", "DISINFEZIO": "NO", "DISIN_TIPO": " ", "STATO_CONS": 3.0, "TELEMETRIA": "SI", "SERBATOI_X": 550589.55, "SERBATOI_Y": 4235360.6198999994, "ACCESSIBIL": "difficilmente accessibile: percorso sterrato, stretto e con erba alta", "CONDIZIONE": "manufatto in discrete condizioni", "SICUREZZA": "porta chiusa con lucchetto, presenza di cancello", "NOTE_1": null, "LINK": "www.amam.it/gis/serbatoi/SB66/", "INT_URG": " ", "INT_PROGRA": " ", "LINK_2": " ", "N_STRUMENTI_PORTATA": null, "N_STRUMENTI_PRESSIONE": null, "DISTRETTO": null, "SORGENTE_DATI": "RILIEVO" }, "geometry": { "type": "Point", "coordinates": [ 15.57829207723902, 38.264860516363164, 0.0 ] } },
{ "type": "Feature", "properties": { "COD_CESPITI": "SPE_S01", "DENOMINAZIONE": "SPERONE", "ACCESSSO_TIPO": null, "A_INIZIO_ESERC": null, "TIPOLOGIA_COSTR": "c.a.", "CAPACITA": null, "N_VASCHE": null, "Q_MAX_PL": null, "Q_MIN_PL": null, "Q_FONDO": null, "STRUMENTI_M_POSIZIONE": null, "STRUMENTI_M_TIPO": null, "TELECONTROLLO": "SI", "RECINZIONE": null, "AUTOM_D_REAG": null, "NOTE": " ", "TIPOLOGIA": "ACCUMULO", "STATO_CONSERVAZIONE": 4, "STATO_FUNZIONALITA": 4, "COMUNE": "Messina", "N_CIV": null, "UTENTE_CREAZIONE": null, "DATA_INS": null, "OPERATORE": null, "DATA_AGG": null, "D_STATO": "Attivo/In esercizio", "IDGIS": null, "TIPO_DISINF": null, "VIA_DENOMINAZIONE": "SPERONE", "PSU": null, "GlobalID": "{52119339-6E41-4A6E-8719-F11D82B54F05}", "fid_1_2": 45.0, "fid_1": 45.0, "COD_PRGA": "SE038", "COMPRENSOR": 8.0, "COD_GESTOR": "G0049", "SERBATOI_name": " ", "SERBATOI_CODICE": "SB84", "DESCRIZIONE": " ", "PROV_ACQ": "pozzo", "DISTR_ACQ": "Sperone", "ANNO_COSTR": 0.0, "CAPACITA_": 100.0, "QUOTA_slm": 0.0, "NUM_SERBAT": 0.0, "TIPOLOGIA_1": null, "IN_ESERCIZ": " ", "MIS_Q_IN": " ", "MIS_Q_OUT": " ", "DISINFEZIO": "SI", "DISIN_TIPO": " ", "STATO_CONS": 3.0, "TELEMETRIA": "NO", "SERBATOI_X": 551978.3646999998, "SERBATOI_Y": 4236006.384, "ACCESSIBIL": "difficilmente accessibile: percorso in salita e strada dissestata", "CONDIZIONE": "manufatto in discrete condizioni", "SICUREZZA": "porta chiusa con lucchetto - VASCA PRIVA DI BOTOLA - intonaci zona botola fatiscenti, possibile caduta materiale all'interno della vasca. Riscontrate tracce del passaggio di topi, occorre installare g", "NOTE_1": null, "LINK": "www.amam.it/gis/serbatoi/SB84/", "INT_URG": "Installare botola vasca. Ripristinare intonaci. Installare griglie antiroditori negli scarichi dell'acqua", "INT_PROGRA": " ", "LINK_2": " ", "N_STRUMENTI_PORTATA": 2.0, "N_STRUMENTI_PRESSIONE": 0.0, "DISTRETTO": null, "SORGENTE_DATI": "RILIEVO" }, "geometry": { "type": "Point", "coordinates": [ 15.594214333655996, 38.270600834423327, 214.19999999999709 ] } },
{ "type": "Feature", "properties": { "COD_CESPITI": "FSC_S01", "DENOMINAZIONE": "FARO SUPERIORE CORSO", "ACCESSSO_TIPO": null, "A_INIZIO_ESERC": null, "TIPOLOGIA_COSTR": "c.a.", "CAPACITA": 500.0, "N_VASCHE": null, "Q_MAX_PL": null, "Q_MIN_PL": null, "Q_FONDO": null, "STRUMENTI_M_POSIZIONE": null, "STRUMENTI_M_TIPO": null, "TELECONTROLLO": "SI", "RECINZIONE": null, "AUTOM_D_REAG": null, "NOTE": " ", "TIPOLOGIA": "ACCUMULO", "STATO_CONSERVAZIONE": 4, "STATO_FUNZIONALITA": 4, "COMUNE": "Messina", "N_CIV": null, "UTENTE_CREAZIONE": null, "DATA_INS": null, "OPERATORE": null, "DATA_AGG": null, "D_STATO": "Attivo/In esercizio", "IDGIS": null, "TIPO_DISINF": null, "VIA_DENOMINAZIONE": "FARO SUPERIORE CORSO", "PSU": null, "GlobalID": "{AAFA1DDB-D164-413F-AC6F-32866B2BB111}", "fid_1_2": 46.0, "fid_1": 46.0, "COD_PRGA": "SE039", "COMPRENSOR": 8.0, "COD_GESTOR": "G0049", "SERBATOI_name": " ", "SERBATOI_CODICE": "SB60", "DESCRIZIONE": " ", "PROV_ACQ": "pozzo", "DISTR_ACQ": "Faro superiore", "ANNO_COSTR": 0.0, "CAPACITA_": 500.0, "QUOTA_slm": 0.0, "NUM_SERBAT": 0.0, "TIPOLOGIA_1": null, "IN_ESERCIZ": " ", "MIS_Q_IN": " ", "MIS_Q_OUT": " ", "DISINFEZIO": "SI", "DISIN_TIPO": " ", "STATO_CONS": 3.0, "TELEMETRIA": "SI", "SERBATOI_X": 550708.60879999958, "SERBATOI_Y": 4235996.9846000001, "ACCESSIBIL": "facilmente accessibile", "CONDIZIONE": "manufatto in discrete condizioni", "SICUREZZA": "porta chiusa con lucchetto - porta accesso vasca senza serratura", "NOTE_1": null, "LINK": "www.amam.it/gis/serbatoi/SB60/", "INT_URG": "Realizzare chiusura a chiave per porta accesso vasva", "INT_PROGRA": "Consigliata piluzia aree esterne", "LINK_2": " ", "N_STRUMENTI_PORTATA": 2.0, "N_STRUMENTI_PRESSIONE": 1.0, "DISTRETTO": null, "SORGENTE_DATI": "RILIEVO" }, "geometry": { "type": "Point", "coordinates": [ 15.579698562992668, 38.270588736691408, 0.0 ] } },
{ "type": "Feature", "properties": { "COD_CESPITI": "AC_S01", "DENOMINAZIONE": "ACQUALADRONE", "ACCESSSO_TIPO": "Carrabile agevole", "A_INIZIO_ESERC": null, "TIPOLOGIA_COSTR": "c.a.", "CAPACITA": null, "N_VASCHE": null, "Q_MAX_PL": null, "Q_MIN_PL": null, "Q_FONDO": null, "STRUMENTI_M_POSIZIONE": null, "STRUMENTI_M_TIPO": null, "TELECONTROLLO": "SI", "RECINZIONE": null, "AUTOM_D_REAG": null, "NOTE": " ", "TIPOLOGIA": "ACCUMULO", "STATO_CONSERVAZIONE": 4, "STATO_FUNZIONALITA": 4, "COMUNE": "Messina", "N_CIV": null, "UTENTE_CREAZIONE": null, "DATA_INS": null, "OPERATORE": null, "DATA_AGG": null, "D_STATO": "Attivo/In esercizio", "IDGIS": null, "TIPO_DISINF": null, "VIA_DENOMINAZIONE": "ACQUALADRONE", "PSU": null, "GlobalID": "{43C229B6-A9AB-447F-A0CD-7BA0AB3D1E39}", "fid_1_2": 47.0, "fid_1": 47.0, "COD_PRGA": "SE037", "COMPRENSOR": 8.0, "COD_GESTOR": "G0049", "SERBATOI_name": " ", "SERBATOI_CODICE": "SB30", "DESCRIZIONE": " ", "PROV_ACQ": "Serbatoio Corsari", "DISTR_ACQ": "Acqualadrone", "ANNO_COSTR": 0.0, "CAPACITA_": 800.0, "QUOTA_slm": 0.0, "NUM_SERBAT": 0.0, "TIPOLOGIA_1": null, "IN_ESERCIZ": " ", "MIS_Q_IN": " ", "MIS_Q_OUT": " ", "DISINFEZIO": "NO", "DISIN_TIPO": " ", "STATO_CONS": 2.0, "TELEMETRIA": "SI", "SERBATOI_X": 548459.72, "SERBATOI_Y": 4238756.0899, "ACCESSIBIL": "facilmente accessibile", "CONDIZIONE": "manufatto necessita di manutenzione nella parte esterna: presenza di erbacce alte", "SICUREZZA": "porta chiusa con lucchetto, presenza di cancello principale e secondario", "NOTE_1": null, "LINK": "www.amam.it/gis/serbatoi/SB30/", "INT_URG": "1", "INT_PROGRA": " ", "LINK_2": "\\\\NAS-SERVER3\\Dati3\\AMAM\\_IMPIANTI\\IMPIANTI\\SERBATOI\\SE037_ACQUALADRONI_ok", "N_STRUMENTI_PORTATA": 2.0, "N_STRUMENTI_PRESSIONE": 0.0, "DISTRETTO": null, "SORGENTE_DATI": "RILIEVO" }, "geometry": { "type": "Point", "coordinates": [ 15.554179513653249, 38.295578104006246, 0.0 ] } },
{ "type": "Feature", "properties": { "COD_CESPITI": "SP_S02", "DENOMINAZIONE": "CORSARI", "ACCESSSO_TIPO": null, "A_INIZIO_ESERC": null, "TIPOLOGIA_COSTR": "c.a.", "CAPACITA": null, "N_VASCHE": null, "Q_MAX_PL": null, "Q_MIN_PL": null, "Q_FONDO": null, "STRUMENTI_M_POSIZIONE": null, "STRUMENTI_M_TIPO": null, "TELECONTROLLO": "SI", "RECINZIONE": null, "AUTOM_D_REAG": null, "NOTE": " ", "TIPOLOGIA": "ACCUMULO", "STATO_CONSERVAZIONE": 4, "STATO_FUNZIONALITA": 4, "COMUNE": "Messina", "N_CIV": null, "UTENTE_CREAZIONE": null, "DATA_INS": null, "OPERATORE": null, "DATA_AGG": null, "D_STATO": "Attivo/In esercizio", "IDGIS": null, "TIPO_DISINF": null, "VIA_DENOMINAZIONE": "CORSARI", "PSU": null, "GlobalID": "{24290653-3EBB-4642-BF6B-042944B75D53}", "fid_1_2": 48.0, "fid_1": 48.0, "COD_PRGA": " ", "COMPRENSOR": 8.0, "COD_GESTOR": "G0049", "SERBATOI_name": " ", "SERBATOI_CODICE": "SB25", "DESCRIZIONE": " ", "PROV_ACQ": "sorgive", "DISTR_ACQ": "Serbatoio Spartà e Acqualadrone", "ANNO_COSTR": 0.0, "CAPACITA_": 1000.0, "QUOTA_slm": 0.0, "NUM_SERBAT": 0.0, "TIPOLOGIA_1": null, "IN_ESERCIZ": " ", "MIS_Q_IN": " ", "MIS_Q_OUT": " ", "DISINFEZIO": "SI", "DISIN_TIPO": " ", "STATO_CONS": 3.0, "TELEMETRIA": "SI", "SERBATOI_X": 548328.10589999985, "SERBATOI_Y": 4238120.4155000001, "ACCESSIBIL": "facilmente accessibile", "CONDIZIONE": "manufatto in discrete condizioni", "SICUREZZA": "porta chiusa con lucchetto, presenza di cancello", "NOTE_1": null, "LINK": "www.amam.it/gis/serbatoi/SB25/", "INT_URG": " ", "INT_PROGRA": "Sistemare reti infissi", "LINK_2": "\\\\NAS-SERVER3\\Dati3\\AMAM\\_IMPIANTI\\IMPIANTI\\SERBATOI\\SE_CORSARI_ok", "N_STRUMENTI_PORTATA": 3.0, "N_STRUMENTI_PRESSIONE": 0.0, "DISTRETTO": "SI", "SORGENTE_DATI": "RILIEVO" }, "geometry": { "type": "Point", "coordinates": [ 15.552631006588038, 38.289856487774138, 0.0 ] } },
{ "type": "Feature", "properties": { "COD_CESPITI": "SP_S01", "DENOMINAZIONE": "SPARTA'", "ACCESSSO_TIPO": null, "A_INIZIO_ESERC": null, "TIPOLOGIA_COSTR": "c.a.", "CAPACITA": null, "N_VASCHE": null, "Q_MAX_PL": null, "Q_MIN_PL": null, "Q_FONDO": null, "STRUMENTI_M_POSIZIONE": null, "STRUMENTI_M_TIPO": null, "TELECONTROLLO": "SI", "RECINZIONE": null, "AUTOM_D_REAG": null, "NOTE": " ", "TIPOLOGIA": "ACCUMULO", "STATO_CONSERVAZIONE": 4, "STATO_FUNZIONALITA": 4, "COMUNE": "Messina", "N_CIV": null, "UTENTE_CREAZIONE": null, "DATA_INS": null, "OPERATORE": null, "DATA_AGG": null, "D_STATO": "Attivo/In esercizio", "IDGIS": null, "TIPO_DISINF": null, "VIA_DENOMINAZIONE": "SPARTA'", "PSU": null, "GlobalID": "{287B67C9-5741-49BD-8A4D-CD6BD6FEBF7C}", "fid_1_2": 49.0, "fid_1": 49.0, "COD_PRGA": "SE036", "COMPRENSOR": 8.0, "COD_GESTOR": "G0049", "SERBATOI_name": " ", "SERBATOI_CODICE": "SB83", "DESCRIZIONE": " ", "PROV_ACQ": "serbatoio Corsari", "DISTR_ACQ": "Sparta'", "ANNO_COSTR": 0.0, "CAPACITA_": 500.0, "QUOTA_slm": 0.0, "NUM_SERBAT": 0.0, "TIPOLOGIA_1": null, "IN_ESERCIZ": " ", "MIS_Q_IN": " ", "MIS_Q_OUT": " ", "DISINFEZIO": "NO", "DISIN_TIPO": " ", "STATO_CONS": 3.0, "TELEMETRIA": "SI", "SERBATOI_X": 548092.6314000003, "SERBATOI_Y": 4238099.6908, "ACCESSIBIL": "difficilmente accessibile", "CONDIZIONE": "manufatto in discrete condizioni", "SICUREZZA": "porta chiusa con lucchetto, presenza di cancello", "NOTE_1": null, "LINK": "www.amam.it/gis/serbatoi/SB83/", "INT_URG": " ", "INT_PROGRA": " ", "LINK_2": "\\\\NAS-SERVER3\\Dati3\\AMAM\\_IMPIANTI\\IMPIANTI\\SERBATOI\\SE036_SPARTA'_ok", "N_STRUMENTI_PORTATA": 3.0, "N_STRUMENTI_PRESSIONE": 0.0, "DISTRETTO": "SI", "SORGENTE_DATI": "RILIEVO" }, "geometry": { "type": "Point", "coordinates": [ 15.549937065473575, 38.2896823683961, 192.69999999999709 ] } },
{ "type": "Feature", "properties": { "COD_CESPITI": "SA_S01 ", "DENOMINAZIONE": "SALICE", "ACCESSSO_TIPO": null, "A_INIZIO_ESERC": null, "TIPOLOGIA_COSTR": "c.a.", "CAPACITA": null, "N_VASCHE": null, "Q_MAX_PL": null, "Q_MIN_PL": null, "Q_FONDO": null, "STRUMENTI_M_POSIZIONE": null, "STRUMENTI_M_TIPO": null, "TELECONTROLLO": "SI", "RECINZIONE": null, "AUTOM_D_REAG": null, "NOTE": " Zona Vasca non accessibile (porta chiusa a chiave)", "TIPOLOGIA": "ACCUMULO", "STATO_CONSERVAZIONE": 4, "STATO_FUNZIONALITA": 4, "COMUNE": "Messina", "N_CIV": null, "UTENTE_CREAZIONE": null, "DATA_INS": null, "OPERATORE": null, "DATA_AGG": null, "D_STATO": "Attivo/In esercizio", "IDGIS": null, "TIPO_DISINF": null, "VIA_DENOMINAZIONE": "SALICE", "PSU": null, "GlobalID": "{21B4B276-CA72-4C2E-AE00-7A6F32BF5EAD}", "fid_1_2": 50.0, "fid_1": 50.0, "COD_PRGA": "SE046", "COMPRENSOR": 8.0, "COD_GESTOR": "G0049", "SERBATOI_name": " ", "SERBATOI_CODICE": "SB82", "DESCRIZIONE": " ", "PROV_ACQ": "pozzo D'Anna e Rizzina", "DISTR_ACQ": "Salice", "ANNO_COSTR": 0.0, "CAPACITA_": 100.0, "QUOTA_slm": 269.0, "NUM_SERBAT": 0.0, "TIPOLOGIA_1": null, "IN_ESERCIZ": " ", "MIS_Q_IN": " ", "MIS_Q_OUT": " ", "DISINFEZIO": "SI", "DISIN_TIPO": " ", "STATO_CONS": 3.0, "TELEMETRIA": "SI", "SERBATOI_X": 543622.9963999996, "SERBATOI_Y": 4233670.1427999996, "ACCESSIBIL": "difficilmente accessibile: strada tortuosa e sterrata", "CONDIZIONE": "manufatto in buone condizioni, erbacce all'esterno - necessari interventi di manutenzione intonaci interni", "SICUREZZA": "porta e cancello chiusi con lucchetto - occorre installare reti anti roditori negli scarichi acqua", "NOTE_1": null, "LINK": "www.amam.it/gis/serbatoi/SB82/", "INT_URG": "Installre reti antinroditori negli scarichi. Tappare ogni foro di ingresso al vano botole", "INT_PROGRA": "Programmare ripristino intonaci interni. Installare sportello quadro contatore", "LINK_2": "\\\\NAS-SERVER3\\Dati3\\AMAM\\_IMPIANTI\\IMPIANTI\\SERBATOI\\SE_SALICE_ok", "N_STRUMENTI_PORTATA": 2.0, "N_STRUMENTI_PRESSIONE": 0.0, "DISTRETTO": "SI", "SORGENTE_DATI": "RILIEVO" }, "geometry": { "type": "Point", "coordinates": [ 15.498555893503832, 38.24999109107528, 0.0 ] } },
{ "type": "Feature", "properties": { "COD_CESPITI": null, "DENOMINAZIONE": "PORTELLA", "ACCESSSO_TIPO": null, "A_INIZIO_ESERC": null, "TIPOLOGIA_COSTR": "c.a.", "CAPACITA": null, "N_VASCHE": null, "Q_MAX_PL": null, "Q_MIN_PL": null, "Q_FONDO": null, "STRUMENTI_M_POSIZIONE": null, "STRUMENTI_M_TIPO": null, "TELECONTROLLO": "SI", "RECINZIONE": null, "AUTOM_D_REAG": null, "NOTE": " ", "TIPOLOGIA": "ACCUMULO", "STATO_CONSERVAZIONE": 4, "STATO_FUNZIONALITA": 4, "COMUNE": "Messina", "N_CIV": null, "UTENTE_CREAZIONE": null, "DATA_INS": null, "OPERATORE": null, "DATA_AGG": null, "D_STATO": "Attivo/In esercizio", "IDGIS": null, "TIPO_DISINF": null, "VIA_DENOMINAZIONE": "PORTELLA", "PSU": null, "GlobalID": "{65AE7E8D-59EE-4C91-A0BA-B623CC67C46B}", "fid_1_2": 51.0, "fid_1": 51.0, "COD_PRGA": "SE010", "COMPRENSOR": 8.0, "COD_GESTOR": "G0049", "SERBATOI_name": " ", "SERBATOI_CODICE": "SB23", "DESCRIZIONE": " ", "PROV_ACQ": "Pompa Pisciotto", "DISTR_ACQ": "Serbatoi Orbo, S. Rizzo", "ANNO_COSTR": 0.0, "CAPACITA_": 2000.0, "QUOTA_slm": 483.0, "NUM_SERBAT": 0.0, "TIPOLOGIA_1": null, "IN_ESERCIZ": " ", "MIS_Q_IN": " ", "MIS_Q_OUT": " ", "DISINFEZIO": "NO", "DISIN_TIPO": " ", "STATO_CONS": 0.0, "TELEMETRIA": "SI", "SERBATOI_X": 546138.87, "SERBATOI_Y": 4232286.0899, "ACCESSIBIL": "difficilmente accessibile: strada asfaltata ma tortuosa e con forte pendenza", "CONDIZIONE": " ", "SICUREZZA": "cancello e recinzione, porta con lucchetto", "NOTE_1": null, "LINK": "www.amam.it/gis/serbatoi/SB23/", "INT_URG": " ", "INT_PROGRA": " ", "LINK_2": " ", "N_STRUMENTI_PORTATA": 3.0, "N_STRUMENTI_PRESSIONE": 0.0, "DISTRETTO": null, "SORGENTE_DATI": "RILIEVO" }, "geometry": { "type": "Point", "coordinates": [ 15.527217968358114, 38.23739214143248, 0.0 ] } },
{ "type": "Feature", "properties": { "COD_CESPITI": null, "DENOMINAZIONE": "S. RIZZO", "ACCESSSO_TIPO": null, "A_INIZIO_ESERC": null, "TIPOLOGIA_COSTR": "c.a.", "CAPACITA": null, "N_VASCHE": null, "Q_MAX_PL": null, "Q_MIN_PL": null, "Q_FONDO": null, "STRUMENTI_M_POSIZIONE": null, "STRUMENTI_M_TIPO": null, "TELECONTROLLO": "SI", "RECINZIONE": null, "AUTOM_D_REAG": null, "NOTE": " ", "TIPOLOGIA": "ACCUMULO", "STATO_CONSERVAZIONE": 4, "STATO_FUNZIONALITA": 4, "COMUNE": "Messina", "N_CIV": null, "UTENTE_CREAZIONE": null, "DATA_INS": null, "OPERATORE": null, "DATA_AGG": null, "D_STATO": "Attivo/In esercizio", "IDGIS": null, "TIPO_DISINF": null, "VIA_DENOMINAZIONE": "S. RIZZO", "PSU": null, "GlobalID": "{9B497A91-B3C8-4EFE-AE84-8D0CFD26F50F}", "fid_1_2": 52.0, "fid_1": 52.0, "COD_PRGA": "SE047", "COMPRENSOR": 8.0, "COD_GESTOR": "G0049", "SERBATOI_name": " ", "SERBATOI_CODICE": "SB49", "DESCRIZIONE": " ", "PROV_ACQ": "Sorgive e serbatoio Portella", "DISTR_ACQ": "Centro neurolesi e zona Reginelle", "ANNO_COSTR": 0.0, "CAPACITA_": 100.0, "QUOTA_slm": 487.0, "NUM_SERBAT": 0.0, "TIPOLOGIA_1": null, "IN_ESERCIZ": " ", "MIS_Q_IN": " ", "MIS_Q_OUT": " ", "DISINFEZIO": "SI", "DISIN_TIPO": " ", "STATO_CONS": 4.0, "TELEMETRIA": "SI", "SERBATOI_X": 544358.2, "SERBATOI_Y": 4230046.5398999993, "ACCESSIBIL": "difficilmente accessibile: strada tortuosa, ripida e sterrata", "CONDIZIONE": "manufatto in buone condizioni", "SICUREZZA": "sbarra all'ingresso e porta con lucchetto", "NOTE_1": null, "LINK": "www.amam.it/gis/serbatoi/SB49/", "INT_URG": "Manutenzione botole serbatoi", "INT_PROGRA": " ", "LINK_2": " ", "N_STRUMENTI_PORTATA": 4.0, "N_STRUMENTI_PRESSIONE": 0.0, "DISTRETTO": null, "SORGENTE_DATI": "RILIEVO" }, "geometry": { "type": "Point", "coordinates": [ 15.506731375908293, 38.217298508352911, 0.0 ] } },
{ "type": "Feature", "properties": { "COD_CESPITI": "MGV_S02", "DENOMINAZIONE": "MASSA S. LUCIA", "ACCESSSO_TIPO": null, "A_INIZIO_ESERC": null, "TIPOLOGIA_COSTR": "c.a.", "CAPACITA": null, "N_VASCHE": null, "Q_MAX_PL": null, "Q_MIN_PL": null, "Q_FONDO": null, "STRUMENTI_M_POSIZIONE": null, "STRUMENTI_M_TIPO": null, "TELECONTROLLO": "SI", "RECINZIONE": null, "AUTOM_D_REAG": null, "NOTE": " serve la chiave della prima porta si accede attraverso un cancello di un privato si sono lamentati perché dovremmo avere noi le chiavi", "TIPOLOGIA": "ACCUMULO", "STATO_CONSERVAZIONE": 4, "STATO_FUNZIONALITA": 4, "COMUNE": "Messina", "N_CIV": null, "UTENTE_CREAZIONE": null, "DATA_INS": null, "OPERATORE": null, "DATA_AGG": null, "D_STATO": "Attivo/In esercizio", "IDGIS": null, "TIPO_DISINF": null, "VIA_DENOMINAZIONE": "MASSA S. LUCIA", "PSU": null, "GlobalID": "{F8292D14-682F-46D2-B264-8ECF7F1EAC75}", "fid_1_2": 53.0, "fid_1": 53.0, "COD_PRGA": "SE043", "COMPRENSOR": 8.0, "COD_GESTOR": "G0049", "SERBATOI_name": " ", "SERBATOI_CODICE": "SB70", "DESCRIZIONE": " ", "PROV_ACQ": "Ripartitore Campo Italia", "DISTR_ACQ": "Massa S. Lucia", "ANNO_COSTR": 0.0, "CAPACITA_": 100.0, "QUOTA_slm": 338.0, "NUM_SERBAT": 0.0, "TIPOLOGIA_1": null, "IN_ESERCIZ": " ", "MIS_Q_IN": " ", "MIS_Q_OUT": " ", "DISINFEZIO": "NO", "DISIN_TIPO": " ", "STATO_CONS": 3.0, "TELEMETRIA": "SI", "SERBATOI_X": 547420.66, "SERBATOI_Y": 4235202.8099000007, "ACCESSIBIL": "buona accessibilit?Ã¡: da cancello privato", "CONDIZIONE": "interno non intonacato, erbacce all'esterno", "SICUREZZA": "cancello e porta con lucchetto", "NOTE_1": null, "LINK": "www.amam.it/gis/serbatoi/SB70/", "INT_URG": " ", "INT_PROGRA": " ", "LINK_2": " ", "N_STRUMENTI_PORTATA": null, "N_STRUMENTI_PRESSIONE": null, "DISTRETTO": null, "SORGENTE_DATI": "RILIEVO" }, "geometry": { "type": "Point", "coordinates": [ 15.542059291110801, 38.263611240944542, 0.0 ] } },
{ "type": "Feature", "properties": { "COD_CESPITI": "MGV_S01", "DENOMINAZIONE": "MASSA S. GIOVANNI", "ACCESSSO_TIPO": null, "A_INIZIO_ESERC": null, "TIPOLOGIA_COSTR": "c.a.", "CAPACITA": null, "N_VASCHE": null, "Q_MAX_PL": null, "Q_MIN_PL": null, "Q_FONDO": null, "STRUMENTI_M_POSIZIONE": null, "STRUMENTI_M_TIPO": null, "TELECONTROLLO": "SI", "RECINZIONE": null, "AUTOM_D_REAG": null, "NOTE": " ", "TIPOLOGIA": "ACCUMULO", "STATO_CONSERVAZIONE": 4, "STATO_FUNZIONALITA": 4, "COMUNE": "Messina", "N_CIV": null, "UTENTE_CREAZIONE": null, "DATA_INS": null, "OPERATORE": null, "DATA_AGG": null, "D_STATO": "Attivo/In esercizio", "IDGIS": null, "TIPO_DISINF": null, "VIA_DENOMINAZIONE": "MASSA S. GIOVANNI", "PSU": null, "GlobalID": "{4AD425D9-3678-40B4-B942-AD621B5DDF53}", "fid_1_2": 54.0, "fid_1": 54.0, "COD_PRGA": "SE042", "COMPRENSOR": 8.0, "COD_GESTOR": "G0049", "SERBATOI_name": " ", "SERBATOI_CODICE": "SB69", "DESCRIZIONE": " ", "PROV_ACQ": "Ripartitore campo Italia", "DISTR_ACQ": "Massa S. Giovanni", "ANNO_COSTR": 0.0, "CAPACITA_": 50.0, "QUOTA_slm": 338.0, "NUM_SERBAT": 0.0, "TIPOLOGIA_1": null, "IN_ESERCIZ": " ", "MIS_Q_IN": " ", "MIS_Q_OUT": " ", "DISINFEZIO": "NO", "DISIN_TIPO": " ", "STATO_CONS": 3.0, "TELEMETRIA": "SI", "SERBATOI_X": 547413.75, "SERBATOI_Y": 4235206.6198999994, "ACCESSIBIL": "buona accessibilit?Ã¡: da cancello privato e cunicolo da Serbatoio Massa S. Lucia", "CONDIZIONE": "interno non intonacato, erbacce all'esterno", "SICUREZZA": "cancello e porta con lucchetto", "NOTE_1": null, "LINK": "www.amam.it/gis/serbatoi/SB69/", "INT_URG": " ", "INT_PROGRA": " ", "LINK_2": " ", "N_STRUMENTI_PORTATA": null, "N_STRUMENTI_PRESSIONE": null, "DISTRETTO": null, "SORGENTE_DATI": "RILIEVO" }, "geometry": { "type": "Point", "coordinates": [ 15.541980562202625, 38.263645941843848, 0.0 ] } },
{ "type": "Feature", "properties": { "COD_CESPITI": "MGO_S01", "DENOMINAZIONE": "MASSA S. GIORGIO", "ACCESSSO_TIPO": null, "A_INIZIO_ESERC": null, "TIPOLOGIA_COSTR": "c.a.", "CAPACITA": null, "N_VASCHE": null, "Q_MAX_PL": null, "Q_MIN_PL": null, "Q_FONDO": null, "STRUMENTI_M_POSIZIONE": null, "STRUMENTI_M_TIPO": null, "TELECONTROLLO": "SI", "RECINZIONE": null, "AUTOM_D_REAG": null, "NOTE": "Una distribuzione principale e una piccolina, un arrivo dal serbatoio castanea orbo", "TIPOLOGIA": "ACCUMULO", "STATO_CONSERVAZIONE": 4, "STATO_FUNZIONALITA": 4, "COMUNE": "Messina", "N_CIV": null, "UTENTE_CREAZIONE": null, "DATA_INS": null, "OPERATORE": null, "DATA_AGG": null, "D_STATO": "Attivo/In esercizio", "IDGIS": null, "TIPO_DISINF": null, "VIA_DENOMINAZIONE": "MASSA S. GIORGIO", "PSU": null, "GlobalID": "{90AC005E-5713-4C1F-94E4-D884A62007DC}", "fid_1_2": 55.0, "fid_1": 55.0, "COD_PRGA": "SE044", "COMPRENSOR": 8.0, "COD_GESTOR": "G0049", "SERBATOI_name": " ", "SERBATOI_CODICE": "SB68", "DESCRIZIONE": " ", "PROV_ACQ": "Serbatoio Castanea-Orbo", "DISTR_ACQ": "Massa S Giorgio", "ANNO_COSTR": 0.0, "CAPACITA_": 50.0, "QUOTA_slm": 293.0, "NUM_SERBAT": 0.0, "TIPOLOGIA_1": null, "IN_ESERCIZ": " ", "MIS_Q_IN": " ", "MIS_Q_OUT": " ", "DISINFEZIO": "SI", "DISIN_TIPO": " ", "STATO_CONS": 3.0, "TELEMETRIA": "SI", "SERBATOI_X": 546631.79, "SERBATOI_Y": 4236065.2199000008, "ACCESSIBIL": "facilmente accessibile", "CONDIZIONE": "buone condizioni all'esterno, interni angusti", "SICUREZZA": "porta con lucchetto", "NOTE_1": null, "LINK": "www.amam.it/gis/serbatoi/SB68/", "INT_URG": " ", "INT_PROGRA": " ", "LINK_2": null, "N_STRUMENTI_PORTATA": null, "N_STRUMENTI_PRESSIONE": null, "DISTRETTO": "SI", "SORGENTE_DATI": "RILIEVO" }, "geometry": { "type": "Point", "coordinates": [ 15.533098992766293, 38.271424671433351, 0.0 ] } },
{ "type": "Feature", "properties": { "COD_CESPITI": "GL_S01", "DENOMINAZIONE": "GESSO LOCANDA", "ACCESSSO_TIPO": "Carrabile impervia", "A_INIZIO_ESERC": null, "TIPOLOGIA_COSTR": "c.a.", "CAPACITA": null, "N_VASCHE": null, "Q_MAX_PL": null, "Q_MIN_PL": null, "Q_FONDO": null, "STRUMENTI_M_POSIZIONE": null, "STRUMENTI_M_TIPO": null, "TELECONTROLLO": "SI", "RECINZIONE": null, "AUTOM_D_REAG": null, "NOTE": "non collegato alla telemetria ma si autogestisce con il timer -  installare sportello box contatore Enel - smaltire alcuni materiali. Dubbio su misura", "TIPOLOGIA": "ACCUMULO", "STATO_CONSERVAZIONE": 4, "STATO_FUNZIONALITA": 4, "COMUNE": "Messina", "N_CIV": null, "UTENTE_CREAZIONE": null, "DATA_INS": null, "OPERATORE": null, "DATA_AGG": null, "D_STATO": "Attivo/In esercizio", "IDGIS": null, "TIPO_DISINF": null, "VIA_DENOMINAZIONE": "GESSO LOCANDA", "PSU": null, "GlobalID": "{0C79DEC9-2B1A-4F0B-80B0-45391ED3453D}", "fid_1_2": 56.0, "fid_1": 56.0, "COD_PRGA": " ", "COMPRENSOR": 8.0, "COD_GESTOR": "G0049", "SERBATOI_name": " ", "SERBATOI_CODICE": "SB63", "DESCRIZIONE": " ", "PROV_ACQ": "sorgive", "DISTR_ACQ": "Gesso", "ANNO_COSTR": 0.0, "CAPACITA_": 150.0, "QUOTA_slm": 320.0, "NUM_SERBAT": 0.0, "TIPOLOGIA_1": null, "IN_ESERCIZ": " ", "MIS_Q_IN": " ", "MIS_Q_OUT": " ", "DISINFEZIO": "SI", "DISIN_TIPO": " ", "STATO_CONS": 4.0, "TELEMETRIA": "NO", "SERBATOI_X": 543520.50850000046, "SERBATOI_Y": 4231346.8388, "ACCESSIBIL": "facilmente accessibile: strada sterrata", "CONDIZIONE": "manufatto in buone condizioni", "SICUREZZA": "porta con lucchetto e presenza di cancello con lucchetto - BOTOLA APERTA CON PROBABILE INGRESSO NELLA VASCA DI SPORCO, ANIMALI, ECC.", "NOTE_1": null, "LINK": "www.amam.it/gis/serbatoi/SB63/", "INT_URG": "Installare urgentemente botola del serbatoio - PROBABILE ACCESSO RODITORI", "INT_PROGRA": " ", "LINK_2": "\\\\NAS-SERVER3\\Dati3\\AMAM\\_IMPIANTI\\IMPIANTI\\SERBATOI\\SE_GESSO LOCANDA_ok", "N_STRUMENTI_PORTATA": 1.0, "N_STRUMENTI_PRESSIONE": 0.0, "DISTRETTO": "SI", "SORGENTE_DATI": "RILIEVO" }, "geometry": { "type": "Point", "coordinates": [ 15.497241999880707, 38.22905800078604, 380.80000000000291 ] } },
{ "type": "Feature", "properties": { "COD_CESPITI": "GE_S01", "DENOMINAZIONE": "GESSO", "ACCESSSO_TIPO": null, "A_INIZIO_ESERC": null, "TIPOLOGIA_COSTR": "c.a.", "CAPACITA": null, "N_VASCHE": null, "Q_MAX_PL": null, "Q_MIN_PL": null, "Q_FONDO": null, "STRUMENTI_M_POSIZIONE": null, "STRUMENTI_M_TIPO": null, "TELECONTROLLO": "SI", "RECINZIONE": null, "AUTOM_D_REAG": null, "NOTE": "Consigliata sigillatura foro accesso tubo clorazione", "TIPOLOGIA": "ACCUMULO", "STATO_CONSERVAZIONE": 4, "STATO_FUNZIONALITA": 4, "COMUNE": "Messina", "N_CIV": null, "UTENTE_CREAZIONE": null, "DATA_INS": null, "OPERATORE": null, "DATA_AGG": null, "D_STATO": "Attivo/In esercizio", "IDGIS": null, "TIPO_DISINF": null, "VIA_DENOMINAZIONE": "GESSO", "PSU": null, "GlobalID": "{59C5C457-93E5-40F2-8428-575FF31E33CE}", "fid_1_2": 57.0, "fid_1": 57.0, "COD_PRGA": "SE048", "COMPRENSOR": 8.0, "COD_GESTOR": "G0049", "SERBATOI_name": " ", "SERBATOI_CODICE": "SB62", "DESCRIZIONE": " ", "PROV_ACQ": "sorgive", "DISTR_ACQ": "Gesso", "ANNO_COSTR": 0.0, "CAPACITA_": 150.0, "QUOTA_slm": 303.0, "NUM_SERBAT": 0.0, "TIPOLOGIA_1": null, "IN_ESERCIZ": " ", "MIS_Q_IN": " ", "MIS_Q_OUT": " ", "DISINFEZIO": "SI", "DISIN_TIPO": " ", "STATO_CONS": 4.0, "TELEMETRIA": "SI", "SERBATOI_X": 541506.23560000025, "SERBATOI_Y": 4231767.0194000006, "ACCESSIBIL": "difficilmente accessibile: strada tortuosa e sterrata", "CONDIZIONE": "buone", "SICUREZZA": "cancello privato, porta chiusa con lucchetto", "NOTE_1": null, "LINK": "www.amam.it/gis/serbatoi/SB62/", "INT_URG": " ", "INT_PROGRA": " ", "LINK_2": "\\\\NAS-SERVER3\\Dati3\\AMAM\\_IMPIANTI\\IMPIANTI\\SERBATOI\\SE_GESSO_ok", "N_STRUMENTI_PORTATA": 2.0, "N_STRUMENTI_PRESSIONE": 0.0, "DISTRETTO": "SI", "SORGENTE_DATI": "RILIEVO" }, "geometry": { "type": "Point", "coordinates": [ 15.474253333896502, 38.232940001508922, 368.19999999999709 ] } },
{ "type": "Feature", "properties": { "COD_CESPITI": "OR_S01", "DENOMINAZIONE": "ORTOLIUZZO", "ACCESSSO_TIPO": null, "A_INIZIO_ESERC": null, "TIPOLOGIA_COSTR": "c.a.", "CAPACITA": null, "N_VASCHE": null, "Q_MAX_PL": null, "Q_MIN_PL": null, "Q_FONDO": null, "STRUMENTI_M_POSIZIONE": null, "STRUMENTI_M_TIPO": null, "TELECONTROLLO": "SI", "RECINZIONE": null, "AUTOM_D_REAG": null, "NOTE": "troppo pieno - occorre scerbatura aree esterne", "TIPOLOGIA": "ACCUMULO", "STATO_CONSERVAZIONE": 4, "STATO_FUNZIONALITA": 4, "COMUNE": "Messina", "N_CIV": null, "UTENTE_CREAZIONE": null, "DATA_INS": null, "OPERATORE": null, "DATA_AGG": null, "D_STATO": "Attivo/In esercizio", "IDGIS": null, "TIPO_DISINF": null, "VIA_DENOMINAZIONE": "ORTOLIUZZO", "PSU": null, "GlobalID": "{FC4721E6-7099-463B-ABC3-2FCB210ECA3D}", "fid_1_2": 58.0, "fid_1": 58.0, "COD_PRGA": "SE030", "COMPRENSOR": 8.0, "COD_GESTOR": "G0049", "SERBATOI_name": " ", "SERBATOI_CODICE": "SB74", "DESCRIZIONE": " ", "PROV_ACQ": "Pozzo Tarantonio", "DISTR_ACQ": "Ortoliuzzo", "ANNO_COSTR": 0.0, "CAPACITA_": 100.0, "QUOTA_slm": 84.0, "NUM_SERBAT": 0.0, "TIPOLOGIA_1": null, "IN_ESERCIZ": " ", "MIS_Q_IN": " ", "MIS_Q_OUT": " ", "DISINFEZIO": "SI", "DISIN_TIPO": " ", "STATO_CONS": 3.0, "TELEMETRIA": "SI", "SERBATOI_X": 540688.85, "SERBATOI_Y": 4234341.4099000003, "ACCESSIBIL": "difficilmente accessibile: strada tortuosa e sterrata (privata)", "CONDIZIONE": "manufatto in discrete condizioni, ebacce all'esterno", "SICUREZZA": "cancello privato automatico, porta con lucchetto", "NOTE_1": null, "LINK": "www.amam.it/gis/serbatoi/SB74/", "INT_URG": " ", "INT_PROGRA": " ", "LINK_2": "\\\\NAS-SERVER3\\Dati3\\AMAM\\_IMPIANTI\\IMPIANTI\\SERBATOI\\SE_ORTOLIUZZO_ok", "N_STRUMENTI_PORTATA": 2.0, "N_STRUMENTI_PRESSIONE": 0.0, "DISTRETTO": "SI", "SORGENTE_DATI": "RILIEVO" }, "geometry": { "type": "Point", "coordinates": [ 15.465061907438711, 38.256178355428297, 0.0 ] } },
{ "type": "Feature", "properties": { "COD_CESPITI": "SS_S01", "DENOMINAZIONE": "S. SABA S. FILIPPO", "ACCESSSO_TIPO": null, "A_INIZIO_ESERC": null, "TIPOLOGIA_COSTR": "c.a.", "CAPACITA": null, "N_VASCHE": null, "Q_MAX_PL": null, "Q_MIN_PL": null, "Q_FONDO": null, "STRUMENTI_M_POSIZIONE": null, "STRUMENTI_M_TIPO": null, "TELECONTROLLO": "SI", "RECINZIONE": null, "AUTOM_D_REAG": null, "NOTE": " ", "TIPOLOGIA": "ACCUMULO", "STATO_CONSERVAZIONE": 4, "STATO_FUNZIONALITA": 4, "COMUNE": "Messina", "N_CIV": null, "UTENTE_CREAZIONE": null, "DATA_INS": null, "OPERATORE": null, "DATA_AGG": null, "D_STATO": "Attivo/In esercizio", "IDGIS": null, "TIPO_DISINF": null, "VIA_DENOMINAZIONE": "S. SABA S. FILIPPO", "PSU": null, "GlobalID": "{4BF61742-08E5-4FC5-BDAF-D4E4AFA2AC81}", "fid_1_2": 59.0, "fid_1": 59.0, "COD_PRGA": "SE034", "COMPRENSOR": 8.0, "COD_GESTOR": "G0049", "SERBATOI_name": " ", "SERBATOI_CODICE": "SB79", "DESCRIZIONE": " ", "PROV_ACQ": "Pompa rilancio torrente Marmora", "DISTR_ACQ": "S Filippo e S. Saba", "ANNO_COSTR": 0.0, "CAPACITA_": 100.0, "QUOTA_slm": 97.0, "NUM_SERBAT": 0.0, "TIPOLOGIA_1": null, "IN_ESERCIZ": " ", "MIS_Q_IN": " ", "MIS_Q_OUT": " ", "DISINFEZIO": "SI", "DISIN_TIPO": " ", "STATO_CONS": 4.0, "TELEMETRIA": "SI", "SERBATOI_X": 543909.09, "SERBATOI_Y": 4237044.8099000007, "ACCESSIBIL": "discreta accessibilitÃ¡: strada ripida e tortuosa ma asfaltata", "CONDIZIONE": "buone condizioni sia all'interno che all'esterno", "SICUREZZA": "recinzione, cancello e porta con lucchetto - porta vano botola priva di pannello - botola aperta, PROBABILE CADUTA IN VASCA DI TERRA ED INGRESSO DI RODITORI ED INSETTI", "NOTE_1": null, "LINK": "www.amam.it/gis/serbatoi/SB79/", "INT_URG": "Installare pannello porta vano botola. Verificare chiusura stagna della botola", "INT_PROGRA": "Prevedere scerbatura aree esterna", "LINK_2": "\\\\NAS-SERVER3\\Dati3\\AMAM\\_IMPIANTI\\IMPIANTI\\SERBATOI\\SE034_S.SABA_ok", "N_STRUMENTI_PORTATA": 2.0, "N_STRUMENTI_PRESSIONE": 0.0, "DISTRETTO": "SI", "SORGENTE_DATI": "RILIEVO" }, "geometry": { "type": "Point", "coordinates": [ 15.502034752711694, 38.280390146639121, 0.0 ] } },
{ "type": "Feature", "properties": { "COD_CESPITI": "CA_S01", "DENOMINAZIONE": "CALAMONA", "ACCESSSO_TIPO": null, "A_INIZIO_ESERC": null, "TIPOLOGIA_COSTR": "c.a.", "CAPACITA": null, "N_VASCHE": null, "Q_MAX_PL": null, "Q_MIN_PL": null, "Q_FONDO": null, "STRUMENTI_M_POSIZIONE": null, "STRUMENTI_M_TIPO": null, "TELECONTROLLO": "SI", "RECINZIONE": null, "AUTOM_D_REAG": null, "NOTE": "autoclave per distribuzione parte superiore; non collegato alla telemetria ma si autogestisce con il timer", "TIPOLOGIA": "ACCUMULO", "STATO_CONSERVAZIONE": 4, "STATO_FUNZIONALITA": 4, "COMUNE": "Messina", "N_CIV": null, "UTENTE_CREAZIONE": null, "DATA_INS": null, "OPERATORE": null, "DATA_AGG": null, "D_STATO": "Attivo/In esercizio", "IDGIS": null, "TIPO_DISINF": null, "VIA_DENOMINAZIONE": "CALAMONA", "PSU": null, "GlobalID": "{A19AEB77-1452-4259-AB4C-9C2FE774B39D}", "fid_1_2": 60.0, "fid_1": 60.0, "COD_PRGA": " ", "COMPRENSOR": 8.0, "COD_GESTOR": "G0049", "SERBATOI_name": " ", "SERBATOI_CODICE": "SB55", "DESCRIZIONE": " ", "PROV_ACQ": "Serbatoio Piano Torre", "DISTR_ACQ": "Calamona", "ANNO_COSTR": 0.0, "CAPACITA_": 0.0, "QUOTA_slm": 127.0, "NUM_SERBAT": 0.0, "TIPOLOGIA_1": null, "IN_ESERCIZ": " ", "MIS_Q_IN": " ", "MIS_Q_OUT": " ", "DISINFEZIO": "SI", "DISIN_TIPO": " ", "STATO_CONS": 3.0, "TELEMETRIA": "NO", "SERBATOI_X": 545148.27, "SERBATOI_Y": 4237398.2399000004, "ACCESSIBIL": "difficilmente accessibile: strada tortuosa, ripida e sterrata", "CONDIZIONE": "manufatto necessita di manutenzione nella parte esterna, erbacce alte", "SICUREZZA": "no cancello", "NOTE_1": null, "LINK": "www.amam.it/gis/serbatoi/SB55/", "INT_URG": " ", "INT_PROGRA": " ", "LINK_2": "\\\\NAS-SERVER3\\Dati3\\AMAM\\_IMPIANTI\\IMPIANTI\\SERBATOI\\SE_CALAMONA_ok", "N_STRUMENTI_PORTATA": 3.0, "N_STRUMENTI_PRESSIONE": 1.0, "DISTRETTO": "SI", "SORGENTE_DATI": "RILIEVO" }, "geometry": { "type": "Point", "coordinates": [ 15.516224953710381, 38.283513815409655, 0.0 ] } },
{ "type": "Feature", "properties": { "COD_CESPITI": "PI_S01", "DENOMINAZIONE": "PIANO TORRE", "ACCESSSO_TIPO": "Carrabile agevole", "A_INIZIO_ESERC": null, "TIPOLOGIA_COSTR": "c.a.", "CAPACITA": null, "N_VASCHE": null, "Q_MAX_PL": null, "Q_MIN_PL": null, "Q_FONDO": null, "STRUMENTI_M_POSIZIONE": null, "STRUMENTI_M_TIPO": null, "TELECONTROLLO": "SI", "RECINZIONE": null, "AUTOM_D_REAG": null, "NOTE": "autoclave per distribuzione parte superiore", "TIPOLOGIA": "ACCUMULO", "STATO_CONSERVAZIONE": 4, "STATO_FUNZIONALITA": 4, "COMUNE": "Messina", "N_CIV": null, "UTENTE_CREAZIONE": null, "DATA_INS": null, "OPERATORE": null, "DATA_AGG": null, "D_STATO": "Attivo/In esercizio", "IDGIS": null, "TIPO_DISINF": null, "VIA_DENOMINAZIONE": "PIANO TORRE", "PSU": null, "GlobalID": "{A5E8C1F9-B31E-4868-8AC7-4F43236B89E7}", "fid_1_2": 61.0, "fid_1": 61.0, "COD_PRGA": "SE035", "COMPRENSOR": 8.0, "COD_GESTOR": "G0049", "SERBATOI_name": " ", "SERBATOI_CODICE": "SB76", "DESCRIZIONE": " ", "PROV_ACQ": "Serbatoio Spart��", "DISTR_ACQ": "Piano Torre", "ANNO_COSTR": 0.0, "CAPACITA_": 100.0, "QUOTA_slm": 125.0, "NUM_SERBAT": 0.0, "TIPOLOGIA_1": null, "IN_ESERCIZ": " ", "MIS_Q_IN": " ", "MIS_Q_OUT": " ", "DISINFEZIO": "NO", "DISIN_TIPO": " ", "STATO_CONS": 3.0, "TELEMETRIA": "SI", "SERBATOI_X": 545818.17, "SERBATOI_Y": 4238027.9899000004, "ACCESSIBIL": "media accessibilita strada stretta ma asfaltata", "CONDIZIONE": "manufatto in discrete condizioni, erbacce all'esterno", "SICUREZZA": "recinzione, cancello e porta con lucchetto", "NOTE_1": null, "LINK": "www.amam.it/gis/serbatoi/SB76/", "INT_URG": " ", "INT_PROGRA": " ", "LINK_2": "\\\\NAS-SERVER3\\Dati3\\AMAM\\_IMPIANTI\\IMPIANTI\\SERBATOI\\SE035_PIANOTORRE_ok", "N_STRUMENTI_PORTATA": 3.0, "N_STRUMENTI_PRESSIONE": 0.0, "DISTRETTO": "SI", "SORGENTE_DATI": "RILIEVO" }, "geometry": { "type": "Point", "coordinates": [ 15.523925086711415, 38.289155223021531, 0.0 ] } },
{ "type": "Feature", "properties": { "COD_CESPITI": "CAS_S01", "DENOMINAZIONE": "CASTANEA ORBO", "ACCESSSO_TIPO": null, "A_INIZIO_ESERC": null, "TIPOLOGIA_COSTR": "c.a.", "CAPACITA": null, "N_VASCHE": null, "Q_MAX_PL": null, "Q_MIN_PL": null, "Q_FONDO": null, "STRUMENTI_M_POSIZIONE": null, "STRUMENTI_M_TIPO": null, "TELECONTROLLO": "SI", "RECINZIONE": null, "AUTOM_D_REAG": null, "NOTE": " ", "TIPOLOGIA": "ACCUMULO", "STATO_CONSERVAZIONE": 4, "STATO_FUNZIONALITA": 4, "COMUNE": "Messina", "N_CIV": null, "UTENTE_CREAZIONE": null, "DATA_INS": null, "OPERATORE": null, "DATA_AGG": null, "D_STATO": "Attivo/In esercizio", "IDGIS": null, "TIPO_DISINF": null, "VIA_DENOMINAZIONE": "CASTANEA ORBO", "PSU": null, "GlobalID": "{35AA54C8-30DB-4675-B917-3BDA0140146D}", "fid_1_2": 62.0, "fid_1": 62.0, "COD_PRGA": "SE045", "COMPRENSOR": 8.0, "COD_GESTOR": "G0049", "SERBATOI_name": " ", "SERBATOI_CODICE": "SB31", "DESCRIZIONE": " ", "PROV_ACQ": "Serbatoio Portella", "DISTR_ACQ": "Castanea, Masse", "ANNO_COSTR": 0.0, "CAPACITA_": 800.0, "QUOTA_slm": 450.0, "NUM_SERBAT": 0.0, "TIPOLOGIA_1": null, "IN_ESERCIZ": " ", "MIS_Q_IN": " ", "MIS_Q_OUT": " ", "DISINFEZIO": "SI", "DISIN_TIPO": " ", "STATO_CONS": 4.0, "TELEMETRIA": "SI", "SERBATOI_X": 546005.09, "SERBATOI_Y": 4233797.9699000008, "ACCESSIBIL": "facilmente accessibile", "CONDIZIONE": "manufatto in buone condizioni - consigliata manutenzione porta esterna (arruginita)", "SICUREZZA": "no cancello, porta con lucchetto - rilevate numeose tracce del passaggio di topi: occorre installare reti anti roditore nelle tubazioni di scarico acqua.", "NOTE_1": null, "LINK": "www.amam.it/gis/serbatoi/SB31/", "INT_URG": "Installare urgentemente reti anti roditori ove necessario e rendere gli accessi ai serbatoi impenetrabili ad animali e sporcizia", "INT_PROGRA": " ", "LINK_2": "https://drive.google.com/open?id=1DhGqT5l4dRD7vGKpH4VdTjiC9u8QIQrC", "N_STRUMENTI_PORTATA": 1.0, "N_STRUMENTI_PRESSIONE": 0.0, "DISTRETTO": "SI", "SORGENTE_DATI": "RILIEVO" }, "geometry": { "type": "Point", "coordinates": [ 15.525787490558722, 38.25102427842608, 0.0 ] } },
{ "type": "Feature", "properties": { "COD_CESPITI": "RO_S01", "DENOMINAZIONE": "RODIA", "ACCESSSO_TIPO": "Carrabile impervia", "A_INIZIO_ESERC": null, "TIPOLOGIA_COSTR": "c.a.", "CAPACITA": 50.0, "N_VASCHE": null, "Q_MAX_PL": null, "Q_MIN_PL": null, "Q_FONDO": null, "STRUMENTI_M_POSIZIONE": null, "STRUMENTI_M_TIPO": null, "TELECONTROLLO": "SI", "RECINZIONE": null, "AUTOM_D_REAG": null, "NOTE": " ", "TIPOLOGIA": "ACCUMULO", "STATO_CONSERVAZIONE": 4, "STATO_FUNZIONALITA": 4, "COMUNE": "Messina", "N_CIV": null, "UTENTE_CREAZIONE": null, "DATA_INS": null, "OPERATORE": null, "DATA_AGG": null, "D_STATO": "Attivo/In esercizio", "IDGIS": null, "TIPO_DISINF": null, "VIA_DENOMINAZIONE": "RODIA", "PSU": null, "GlobalID": "{C0852567-FBE8-444A-9057-8A8AE245C076}", "fid_1_2": 63.0, "fid_1": 63.0, "COD_PRGA": "SE031", "COMPRENSOR": 8.0, "COD_GESTOR": "G0049", "SERBATOI_name": " ", "SERBATOI_CODICE": "SB77", "DESCRIZIONE": " ", "PROV_ACQ": "sorgive", "DISTR_ACQ": "Rodia", "ANNO_COSTR": 0.0, "CAPACITA_": 50.0, "QUOTA_slm": 0.0, "NUM_SERBAT": 0.0, "TIPOLOGIA_1": null, "IN_ESERCIZ": " ", "MIS_Q_IN": " ", "MIS_Q_OUT": " ", "DISINFEZIO": "SI", "DISIN_TIPO": " ", "STATO_CONS": 2.0, "TELEMETRIA": "SI", "SERBATOI_X": 542616.5, "SERBATOI_Y": 4235992.0599000007, "ACCESSIBIL": "percorso nel torrente ma accessibile", "CONDIZIONE": "manufatto necessita di manutenzione nella parte esterna ed interna (copertura locale pompe)", "SICUREZZA": "porta chiusa con lucchetto, cancello esterno rotto -", "NOTE_1": null, "LINK": "www.amam.it/gis/serbatoi/SB77/", "INT_URG": "Trattare ferri strutture in c.a. e ripristinare intonaci", "INT_PROGRA": "Consigliata manutenzione porte in ferro, e scerbatura aree esterne", "LINK_2": "\\\\NAS-SERVER3\\Dati3\\AMAM\\_IMPIANTI\\IMPIANTI\\SERBATOI\\SE_RODIA_ok", "N_STRUMENTI_PORTATA": 2.0, "N_STRUMENTI_PRESSIONE": 0.0, "DISTRETTO": "SI", "SORGENTE_DATI": "RILIEVO" }, "geometry": { "type": "Point", "coordinates": [ 15.487193022187357, 38.2709649109824, 0.0 ] } },
{ "type": "Feature", "properties": { "COD_CESPITI": "MM_S01", "DENOMINAZIONE": "MILI MARINA", "ACCESSSO_TIPO": null, "A_INIZIO_ESERC": null, "TIPOLOGIA_COSTR": "c.a.", "CAPACITA": null, "N_VASCHE": null, "Q_MAX_PL": null, "Q_MIN_PL": null, "Q_FONDO": null, "STRUMENTI_M_POSIZIONE": null, "STRUMENTI_M_TIPO": null, "TELECONTROLLO": "SI", "RECINZIONE": null, "AUTOM_D_REAG": null, "NOTE": " ", "TIPOLOGIA": "ACCUMULO", "STATO_CONSERVAZIONE": 4, "STATO_FUNZIONALITA": 4, "COMUNE": "Messina", "N_CIV": null, "UTENTE_CREAZIONE": null, "DATA_INS": null, "OPERATORE": null, "DATA_AGG": null, "D_STATO": "Attivo/In esercizio", "IDGIS": null, "TIPO_DISINF": null, "VIA_DENOMINAZIONE": "MILI MARINA", "PSU": null, "GlobalID": "{8CE993A3-0981-4927-A1F6-50489DA6E0E1}", "fid_1_2": 64.0, "fid_1": 64.0, "COD_PRGA": "SE027", "COMPRENSOR": 8.0, "COD_GESTOR": "G0049", "SERBATOI_name": " ", "SERBATOI_CODICE": "SB44", "DESCRIZIONE": " ", "PROV_ACQ": " ", "DISTR_ACQ": " ", "ANNO_COSTR": 0.0, "CAPACITA_": 350.0, "QUOTA_slm": 0.0, "NUM_SERBAT": 0.0, "TIPOLOGIA_1": null, "IN_ESERCIZ": " ", "MIS_Q_IN": " ", "MIS_Q_OUT": " ", "DISINFEZIO": "NO", "DISIN_TIPO": " ", "STATO_CONS": 0.0, "TELEMETRIA": "SI", "SERBATOI_X": 544557.9, "SERBATOI_Y": 4218982.0398999993, "ACCESSIBIL": " ", "CONDIZIONE": " ", "SICUREZZA": " ", "NOTE_1": null, "LINK": "www.amam.it/gis/serbatoi/SB44/", "INT_URG": " ", "INT_PROGRA": " ", "LINK_2": " ", "N_STRUMENTI_PORTATA": null, "N_STRUMENTI_PRESSIONE": null, "DISTRETTO": null, "SORGENTE_DATI": "RILIEVO" }, "geometry": { "type": "Point", "coordinates": [ 15.508319632465744, 38.117572193815221, 0.0 ] } },
{ "type": "Feature", "properties": { "COD_CESPITI": null, "DENOMINAZIONE": "TORRE VITTORIA", "ACCESSSO_TIPO": null, "A_INIZIO_ESERC": null, "TIPOLOGIA_COSTR": "c.a.", "CAPACITA": null, "N_VASCHE": null, "Q_MAX_PL": null, "Q_MIN_PL": null, "Q_FONDO": null, "STRUMENTI_M_POSIZIONE": null, "STRUMENTI_M_TIPO": null, "TELECONTROLLO": "SI", "RECINZIONE": null, "AUTOM_D_REAG": null, "NOTE": " ", "TIPOLOGIA": "ACCUMULO", "STATO_CONSERVAZIONE": 4, "STATO_FUNZIONALITA": 4, "COMUNE": "Messina", "N_CIV": null, "UTENTE_CREAZIONE": null, "DATA_INS": null, "OPERATORE": null, "DATA_AGG": null, "D_STATO": "Attivo/In esercizio", "IDGIS": null, "TIPO_DISINF": null, "VIA_DENOMINAZIONE": "TORRE VITTORIA", "PSU": null, "GlobalID": "{34335BE3-2CE0-4EB9-91E1-DD675B207938}", "fid_1_2": 65.0, "fid_1": 65.0, "COD_PRGA": "SE015", "COMPRENSOR": 8.0, "COD_GESTOR": "G0049", "SERBATOI_name": " ", "SERBATOI_CODICE": "SB18", "DESCRIZIONE": " ", "PROV_ACQ": " ", "DISTR_ACQ": " ", "ANNO_COSTR": 0.0, "CAPACITA_": 4000.0, "QUOTA_slm": 0.0, "NUM_SERBAT": 0.0, "TIPOLOGIA_1": null, "IN_ESERCIZ": " ", "MIS_Q_IN": " ", "MIS_Q_OUT": " ", "DISINFEZIO": "SI", "DISIN_TIPO": " ", "STATO_CONS": 3.0, "TELEMETRIA": "SI", "SERBATOI_X": 548060.66660000011, "SERBATOI_Y": 4227561.1956999991, "ACCESSIBIL": " ", "CONDIZIONE": "manufatto molto vecchio, ma in discrete condizioni. Accesso mediante porta in ferro in buone condizioni", "SICUREZZA": "Porta accesso al serbatoio non \"stagna\" - POSSIBILE ACCESSO RODITORI ED INSETTI", "NOTE_1": null, "LINK": "www.amam.it/gis/serbatoi/SB18/", "INT_URG": "Realizzare nuova porta in alluminio per chiusura accesso serbatoi", "INT_PROGRA": "Adeguare impianto elettrico di illuminazione. Riparare ringhiera scala interna in quanto completamente ossidata", "LINK_2": " ", "N_STRUMENTI_PORTATA": null, "N_STRUMENTI_PRESSIONE": null, "DISTRETTO": null, "SORGENTE_DATI": "RILIEVO" }, "geometry": { "type": "Point", "coordinates": [ 15.548857025704768, 38.194709977821937, 0.0 ] } },
{ "type": "Feature", "properties": { "COD_CESPITI": null, "DENOMINAZIONE": "CAMARO POZZI", "ACCESSSO_TIPO": null, "A_INIZIO_ESERC": null, "TIPOLOGIA_COSTR": "c.a.", "CAPACITA": null, "N_VASCHE": null, "Q_MAX_PL": null, "Q_MIN_PL": null, "Q_FONDO": null, "STRUMENTI_M_POSIZIONE": null, "STRUMENTI_M_TIPO": null, "TELECONTROLLO": "SI", "RECINZIONE": null, "AUTOM_D_REAG": null, "NOTE": "La signora che sta accanto dichiara la presenza di topi che vengono avvelenati", "TIPOLOGIA": "ACCUMULO", "STATO_CONSERVAZIONE": 4, "STATO_FUNZIONALITA": 4, "COMUNE": "Messina", "N_CIV": null, "UTENTE_CREAZIONE": null, "DATA_INS": null, "OPERATORE": null, "DATA_AGG": null, "D_STATO": "Attivo/In esercizio", "IDGIS": null, "TIPO_DISINF": null, "VIA_DENOMINAZIONE": "CAMARO POZZI", "PSU": null, "GlobalID": "{B46F38C1-EAB7-43EE-BBB1-E0CAE84AA1B8}", "fid_1_2": 66.0, "fid_1": 66.0, "COD_PRGA": "SE019", "COMPRENSOR": 8.0, "COD_GESTOR": "G0049", "SERBATOI_name": " ", "SERBATOI_CODICE": "SB46", "DESCRIZIONE": " ", "PROV_ACQ": " ", "DISTR_ACQ": " ", "ANNO_COSTR": 0.0, "CAPACITA_": 100.0, "QUOTA_slm": 0.0, "NUM_SERBAT": 0.0, "TIPOLOGIA_1": null, "IN_ESERCIZ": " ", "MIS_Q_IN": " ", "MIS_Q_OUT": " ", "DISINFEZIO": "SI", "DISIN_TIPO": " ", "STATO_CONS": 1.0, "TELEMETRIA": "SI", "SERBATOI_X": 545414.44, "SERBATOI_Y": 4227163.2098999992, "ACCESSIBIL": "Accessibile fino al cancello esterno, poi strada sterrata e percorso a piedi", "CONDIZIONE": "Manufatto in PESSIME condizioni", "SICUREZZA": "Porta ingresso divelta, vano botole con intonaci cadenti, botole non sigillate, solette pericolose con ferri a vista in pessime condizioni da sostituire", "NOTE_1": null, "LINK": "www.amam.it/gis/serbatoi/SB46/", "INT_URG": "Riparare porte ingresso del vano botole. Verificare se le botole sono sigillate per impedire possibili ingressi di animali all'interno delle vasche.", "INT_PROGRA": "Risanare la muratura: picchettare intonaci cadenti. Rifare le solette con sostituzione ferri.", "LINK_2": "https://drive.google.com/open?id=1fwsFyEyMo_YW727fT3HmwvOTObuu8yyr", "N_STRUMENTI_PORTATA": null, "N_STRUMENTI_PRESSIONE": null, "DISTRETTO": null, "SORGENTE_DATI": "RILIEVO" }, "geometry": { "type": "Point", "coordinates": [ 15.518612625550887, 38.191260612519272, 0.0 ] } },
{ "type": "Feature", "properties": { "COD_CESPITI": null, "DENOMINAZIONE": "CAMARO UMMO", "ACCESSSO_TIPO": null, "A_INIZIO_ESERC": null, "TIPOLOGIA_COSTR": "c.a.", "CAPACITA": null, "N_VASCHE": null, "Q_MAX_PL": null, "Q_MIN_PL": null, "Q_FONDO": null, "STRUMENTI_M_POSIZIONE": null, "STRUMENTI_M_TIPO": null, "TELECONTROLLO": "SI", "RECINZIONE": null, "AUTOM_D_REAG": null, "NOTE": " lucchetto bloccato", "TIPOLOGIA": "ACCUMULO", "STATO_CONSERVAZIONE": 4, "STATO_FUNZIONALITA": 4, "COMUNE": "Messina", "N_CIV": null, "UTENTE_CREAZIONE": null, "DATA_INS": null, "OPERATORE": null, "DATA_AGG": null, "D_STATO": "Attivo/In esercizio", "IDGIS": null, "TIPO_DISINF": null, "VIA_DENOMINAZIONE": "CAMARO UMMO", "PSU": null, "GlobalID": "{6FA11B83-7B4E-4865-9F81-8D469C9C922E}", "fid_1_2": 67.0, "fid_1": 67.0, "COD_PRGA": "SE070", "COMPRENSOR": 8.0, "COD_GESTOR": "G0049", "SERBATOI_name": " ", "SERBATOI_CODICE": "SB56", "DESCRIZIONE": " ", "PROV_ACQ": " ", "DISTR_ACQ": " ", "ANNO_COSTR": 0.0, "CAPACITA_": 0.0, "QUOTA_slm": 0.0, "NUM_SERBAT": 0.0, "TIPOLOGIA_1": null, "IN_ESERCIZ": " ", "MIS_Q_IN": " ", "MIS_Q_OUT": " ", "DISINFEZIO": "SI", "DISIN_TIPO": " ", "STATO_CONS": 3.0, "TELEMETRIA": "SI", "SERBATOI_X": 545769.1819000002, "SERBATOI_Y": 4226863.0517999995, "ACCESSIBIL": "Facilmente accessibile", "CONDIZIONE": "Manufatto in discrete condizioni con alcuni punti da risanare", "SICUREZZA": "Porte chiuse con lucchetti. Botole accesso vasca molto arruginite e non facilmente apribili", "NOTE_1": null, "LINK": "www.amam.it/gis/serbatoi/SB56/", "INT_URG": "Sostituire porte serbatoi. Sigillare buchi nella muratura e collocare reti anti roditori nelle prese d'aria, negli scarichi ed ove sia possibile l'ingresso di animali", "INT_PROGRA": "Risanamento delle parti murarie", "LINK_2": " ", "N_STRUMENTI_PORTATA": null, "N_STRUMENTI_PRESSIONE": null, "DISTRETTO": null, "SORGENTE_DATI": "RILIEVO" }, "geometry": { "type": "Point", "coordinates": [ 15.522644133562332, 38.188537555755083, 0.0 ] } },
{ "type": "Feature", "properties": { "COD_CESPITI": null, "DENOMINAZIONE": "GONZAGA", "ACCESSSO_TIPO": null, "A_INIZIO_ESERC": null, "TIPOLOGIA_COSTR": "c.a.", "CAPACITA": null, "N_VASCHE": null, "Q_MAX_PL": null, "Q_MIN_PL": null, "Q_FONDO": null, "STRUMENTI_M_POSIZIONE": null, "STRUMENTI_M_TIPO": null, "TELECONTROLLO": "SI", "RECINZIONE": null, "AUTOM_D_REAG": null, "NOTE": " ", "TIPOLOGIA": "ACCUMULO", "STATO_CONSERVAZIONE": 4, "STATO_FUNZIONALITA": 4, "COMUNE": "Messina", "N_CIV": null, "UTENTE_CREAZIONE": null, "DATA_INS": null, "OPERATORE": null, "DATA_AGG": null, "D_STATO": "Attivo/In esercizio", "IDGIS": null, "TIPO_DISINF": null, "VIA_DENOMINAZIONE": "GONZAGA", "PSU": null, "GlobalID": "{939237F8-1777-4E40-955C-BB122D9CF060}", "fid_1_2": 68.0, "fid_1": 68.0, "COD_PRGA": "SE018", "COMPRENSOR": 8.0, "COD_GESTOR": "G0049", "SERBATOI_name": " ", "SERBATOI_CODICE": "SB12", "DESCRIZIONE": " ", "PROV_ACQ": " ", "DISTR_ACQ": " ", "ANNO_COSTR": 0.0, "CAPACITA_": 6200.0, "QUOTA_slm": 0.0, "NUM_SERBAT": 0.0, "TIPOLOGIA_1": null, "IN_ESERCIZ": " ", "MIS_Q_IN": " ", "MIS_Q_OUT": " ", "DISINFEZIO": "NO", "DISIN_TIPO": " ", "STATO_CONS": 0.0, "TELEMETRIA": "SI", "SERBATOI_X": 547408.0577999996, "SERBATOI_Y": 4226713.6053999998, "ACCESSIBIL": " ", "CONDIZIONE": " ", "SICUREZZA": " ", "NOTE_1": null, "LINK": "www.amam.it/gis/serbatoi/SB12/", "INT_URG": " ", "INT_PROGRA": " ", "LINK_2": " ", "N_STRUMENTI_PORTATA": null, "N_STRUMENTI_PRESSIONE": null, "DISTRETTO": null, "SORGENTE_DATI": "RILIEVO" }, "geometry": { "type": "Point", "coordinates": [ 15.54134794052314, 38.187105923664859, 0.0 ] } },
{ "type": "Feature", "properties": { "COD_CESPITI": null, "DENOMINAZIONE": "VASCONE", "ACCESSSO_TIPO": null, "A_INIZIO_ESERC": null, "TIPOLOGIA_COSTR": "c.a.", "CAPACITA": null, "N_VASCHE": null, "Q_MAX_PL": null, "Q_MIN_PL": null, "Q_FONDO": null, "STRUMENTI_M_POSIZIONE": null, "STRUMENTI_M_TIPO": null, "TELECONTROLLO": "SI", "RECINZIONE": null, "AUTOM_D_REAG": null, "NOTE": " ", "TIPOLOGIA": "ACCUMULO", "STATO_CONSERVAZIONE": 4, "STATO_FUNZIONALITA": 4, "COMUNE": "Messina", "N_CIV": null, "UTENTE_CREAZIONE": null, "DATA_INS": null, "OPERATORE": null, "DATA_AGG": null, "D_STATO": "Attivo/In esercizio", "IDGIS": null, "TIPO_DISINF": null, "VIA_DENOMINAZIONE": "VASCONE", "PSU": null, "GlobalID": "{5C14C01A-4258-4E02-B05F-0D25B79A0F85}", "fid_1_2": 69.0, "fid_1": 69.0, "COD_PRGA": "SE017", "COMPRENSOR": 8.0, "COD_GESTOR": "G0049", "SERBATOI_name": " ", "SERBATOI_CODICE": "SB86", "DESCRIZIONE": " ", "PROV_ACQ": " ", "DISTR_ACQ": " ", "ANNO_COSTR": 0.0, "CAPACITA_": 2000.0, "QUOTA_slm": 0.0, "NUM_SERBAT": 0.0, "TIPOLOGIA_1": null, "IN_ESERCIZ": " ", "MIS_Q_IN": " ", "MIS_Q_OUT": " ", "DISINFEZIO": "NO", "DISIN_TIPO": " ", "STATO_CONS": 0.0, "TELEMETRIA": "SI", "SERBATOI_X": 547707.74, "SERBATOI_Y": 4226775.8999000005, "ACCESSIBIL": "Accesso tramite delle scale. non è stato possibile accedere a causa dei rovi. Necessaria scerbatura", "CONDIZIONE": " ", "SICUREZZA": " ", "NOTE_1": null, "LINK": "www.amam.it/gis/serbatoi/SB86/", "INT_URG": " ", "INT_PROGRA": " ", "LINK_2": " ", "N_STRUMENTI_PORTATA": null, "N_STRUMENTI_PRESSIONE": null, "DISTRETTO": null, "SORGENTE_DATI": "RILIEVO" }, "geometry": { "type": "Point", "coordinates": [ 15.544774021033255, 38.187651508037938, 0.0 ] } },
{ "type": "Feature", "properties": { "COD_CESPITI": null, "DENOMINAZIONE": "NOVIZIATO", "ACCESSSO_TIPO": "Pedonale", "A_INIZIO_ESERC": null, "TIPOLOGIA_COSTR": "c.a.", "CAPACITA": null, "N_VASCHE": null, "Q_MAX_PL": null, "Q_MIN_PL": null, "Q_FONDO": null, "STRUMENTI_M_POSIZIONE": null, "STRUMENTI_M_TIPO": null, "TELECONTROLLO": "SI", "RECINZIONE": null, "AUTOM_D_REAG": null, "NOTE": " ", "TIPOLOGIA": "ACCUMULO", "STATO_CONSERVAZIONE": 4, "STATO_FUNZIONALITA": 4, "COMUNE": "Messina", "N_CIV": null, "UTENTE_CREAZIONE": null, "DATA_INS": null, "OPERATORE": null, "DATA_AGG": null, "D_STATO": "Attivo/In esercizio", "IDGIS": null, "TIPO_DISINF": null, "VIA_DENOMINAZIONE": "NOVIZIATO", "PSU": null, "GlobalID": "{E507A226-29AE-40EF-B289-CD47F4AA9C0C}", "fid_1_2": 70.0, "fid_1": 70.0, "COD_PRGA": "SE016", "COMPRENSOR": 8.0, "COD_GESTOR": "G0049", "SERBATOI_name": " ", "SERBATOI_CODICE": "SB20", "DESCRIZIONE": " ", "PROV_ACQ": " ", "DISTR_ACQ": " ", "ANNO_COSTR": 0.0, "CAPACITA_": 2500.0, "QUOTA_slm": 0.0, "NUM_SERBAT": 0.0, "TIPOLOGIA_1": null, "IN_ESERCIZ": " ", "MIS_Q_IN": " ", "MIS_Q_OUT": " ", "DISINFEZIO": "NO", "DISIN_TIPO": " ", "STATO_CONS": 0.0, "TELEMETRIA": "SI", "SERBATOI_X": 547820.98929999955, "SERBATOI_Y": 4226698.6785000004, "ACCESSIBIL": "Situazione delicata. All'ingresso del serbatoio c'è un'officina per motorini ", "CONDIZIONE": " ", "SICUREZZA": " ", "NOTE_1": null, "LINK": "www.amam.it/gis/serbatoi/SB20/", "INT_URG": " ", "INT_PROGRA": " ", "LINK_2": " ", "N_STRUMENTI_PORTATA": null, "N_STRUMENTI_PRESSIONE": null, "DISTRETTO": null, "SORGENTE_DATI": "RILIEVO" }, "geometry": { "type": "Point", "coordinates": [ 15.546061963499294, 38.186949566377486, 0.0 ] } },
{ "type": "Feature", "properties": { "COD_CESPITI": null, "DENOMINAZIONE": "MONTESANTO 1", "ACCESSSO_TIPO": null, "A_INIZIO_ESERC": null, "TIPOLOGIA_COSTR": "c.a.", "CAPACITA": null, "N_VASCHE": null, "Q_MAX_PL": null, "Q_MIN_PL": null, "Q_FONDO": null, "STRUMENTI_M_POSIZIONE": null, "STRUMENTI_M_TIPO": null, "TELECONTROLLO": "SI", "RECINZIONE": null, "AUTOM_D_REAG": null, "NOTE": "Chiusure pareti vano clorazione miglioabili", "TIPOLOGIA": "ACCUMULO", "STATO_CONSERVAZIONE": 4, "STATO_FUNZIONALITA": 4, "COMUNE": "Messina", "N_CIV": null, "UTENTE_CREAZIONE": null, "DATA_INS": null, "OPERATORE": null, "DATA_AGG": null, "D_STATO": "Attivo/In esercizio", "IDGIS": null, "TIPO_DISINF": null, "VIA_DENOMINAZIONE": "MONTESANTO 1", "PSU": null, "GlobalID": "{F5ADCF79-61FF-4177-94CA-37370F0719E5}", "fid_1_2": 71.0, "fid_1": 71.0, "COD_PRGA": "SE020", "COMPRENSOR": 8.0, "COD_GESTOR": "G0049", "SERBATOI_name": " ", "SERBATOI_CODICE": "SB11", "DESCRIZIONE": " ", "PROV_ACQ": "Fiumefreddo", "DISTR_ACQ": " ", "ANNO_COSTR": 0.0, "CAPACITA_": 20000.0, "QUOTA_slm": 0.0, "NUM_SERBAT": 0.0, "TIPOLOGIA_1": null, "IN_ESERCIZ": "NO", "MIS_Q_IN": " ", "MIS_Q_OUT": " ", "DISINFEZIO": "SI", "DISIN_TIPO": " ", "STATO_CONS": 0.0, "TELEMETRIA": "NO", "SERBATOI_X": 546671.06759999972, "SERBATOI_Y": 4226011.0962000005, "ACCESSIBIL": " ", "CONDIZIONE": " ", "SICUREZZA": " ", "NOTE_1": null, "LINK": "www.amam.it/gis/serbatoi/SB11/", "INT_URG": " ", "INT_PROGRA": " ", "LINK_2": " ", "N_STRUMENTI_PORTATA": null, "N_STRUMENTI_PRESSIONE": null, "DISTRETTO": null, "SORGENTE_DATI": "RILIEVO" }, "geometry": { "type": "Point", "coordinates": [ 15.532886539116445, 38.180813248329628, 0.0 ] } },
{ "type": "Feature", "properties": { "COD_CESPITI": null, "DENOMINAZIONE": "MANGIALUPI NUOVO", "ACCESSSO_TIPO": null, "A_INIZIO_ESERC": null, "TIPOLOGIA_COSTR": "c.a.", "CAPACITA": null, "N_VASCHE": null, "Q_MAX_PL": null, "Q_MIN_PL": null, "Q_FONDO": null, "STRUMENTI_M_POSIZIONE": null, "STRUMENTI_M_TIPO": null, "TELECONTROLLO": "SI", "RECINZIONE": null, "AUTOM_D_REAG": null, "NOTE": " ", "TIPOLOGIA": "ACCUMULO", "STATO_CONSERVAZIONE": 4, "STATO_FUNZIONALITA": 4, "COMUNE": "Messina", "N_CIV": null, "UTENTE_CREAZIONE": null, "DATA_INS": null, "OPERATORE": null, "DATA_AGG": null, "D_STATO": "Attivo/In esercizio", "IDGIS": null, "TIPO_DISINF": null, "VIA_DENOMINAZIONE": "MANGIALUPI NUOVO", "PSU": null, "GlobalID": "{31C82509-6E60-454E-97A4-5C504C80C76F}", "fid_1_2": 72.0, "fid_1": 72.0, "COD_PRGA": "SE021", "COMPRENSOR": 8.0, "COD_GESTOR": "G0049", "SERBATOI_name": " ", "SERBATOI_CODICE": "SB14", "DESCRIZIONE": " ", "PROV_ACQ": " ", "DISTR_ACQ": " ", "ANNO_COSTR": 0.0, "CAPACITA_": 2000.0, "QUOTA_slm": 0.0, "NUM_SERBAT": 0.0, "TIPOLOGIA_1": null, "IN_ESERCIZ": " ", "MIS_Q_IN": " ", "MIS_Q_OUT": " ", "DISINFEZIO": "SI", "DISIN_TIPO": " ", "STATO_CONS": 4.0, "TELEMETRIA": "SI", "SERBATOI_X": 546989.81340000033, "SERBATOI_Y": 4225019.7412, "ACCESSIBIL": "Buona", "CONDIZIONE": "Buone", "SICUREZZA": "Porte chiuse con lucchetti", "NOTE_1": null, "LINK": "www.amam.it/gis/serbatoi/SB14/", "INT_URG": " ", "INT_PROGRA": " ", "LINK_2": " ", "N_STRUMENTI_PORTATA": null, "N_STRUMENTI_PRESSIONE": null, "DISTRETTO": null, "SORGENTE_DATI": "RILIEVO" }, "geometry": { "type": "Point", "coordinates": [ 15.53646030165638, 38.171862354296621, 0.0 ] } },
{ "type": "Feature", "properties": { "COD_CESPITI": null, "DENOMINAZIONE": "MANGIALUPI VECCHIO", "ACCESSSO_TIPO": null, "A_INIZIO_ESERC": null, "TIPOLOGIA_COSTR": "c.a.", "CAPACITA": null, "N_VASCHE": null, "Q_MAX_PL": null, "Q_MIN_PL": null, "Q_FONDO": null, "STRUMENTI_M_POSIZIONE": null, "STRUMENTI_M_TIPO": null, "TELECONTROLLO": "SI", "RECINZIONE": null, "AUTOM_D_REAG": null, "NOTE": " ", "TIPOLOGIA": "ACCUMULO", "STATO_CONSERVAZIONE": 4, "STATO_FUNZIONALITA": 4, "COMUNE": "Messina", "N_CIV": null, "UTENTE_CREAZIONE": null, "DATA_INS": null, "OPERATORE": null, "DATA_AGG": null, "D_STATO": "Attivo/In esercizio", "IDGIS": null, "TIPO_DISINF": null, "VIA_DENOMINAZIONE": "MANGIALUPI VECCHIO", "PSU": null, "GlobalID": "{3F6B57D0-B6DB-4FA6-A140-7B118C49FF69}", "fid_1_2": 73.0, "fid_1": 73.0, "COD_PRGA": "SE022", "COMPRENSOR": 8.0, "COD_GESTOR": "G0049", "SERBATOI_name": " ", "SERBATOI_CODICE": "SB13", "DESCRIZIONE": " ", "PROV_ACQ": " ", "DISTR_ACQ": " ", "ANNO_COSTR": 0.0, "CAPACITA_": 5500.0, "QUOTA_slm": 0.0, "NUM_SERBAT": 0.0, "TIPOLOGIA_1": null, "IN_ESERCIZ": " ", "MIS_Q_IN": " ", "MIS_Q_OUT": " ", "DISINFEZIO": "SI", "DISIN_TIPO": " ", "STATO_CONS": 4.0, "TELEMETRIA": "SI", "SERBATOI_X": 546941.43, "SERBATOI_Y": 4225018.9199000001, "ACCESSIBIL": "Buona", "CONDIZIONE": "Buone", "SICUREZZA": "Porte chiuse con lucchetti", "NOTE_1": null, "LINK": "www.amam.it/gis/serbatoi/SB13/", "INT_URG": "Installare rete antiroditori per sigillare porta ingresso vasca", "INT_PROGRA": " ", "LINK_2": " ", "N_STRUMENTI_PORTATA": null, "N_STRUMENTI_PRESSIONE": null, "DISTRETTO": null, "SORGENTE_DATI": "RILIEVO" }, "geometry": { "type": "Point", "coordinates": [ 15.535907899553894, 38.171857474499156, 0.0 ] } },
{ "type": "Feature", "properties": { "COD_CESPITI": null, "DENOMINAZIONE": "SANTO", "ACCESSSO_TIPO": null, "A_INIZIO_ESERC": null, "TIPOLOGIA_COSTR": "c.a.", "CAPACITA": null, "N_VASCHE": null, "Q_MAX_PL": null, "Q_MIN_PL": null, "Q_FONDO": null, "STRUMENTI_M_POSIZIONE": null, "STRUMENTI_M_TIPO": null, "TELECONTROLLO": "SI", "RECINZIONE": null, "AUTOM_D_REAG": null, "NOTE": " ", "TIPOLOGIA": "ACCUMULO", "STATO_CONSERVAZIONE": 4, "STATO_FUNZIONALITA": 4, "COMUNE": "Messina", "N_CIV": null, "UTENTE_CREAZIONE": null, "DATA_INS": null, "OPERATORE": null, "DATA_AGG": null, "D_STATO": "Attivo/In esercizio", "IDGIS": null, "TIPO_DISINF": null, "VIA_DENOMINAZIONE": "SANTO", "PSU": null, "GlobalID": "{A7739F7A-9826-48B2-A4EB-CED3D9D90F1D}", "fid_1_2": 74.0, "fid_1": 74.0, "COD_PRGA": "SE023", "COMPRENSOR": 8.0, "COD_GESTOR": "G0049", "SERBATOI_name": " ", "SERBATOI_CODICE": "SB17", "DESCRIZIONE": " ", "PROV_ACQ": " ", "DISTR_ACQ": " ", "ANNO_COSTR": 0.0, "CAPACITA_": 5000.0, "QUOTA_slm": 0.0, "NUM_SERBAT": 0.0, "TIPOLOGIA_1": null, "IN_ESERCIZ": " ", "MIS_Q_IN": " ", "MIS_Q_OUT": " ", "DISINFEZIO": "SI", "DISIN_TIPO": " ", "STATO_CONS": 3.0, "TELEMETRIA": "SI", "SERBATOI_X": 546138.09, "SERBATOI_Y": 4225422.3099000007, "ACCESSIBIL": "buona", "CONDIZIONE": "Manufatto in discrete condizioni", "SICUREZZA": "Accesso da porte chiuse a chiave. Porte serbatoi in pessime condizioni, botole non a tenuta con possibile ingresso di sporco e roditori, vasca decantazione con vetri rotti e/o privi di rete", "NOTE_1": null, "LINK": "www.amam.it/gis/serbatoi/SB17/", "INT_URG": "Sostituire porte serbatoi, riparare botole, collocare reti per chiudere la vasca di decantazione.", "INT_PROGRA": "Sistemare parte impianto elettrico. Riparare intonaci vano manovre", "LINK_2": " ", "N_STRUMENTI_PORTATA": null, "N_STRUMENTI_PRESSIONE": null, "DISTRETTO": null, "SORGENTE_DATI": "RILIEVO" }, "geometry": { "type": "Point", "coordinates": [ 15.526763079014062, 38.175534420456614, 0.0 ] } },
{ "type": "Feature", "properties": { "COD_CESPITI": null, "DENOMINAZIONE": "VALLEVERDE", "ACCESSSO_TIPO": null, "A_INIZIO_ESERC": null, "TIPOLOGIA_COSTR": "c.a.", "CAPACITA": null, "N_VASCHE": null, "Q_MAX_PL": null, "Q_MIN_PL": null, "Q_FONDO": null, "STRUMENTI_M_POSIZIONE": null, "STRUMENTI_M_TIPO": null, "TELECONTROLLO": "SI", "RECINZIONE": null, "AUTOM_D_REAG": null, "NOTE": " ", "TIPOLOGIA": "ACCUMULO", "STATO_CONSERVAZIONE": 4, "STATO_FUNZIONALITA": 4, "COMUNE": "Messina", "N_CIV": null, "UTENTE_CREAZIONE": null, "DATA_INS": null, "OPERATORE": null, "DATA_AGG": null, "D_STATO": "Attivo/In esercizio", "IDGIS": null, "TIPO_DISINF": null, "VIA_DENOMINAZIONE": "VALLEVERDE", "PSU": null, "GlobalID": "{7687D72D-871F-48D0-90E9-6638CEB7044B}", "fid_1_2": 75.0, "fid_1": 75.0, "COD_PRGA": " ", "COMPRENSOR": 8.0, "COD_GESTOR": "G0049", "SERBATOI_name": " ", "SERBATOI_CODICE": "SB50", "DESCRIZIONE": " ", "PROV_ACQ": " ", "DISTR_ACQ": " ", "ANNO_COSTR": 0.0, "CAPACITA_": 100.0, "QUOTA_slm": 0.0, "NUM_SERBAT": 0.0, "TIPOLOGIA_1": null, "IN_ESERCIZ": " ", "MIS_Q_IN": " ", "MIS_Q_OUT": " ", "DISINFEZIO": "SI", "DISIN_TIPO": " ", "STATO_CONS": 0.0, "TELEMETRIA": "SI", "SERBATOI_X": 546149.30030000024, "SERBATOI_Y": 4224170.6208999995, "ACCESSIBIL": " ", "CONDIZIONE": " ", "SICUREZZA": " ", "NOTE_1": null, "LINK": "www.amam.it/gis/serbatoi/SB50/", "INT_URG": " ", "INT_PROGRA": " ", "LINK_2": " ", "N_STRUMENTI_PORTATA": null, "N_STRUMENTI_PRESSIONE": null, "DISTRETTO": null, "SORGENTE_DATI": "RILIEVO" }, "geometry": { "type": "Point", "coordinates": [ 15.526809861614195, 38.164253303452661, 0.0 ] } },
{ "type": "Feature", "properties": { "COD_CESPITI": null, "DENOMINAZIONE": "CEP", "ACCESSSO_TIPO": null, "A_INIZIO_ESERC": null, "TIPOLOGIA_COSTR": "c.a.", "CAPACITA": null, "N_VASCHE": null, "Q_MAX_PL": null, "Q_MIN_PL": null, "Q_FONDO": null, "STRUMENTI_M_POSIZIONE": null, "STRUMENTI_M_TIPO": null, "TELECONTROLLO": "SI", "RECINZIONE": null, "AUTOM_D_REAG": null, "NOTE": " ", "TIPOLOGIA": "ACCUMULO", "STATO_CONSERVAZIONE": 4, "STATO_FUNZIONALITA": 4, "COMUNE": "Messina", "N_CIV": null, "UTENTE_CREAZIONE": null, "DATA_INS": null, "OPERATORE": null, "DATA_AGG": null, "D_STATO": "Attivo/In esercizio", "IDGIS": null, "TIPO_DISINF": null, "VIA_DENOMINAZIONE": "CEP", "PSU": null, "GlobalID": "{20B99D36-088D-4BC4-84E0-D49031DBC1C6}", "fid_1_2": 76.0, "fid_1": 76.0, "COD_PRGA": "SE025", "COMPRENSOR": 8.0, "COD_GESTOR": "G0049", "SERBATOI_name": " ", "SERBATOI_CODICE": "SB40", "DESCRIZIONE": " ", "PROV_ACQ": " ", "DISTR_ACQ": " ", "ANNO_COSTR": 0.0, "CAPACITA_": 500.0, "QUOTA_slm": 0.0, "NUM_SERBAT": 0.0, "TIPOLOGIA_1": null, "IN_ESERCIZ": " ", "MIS_Q_IN": " ", "MIS_Q_OUT": " ", "DISINFEZIO": "SI", "DISIN_TIPO": " ", "STATO_CONS": 1.0, "TELEMETRIA": "SI", "SERBATOI_X": 546110.6, "SERBATOI_Y": 4223536.8798999991, "ACCESSIBIL": " ", "CONDIZIONE": "Manufatto in pessime condizioni.", "SICUREZZA": "Porte chiuse con lucchetto", "NOTE_1": null, "LINK": "www.amam.it/gis/serbatoi/SB40/", "INT_URG": "Occorrono interventi di risanamento delle strutture in c.a. Manutenzione alle porte di accesso ai serbatoi che non aprono per la ruggine.", "INT_PROGRA": " ", "LINK_2": " ", "N_STRUMENTI_PORTATA": null, "N_STRUMENTI_PRESSIONE": null, "DISTRETTO": null, "SORGENTE_DATI": "RILIEVO" }, "geometry": { "type": "Point", "coordinates": [ 15.526327040554328, 38.158543838809564, 0.0 ] } },
{ "type": "Feature", "properties": { "COD_CESPITI": "SSB_S01", "DENOMINAZIONE": "SANTO STEFANO BRIGA BASSO", "ACCESSSO_TIPO": null, "A_INIZIO_ESERC": null, "TIPOLOGIA_COSTR": "c.a.", "CAPACITA": null, "N_VASCHE": null, "Q_MAX_PL": null, "Q_MIN_PL": null, "Q_FONDO": null, "STRUMENTI_M_POSIZIONE": null, "STRUMENTI_M_TIPO": null, "TELECONTROLLO": "SI", "RECINZIONE": null, "AUTOM_D_REAG": null, "NOTE": " ", "TIPOLOGIA": "ACCUMULO", "STATO_CONSERVAZIONE": 4, "STATO_FUNZIONALITA": 4, "COMUNE": "Messina", "N_CIV": null, "UTENTE_CREAZIONE": null, "DATA_INS": null, "OPERATORE": null, "DATA_AGG": null, "D_STATO": "Attivo/In esercizio", "IDGIS": null, "TIPO_DISINF": null, "VIA_DENOMINAZIONE": "SANTO STEFANO BRIGA BASSO", "PSU": null, "GlobalID": "{662E5787-9141-4004-A216-4085520B07EF}", "fid_1_2": 77.0, "fid_1": 77.0, "COD_PRGA": " ", "COMPRENSOR": 8.0, "COD_GESTOR": "G0049", "SERBATOI_name": " ", "SERBATOI_CODICE": "SB81", "DESCRIZIONE": " ", "PROV_ACQ": " ", "DISTR_ACQ": " ", "ANNO_COSTR": 0.0, "CAPACITA_": 0.0, "QUOTA_slm": 230.0, "NUM_SERBAT": 0.0, "TIPOLOGIA_1": null, "IN_ESERCIZ": " ", "MIS_Q_IN": " ", "MIS_Q_OUT": " ", "DISINFEZIO": "NO", "DISIN_TIPO": " ", "STATO_CONS": 4.0, "TELEMETRIA": "NO", "SERBATOI_X": 541842.23, "SERBATOI_Y": 4216874.8299000002, "ACCESSIBIL": "difficilmente accessibile: passaggio per scalette, sterpaglie e terrazzamenti", "CONDIZIONE": "Manufatto in buone condizioni", "SICUREZZA": "porta chiusa con lucchetto", "NOTE_1": null, "LINK": "www.amam.it/gis/serbatoi/SB81/", "INT_URG": "Collocare reti anti roditore  per impedire ogni accesso di animali all'interno dei locali", "INT_PROGRA": "Impermeabilizzare copertura fabbricato (infiltrazioni d'acqua). Installare portello box contatore", "LINK_2": " ", "N_STRUMENTI_PORTATA": null, "N_STRUMENTI_PRESSIONE": null, "DISTRETTO": null, "SORGENTE_DATI": "RILIEVO" }, "geometry": { "type": "Point", "coordinates": [ 15.477216537305015, 38.098711083591006, 0.0 ] } },
{ "type": "Feature", "properties": { "COD_CESPITI": "SSB_S02", "DENOMINAZIONE": "S. STEFANO BRIGA ALTO MASSA S. PIETRO", "ACCESSSO_TIPO": null, "A_INIZIO_ESERC": null, "TIPOLOGIA_COSTR": "c.a.", "CAPACITA": null, "N_VASCHE": null, "Q_MAX_PL": null, "Q_MIN_PL": null, "Q_FONDO": null, "STRUMENTI_M_POSIZIONE": null, "STRUMENTI_M_TIPO": null, "TELECONTROLLO": "SI", "RECINZIONE": null, "AUTOM_D_REAG": null, "NOTE": " ", "TIPOLOGIA": "ACCUMULO", "STATO_CONSERVAZIONE": 4, "STATO_FUNZIONALITA": 4, "COMUNE": "Messina", "N_CIV": null, "UTENTE_CREAZIONE": null, "DATA_INS": null, "OPERATORE": null, "DATA_AGG": null, "D_STATO": "Attivo/In esercizio", "IDGIS": null, "TIPO_DISINF": null, "VIA_DENOMINAZIONE": "S. STEFANO BRIGA ALTO MASSA S. PIETRO", "PSU": null, "GlobalID": "{4A6CBD09-4979-44CE-81A9-DCC9407768C7}", "fid_1_2": 78.0, "fid_1": 78.0, "COD_PRGA": " ", "COMPRENSOR": 8.0, "COD_GESTOR": "G0049", "SERBATOI_name": " ", "SERBATOI_CODICE": "SB80", "DESCRIZIONE": " ", "PROV_ACQ": "Santissima", "DISTR_ACQ": "Pezzolo", "ANNO_COSTR": 0.0, "CAPACITA_": 0.0, "QUOTA_slm": 238.0, "NUM_SERBAT": 0.0, "TIPOLOGIA_1": null, "IN_ESERCIZ": " ", "MIS_Q_IN": " ", "MIS_Q_OUT": " ", "DISINFEZIO": "SI", "DISIN_TIPO": " ", "STATO_CONS": 2.0, "TELEMETRIA": "NO", "SERBATOI_X": 541813.51009999961, "SERBATOI_Y": 4216794.0014999993, "ACCESSIBIL": "difficilmente accessibile: passaggio per scalette, sterpaglie e terrazzamenti", "CONDIZIONE": "manufatto necessita di manutenzione nella parte esterna: erbacce alte e esterni malridotti", "SICUREZZA": "porta nuova chiusa con lucchetto; assenza di recinzione", "NOTE_1": null, "LINK": "www.amam.it/gis/serbatoi/SB80/", "INT_URG": "Chiudere con reti o altro sistema le bocche delle vasce di decantazione - Collocare reti antitopi ove necessario", "INT_PROGRA": "Sistemare porta esterna Eliminare erbacce", "LINK_2": " ", "N_STRUMENTI_PORTATA": null, "N_STRUMENTI_PRESSIONE": null, "DISTRETTO": null, "SORGENTE_DATI": "RILIEVO" }, "geometry": { "type": "Point", "coordinates": [ 15.476884259069752, 38.097983952582723, 0.0 ] } },
{ "type": "Feature", "properties": { "COD_CESPITI": "ZA_S02", "DENOMINAZIONE": "ZAFFERIA ALTO (CHIESA VECCHIA)", "ACCESSSO_TIPO": null, "A_INIZIO_ESERC": null, "TIPOLOGIA_COSTR": "c.a.", "CAPACITA": null, "N_VASCHE": null, "Q_MAX_PL": null, "Q_MIN_PL": null, "Q_FONDO": null, "STRUMENTI_M_POSIZIONE": null, "STRUMENTI_M_TIPO": null, "TELECONTROLLO": "SI", "RECINZIONE": null, "AUTOM_D_REAG": null, "NOTE": "strada d'accesso al serbatoio privata, cancello principale sempre aperto. un ingresso e una uscita", "TIPOLOGIA": "ACCUMULO", "STATO_CONSERVAZIONE": 4, "STATO_FUNZIONALITA": 4, "COMUNE": "Messina", "N_CIV": null, "UTENTE_CREAZIONE": null, "DATA_INS": null, "OPERATORE": null, "DATA_AGG": null, "D_STATO": "Attivo/In esercizio", "IDGIS": null, "TIPO_DISINF": null, "VIA_DENOMINAZIONE": "ZAFFERIA ALTO (CHIESA VECCHIA)", "PSU": null, "GlobalID": "{3AB4B9B4-08F8-4BCB-B4B1-45D71898CAC1}", "fid_1_2": 79.0, "fid_1": 79.0, "COD_PRGA": " ", "COMPRENSOR": 8.0, "COD_GESTOR": "G0049", "SERBATOI_name": " ", "SERBATOI_CODICE": "SB21", "DESCRIZIONE": " ", "PROV_ACQ": "Fiumefreddo", "DISTR_ACQ": "Zafferia alta e bassa", "ANNO_COSTR": 0.0, "CAPACITA_": 2500.0, "QUOTA_slm": 196.0, "NUM_SERBAT": 0.0, "TIPOLOGIA_1": null, "IN_ESERCIZ": " ", "MIS_Q_IN": " ", "MIS_Q_OUT": " ", "DISINFEZIO": "SI", "DISIN_TIPO": " ", "STATO_CONS": 4.0, "TELEMETRIA": "SI", "SERBATOI_X": 543965.64, "SERBATOI_Y": 4222633.4299, "ACCESSIBIL": "difficilmente accessibile: strada tortuosa e sterrata", "CONDIZIONE": "manufatto in buone condizioni", "SICUREZZA": "porta chiusa con lucchetto", "NOTE_1": null, "LINK": "www.amam.it/gis/serbatoi/SB21/", "INT_URG": " ", "INT_PROGRA": " ", "LINK_2": " ", "N_STRUMENTI_PORTATA": null, "N_STRUMENTI_PRESSIONE": null, "DISTRETTO": "SI", "SORGENTE_DATI": "RILIEVO" }, "geometry": { "type": "Point", "coordinates": [ 15.501788599792311, 38.15050882761399, 0.0 ] } },
{ "type": "Feature", "properties": { "COD_CESPITI": "SA_S02 ", "DENOMINAZIONE": "CARTESIANO", "ACCESSSO_TIPO": null, "A_INIZIO_ESERC": null, "TIPOLOGIA_COSTR": "c.a.", "CAPACITA": null, "N_VASCHE": null, "Q_MAX_PL": null, "Q_MIN_PL": null, "Q_FONDO": null, "STRUMENTI_M_POSIZIONE": null, "STRUMENTI_M_TIPO": null, "TELECONTROLLO": "SI", "RECINZIONE": null, "AUTOM_D_REAG": null, "NOTE": " Zona Vasca non accessibile (vedere foto)", "TIPOLOGIA": "ACCUMULO", "STATO_CONSERVAZIONE": 4, "STATO_FUNZIONALITA": 4, "COMUNE": "Messina", "N_CIV": null, "UTENTE_CREAZIONE": null, "DATA_INS": null, "OPERATORE": null, "DATA_AGG": null, "D_STATO": "Attivo/In esercizio", "IDGIS": null, "TIPO_DISINF": null, "VIA_DENOMINAZIONE": "CARTESIANO", "PSU": null, "GlobalID": "{8B8CA5CE-67FF-4C1E-AF53-BF5B7EEBC1A0}", "fid_1_2": 80.0, "fid_1": 80.0, "COD_PRGA": " ", "COMPRENSOR": 8.0, "COD_GESTOR": "G0049", "SERBATOI_name": " ", "SERBATOI_CODICE": " ", "DESCRIZIONE": " ", "PROV_ACQ": " ", "DISTR_ACQ": " ", "ANNO_COSTR": 0.0, "CAPACITA_": 0.0, "QUOTA_slm": 0.0, "NUM_SERBAT": 0.0, "TIPOLOGIA_1": null, "IN_ESERCIZ": " ", "MIS_Q_IN": " ", "MIS_Q_OUT": " ", "DISINFEZIO": "NO", "DISIN_TIPO": " ", "STATO_CONS": 0.0, "TELEMETRIA": " ", "SERBATOI_X": 542438.43049999978, "SERBATOI_Y": 4234517.9602000006, "ACCESSIBIL": " ", "CONDIZIONE": " ", "SICUREZZA": " ", "NOTE_1": null, "LINK": " ", "INT_URG": " ", "INT_PROGRA": " ", "LINK_2": "\\\\NAS-SERVER3\\Dati3\\AMAM\\_IMPIANTI\\IMPIANTI\\SERBATOI\\SE_CARTESIANO_ok", "N_STRUMENTI_PORTATA": 0.0, "N_STRUMENTI_PRESSIONE": 0.0, "DISTRETTO": "SI", "SORGENTE_DATI": "RILIEVO" }, "geometry": { "type": "Point", "coordinates": [ 15.485069041214741, 38.257688508851629, 0.0 ] } },
{ "type": "Feature", "properties": { "COD_CESPITI": "CO_S01", "DENOMINAZIONE": "CORRIDORE", "ACCESSSO_TIPO": null, "A_INIZIO_ESERC": null, "TIPOLOGIA_COSTR": "c.a.", "CAPACITA": null, "N_VASCHE": null, "Q_MAX_PL": null, "Q_MIN_PL": null, "Q_FONDO": null, "STRUMENTI_M_POSIZIONE": null, "STRUMENTI_M_TIPO": null, "TELECONTROLLO": "SI", "RECINZIONE": null, "AUTOM_D_REAG": null, "NOTE": " in proprietà privata chiuso con lucchetto. non abbiamo chiavi", "TIPOLOGIA": "ACCUMULO", "STATO_CONSERVAZIONE": 4, "STATO_FUNZIONALITA": 4, "COMUNE": "Messina", "N_CIV": null, "UTENTE_CREAZIONE": null, "DATA_INS": null, "OPERATORE": null, "DATA_AGG": null, "D_STATO": "Attivo/In esercizio", "IDGIS": null, "TIPO_DISINF": null, "VIA_DENOMINAZIONE": "CORRIDORE", "PSU": null, "GlobalID": "{E04468FF-6EE3-4DE1-83EA-F31BB92EC91F}", "fid_1_2": 81.0, "fid_1": 81.0, "COD_PRGA": " ", "COMPRENSOR": 0.0, "COD_GESTOR": " ", "SERBATOI_name": " ", "SERBATOI_CODICE": " ", "DESCRIZIONE": " ", "PROV_ACQ": " ", "DISTR_ACQ": " ", "ANNO_COSTR": 0.0, "CAPACITA_": 500.0, "QUOTA_slm": 0.0, "NUM_SERBAT": 0.0, "TIPOLOGIA_1": null, "IN_ESERCIZ": " ", "MIS_Q_IN": " ", "MIS_Q_OUT": " ", "DISINFEZIO": " ", "DISIN_TIPO": " ", "STATO_CONS": 0.0, "TELEMETRIA": " ", "SERBATOI_X": 543643.96040000021, "SERBATOI_Y": 4236329.816, "ACCESSIBIL": "da terreno privato", "CONDIZIONE": " ", "SICUREZZA": " ", "NOTE_1": null, "LINK": " ", "INT_URG": " ", "INT_PROGRA": " ", "LINK_2": "\\\\NAS-SERVER3\\Dati3\\AMAM\\_IMPIANTI\\IMPIANTI\\SERBATOI\\SE_CORRIDORE_ok", "N_STRUMENTI_PORTATA": 0.0, "N_STRUMENTI_PRESSIONE": 0.0, "DISTRETTO": "SI", "SORGENTE_DATI": "RILIEVO" }, "geometry": { "type": "Point", "coordinates": [ 15.498959399031193, 38.273959459217323, 0.0 ] } },
{ "type": "Feature", "properties": { "COD_CESPITI": "SA_S04", "DENOMINAZIONE": "URNI", "ACCESSSO_TIPO": null, "A_INIZIO_ESERC": null, "TIPOLOGIA_COSTR": "c.a.", "CAPACITA": null, "N_VASCHE": null, "Q_MAX_PL": null, "Q_MIN_PL": null, "Q_FONDO": null, "STRUMENTI_M_POSIZIONE": null, "STRUMENTI_M_TIPO": null, "TELECONTROLLO": "SI", "RECINZIONE": null, "AUTOM_D_REAG": null, "NOTE": "dubbio su misuratore di portata in corrispondenza della pompa", "TIPOLOGIA": "ACCUMULO", "STATO_CONSERVAZIONE": 4, "STATO_FUNZIONALITA": 4, "COMUNE": "Messina", "N_CIV": null, "UTENTE_CREAZIONE": null, "DATA_INS": null, "OPERATORE": null, "DATA_AGG": null, "D_STATO": "Attivo/In esercizio", "IDGIS": null, "TIPO_DISINF": null, "VIA_DENOMINAZIONE": "URNI", "PSU": null, "GlobalID": "{E3A14752-897A-4643-95CF-803945B94329}", "fid_1_2": 82.0, "fid_1": 82.0, "COD_PRGA": " ", "COMPRENSOR": 0.0, "COD_GESTOR": " ", "SERBATOI_name": " ", "SERBATOI_CODICE": " ", "DESCRIZIONE": "URNI", "PROV_ACQ": " ", "DISTR_ACQ": " ", "ANNO_COSTR": 0.0, "CAPACITA_": 20.0, "QUOTA_slm": 0.0, "NUM_SERBAT": 0.0, "TIPOLOGIA_1": null, "IN_ESERCIZ": " ", "MIS_Q_IN": " ", "MIS_Q_OUT": " ", "DISINFEZIO": " ", "DISIN_TIPO": " ", "STATO_CONS": 0.0, "TELEMETRIA": " ", "SERBATOI_X": 543746.591, "SERBATOI_Y": 4232998.1331999991, "ACCESSIBIL": " ", "CONDIZIONE": " ", "SICUREZZA": " ", "NOTE_1": null, "LINK": "\\\\NAS-SERVER3\\Dati3\\AMAM\\_IMPIANTI\\IMPIANTI\\SERBATOI\\SE_URNI", "INT_URG": " ", "INT_PROGRA": " ", "LINK_2": "\\\\NAS-SERVER3\\Dati3\\AMAM\\_IMPIANTI\\IMPIANTI\\SERBATOI\\SE_URNI", "N_STRUMENTI_PORTATA": 1.0, "N_STRUMENTI_PRESSIONE": 0.0, "DISTRETTO": "SI", "SORGENTE_DATI": "RILIEVO" }, "geometry": { "type": "Point", "coordinates": [ 15.499926890448759, 38.243928813080856, 0.0 ] } },
{ "type": "Feature", "properties": { "COD_CESPITI": "SA_S03", "DENOMINAZIONE": "FORTE DEI CENTRI", "ACCESSSO_TIPO": null, "A_INIZIO_ESERC": null, "TIPOLOGIA_COSTR": "c.a.", "CAPACITA": null, "N_VASCHE": null, "Q_MAX_PL": null, "Q_MIN_PL": null, "Q_FONDO": null, "STRUMENTI_M_POSIZIONE": null, "STRUMENTI_M_TIPO": null, "TELECONTROLLO": "SI", "RECINZIONE": null, "AUTOM_D_REAG": null, "NOTE": " ", "TIPOLOGIA": "ACCUMULO", "STATO_CONSERVAZIONE": 4, "STATO_FUNZIONALITA": 4, "COMUNE": "Messina", "N_CIV": null, "UTENTE_CREAZIONE": null, "DATA_INS": null, "OPERATORE": null, "DATA_AGG": null, "D_STATO": "Attivo/In esercizio", "IDGIS": null, "TIPO_DISINF": null, "VIA_DENOMINAZIONE": "FORTE DEI CENTRI", "PSU": null, "GlobalID": "{FECD7248-BA15-43DD-96E9-7E4DF09F5759}", "fid_1_2": 83.0, "fid_1": 83.0, "COD_PRGA": " ", "COMPRENSOR": 0.0, "COD_GESTOR": " ", "SERBATOI_name": " ", "SERBATOI_CODICE": " ", "DESCRIZIONE": "5 serbatoi in acciaio da 5000 lt più autoclave", "PROV_ACQ": "Pozzo D'Anna", "DISTR_ACQ": "Salice ovest", "ANNO_COSTR": 0.0, "CAPACITA_": 15.0, "QUOTA_slm": 0.0, "NUM_SERBAT": 0.0, "TIPOLOGIA_1": null, "IN_ESERCIZ": "SI", "MIS_Q_IN": " ", "MIS_Q_OUT": " ", "DISINFEZIO": " ", "DISIN_TIPO": " ", "STATO_CONS": 0.0, "TELEMETRIA": "SI", "SERBATOI_X": 542992.19170000032, "SERBATOI_Y": 4233364.6240999997, "ACCESSIBIL": " ", "CONDIZIONE": " ", "SICUREZZA": " ", "NOTE_1": null, "LINK": " ", "INT_URG": " ", "INT_PROGRA": " ", "LINK_2": "\\\\NAS-SERVER3\\Dati3\\AMAM\\_IMPIANTI\\IMPIANTI\\SERBATOI\\SE_FORTE_DEI_CENTRI_ok", "N_STRUMENTI_PORTATA": 1.0, "N_STRUMENTI_PRESSIONE": 0.0, "DISTRETTO": "SI", "SORGENTE_DATI": "RILIEVO" }, "geometry": { "type": "Point", "coordinates": [ 15.49132830078525, 38.24726810399013, 0.0 ] } },
{ "type": "Feature", "properties": { "COD_CESPITI": "SS_S02", "DENOMINAZIONE": "SERBATOIO S. SABA S. FILIPPO", "ACCESSSO_TIPO": null, "A_INIZIO_ESERC": null, "TIPOLOGIA_COSTR": "c.a.", "CAPACITA": null, "N_VASCHE": null, "Q_MAX_PL": null, "Q_MIN_PL": null, "Q_FONDO": null, "STRUMENTI_M_POSIZIONE": null, "STRUMENTI_M_TIPO": null, "TELECONTROLLO": "SI", "RECINZIONE": null, "AUTOM_D_REAG": null, "NOTE": " ", "TIPOLOGIA": "ACCUMULO", "STATO_CONSERVAZIONE": 4, "STATO_FUNZIONALITA": 4, "COMUNE": "Messina", "N_CIV": null, "UTENTE_CREAZIONE": null, "DATA_INS": null, "OPERATORE": null, "DATA_AGG": null, "D_STATO": "Attivo/In esercizio", "IDGIS": null, "TIPO_DISINF": null, "VIA_DENOMINAZIONE": "SERBATOIO S. SABA S. FILIPPO", "PSU": null, "GlobalID": "{08476557-39DF-4D09-9131-83058137AE20}", "fid_1_2": 84.0, "fid_1": 84.0, "COD_PRGA": " ", "COMPRENSOR": 0.0, "COD_GESTOR": " ", "SERBATOI_name": " ", "SERBATOI_CODICE": " ", "DESCRIZIONE": " ", "PROV_ACQ": " ", "DISTR_ACQ": " ", "ANNO_COSTR": 0.0, "CAPACITA_": 0.0, "QUOTA_slm": 0.0, "NUM_SERBAT": 0.0, "TIPOLOGIA_1": null, "IN_ESERCIZ": " ", "MIS_Q_IN": " ", "MIS_Q_OUT": " ", "DISINFEZIO": " ", "DISIN_TIPO": " ", "STATO_CONS": 0.0, "TELEMETRIA": " ", "SERBATOI_X": 543708.94330000039, "SERBATOI_Y": 4237057.3304999992, "ACCESSIBIL": " ", "CONDIZIONE": " ", "SICUREZZA": " ", "NOTE_1": null, "LINK": " ", "INT_URG": " ", "INT_PROGRA": " ", "LINK_2": " ", "N_STRUMENTI_PORTATA": null, "N_STRUMENTI_PRESSIONE": null, "DISTRETTO": "SI", "SORGENTE_DATI": "RILIEVO" }, "geometry": { "type": "Point", "coordinates": [ 15.499747228798412, 38.280512752975199, 0.0 ] } },
{ "type": "Feature", "properties": { "COD_CESPITI": "CA_S02", "DENOMINAZIONE": "CALAMONA ALTO", "ACCESSSO_TIPO": null, "A_INIZIO_ESERC": null, "TIPOLOGIA_COSTR": "c.a.", "CAPACITA": null, "N_VASCHE": null, "Q_MAX_PL": null, "Q_MIN_PL": null, "Q_FONDO": null, "STRUMENTI_M_POSIZIONE": null, "STRUMENTI_M_TIPO": null, "TELECONTROLLO": "SI", "RECINZIONE": null, "AUTOM_D_REAG": null, "NOTE": " ", "TIPOLOGIA": "ACCUMULO", "STATO_CONSERVAZIONE": 4, "STATO_FUNZIONALITA": 4, "COMUNE": "Messina", "N_CIV": null, "UTENTE_CREAZIONE": null, "DATA_INS": null, "OPERATORE": null, "DATA_AGG": null, "D_STATO": "Attivo/In esercizio", "IDGIS": null, "TIPO_DISINF": null, "VIA_DENOMINAZIONE": "CALAMONA ALTO", "PSU": null, "GlobalID": "{AF506631-02D3-46AB-B000-1B99F6469103}", "fid_1_2": 85.0, "fid_1": 85.0, "COD_PRGA": " ", "COMPRENSOR": 0.0, "COD_GESTOR": " ", "SERBATOI_name": " ", "SERBATOI_CODICE": " ", "DESCRIZIONE": " ", "PROV_ACQ": " ", "DISTR_ACQ": " ", "ANNO_COSTR": 0.0, "CAPACITA_": 0.0, "QUOTA_slm": 0.0, "NUM_SERBAT": 0.0, "TIPOLOGIA_1": null, "IN_ESERCIZ": " ", "MIS_Q_IN": " ", "MIS_Q_OUT": " ", "DISINFEZIO": " ", "DISIN_TIPO": " ", "STATO_CONS": 0.0, "TELEMETRIA": " ", "SERBATOI_X": 545436.03689999972, "SERBATOI_Y": 4237338.6243999992, "ACCESSIBIL": " ", "CONDIZIONE": " ", "SICUREZZA": " ", "NOTE_1": null, "LINK": " ", "INT_URG": " ", "INT_PROGRA": " ", "LINK_2": " ", "N_STRUMENTI_PORTATA": null, "N_STRUMENTI_PRESSIONE": null, "DISTRETTO": "SI", "SORGENTE_DATI": "RILIEVO" }, "geometry": { "type": "Point", "coordinates": [ 15.519511324362051, 38.282962032017579, 0.0 ] } },
{ "type": "Feature", "properties": { "COD_CESPITI": null, "DENOMINAZIONE": "REGINELLA", "ACCESSSO_TIPO": "Carrabile agevole", "A_INIZIO_ESERC": null, "TIPOLOGIA_COSTR": "c.a.", "CAPACITA": null, "N_VASCHE": null, "Q_MAX_PL": null, "Q_MIN_PL": null, "Q_FONDO": null, "STRUMENTI_M_POSIZIONE": null, "STRUMENTI_M_TIPO": null, "TELECONTROLLO": "SI", "RECINZIONE": null, "AUTOM_D_REAG": null, "NOTE": null, "TIPOLOGIA": "ACCUMULO", "STATO_CONSERVAZIONE": 4, "STATO_FUNZIONALITA": 4, "COMUNE": "Messina", "N_CIV": null, "UTENTE_CREAZIONE": null, "DATA_INS": null, "OPERATORE": null, "DATA_AGG": null, "D_STATO": "Attivo/In esercizio", "IDGIS": null, "TIPO_DISINF": null, "VIA_DENOMINAZIONE": "REGINELLA", "PSU": null, "GlobalID": "{18AB6791-BB12-42AD-B522-54D91FF6591E}", "fid_1_2": null, "fid_1": null, "COD_PRGA": null, "COMPRENSOR": null, "COD_GESTOR": null, "SERBATOI_name": null, "SERBATOI_CODICE": null, "DESCRIZIONE": null, "PROV_ACQ": null, "DISTR_ACQ": null, "ANNO_COSTR": null, "CAPACITA_": null, "QUOTA_slm": null, "NUM_SERBAT": null, "TIPOLOGIA_1": null, "IN_ESERCIZ": null, "MIS_Q_IN": null, "MIS_Q_OUT": null, "DISINFEZIO": null, "DISIN_TIPO": null, "STATO_CONS": null, "TELEMETRIA": null, "SERBATOI_X": 545708.71150000021, "SERBATOI_Y": 4231317.5287999995, "ACCESSIBIL": null, "CONDIZIONE": null, "SICUREZZA": null, "NOTE_1": null, "LINK": null, "INT_URG": null, "INT_PROGRA": null, "LINK_2": null, "N_STRUMENTI_PORTATA": null, "N_STRUMENTI_PRESSIONE": null, "DISTRETTO": null, "SORGENTE_DATI": "RILIEVO" }, "geometry": { "type": "Point", "coordinates": [ 15.52224040921252, 38.228685283450304, 0.0 ] } },
{ "type": "Feature", "properties": { "COD_CESPITI": null, "DENOMINAZIONE": "CASTANEA TRIVIO", "ACCESSSO_TIPO": "Carrabile agevole", "A_INIZIO_ESERC": null, "TIPOLOGIA_COSTR": "c.a.", "CAPACITA": null, "N_VASCHE": null, "Q_MAX_PL": null, "Q_MIN_PL": null, "Q_FONDO": null, "STRUMENTI_M_POSIZIONE": null, "STRUMENTI_M_TIPO": null, "TELECONTROLLO": "SI", "RECINZIONE": null, "AUTOM_D_REAG": null, "NOTE": "Locale piano terra inaccessibile a causa di un nido di calabroni giganti; locale primo piano inaccessibile a causa della vegetazione", "TIPOLOGIA": "ACCUMULO", "STATO_CONSERVAZIONE": 4, "STATO_FUNZIONALITA": 4, "COMUNE": "Messina", "N_CIV": null, "UTENTE_CREAZIONE": null, "DATA_INS": null, "OPERATORE": null, "DATA_AGG": null, "D_STATO": "Attivo/In esercizio", "IDGIS": null, "TIPO_DISINF": null, "VIA_DENOMINAZIONE": "CASTANEA TRIVIO", "PSU": null, "GlobalID": "{3A212CB7-F4A6-4ACA-B06C-B786FA3C6165}", "fid_1_2": null, "fid_1": null, "COD_PRGA": null, "COMPRENSOR": null, "COD_GESTOR": null, "SERBATOI_name": null, "SERBATOI_CODICE": null, "DESCRIZIONE": null, "PROV_ACQ": null, "DISTR_ACQ": null, "ANNO_COSTR": null, "CAPACITA_": null, "QUOTA_slm": null, "NUM_SERBAT": null, "TIPOLOGIA_1": null, "IN_ESERCIZ": null, "MIS_Q_IN": null, "MIS_Q_OUT": null, "DISINFEZIO": null, "DISIN_TIPO": null, "STATO_CONS": null, "TELEMETRIA": null, "SERBATOI_X": 546514.14219999965, "SERBATOI_Y": 4232884.8783999998, "ACCESSIBIL": null, "CONDIZIONE": null, "SICUREZZA": null, "NOTE_1": null, "LINK": null, "INT_URG": null, "INT_PROGRA": null, "LINK_2": null, "N_STRUMENTI_PORTATA": null, "N_STRUMENTI_PRESSIONE": null, "DISTRETTO": null, "SORGENTE_DATI": "RILIEVO" }, "geometry": { "type": "Point", "coordinates": [ 15.531545234347922, 38.242769168643335, 0.0 ] } },
{ "type": "Feature", "properties": { "COD_CESPITI": null, "DENOMINAZIONE": "PIEDIMONTE", "ACCESSSO_TIPO": null, "A_INIZIO_ESERC": null, "TIPOLOGIA_COSTR": "c.a.", "CAPACITA": null, "N_VASCHE": null, "Q_MAX_PL": null, "Q_MIN_PL": null, "Q_FONDO": null, "STRUMENTI_M_POSIZIONE": null, "STRUMENTI_M_TIPO": null, "TELECONTROLLO": "SI", "RECINZIONE": null, "AUTOM_D_REAG": null, "NOTE": null, "TIPOLOGIA": "ACCUMULO", "STATO_CONSERVAZIONE": 4, "STATO_FUNZIONALITA": 4, "COMUNE": "Messina", "N_CIV": null, "UTENTE_CREAZIONE": null, "DATA_INS": null, "OPERATORE": null, "DATA_AGG": null, "D_STATO": "Attivo/In esercizio", "IDGIS": null, "TIPO_DISINF": null, "VIA_DENOMINAZIONE": "PIEDIMONTE", "PSU": null, "GlobalID": "{C283798B-1E3C-457B-ABD9-9D8572FD8EB1}", "fid_1_2": null, "fid_1": null, "COD_PRGA": null, "COMPRENSOR": null, "COD_GESTOR": null, "SERBATOI_name": null, "SERBATOI_CODICE": null, "DESCRIZIONE": null, "PROV_ACQ": null, "DISTR_ACQ": null, "ANNO_COSTR": null, "CAPACITA_": null, "QUOTA_slm": null, "NUM_SERBAT": null, "TIPOLOGIA_1": null, "IN_ESERCIZ": null, "MIS_Q_IN": null, "MIS_Q_OUT": null, "DISINFEZIO": null, "DISIN_TIPO": null, "STATO_CONS": null, "TELEMETRIA": null, "SERBATOI_X": 516708.2023, "SERBATOI_Y": 4184030.3255000003, "ACCESSIBIL": null, "CONDIZIONE": null, "SICUREZZA": null, "NOTE_1": null, "LINK": null, "INT_URG": null, "INT_PROGRA": null, "LINK_2": null, "N_STRUMENTI_PORTATA": null, "N_STRUMENTI_PRESSIONE": null, "DISTRETTO": null, "SORGENTE_DATI": "RILIEVO" }, "geometry": { "type": "Point", "coordinates": [ 15.189798816227166, 37.803500550880763, 0.0 ] } },
{ "type": "Feature", "properties": { "COD_CESPITI": null, "DENOMINAZIONE": "TRAPANI 2", "ACCESSSO_TIPO": null, "A_INIZIO_ESERC": null, "TIPOLOGIA_COSTR": "c.a.", "CAPACITA": null, "N_VASCHE": null, "Q_MAX_PL": null, "Q_MIN_PL": null, "Q_FONDO": null, "STRUMENTI_M_POSIZIONE": null, "STRUMENTI_M_TIPO": null, "TELECONTROLLO": "SI", "RECINZIONE": null, "AUTOM_D_REAG": null, "NOTE": null, "TIPOLOGIA": "ACCUMULO", "STATO_CONSERVAZIONE": 4, "STATO_FUNZIONALITA": 4, "COMUNE": "Messina", "N_CIV": null, "UTENTE_CREAZIONE": null, "DATA_INS": null, "OPERATORE": null, "DATA_AGG": null, "D_STATO": "Attivo/In esercizio", "IDGIS": null, "TIPO_DISINF": null, "VIA_DENOMINAZIONE": "TRAPANI 2", "PSU": null, "GlobalID": "{F3354D56-4865-4183-B079-152763640FE9}", "fid_1_2": null, "fid_1": null, "COD_PRGA": null, "COMPRENSOR": null, "COD_GESTOR": null, "SERBATOI_name": null, "SERBATOI_CODICE": null, "DESCRIZIONE": null, "PROV_ACQ": null, "DISTR_ACQ": null, "ANNO_COSTR": null, "CAPACITA_": null, "QUOTA_slm": null, "NUM_SERBAT": null, "TIPOLOGIA_1": null, "IN_ESERCIZ": null, "MIS_Q_IN": null, "MIS_Q_OUT": null, "DISINFEZIO": null, "DISIN_TIPO": null, "STATO_CONS": null, "TELEMETRIA": null, "SERBATOI_X": 548198.78, "SERBATOI_Y": 4228378.9776000008, "ACCESSIBIL": null, "CONDIZIONE": null, "SICUREZZA": null, "NOTE_1": null, "LINK": null, "INT_URG": null, "INT_PROGRA": null, "LINK_2": null, "N_STRUMENTI_PORTATA": null, "N_STRUMENTI_PRESSIONE": null, "DISTRETTO": null, "SORGENTE_DATI": "RILIEVO" }, "geometry": { "type": "Point", "coordinates": [ 15.550489712354585, 38.202072590378293, 0.0 ] } }
]
}
