{
  "type": "FeatureCollection",
  "name": "valvole",
  "crs": {
    "type": "name",
    "properties": {
      "name": "urn:ogc:def:crs:EPSG::32632"
    }
  },
  "features": [
    {
      "type": "Feature",
      "properties": {
        "stato": "APERTA",
        "tipologia": "Valvola a 2 vie",
        "id": 1,
        "comune": "Novi Ligure",
        "distretto": "DNL02"
      },
      "geometry": {
        "type": "Point",
        "coordinates": [
          8.753650931594134,
          44.77183955833277
        ]
      }
    },
    {
      "type": "Feature",
      "properties": {
        "stato": "APERTA",
        "tipologia": "Valvola a 2 vie",
        "id": 2,
        "comune": "Novi Ligure",
        "distretto": "DNL02"
      },
      "geometry": {
        "type": "Point",
        "coordinates": [
          8.753615717562091,
          44.77183571003434
        ]
      }
    },
    {
      "type": "Feature",
      "properties": {
        "stato": "APERTA",
        "tipologia": "Valvola a 2 vie",
        "id": 5,
        "comune": "Novi Ligure",
        "distretto": "DNL09"
      },
      "geometry": {
        "type": "Point",
        "coordinates": [
          8.755914716154031,
          44.771635855530235
        ]
      }
    },
    {
      "type": "Feature",
      "properties": {
        "stato": "APERTA",
        "tipologia": "Valvola a 2 vie",
        "id": 6,
        "comune": "Novi Ligure",
        "distretto": "DNL09"
      },
      "geometry": {
        "type": "Point",
        "coordinates": [
          8.756128474402349,
          44.771682086778085
        ]
      }
    },
    {
      "type": "Feature",
      "properties": {
        "stato": "APERTA",
        "tipologia": "Valvola a 2 vie",
        "id": 7,
        "comune": "Novi Ligure",
        "distretto": "DNL09"
      },
      "geometry": {
        "type": "Point",
        "coordinates": [
          8.758022756091373,
          44.77740823796239
        ]
      }
    },
    {
      "type": "Feature",
      "properties": {
        "stato": "APERTA",
        "tipologia": "Valvola a 2 vie",
        "id": 8,
        "comune": "Novi Ligure",
        "distretto": "DNL09"
      },
      "geometry": {
        "type": "Point",
        "coordinates": [
          8.763238395644915,
          44.771080181362365
        ]
      }
    },
    {
      "type": "Feature",
      "properties": {
        "stato": "APERTA",
        "tipologia": "Valvola a 2 vie",
        "id": 9,
        "comune": "Novi Ligure",
        "distretto": "DNL09"
      },
      "geometry": {
        "type": "Point",
        "coordinates": [
          8.76330619112957,
          44.76964057968892
        ]
      }
    },
    {
      "type": "Feature",
      "properties": {
        "stato": "APERTA",
        "tipologia": "Valvola a 2 vie",
        "id": 10,
        "comune": "Novi Ligure",
        "distretto": "DNL09"
      },
      "geometry": {
        "type": "Point",
        "coordinates": [
          8.763293440837895,
          44.768712278513114
        ]
      }
    },
    {
      "type": "Feature",
      "properties": {
        "stato": "APERTA",
        "tipologia": "Valvola a 2 vie",
        "id": 11,
        "comune": "Novi Ligure",
        "distretto": "DNL09"
      },
      "geometry": {
        "type": "Point",
        "coordinates": [
          8.763428762620235,
          44.76824314849205
        ]
      }
    },
    {
      "type": "Feature",
      "properties": {
        "stato": "APERTA",
        "tipologia": "Valvola a 2 vie",
        "id": 12,
        "comune": "Novi Ligure",
        "distretto": "DNL09"
      },
      "geometry": {
        "type": "Point",
        "coordinates": [
          8.768411765098222,
          44.77074437580134
        ]
      }
    },
    {
      "type": "Feature",
      "properties": {
        "stato": "APERTA",
        "tipologia": "Valvola a 2 vie",
        "id": 13,
        "comune": "Novi Ligure",
        "distretto": "DNL09"
      },
      "geometry": {
        "type": "Point",
        "coordinates": [
          8.76836901958407,
          44.77072056303876
        ]
      }
    },
    {
      "type": "Feature",
      "properties": {
        "stato": "APERTA",
        "tipologia": "Valvola a 2 vie",
        "id": 14,
        "comune": "Novi Ligure",
        "distretto": "DNL09"
      },
      "geometry": {
        "type": "Point",
        "coordinates": [
          8.768654211772498,
          44.7720266755174
        ]
      }
    },
    {
      "type": "Feature",
      "properties": {
        "stato": "APERTA",
        "tipologia": "Valvola a 2 vie",
        "id": 15,
        "comune": "Novi Ligure",
        "distretto": "DNL09"
      },
      "geometry": {
        "type": "Point",
        "coordinates": [
          8.765563353424719,
          44.76722945204985
        ]
      }
    },
    {
      "type": "Feature",
      "properties": {
        "stato": "APERTA",
        "tipologia": "Valvola a 2 vie",
        "id": 16,
        "comune": "Novi Ligure",
        "distretto": "DNL02"
      },
      "geometry": {
        "type": "Point",
        "coordinates": [
          8.76583025880512,
          44.76540337558883
        ]
      }
    },
    {
      "type": "Feature",
      "properties": {
        "stato": "APERTA",
        "tipologia": "Valvola a 2 vie",
        "id": 17,
        "comune": "Novi Ligure",
        "distretto": "DNL02"
      },
      "geometry": {
        "type": "Point",
        "coordinates": [
          8.765935849468502,
          44.76709562954239
        ]
      }
    },
    {
      "type": "Feature",
      "properties": {
        "stato": "APERTA",
        "tipologia": "Valvola a 2 vie",
        "id": 18,
        "comune": "Novi Ligure",
        "distretto": "DNL09"
      },
      "geometry": {
        "type": "Point",
        "coordinates": [
          8.76227290101909,
          44.77445879998743
        ]
      }
    },
    {
      "type": "Feature",
      "properties": {
        "stato": "APERTA",
        "tipologia": "Valvola a 2 vie",
        "id": 21,
        "comune": "Novi Ligure",
        "distretto": "DNL02"
      },
      "geometry": {
        "type": "Point",
        "coordinates": [
          8.771658316034626,
          44.76559042399073
        ]
      }
    },
    {
      "type": "Feature",
      "properties": {
        "stato": "APERTA",
        "tipologia": "Valvola a 2 vie",
        "id": 22,
        "comune": "Novi Ligure",
        "distretto": "DNL02"
      },
      "geometry": {
        "type": "Point",
        "coordinates": [
          8.772729908394604,
          44.76531930700919
        ]
      }
    },
    {
      "type": "Feature",
      "properties": {
        "stato": "APERTA",
        "tipologia": "Valvola a 2 vie",
        "id": 24,
        "comune": "Novi Ligure",
        "distretto": "DNL02"
      },
      "geometry": {
        "type": "Point",
        "coordinates": [
          8.772320125023649,
          44.76444355984242
        ]
      }
    },
    {
      "type": "Feature",
      "properties": {
        "stato": "APERTA",
        "tipologia": "Valvola a 2 vie",
        "id": 25,
        "comune": "Novi Ligure",
        "distretto": "DNL02"
      },
      "geometry": {
        "type": "Point",
        "coordinates": [
          8.77200891395093,
          44.763824592262
        ]
      }
    },
    {
      "type": "Feature",
      "properties": {
        "stato": "APERTA",
        "tipologia": "Valvola a 2 vie",
        "id": 26,
        "comune": "Novi Ligure",
        "distretto": "DNL02"
      },
      "geometry": {
        "type": "Point",
        "coordinates": [
          8.775036682524368,
          44.764721014436645
        ]
      }
    },
    {
      "type": "Feature",
      "properties": {
        "stato": "APERTA",
        "tipologia": "Valvola a 2 vie",
        "id": 27,
        "comune": "Novi Ligure",
        "distretto": "DNL02"
      },
      "geometry": {
        "type": "Point",
        "coordinates": [
          8.77574458599855,
          44.764542633402534
        ]
      }
    },
    {
      "type": "Feature",
      "properties": {
        "stato": "APERTA",
        "tipologia": "Valvola a 2 vie",
        "id": 28,
        "comune": "Novi Ligure",
        "distretto": "DNL02"
      },
      "geometry": {
        "type": "Point",
        "coordinates": [
          8.775522968284351,
          44.76369286610975
        ]
      }
    },
    {
      "type": "Feature",
      "properties": {
        "stato": "APERTA",
        "tipologia": "Valvola a 2 vie",
        "id": 30,
        "comune": "Novi Ligure",
        "distretto": "DNL02"
      },
      "geometry": {
        "type": "Point",
        "coordinates": [
          8.776231258772965,
          44.76261994965268
        ]
      }
    },
    {
      "type": "Feature",
      "properties": {
        "stato": "APERTA",
        "tipologia": "Valvola a 2 vie",
        "id": 31,
        "comune": "Novi Ligure",
        "distretto": "DNL02"
      },
      "geometry": {
        "type": "Point",
        "coordinates": [
          8.776608077773975,
          44.76429153482666
        ]
      }
    },
    {
      "type": "Feature",
      "properties": {
        "stato": "APERTA",
        "tipologia": "Valvola a 2 vie",
        "id": 32,
        "comune": "Novi Ligure",
        "distretto": "DNL02"
      },
      "geometry": {
        "type": "Point",
        "coordinates": [
          8.776273448613528,
          44.76265334986035
        ]
      }
    },
    {
      "type": "Feature",
      "properties": {
        "stato": "APERTA",
        "tipologia": "Valvola a 2 vie",
        "id": 33,
        "comune": "Novi Ligure",
        "distretto": "DNL02"
      },
      "geometry": {
        "type": "Point",
        "coordinates": [
          8.778139002561131,
          44.7639565316007
        ]
      }
    },
    {
      "type": "Feature",
      "properties": {
        "stato": "APERTA",
        "tipologia": "Valvola a 2 vie",
        "id": 34,
        "comune": "Novi Ligure",
        "distretto": "DNL02"
      },
      "geometry": {
        "type": "Point",
        "coordinates": [
          8.777853094717761,
          44.76379601451915
        ]
      }
    },
    {
      "type": "Feature",
      "properties": {
        "stato": "APERTA",
        "tipologia": "Valvola a 2 vie",
        "id": 35,
        "comune": "Novi Ligure",
        "distretto": "DNL02"
      },
      "geometry": {
        "type": "Point",
        "coordinates": [
          8.779360022299167,
          44.76255809833339
        ]
      }
    },
    {
      "type": "Feature",
      "properties": {
        "stato": "APERTA",
        "tipologia": "Valvola a 2 vie",
        "id": 36,
        "comune": "Novi Ligure",
        "distretto": "DNL02"
      },
      "geometry": {
        "type": "Point",
        "coordinates": [
          8.780947375973042,
          44.76131662547297
        ]
      }
    },
    {
      "type": "Feature",
      "properties": {
        "stato": "APERTA",
        "tipologia": "Valvola a 2 vie",
        "id": 37,
        "comune": "Novi Ligure",
        "distretto": "DNL07"
      },
      "geometry": {
        "type": "Point",
        "coordinates": [
          8.776158714225645,
          44.762503107163546
        ]
      }
    },
    {
      "type": "Feature",
      "properties": {
        "stato": "APERTA",
        "tipologia": "Valvola unidirezionale",
        "id": 38,
        "comune": "Novi Ligure",
        "distretto": "DNL07"
      },
      "geometry": {
        "type": "Point",
        "coordinates": [
          8.774384098698716,
          44.75871511205899
        ]
      }
    },
    {
      "type": "Feature",
      "properties": {
        "stato": "APERTA",
        "tipologia": "Valvola a 2 vie",
        "id": 40,
        "comune": "Novi Ligure",
        "distretto": null
      },
      "geometry": {
        "type": "Point",
        "coordinates": [
          8.7742178610351,
          44.75846831315048
        ]
      }
    },
    {
      "type": "Feature",
      "properties": {
        "stato": "APERTA",
        "tipologia": "Valvola a 2 vie",
        "id": 41,
        "comune": "Novi Ligure",
        "distretto": "DNL06"
      },
      "geometry": {
        "type": "Point",
        "coordinates": [
          8.774180015035139,
          44.75842197584303
        ]
      }
    },
    {
      "type": "Feature",
      "properties": {
        "stato": "APERTA",
        "tipologia": "Valvola a 2 vie",
        "id": 42,
        "comune": "Novi Ligure",
        "distretto": null
      },
      "geometry": {
        "type": "Point",
        "coordinates": [
          8.774198336061948,
          44.758508528035385
        ]
      }
    },
    {
      "type": "Feature",
      "properties": {
        "stato": "APERTA",
        "tipologia": "Valvola a 2 vie",
        "id": 43,
        "comune": "Novi Ligure",
        "distretto": null
      },
      "geometry": {
        "type": "Point",
        "coordinates": [
          8.774142566319432,
          44.758498395880956
        ]
      }
    },
    {
      "type": "Feature",
      "properties": {
        "stato": "APERTA",
        "tipologia": "Valvola a 2 vie",
        "id": 44,
        "comune": "Novi Ligure",
        "distretto": null
      },
      "geometry": {
        "type": "Point",
        "coordinates": [
          8.774156669037692,
          44.75846343455281
        ]
      }
    },
    {
      "type": "Feature",
      "properties": {
        "stato": "APERTA",
        "tipologia": "Valvola a 2 vie",
        "id": 45,
        "comune": "Novi Ligure",
        "distretto": "DNL07"
      },
      "geometry": {
        "type": "Point",
        "coordinates": [
          8.77492278896371,
          44.76231875138965
        ]
      }
    },
    {
      "type": "Feature",
      "properties": {
        "stato": "APERTA",
        "tipologia": "Valvola unidirezionale",
        "id": 46,
        "comune": "Novi Ligure",
        "distretto": "DNL07"
      },
      "geometry": {
        "type": "Point",
        "coordinates": [
          8.775020781527306,
          44.76230019969169
        ]
      }
    },
    {
      "type": "Feature",
      "properties": {
        "stato": "APERTA",
        "tipologia": "Valvola a 2 vie",
        "id": 47,
        "comune": "Novi Ligure",
        "distretto": "DNL07"
      },
      "geometry": {
        "type": "Point",
        "coordinates": [
          8.773963472684876,
          44.7584241464556
        ]
      }
    },
    {
      "type": "Feature",
      "properties": {
        "stato": "APERTA",
        "tipologia": "Valvola a 2 vie",
        "id": 49,
        "comune": "Novi Ligure",
        "distretto": "DNL06"
      },
      "geometry": {
        "type": "Point",
        "coordinates": [
          8.773642664715906,
          44.75766305294905
        ]
      }
    },
    {
      "type": "Feature",
      "properties": {
        "stato": "APERTA",
        "tipologia": "Valvola a 2 vie",
        "id": 50,
        "comune": "Novi Ligure",
        "distretto": "DNL06"
      },
      "geometry": {
        "type": "Point",
        "coordinates": [
          8.773589064915535,
          44.757599179077985
        ]
      }
    },
    {
      "type": "Feature",
      "properties": {
        "stato": "APERTA",
        "tipologia": "Valvola a 2 vie",
        "id": 52,
        "comune": "Novi Ligure",
        "distretto": null
      },
      "geometry": {
        "type": "Point",
        "coordinates": [
          8.773008266883547,
          44.75700976866397
        ]
      }
    },
    {
      "type": "Feature",
      "properties": {
        "stato": "APERTA",
        "tipologia": "Valvola a 2 vie",
        "id": 53,
        "comune": "Novi Ligure",
        "distretto": null
      },
      "geometry": {
        "type": "Point",
        "coordinates": [
          8.77296640203259,
          44.75696479945708
        ]
      }
    },
    {
      "type": "Feature",
      "properties": {
        "stato": "APERTA",
        "tipologia": "Valvola a 2 vie",
        "id": 54,
        "comune": "Novi Ligure",
        "distretto": "DNL07"
      },
      "geometry": {
        "type": "Point",
        "coordinates": [
          8.77204073187389,
          44.759030170036475
        ]
      }
    },
    {
      "type": "Feature",
      "properties": {
        "stato": "APERTA",
        "tipologia": "Valvola a 2 vie",
        "id": 55,
        "comune": "Novi Ligure",
        "distretto": "DNL07"
      },
      "geometry": {
        "type": "Point",
        "coordinates": [
          8.769717704358387,
          44.76088988943666
        ]
      }
    },
    {
      "type": "Feature",
      "properties": {
        "stato": "APERTA",
        "tipologia": "Valvola a 2 vie",
        "id": 56,
        "comune": "Novi Ligure",
        "distretto": "DNL07"
      },
      "geometry": {
        "type": "Point",
        "coordinates": [
          8.76968941406062,
          44.76089738287035
        ]
      }
    },
    {
      "type": "Feature",
      "properties": {
        "stato": "APERTA",
        "tipologia": "Valvola a 2 vie",
        "id": 57,
        "comune": "Novi Ligure",
        "distretto": "DNL07"
      },
      "geometry": {
        "type": "Point",
        "coordinates": [
          8.770980874489142,
          44.75939806679681
        ]
      }
    },
    {
      "type": "Feature",
      "properties": {
        "stato": "APERTA",
        "tipologia": "Valvola a 2 vie",
        "id": 58,
        "comune": "Novi Ligure",
        "distretto": "DNL07"
      },
      "geometry": {
        "type": "Point",
        "coordinates": [
          8.770989427151454,
          44.75936705035262
        ]
      }
    },
    {
      "type": "Feature",
      "properties": {
        "stato": "APERTA",
        "tipologia": "Valvola a 2 vie",
        "id": 59,
        "comune": "Novi Ligure",
        "distretto": "DNL07"
      },
      "geometry": {
        "type": "Point",
        "coordinates": [
          8.770608915817489,
          44.759115991425396
        ]
      }
    },
    {
      "type": "Feature",
      "properties": {
        "stato": "APERTA",
        "tipologia": "Valvola a 2 vie",
        "id": 60,
        "comune": "Novi Ligure",
        "distretto": "DNL07"
      },
      "geometry": {
        "type": "Point",
        "coordinates": [
          8.769929960172625,
          44.75894509166286
        ]
      }
    },
    {
      "type": "Feature",
      "properties": {
        "stato": "APERTA",
        "tipologia": "Valvola a 2 vie",
        "id": 61,
        "comune": "Novi Ligure",
        "distretto": "DNL07"
      },
      "geometry": {
        "type": "Point",
        "coordinates": [
          8.76781346624748,
          44.760759689219086
        ]
      }
    },
    {
      "type": "Feature",
      "properties": {
        "stato": "APERTA",
        "tipologia": "Valvola a 2 vie",
        "id": 62,
        "comune": "Novi Ligure",
        "distretto": "DNL07"
      },
      "geometry": {
        "type": "Point",
        "coordinates": [
          8.768027368933005,
          44.76133194693994
        ]
      }
    },
    {
      "type": "Feature",
      "properties": {
        "stato": "APERTA",
        "tipologia": "Valvola a 2 vie",
        "id": 63,
        "comune": "Novi Ligure",
        "distretto": "DNL07"
      },
      "geometry": {
        "type": "Point",
        "coordinates": [
          8.766545936079513,
          44.76121994220084
        ]
      }
    },
    {
      "type": "Feature",
      "properties": {
        "stato": "APERTA",
        "tipologia": "Valvola a 2 vie",
        "id": 64,
        "comune": "Novi Ligure",
        "distretto": "DNL07"
      },
      "geometry": {
        "type": "Point",
        "coordinates": [
          8.766551540898389,
          44.7611818097264
        ]
      }
    },
    {
      "type": "Feature",
      "properties": {
        "stato": "APERTA",
        "tipologia": "Valvola a 2 vie",
        "id": 65,
        "comune": "Novi Ligure",
        "distretto": "DNL07"
      },
      "geometry": {
        "type": "Point",
        "coordinates": [
          8.766492475440517,
          44.761215668063095
        ]
      }
    },
    {
      "type": "Feature",
      "properties": {
        "stato": "APERTA",
        "tipologia": "Valvola a 2 vie",
        "id": 66,
        "comune": "Novi Ligure",
        "distretto": "DNL07"
      },
      "geometry": {
        "type": "Point",
        "coordinates": [
          8.766269377080803,
          44.76093759264474
        ]
      }
    },
    {
      "type": "Feature",
      "properties": {
        "stato": "APERTA",
        "tipologia": "Valvola a 2 vie",
        "id": 67,
        "comune": "Novi Ligure",
        "distretto": "DNL07"
      },
      "geometry": {
        "type": "Point",
        "coordinates": [
          8.766375801991238,
          44.760738132829296
        ]
      }
    },
    {
      "type": "Feature",
      "properties": {
        "stato": "APERTA",
        "tipologia": "Valvola a 2 vie",
        "id": 68,
        "comune": "Novi Ligure",
        "distretto": "DNL07"
      },
      "geometry": {
        "type": "Point",
        "coordinates": [
          8.766459246699128,
          44.76071917561049
        ]
      }
    },
    {
      "type": "Feature",
      "properties": {
        "stato": "APERTA",
        "tipologia": "Valvola a 2 vie",
        "id": 69,
        "comune": "Novi Ligure",
        "distretto": "DNL07"
      },
      "geometry": {
        "type": "Point",
        "coordinates": [
          8.768761848404957,
          44.758958061967455
        ]
      }
    },
    {
      "type": "Feature",
      "properties": {
        "stato": "APERTA",
        "tipologia": "Valvola a 2 vie",
        "id": 70,
        "comune": "Novi Ligure",
        "distretto": "DNL07"
      },
      "geometry": {
        "type": "Point",
        "coordinates": [
          8.768525935496905,
          44.75997538204999
        ]
      }
    },
    {
      "type": "Feature",
      "properties": {
        "stato": "APERTA",
        "tipologia": "Valvola a 2 vie",
        "id": 71,
        "comune": "Novi Ligure",
        "distretto": "DNL07"
      },
      "geometry": {
        "type": "Point",
        "coordinates": [
          8.768036229089185,
          44.7607067851553
        ]
      }
    },
    {
      "type": "Feature",
      "properties": {
        "stato": "APERTA",
        "tipologia": "Valvola a 2 vie",
        "id": 72,
        "comune": "Novi Ligure",
        "distretto": "DNL07"
      },
      "geometry": {
        "type": "Point",
        "coordinates": [
          8.768738522964597,
          44.75890280861566
        ]
      }
    },
    {
      "type": "Feature",
      "properties": {
        "stato": "APERTA",
        "tipologia": "Valvola a 2 vie",
        "id": 73,
        "comune": "Novi Ligure",
        "distretto": "DNL07"
      },
      "geometry": {
        "type": "Point",
        "coordinates": [
          8.770050872267076,
          44.75809644746408
        ]
      }
    },
    {
      "type": "Feature",
      "properties": {
        "stato": "APERTA",
        "tipologia": "Valvola a 2 vie",
        "id": 74,
        "comune": "Novi Ligure",
        "distretto": "DNL02"
      },
      "geometry": {
        "type": "Point",
        "coordinates": [
          8.78293067402556,
          44.764545409858414
        ]
      }
    },
    {
      "type": "Feature",
      "properties": {
        "stato": "APERTA",
        "tipologia": "Valvola a 2 vie",
        "id": 75,
        "comune": "Novi Ligure",
        "distretto": "DNL02"
      },
      "geometry": {
        "type": "Point",
        "coordinates": [
          8.782129697305699,
          44.76155552430182
        ]
      }
    },
    {
      "type": "Feature",
      "properties": {
        "stato": "APERTA",
        "tipologia": "Valvola a 2 vie",
        "id": 76,
        "comune": "Novi Ligure",
        "distretto": "DNL02"
      },
      "geometry": {
        "type": "Point",
        "coordinates": [
          8.781250802109884,
          44.7611086571272
        ]
      }
    },
    {
      "type": "Feature",
      "properties": {
        "stato": "APERTA",
        "tipologia": "Valvola a 2 vie",
        "id": 77,
        "comune": "Novi Ligure",
        "distretto": "DNL02"
      },
      "geometry": {
        "type": "Point",
        "coordinates": [
          8.781197098207409,
          44.7600716910642
        ]
      }
    },
    {
      "type": "Feature",
      "properties": {
        "stato": "APERTA",
        "tipologia": "Valvola a 2 vie",
        "id": 79,
        "comune": "Novi Ligure",
        "distretto": "DNL02"
      },
      "geometry": {
        "type": "Point",
        "coordinates": [
          8.781222105024298,
          44.760045257010766
        ]
      }
    },
    {
      "type": "Feature",
      "properties": {
        "stato": "APERTA",
        "tipologia": "Valvola a 2 vie",
        "id": 80,
        "comune": "Novi Ligure",
        "distretto": "DNL02"
      },
      "geometry": {
        "type": "Point",
        "coordinates": [
          8.781240981868148,
          44.75969680471273
        ]
      }
    },
    {
      "type": "Feature",
      "properties": {
        "stato": "APERTA",
        "tipologia": "Valvola a 2 vie",
        "id": 81,
        "comune": "Novi Ligure",
        "distretto": "DNL02"
      },
      "geometry": {
        "type": "Point",
        "coordinates": [
          8.7842344495286,
          44.75842573204613
        ]
      }
    },
    {
      "type": "Feature",
      "properties": {
        "stato": "APERTA",
        "tipologia": "Valvola a 2 vie",
        "id": 82,
        "comune": "Novi Ligure",
        "distretto": "DNL02"
      },
      "geometry": {
        "type": "Point",
        "coordinates": [
          8.782191033241562,
          44.7615721621516
        ]
      }
    },
    {
      "type": "Feature",
      "properties": {
        "stato": "APERTA",
        "tipologia": "Valvola a 2 vie",
        "id": 83,
        "comune": "Novi Ligure",
        "distretto": "DNL02"
      },
      "geometry": {
        "type": "Point",
        "coordinates": [
          8.782149678645096,
          44.76120280209498
        ]
      }
    },
    {
      "type": "Feature",
      "properties": {
        "stato": "APERTA",
        "tipologia": "Valvola a 2 vie",
        "id": 84,
        "comune": "Novi Ligure",
        "distretto": "DNL02"
      },
      "geometry": {
        "type": "Point",
        "coordinates": [
          8.782544106030484,
          44.76111393665791
        ]
      }
    },
    {
      "type": "Feature",
      "properties": {
        "stato": "APERTA",
        "tipologia": "Valvola a 2 vie",
        "id": 85,
        "comune": "Novi Ligure",
        "distretto": "DNL02"
      },
      "geometry": {
        "type": "Point",
        "coordinates": [
          8.782499922537923,
          44.75990134497777
        ]
      }
    },
    {
      "type": "Feature",
      "properties": {
        "stato": "APERTA",
        "tipologia": "Valvola a 2 vie",
        "id": 86,
        "comune": "Novi Ligure",
        "distretto": "DNL02"
      },
      "geometry": {
        "type": "Point",
        "coordinates": [
          8.784895996729194,
          44.759404745254955
        ]
      }
    },
    {
      "type": "Feature",
      "properties": {
        "stato": "APERTA",
        "tipologia": "Valvola a 2 vie",
        "id": 87,
        "comune": "Novi Ligure",
        "distretto": "DNL02"
      },
      "geometry": {
        "type": "Point",
        "coordinates": [
          8.784937451817935,
          44.759420154527895
        ]
      }
    },
    {
      "type": "Feature",
      "properties": {
        "stato": "APERTA",
        "tipologia": "Valvola a 2 vie",
        "id": 88,
        "comune": "Novi Ligure",
        "distretto": "DNL02"
      },
      "geometry": {
        "type": "Point",
        "coordinates": [
          8.78497868307118,
          44.75934939865378
        ]
      }
    },
    {
      "type": "Feature",
      "properties": {
        "stato": "APERTA",
        "tipologia": "Valvola a 2 vie",
        "id": 89,
        "comune": "Novi Ligure",
        "distretto": "DNL02"
      },
      "geometry": {
        "type": "Point",
        "coordinates": [
          8.785585767204587,
          44.759343512179086
        ]
      }
    },
    {
      "type": "Feature",
      "properties": {
        "stato": "APERTA",
        "tipologia": "Valvola a 2 vie",
        "id": 90,
        "comune": "Novi Ligure",
        "distretto": "DNL02"
      },
      "geometry": {
        "type": "Point",
        "coordinates": [
          8.785717459577619,
          44.76077891507772
        ]
      }
    },
    {
      "type": "Feature",
      "properties": {
        "stato": "APERTA",
        "tipologia": "Valvola a 2 vie",
        "id": 91,
        "comune": "Novi Ligure",
        "distretto": "DNL02"
      },
      "geometry": {
        "type": "Point",
        "coordinates": [
          8.78306745387732,
          44.76107574212818
        ]
      }
    },
    {
      "type": "Feature",
      "properties": {
        "stato": "APERTA",
        "tipologia": "Valvola a 2 vie",
        "id": 92,
        "comune": "Novi Ligure",
        "distretto": "DNL02"
      },
      "geometry": {
        "type": "Point",
        "coordinates": [
          8.785719384664647,
          44.76138925797503
        ]
      }
    },
    {
      "type": "Feature",
      "properties": {
        "stato": "APERTA",
        "tipologia": "Valvola a 2 vie",
        "id": 93,
        "comune": "Novi Ligure",
        "distretto": "DNL02"
      },
      "geometry": {
        "type": "Point",
        "coordinates": [
          8.785737248566212,
          44.76173871504959
        ]
      }
    },
    {
      "type": "Feature",
      "properties": {
        "stato": "APERTA",
        "tipologia": "Valvola a 2 vie",
        "id": 94,
        "comune": "Novi Ligure",
        "distretto": "DNL02"
      },
      "geometry": {
        "type": "Point",
        "coordinates": [
          8.785792657444503,
          44.760795605474854
        ]
      }
    },
    {
      "type": "Feature",
      "properties": {
        "stato": "APERTA",
        "tipologia": "Valvola a 2 vie",
        "id": 95,
        "comune": "Novi Ligure",
        "distretto": "DNL02"
      },
      "geometry": {
        "type": "Point",
        "coordinates": [
          8.785763117514216,
          44.760743585167084
        ]
      }
    },
    {
      "type": "Feature",
      "properties": {
        "stato": "APERTA",
        "tipologia": "Valvola a 2 vie",
        "id": 96,
        "comune": "Novi Ligure",
        "distretto": "DNL02"
      },
      "geometry": {
        "type": "Point",
        "coordinates": [
          8.78581477507252,
          44.76059324863861
        ]
      }
    },
    {
      "type": "Feature",
      "properties": {
        "stato": "APERTA",
        "tipologia": "Valvola a 2 vie",
        "id": 97,
        "comune": "Novi Ligure",
        "distretto": "DNL02"
      },
      "geometry": {
        "type": "Point",
        "coordinates": [
          8.785841563195854,
          44.76038411532288
        ]
      }
    },
    {
      "type": "Feature",
      "properties": {
        "stato": "APERTA",
        "tipologia": "Valvola a 2 vie",
        "id": 98,
        "comune": "Novi Ligure",
        "distretto": "DNL02"
      },
      "geometry": {
        "type": "Point",
        "coordinates": [
          8.785807014136443,
          44.761307635637465
        ]
      }
    },
    {
      "type": "Feature",
      "properties": {
        "stato": "APERTA",
        "tipologia": "Valvola a 2 vie",
        "id": 99,
        "comune": "Novi Ligure",
        "distretto": "DNL02"
      },
      "geometry": {
        "type": "Point",
        "coordinates": [
          8.78701932395374,
          44.760314586251596
        ]
      }
    },
    {
      "type": "Feature",
      "properties": {
        "stato": "APERTA",
        "tipologia": "Valvola a 2 vie",
        "id": 100,
        "comune": "Novi Ligure",
        "distretto": "DNL02"
      },
      "geometry": {
        "type": "Point",
        "coordinates": [
          8.788636901783459,
          44.76045628664929
        ]
      }
    },
    {
      "type": "Feature",
      "properties": {
        "stato": "APERTA",
        "tipologia": "Valvola a 2 vie",
        "id": 101,
        "comune": "Novi Ligure",
        "distretto": "DNL02"
      },
      "geometry": {
        "type": "Point",
        "coordinates": [
          8.787267099154294,
          44.761239309231435
        ]
      }
    },
    {
      "type": "Feature",
      "properties": {
        "stato": "APERTA",
        "tipologia": "Valvola a 2 vie",
        "id": 102,
        "comune": "Novi Ligure",
        "distretto": "DNL02"
      },
      "geometry": {
        "type": "Point",
        "coordinates": [
          8.788578374815375,
          44.759725917279134
        ]
      }
    },
    {
      "type": "Feature",
      "properties": {
        "stato": "APERTA",
        "tipologia": "Valvola a 2 vie",
        "id": 103,
        "comune": "Novi Ligure",
        "distretto": "DNL02"
      },
      "geometry": {
        "type": "Point",
        "coordinates": [
          8.789780171334503,
          44.760049358299725
        ]
      }
    },
    {
      "type": "Feature",
      "properties": {
        "stato": "APERTA",
        "tipologia": "Valvola a 2 vie",
        "id": 104,
        "comune": "Novi Ligure",
        "distretto": "DNL02"
      },
      "geometry": {
        "type": "Point",
        "coordinates": [
          8.786742301081617,
          44.759260446134576
        ]
      }
    },
    {
      "type": "Feature",
      "properties": {
        "stato": "APERTA",
        "tipologia": "Valvola a 2 vie",
        "id": 105,
        "comune": "Novi Ligure",
        "distretto": "DNL02"
      },
      "geometry": {
        "type": "Point",
        "coordinates": [
          8.785729260140155,
          44.75896877113307
        ]
      }
    },
    {
      "type": "Feature",
      "properties": {
        "stato": "APERTA",
        "tipologia": "Valvola a 2 vie",
        "id": 107,
        "comune": "Novi Ligure",
        "distretto": "DNL02"
      },
      "geometry": {
        "type": "Point",
        "coordinates": [
          8.789001566382836,
          44.75983539028228
        ]
      }
    },
    {
      "type": "Feature",
      "properties": {
        "stato": "APERTA",
        "tipologia": "Valvola a 2 vie",
        "id": 108,
        "comune": "Novi Ligure",
        "distretto": "DNL02"
      },
      "geometry": {
        "type": "Point",
        "coordinates": [
          8.785670845030541,
          44.75899577727371
        ]
      }
    },
    {
      "type": "Feature",
      "properties": {
        "stato": "APERTA",
        "tipologia": "Valvola a 2 vie",
        "id": 109,
        "comune": "Novi Ligure",
        "distretto": "DNL02"
      },
      "geometry": {
        "type": "Point",
        "coordinates": [
          8.785687191619179,
          44.75892160133357
        ]
      }
    },
    {
      "type": "Feature",
      "properties": {
        "stato": "APERTA",
        "tipologia": "Valvola a 2 vie",
        "id": 110,
        "comune": "Novi Ligure",
        "distretto": "DNL02"
      },
      "geometry": {
        "type": "Point",
        "coordinates": [
          8.787526542222347,
          44.759366499645765
        ]
      }
    },
    {
      "type": "Feature",
      "properties": {
        "stato": "APERTA",
        "tipologia": "Valvola a 2 vie",
        "id": 111,
        "comune": "Novi Ligure",
        "distretto": "DNL02"
      },
      "geometry": {
        "type": "Point",
        "coordinates": [
          8.786539521521437,
          44.75829810636891
        ]
      }
    },
    {
      "type": "Feature",
      "properties": {
        "stato": "APERTA",
        "tipologia": "Valvola a 2 vie",
        "id": 112,
        "comune": "Novi Ligure",
        "distretto": "DNL02"
      },
      "geometry": {
        "type": "Point",
        "coordinates": [
          8.7887698893366,
          44.75844836760004
        ]
      }
    },
    {
      "type": "Feature",
      "properties": {
        "stato": "APERTA",
        "tipologia": "Valvola a 2 vie",
        "id": 113,
        "comune": "Novi Ligure",
        "distretto": "DNL02"
      },
      "geometry": {
        "type": "Point",
        "coordinates": [
          8.78874690565868,
          44.75849474591962
        ]
      }
    },
    {
      "type": "Feature",
      "properties": {
        "stato": "APERTA",
        "tipologia": "Valvola a 2 vie",
        "id": 114,
        "comune": "Novi Ligure",
        "distretto": "DNL02"
      },
      "geometry": {
        "type": "Point",
        "coordinates": [
          8.789792476615546,
          44.75998682447054
        ]
      }
    },
    {
      "type": "Feature",
      "properties": {
        "stato": "APERTA",
        "tipologia": "Valvola a 2 vie",
        "id": 115,
        "comune": "Novi Ligure",
        "distretto": "DNL02"
      },
      "geometry": {
        "type": "Point",
        "coordinates": [
          8.789861520381463,
          44.75952257722489
        ]
      }
    },
    {
      "type": "Feature",
      "properties": {
        "stato": "APERTA",
        "tipologia": "Valvola a 2 vie",
        "id": 116,
        "comune": "Novi Ligure",
        "distretto": "DNL02"
      },
      "geometry": {
        "type": "Point",
        "coordinates": [
          8.789693749221648,
          44.758900675370654
        ]
      }
    },
    {
      "type": "Feature",
      "properties": {
        "stato": "APERTA",
        "tipologia": "Valvola a 2 vie",
        "id": 117,
        "comune": "Novi Ligure",
        "distretto": "DNL02"
      },
      "geometry": {
        "type": "Point",
        "coordinates": [
          8.784338783453908,
          44.758407600507944
        ]
      }
    },
    {
      "type": "Feature",
      "properties": {
        "stato": "APERTA",
        "tipologia": "Valvola a 2 vie",
        "id": 118,
        "comune": "Novi Ligure",
        "distretto": "DNL02"
      },
      "geometry": {
        "type": "Point",
        "coordinates": [
          8.784545932521516,
          44.7583612666514
        ]
      }
    },
    {
      "type": "Feature",
      "properties": {
        "stato": "APERTA",
        "tipologia": "Valvola a 2 vie",
        "id": 119,
        "comune": "Novi Ligure",
        "distretto": "DNL06"
      },
      "geometry": {
        "type": "Point",
        "coordinates": [
          8.783959088087089,
          44.75809454182245
        ]
      }
    },
    {
      "type": "Feature",
      "properties": {
        "stato": "APERTA",
        "tipologia": "Valvola a 2 vie",
        "id": 120,
        "comune": "Novi Ligure",
        "distretto": "DNL06"
      },
      "geometry": {
        "type": "Point",
        "coordinates": [
          8.784006169155115,
          44.75811445924854
        ]
      }
    },
    {
      "type": "Feature",
      "properties": {
        "stato": "APERTA",
        "tipologia": "Valvola a 2 vie",
        "id": 121,
        "comune": "Novi Ligure",
        "distretto": null
      },
      "geometry": {
        "type": "Point",
        "coordinates": [
          8.784054608447894,
          44.75814919249529
        ]
      }
    },
    {
      "type": "Feature",
      "properties": {
        "stato": "APERTA",
        "tipologia": "Valvola a 2 vie",
        "id": 122,
        "comune": "Novi Ligure",
        "distretto": "DNL02"
      },
      "geometry": {
        "type": "Point",
        "coordinates": [
          8.78410717045249,
          44.75817254982214
        ]
      }
    },
    {
      "type": "Feature",
      "properties": {
        "stato": "APERTA",
        "tipologia": "Valvola a 2 vie",
        "id": 123,
        "comune": "Novi Ligure",
        "distretto": "DNL02"
      },
      "geometry": {
        "type": "Point",
        "coordinates": [
          8.784057994098834,
          44.758109483364905
        ]
      }
    },
    {
      "type": "Feature",
      "properties": {
        "stato": "APERTA",
        "tipologia": "Valvola a 2 vie",
        "id": 124,
        "comune": "Novi Ligure",
        "distretto": "DNL02"
      },
      "geometry": {
        "type": "Point",
        "coordinates": [
          8.784093059484238,
          44.758031179137355
        ]
      }
    },
    {
      "type": "Feature",
      "properties": {
        "stato": "APERTA",
        "tipologia": "Valvola a 2 vie",
        "id": 125,
        "comune": "Novi Ligure",
        "distretto": "DNL06"
      },
      "geometry": {
        "type": "Point",
        "coordinates": [
          8.784096277371356,
          44.75737464566687
        ]
      }
    },
    {
      "type": "Feature",
      "properties": {
        "stato": "APERTA",
        "tipologia": "Valvola a 2 vie",
        "id": 126,
        "comune": "Novi Ligure",
        "distretto": "DNL06"
      },
      "geometry": {
        "type": "Point",
        "coordinates": [
          8.784134866889849,
          44.7573757042556
        ]
      }
    },
    {
      "type": "Feature",
      "properties": {
        "stato": "APERTA",
        "tipologia": "Valvola a 2 vie",
        "id": 127,
        "comune": "Novi Ligure",
        "distretto": "DNL06"
      },
      "geometry": {
        "type": "Point",
        "coordinates": [
          8.784095483403604,
          44.75779544637185
        ]
      }
    },
    {
      "type": "Feature",
      "properties": {
        "stato": "APERTA",
        "tipologia": "Valvola a 2 vie",
        "id": 129,
        "comune": "Novi Ligure",
        "distretto": "DNL02"
      },
      "geometry": {
        "type": "Point",
        "coordinates": [
          8.789858840258177,
          44.75811821005991
        ]
      }
    },
    {
      "type": "Feature",
      "properties": {
        "stato": "CHIUSA",
        "tipologia": "Valvola a 2 vie",
        "id": 130,
        "comune": "Novi Ligure",
        "distretto": "DNL02"
      },
      "geometry": {
        "type": "Point",
        "coordinates": [
          8.78989398659761,
          44.75806132625517
        ]
      }
    },
    {
      "type": "Feature",
      "properties": {
        "stato": "APERTA",
        "tipologia": "Valvola a 2 vie",
        "id": 131,
        "comune": "Novi Ligure",
        "distretto": "DNL02"
      },
      "geometry": {
        "type": "Point",
        "coordinates": [
          8.78912337249376,
          44.75716235260899
        ]
      }
    },
    {
      "type": "Feature",
      "properties": {
        "stato": "APERTA",
        "tipologia": "Valvola a 2 vie",
        "id": 132,
        "comune": "Novi Ligure",
        "distretto": "DNL02"
      },
      "geometry": {
        "type": "Point",
        "coordinates": [
          8.789887117317662,
          44.75808453551415
        ]
      }
    },
    {
      "type": "Feature",
      "properties": {
        "stato": "APERTA",
        "tipologia": "Valvola a 2 vie",
        "id": 133,
        "comune": "Novi Ligure",
        "distretto": "DNL02"
      },
      "geometry": {
        "type": "Point",
        "coordinates": [
          8.790946141433782,
          44.75954493171016
        ]
      }
    },
    {
      "type": "Feature",
      "properties": {
        "stato": "APERTA",
        "tipologia": "Valvola a 2 vie",
        "id": 134,
        "comune": "Novi Ligure",
        "distretto": "DNL02"
      },
      "geometry": {
        "type": "Point",
        "coordinates": [
          8.791927614234396,
          44.75944773097438
        ]
      }
    },
    {
      "type": "Feature",
      "properties": {
        "stato": "APERTA",
        "tipologia": "Valvola a 2 vie",
        "id": 135,
        "comune": "Novi Ligure",
        "distretto": "DNL02"
      },
      "geometry": {
        "type": "Point",
        "coordinates": [
          8.79209668306501,
          44.75940519588851
        ]
      }
    },
    {
      "type": "Feature",
      "properties": {
        "stato": "APERTA",
        "tipologia": "Valvola a 2 vie",
        "id": 136,
        "comune": "Novi Ligure",
        "distretto": "DNL02"
      },
      "geometry": {
        "type": "Point",
        "coordinates": [
          8.790905401410818,
          44.759769210117625
        ]
      }
    },
    {
      "type": "Feature",
      "properties": {
        "stato": "APERTA",
        "tipologia": "Valvola a 2 vie",
        "id": 138,
        "comune": "Novi Ligure",
        "distretto": "DNL02"
      },
      "geometry": {
        "type": "Point",
        "coordinates": [
          8.790883228406088,
          44.759695840640504
        ]
      }
    },
    {
      "type": "Feature",
      "properties": {
        "stato": "APERTA",
        "tipologia": "Valvola a 2 vie",
        "id": 142,
        "comune": "Novi Ligure",
        "distretto": "DNL02"
      },
      "geometry": {
        "type": "Point",
        "coordinates": [
          8.79061487424633,
          44.7600218735679
        ]
      }
    },
    {
      "type": "Feature",
      "properties": {
        "stato": "APERTA",
        "tipologia": "Valvola a 2 vie",
        "id": 143,
        "comune": "Novi Ligure",
        "distretto": "DNL02"
      },
      "geometry": {
        "type": "Point",
        "coordinates": [
          8.790635492915879,
          44.76004767468384
        ]
      }
    },
    {
      "type": "Feature",
      "properties": {
        "stato": "APERTA",
        "tipologia": "Valvola a 2 vie",
        "id": 144,
        "comune": "Novi Ligure",
        "distretto": "DNL02"
      },
      "geometry": {
        "type": "Point",
        "coordinates": [
          8.785919490179573,
          44.76184400658412
        ]
      }
    },
    {
      "type": "Feature",
      "properties": {
        "stato": "APERTA",
        "tipologia": "Valvola a 2 vie",
        "id": 145,
        "comune": "Novi Ligure",
        "distretto": "DNL02"
      },
      "geometry": {
        "type": "Point",
        "coordinates": [
          8.785828868881115,
          44.761954139514366
        ]
      }
    },
    {
      "type": "Feature",
      "properties": {
        "stato": "CHIUSA",
        "tipologia": "Valvola a 2 vie",
        "id": 146,
        "comune": "Novi Ligure",
        "distretto": "DNL02"
      },
      "geometry": {
        "type": "Point",
        "coordinates": [
          8.787370993635973,
          44.761691425019585
        ]
      }
    },
    {
      "type": "Feature",
      "properties": {
        "stato": "APERTA",
        "tipologia": "Valvola a 2 vie",
        "id": 147,
        "comune": "Novi Ligure",
        "distretto": "DNL06"
      },
      "geometry": {
        "type": "Point",
        "coordinates": [
          8.78322127039211,
          44.754424176529945
        ]
      }
    },
    {
      "type": "Feature",
      "properties": {
        "stato": "APERTA",
        "tipologia": "Valvola a 2 vie",
        "id": 148,
        "comune": "Novi Ligure",
        "distretto": "DNL06"
      },
      "geometry": {
        "type": "Point",
        "coordinates": [
          8.789955300993284,
          44.750797864958564
        ]
      }
    },
    {
      "type": "Feature",
      "properties": {
        "stato": "APERTA",
        "tipologia": "Valvola a 2 vie",
        "id": 149,
        "comune": "Novi Ligure",
        "distretto": "DNL06"
      },
      "geometry": {
        "type": "Point",
        "coordinates": [
          8.778811468793398,
          44.7530093930663
        ]
      }
    },
    {
      "type": "Feature",
      "properties": {
        "stato": "APERTA",
        "tipologia": "Valvola a 2 vie",
        "id": 150,
        "comune": "Novi Ligure",
        "distretto": "DNL06"
      },
      "geometry": {
        "type": "Point",
        "coordinates": [
          8.778742426919449,
          44.75298709670912
        ]
      }
    },
    {
      "type": "Feature",
      "properties": {
        "stato": "APERTA",
        "tipologia": "Valvola a 2 vie",
        "id": 151,
        "comune": "Novi Ligure",
        "distretto": "DNL06"
      },
      "geometry": {
        "type": "Point",
        "coordinates": [
          8.778728198818506,
          44.75305419656497
        ]
      }
    },
    {
      "type": "Feature",
      "properties": {
        "stato": "APERTA",
        "tipologia": "Valvola a 2 vie",
        "id": 152,
        "comune": "Novi Ligure",
        "distretto": "DNL06"
      },
      "geometry": {
        "type": "Point",
        "coordinates": [
          8.782173087865635,
          44.73684588214277
        ]
      }
    },
    {
      "type": "Feature",
      "properties": {
        "stato": "APERTA",
        "tipologia": "Valvola a 2 vie",
        "id": 153,
        "comune": "Novi Ligure",
        "distretto": "DNL06"
      },
      "geometry": {
        "type": "Point",
        "coordinates": [
          8.778530153525232,
          44.74129522891332
        ]
      }
    },
    {
      "type": "Feature",
      "properties": {
        "stato": "APERTA",
        "tipologia": "Valvola a 2 vie",
        "id": 154,
        "comune": "Novi Ligure",
        "distretto": "DNL06"
      },
      "geometry": {
        "type": "Point",
        "coordinates": [
          8.778433682892214,
          44.74129437618215
        ]
      }
    },
    {
      "type": "Feature",
      "properties": {
        "stato": "APERTA",
        "tipologia": "Valvola a 2 vie",
        "id": 155,
        "comune": "Novi Ligure",
        "distretto": "DNL06"
      },
      "geometry": {
        "type": "Point",
        "coordinates": [
          8.777824056908912,
          44.742132181688866
        ]
      }
    },
    {
      "type": "Feature",
      "properties": {
        "stato": "APERTA",
        "tipologia": "Valvola a 2 vie",
        "id": 156,
        "comune": "Novi Ligure",
        "distretto": "DNL06"
      },
      "geometry": {
        "type": "Point",
        "coordinates": [
          8.768509828438752,
          44.7411169528071
        ]
      }
    },
    {
      "type": "Feature",
      "properties": {
        "stato": "APERTA",
        "tipologia": "Valvola a 2 vie",
        "id": 157,
        "comune": "Novi Ligure",
        "distretto": "DNL06"
      },
      "geometry": {
        "type": "Point",
        "coordinates": [
          8.7643973992487,
          44.741900220446766
        ]
      }
    },
    {
      "type": "Feature",
      "properties": {
        "stato": "APERTA",
        "tipologia": "Valvola a 2 vie",
        "id": 158,
        "comune": "Novi Ligure",
        "distretto": "DNL06"
      },
      "geometry": {
        "type": "Point",
        "coordinates": [
          8.76276936458566,
          44.74171353856898
        ]
      }
    },
    {
      "type": "Feature",
      "properties": {
        "stato": "APERTA",
        "tipologia": "Valvola a 2 vie",
        "id": 159,
        "comune": "Novi Ligure",
        "distretto": "DNL06"
      },
      "geometry": {
        "type": "Point",
        "coordinates": [
          8.765529077646466,
          44.74929793106103
        ]
      }
    },
    {
      "type": "Feature",
      "properties": {
        "stato": "APERTA",
        "tipologia": "Valvola a 2 vie",
        "id": 160,
        "comune": "Novi Ligure",
        "distretto": "DNL06"
      },
      "geometry": {
        "type": "Point",
        "coordinates": [
          8.772265123084225,
          44.74449876029622
        ]
      }
    },
    {
      "type": "Feature",
      "properties": {
        "stato": "APERTA",
        "tipologia": "Valvola a 2 vie",
        "id": 161,
        "comune": "Novi Ligure",
        "distretto": "DNL06"
      },
      "geometry": {
        "type": "Point",
        "coordinates": [
          8.765536264443368,
          44.748799845114476
        ]
      }
    },
    {
      "type": "Feature",
      "properties": {
        "stato": "APERTA",
        "tipologia": "Valvola a 2 vie",
        "id": 162,
        "comune": "Novi Ligure",
        "distretto": "DNL06"
      },
      "geometry": {
        "type": "Point",
        "coordinates": [
          8.78223023611877,
          44.73736213066125
        ]
      }
    },
    {
      "type": "Feature",
      "properties": {
        "stato": "APERTA",
        "tipologia": "Valvola a 2 vie",
        "id": 163,
        "comune": "Novi Ligure",
        "distretto": "DNL06"
      },
      "geometry": {
        "type": "Point",
        "coordinates": [
          8.791259910211625,
          44.73327983651358
        ]
      }
    },
    {
      "type": "Feature",
      "properties": {
        "stato": "APERTA",
        "tipologia": "Valvola a 2 vie",
        "id": 164,
        "comune": "Novi Ligure",
        "distretto": "DNL06"
      },
      "geometry": {
        "type": "Point",
        "coordinates": [
          8.791274776110047,
          44.733262277856895
        ]
      }
    },
    {
      "type": "Feature",
      "properties": {
        "stato": "APERTA",
        "tipologia": "Valvola a 2 vie",
        "id": 165,
        "comune": "Novi Ligure",
        "distretto": "DNL06"
      },
      "geometry": {
        "type": "Point",
        "coordinates": [
          8.791226073092423,
          44.73372830898065
        ]
      }
    },
    {
      "type": "Feature",
      "properties": {
        "stato": "APERTA",
        "tipologia": "Valvola a 2 vie",
        "id": 166,
        "comune": "Novi Ligure",
        "distretto": "DNL06"
      },
      "geometry": {
        "type": "Point",
        "coordinates": [
          8.79294539477392,
          44.72928601781959
        ]
      }
    },
    {
      "type": "Feature",
      "properties": {
        "stato": "APERTA",
        "tipologia": "Valvola a 2 vie",
        "id": 167,
        "comune": "Novi Ligure",
        "distretto": "DNL06"
      },
      "geometry": {
        "type": "Point",
        "coordinates": [
          8.792938118231504,
          44.72925565521493
        ]
      }
    },
    {
      "type": "Feature",
      "properties": {
        "stato": "APERTA",
        "tipologia": "Valvola a 2 vie",
        "id": 168,
        "comune": "Novi Ligure",
        "distretto": "DNL05"
      },
      "geometry": {
        "type": "Point",
        "coordinates": [
          8.794471782713913,
          44.74120072896135
        ]
      }
    },
    {
      "type": "Feature",
      "properties": {
        "stato": "APERTA",
        "tipologia": "Valvola a 2 vie",
        "id": 170,
        "comune": "Novi Ligure",
        "distretto": "DNL05"
      },
      "geometry": {
        "type": "Point",
        "coordinates": [
          8.806719029835484,
          44.7334262969036
        ]
      }
    },
    {
      "type": "Feature",
      "properties": {
        "stato": "APERTA",
        "tipologia": "Valvola a 2 vie",
        "id": 171,
        "comune": "Novi Ligure",
        "distretto": "DNL05"
      },
      "geometry": {
        "type": "Point",
        "coordinates": [
          8.80870121527776,
          44.73680011648958
        ]
      }
    },
    {
      "type": "Feature",
      "properties": {
        "stato": "APERTA",
        "tipologia": "Valvola a 2 vie",
        "id": 172,
        "comune": "Novi Ligure",
        "distretto": "DNL05"
      },
      "geometry": {
        "type": "Point",
        "coordinates": [
          8.811344605348781,
          44.73308205228877
        ]
      }
    },
    {
      "type": "Feature",
      "properties": {
        "stato": "APERTA",
        "tipologia": "Valvola a 2 vie",
        "id": 173,
        "comune": "Novi Ligure",
        "distretto": "DNL05"
      },
      "geometry": {
        "type": "Point",
        "coordinates": [
          8.81356061055683,
          44.732340057570696
        ]
      }
    },
    {
      "type": "Feature",
      "properties": {
        "stato": "APERTA",
        "tipologia": "Valvola a 2 vie",
        "id": 174,
        "comune": "Novi Ligure",
        "distretto": "DNL05"
      },
      "geometry": {
        "type": "Point",
        "coordinates": [
          8.819969941033223,
          44.7319279291542
        ]
      }
    },
    {
      "type": "Feature",
      "properties": {
        "stato": "APERTA",
        "tipologia": "Valvola a 2 vie",
        "id": 176,
        "comune": "Novi Ligure",
        "distretto": "DNL01.3"
      },
      "geometry": {
        "type": "Point",
        "coordinates": [
          8.797542553733694,
          44.758615290140874
        ]
      }
    },
    {
      "type": "Feature",
      "properties": {
        "stato": "APERTA",
        "tipologia": "Valvola a 2 vie",
        "id": 177,
        "comune": "Novi Ligure",
        "distretto": "DNL01.3"
      },
      "geometry": {
        "type": "Point",
        "coordinates": [
          8.797600613084912,
          44.75865587160826
        ]
      }
    },
    {
      "type": "Feature",
      "properties": {
        "stato": "APERTA",
        "tipologia": "Valvola a 2 vie",
        "id": 178,
        "comune": "Novi Ligure",
        "distretto": "DNL01.3"
      },
      "geometry": {
        "type": "Point",
        "coordinates": [
          8.801451580649198,
          44.7585815430757
        ]
      }
    },
    {
      "type": "Feature",
      "properties": {
        "stato": "APERTA",
        "tipologia": "Valvola a 2 vie",
        "id": 179,
        "comune": "Novi Ligure",
        "distretto": "DNL01.3"
      },
      "geometry": {
        "type": "Point",
        "coordinates": [
          8.802432969840382,
          44.758493585896524
        ]
      }
    },
    {
      "type": "Feature",
      "properties": {
        "stato": "APERTA",
        "tipologia": "Valvola a 2 vie",
        "id": 180,
        "comune": "Novi Ligure",
        "distretto": "DNL01.3"
      },
      "geometry": {
        "type": "Point",
        "coordinates": [
          8.80234479026414,
          44.75847372120172
        ]
      }
    },
    {
      "type": "Feature",
      "properties": {
        "stato": "APERTA",
        "tipologia": "Valvola a 2 vie",
        "id": 181,
        "comune": "Novi Ligure",
        "distretto": "DNL01.3"
      },
      "geometry": {
        "type": "Point",
        "coordinates": [
          8.802506596974629,
          44.75781687836255
        ]
      }
    },
    {
      "type": "Feature",
      "properties": {
        "stato": "APERTA",
        "tipologia": "Valvola a 2 vie",
        "id": 182,
        "comune": "Novi Ligure",
        "distretto": "DNL01.3"
      },
      "geometry": {
        "type": "Point",
        "coordinates": [
          8.802173033836723,
          44.75743692424862
        ]
      }
    },
    {
      "type": "Feature",
      "properties": {
        "stato": "APERTA",
        "tipologia": "Valvola a 2 vie",
        "id": 183,
        "comune": "Novi Ligure",
        "distretto": "DNL01.3"
      },
      "geometry": {
        "type": "Point",
        "coordinates": [
          8.801405485007127,
          44.75773458590661
        ]
      }
    },
    {
      "type": "Feature",
      "properties": {
        "stato": "APERTA",
        "tipologia": "Valvola a 2 vie",
        "id": 184,
        "comune": "Novi Ligure",
        "distretto": "DNL01.3"
      },
      "geometry": {
        "type": "Point",
        "coordinates": [
          8.801190113844912,
          44.75786563818388
        ]
      }
    },
    {
      "type": "Feature",
      "properties": {
        "stato": "APERTA",
        "tipologia": "Valvola a 2 vie",
        "id": 185,
        "comune": "Novi Ligure",
        "distretto": "DNL01.3"
      },
      "geometry": {
        "type": "Point",
        "coordinates": [
          8.802102042978674,
          44.75742647331781
        ]
      }
    },
    {
      "type": "Feature",
      "properties": {
        "stato": "APERTA",
        "tipologia": "Valvola a 2 vie",
        "id": 186,
        "comune": "Novi Ligure",
        "distretto": "DNL01.3"
      },
      "geometry": {
        "type": "Point",
        "coordinates": [
          8.801279408649572,
          44.75637830808025
        ]
      }
    },
    {
      "type": "Feature",
      "properties": {
        "stato": "APERTA",
        "tipologia": "Valvola a 2 vie",
        "id": 187,
        "comune": "Novi Ligure",
        "distretto": "DNL01.3"
      },
      "geometry": {
        "type": "Point",
        "coordinates": [
          8.80290357251994,
          44.75840658428419
        ]
      }
    },
    {
      "type": "Feature",
      "properties": {
        "stato": "APERTA",
        "tipologia": "Valvola a 2 vie",
        "id": 189,
        "comune": "Novi Ligure",
        "distretto": "DNL01.3"
      },
      "geometry": {
        "type": "Point",
        "coordinates": [
          8.800615338185326,
          44.761671911288396
        ]
      }
    },
    {
      "type": "Feature",
      "properties": {
        "stato": "APERTA",
        "tipologia": "Valvola a 2 vie",
        "id": 190,
        "comune": "Novi Ligure",
        "distretto": "DNL01.3"
      },
      "geometry": {
        "type": "Point",
        "coordinates": [
          8.799042107432523,
          44.76082704140021
        ]
      }
    },
    {
      "type": "Feature",
      "properties": {
        "stato": "APERTA",
        "tipologia": "Valvola a 2 vie",
        "id": 191,
        "comune": "Novi Ligure",
        "distretto": "DNL01.3"
      },
      "geometry": {
        "type": "Point",
        "coordinates": [
          8.803762685612185,
          44.758336483852894
        ]
      }
    },
    {
      "type": "Feature",
      "properties": {
        "stato": "APERTA",
        "tipologia": "Valvola a 2 vie",
        "id": 192,
        "comune": "Novi Ligure",
        "distretto": "DNL01.3"
      },
      "geometry": {
        "type": "Point",
        "coordinates": [
          8.805057577027611,
          44.76066133543406
        ]
      }
    },
    {
      "type": "Feature",
      "properties": {
        "stato": "APERTA",
        "tipologia": "Valvola a 2 vie",
        "id": 193,
        "comune": "Novi Ligure",
        "distretto": "DNL01.3"
      },
      "geometry": {
        "type": "Point",
        "coordinates": [
          8.80502232068221,
          44.760622457770644
        ]
      }
    },
    {
      "type": "Feature",
      "properties": {
        "stato": "APERTA",
        "tipologia": "Valvola a 2 vie",
        "id": 194,
        "comune": "Novi Ligure",
        "distretto": "DNL01.3"
      },
      "geometry": {
        "type": "Point",
        "coordinates": [
          8.80326957849244,
          44.760770369344534
        ]
      }
    },
    {
      "type": "Feature",
      "properties": {
        "stato": "APERTA",
        "tipologia": "Valvola a 2 vie",
        "id": 195,
        "comune": "Novi Ligure",
        "distretto": "DNL01.3"
      },
      "geometry": {
        "type": "Point",
        "coordinates": [
          8.803503196367751,
          44.7622184614759
        ]
      }
    },
    {
      "type": "Feature",
      "properties": {
        "stato": "APERTA",
        "tipologia": "Valvola a 2 vie",
        "id": 196,
        "comune": "Novi Ligure",
        "distretto": "DNL01.3"
      },
      "geometry": {
        "type": "Point",
        "coordinates": [
          8.803014122330488,
          44.76003445659251
        ]
      }
    },
    {
      "type": "Feature",
      "properties": {
        "stato": "APERTA",
        "tipologia": "Valvola a 2 vie",
        "id": 197,
        "comune": "Novi Ligure",
        "distretto": "DNL01.3"
      },
      "geometry": {
        "type": "Point",
        "coordinates": [
          8.802994415616213,
          44.759952271536
        ]
      }
    },
    {
      "type": "Feature",
      "properties": {
        "stato": "APERTA",
        "tipologia": "Valvola a 2 vie",
        "id": 198,
        "comune": "Novi Ligure",
        "distretto": "DNL01.3"
      },
      "geometry": {
        "type": "Point",
        "coordinates": [
          8.80299791542061,
          44.759502443628314
        ]
      }
    },
    {
      "type": "Feature",
      "properties": {
        "stato": "APERTA",
        "tipologia": "Valvola a 2 vie",
        "id": 199,
        "comune": "Novi Ligure",
        "distretto": "DNL01.3"
      },
      "geometry": {
        "type": "Point",
        "coordinates": [
          8.803157721435898,
          44.758450369812586
        ]
      }
    },
    {
      "type": "Feature",
      "properties": {
        "stato": "APERTA",
        "tipologia": "Valvola a 2 vie",
        "id": 200,
        "comune": "Novi Ligure",
        "distretto": "DNL01.3"
      },
      "geometry": {
        "type": "Point",
        "coordinates": [
          8.803041132759763,
          44.75907100991079
        ]
      }
    },
    {
      "type": "Feature",
      "properties": {
        "stato": "APERTA",
        "tipologia": "Valvola a 2 vie",
        "id": 201,
        "comune": "Novi Ligure",
        "distretto": "DNL01.3"
      },
      "geometry": {
        "type": "Point",
        "coordinates": [
          8.802028776318405,
          44.759750774557446
        ]
      }
    },
    {
      "type": "Feature",
      "properties": {
        "stato": "APERTA",
        "tipologia": "Valvola a 2 vie",
        "id": 202,
        "comune": "Novi Ligure",
        "distretto": "DNL01.3"
      },
      "geometry": {
        "type": "Point",
        "coordinates": [
          8.804678678599597,
          44.75987057859732
        ]
      }
    },
    {
      "type": "Feature",
      "properties": {
        "stato": "APERTA",
        "tipologia": "Valvola a 2 vie",
        "id": 203,
        "comune": "Novi Ligure",
        "distretto": "DNL01.3"
      },
      "geometry": {
        "type": "Point",
        "coordinates": [
          8.803826643162164,
          44.75995479943225
        ]
      }
    },
    {
      "type": "Feature",
      "properties": {
        "stato": "APERTA",
        "tipologia": "Valvola a 2 vie",
        "id": 204,
        "comune": "Novi Ligure",
        "distretto": "DNL01.3"
      },
      "geometry": {
        "type": "Point",
        "coordinates": [
          8.803388988646846,
          44.761281726183896
        ]
      }
    },
    {
      "type": "Feature",
      "properties": {
        "stato": "APERTA",
        "tipologia": "Valvola a 2 vie",
        "id": 205,
        "comune": "Novi Ligure",
        "distretto": "DNL01.3"
      },
      "geometry": {
        "type": "Point",
        "coordinates": [
          8.805148807351264,
          44.76089716917589
        ]
      }
    },
    {
      "type": "Feature",
      "properties": {
        "stato": "APERTA",
        "tipologia": "Valvola a 2 vie",
        "id": 206,
        "comune": "Novi Ligure",
        "distretto": "DNL01.3"
      },
      "geometry": {
        "type": "Point",
        "coordinates": [
          8.803146978056148,
          44.76078214923152
        ]
      }
    },
    {
      "type": "Feature",
      "properties": {
        "stato": "APERTA",
        "tipologia": "Valvola a 2 vie",
        "id": 207,
        "comune": "Novi Ligure",
        "distretto": "DNL01.3"
      },
      "geometry": {
        "type": "Point",
        "coordinates": [
          8.800373122398895,
          44.759806771575605
        ]
      }
    },
    {
      "type": "Feature",
      "properties": {
        "stato": "APERTA",
        "tipologia": "Valvola a 2 vie",
        "id": 208,
        "comune": "Novi Ligure",
        "distretto": "DNL01.3"
      },
      "geometry": {
        "type": "Point",
        "coordinates": [
          8.801525752882762,
          44.76055744361846
        ]
      }
    },
    {
      "type": "Feature",
      "properties": {
        "stato": "APERTA",
        "tipologia": "Valvola a 2 vie",
        "id": 209,
        "comune": "Novi Ligure",
        "distretto": "DNL01.3"
      },
      "geometry": {
        "type": "Point",
        "coordinates": [
          8.799137325055744,
          44.76081366287073
        ]
      }
    },
    {
      "type": "Feature",
      "properties": {
        "stato": "APERTA",
        "tipologia": "Valvola a 2 vie",
        "id": 210,
        "comune": "Novi Ligure",
        "distretto": "DNL01.3"
      },
      "geometry": {
        "type": "Point",
        "coordinates": [
          8.800595650444397,
          44.76011213814907
        ]
      }
    },
    {
      "type": "Feature",
      "properties": {
        "stato": "APERTA",
        "tipologia": "Valvola a 2 vie",
        "id": 211,
        "comune": "Novi Ligure",
        "distretto": "DNL01.3"
      },
      "geometry": {
        "type": "Point",
        "coordinates": [
          8.799626396788755,
          44.761079112055505
        ]
      }
    },
    {
      "type": "Feature",
      "properties": {
        "stato": "APERTA",
        "tipologia": "Valvola a 2 vie",
        "id": 212,
        "comune": "Novi Ligure",
        "distretto": "DNL01.3"
      },
      "geometry": {
        "type": "Point",
        "coordinates": [
          8.797668927309195,
          44.76057569775919
        ]
      }
    },
    {
      "type": "Feature",
      "properties": {
        "stato": "APERTA",
        "tipologia": "Valvola a 2 vie",
        "id": 213,
        "comune": "Novi Ligure",
        "distretto": "DNL01.3"
      },
      "geometry": {
        "type": "Point",
        "coordinates": [
          8.798381026833667,
          44.758724396731246
        ]
      }
    },
    {
      "type": "Feature",
      "properties": {
        "stato": "APERTA",
        "tipologia": "Valvola a 2 vie",
        "id": 214,
        "comune": "Novi Ligure",
        "distretto": "DNL02"
      },
      "geometry": {
        "type": "Point",
        "coordinates": [
          8.791442473586136,
          44.76000521093902
        ]
      }
    },
    {
      "type": "Feature",
      "properties": {
        "stato": "APERTA",
        "tipologia": "Valvola a 2 vie",
        "id": 215,
        "comune": "Novi Ligure",
        "distretto": "DNL01"
      },
      "geometry": {
        "type": "Point",
        "coordinates": [
          8.79805220866942,
          44.76260219884329
        ]
      }
    },
    {
      "type": "Feature",
      "properties": {
        "stato": "APERTA",
        "tipologia": "Valvola a 2 vie",
        "id": 216,
        "comune": "Novi Ligure",
        "distretto": "DNL01"
      },
      "geometry": {
        "type": "Point",
        "coordinates": [
          8.797764634165631,
          44.76208095248186
        ]
      }
    },
    {
      "type": "Feature",
      "properties": {
        "stato": "APERTA",
        "tipologia": "Valvola a 2 vie",
        "id": 217,
        "comune": "Novi Ligure",
        "distretto": "DNL01"
      },
      "geometry": {
        "type": "Point",
        "coordinates": [
          8.797191192872297,
          44.76247169877326
        ]
      }
    },
    {
      "type": "Feature",
      "properties": {
        "stato": "APERTA",
        "tipologia": "Valvola a 2 vie",
        "id": 218,
        "comune": "Novi Ligure",
        "distretto": "DNL01.3"
      },
      "geometry": {
        "type": "Point",
        "coordinates": [
          8.799859987482732,
          44.76124842111849
        ]
      }
    },
    {
      "type": "Feature",
      "properties": {
        "stato": "APERTA",
        "tipologia": "Valvola a 2 vie",
        "id": 219,
        "comune": "Novi Ligure",
        "distretto": "DNL01.3"
      },
      "geometry": {
        "type": "Point",
        "coordinates": [
          8.802690093840456,
          44.7620197861457
        ]
      }
    },
    {
      "type": "Feature",
      "properties": {
        "stato": "APERTA",
        "tipologia": "Valvola a 2 vie",
        "id": 220,
        "comune": "Novi Ligure",
        "distretto": "DNL01.3"
      },
      "geometry": {
        "type": "Point",
        "coordinates": [
          8.801966002824301,
          44.7629803258608
        ]
      }
    },
    {
      "type": "Feature",
      "properties": {
        "stato": "APERTA",
        "tipologia": "Valvola a 2 vie",
        "id": 221,
        "comune": "Novi Ligure",
        "distretto": "DNL01.3"
      },
      "geometry": {
        "type": "Point",
        "coordinates": [
          8.802727337625335,
          44.76207796999463
        ]
      }
    },
    {
      "type": "Feature",
      "properties": {
        "stato": "APERTA",
        "tipologia": "Valvola a 2 vie",
        "id": 223,
        "comune": "Novi Ligure",
        "distretto": "DNL01"
      },
      "geometry": {
        "type": "Point",
        "coordinates": [
          8.796675957039295,
          44.76376617815924
        ]
      }
    },
    {
      "type": "Feature",
      "properties": {
        "stato": "APERTA",
        "tipologia": "Valvola a 2 vie",
        "id": 224,
        "comune": "Novi Ligure",
        "distretto": "DNL01"
      },
      "geometry": {
        "type": "Point",
        "coordinates": [
          8.795607024098235,
          44.762926603733895
        ]
      }
    },
    {
      "type": "Feature",
      "properties": {
        "stato": "APERTA",
        "tipologia": "Valvola a 2 vie",
        "id": 229,
        "comune": "Novi Ligure",
        "distretto": "DNL01"
      },
      "geometry": {
        "type": "Point",
        "coordinates": [
          8.814435832271668,
          44.76685992859074
        ]
      }
    },
    {
      "type": "Feature",
      "properties": {
        "stato": "APERTA",
        "tipologia": "Valvola a 2 vie",
        "id": 230,
        "comune": "Novi Ligure",
        "distretto": "DNL01"
      },
      "geometry": {
        "type": "Point",
        "coordinates": [
          8.796566281978,
          44.76378014146224
        ]
      }
    },
    {
      "type": "Feature",
      "properties": {
        "stato": "APERTA",
        "tipologia": "Valvola a 2 vie",
        "id": 232,
        "comune": "Novi Ligure",
        "distretto": "DNL01"
      },
      "geometry": {
        "type": "Point",
        "coordinates": [
          8.794386707756889,
          44.766302635239605
        ]
      }
    },
    {
      "type": "Feature",
      "properties": {
        "stato": "APERTA",
        "tipologia": "Valvola a 2 vie",
        "id": 233,
        "comune": "Novi Ligure",
        "distretto": "DNL01"
      },
      "geometry": {
        "type": "Point",
        "coordinates": [
          8.793940947838239,
          44.766343702347825
        ]
      }
    },
    {
      "type": "Feature",
      "properties": {
        "stato": "APERTA",
        "tipologia": "Valvola a 2 vie",
        "id": 235,
        "comune": "Novi Ligure",
        "distretto": "DNL01"
      },
      "geometry": {
        "type": "Point",
        "coordinates": [
          8.79250855097642,
          44.76649606292226
        ]
      }
    },
    {
      "type": "Feature",
      "properties": {
        "stato": "APERTA",
        "tipologia": "Valvola a 2 vie",
        "id": 236,
        "comune": "Novi Ligure",
        "distretto": "DNL01"
      },
      "geometry": {
        "type": "Point",
        "coordinates": [
          8.795614282751588,
          44.766039263916554
        ]
      }
    },
    {
      "type": "Feature",
      "properties": {
        "stato": "APERTA",
        "tipologia": "Valvola a 2 vie",
        "id": 239,
        "comune": "Novi Ligure",
        "distretto": "DNL01.2"
      },
      "geometry": {
        "type": "Point",
        "coordinates": [
          8.797646285241473,
          44.76633914621506
        ]
      }
    },
    {
      "type": "Feature",
      "properties": {
        "stato": "APERTA",
        "tipologia": "Valvola a 2 vie",
        "id": 240,
        "comune": "Novi Ligure",
        "distretto": "DNL01"
      },
      "geometry": {
        "type": "Point",
        "coordinates": [
          8.796864850211353,
          44.764574279263634
        ]
      }
    },
    {
      "type": "Feature",
      "properties": {
        "stato": "APERTA",
        "tipologia": "Valvola a 2 vie",
        "id": 241,
        "comune": "Novi Ligure",
        "distretto": "DNL01"
      },
      "geometry": {
        "type": "Point",
        "coordinates": [
          8.79531211216659,
          44.76487414815091
        ]
      }
    },
    {
      "type": "Feature",
      "properties": {
        "stato": "CHIUSA",
        "tipologia": "Valvola a 2 vie",
        "id": 242,
        "comune": "Novi Ligure",
        "distretto": "DNL01"
      },
      "geometry": {
        "type": "Point",
        "coordinates": [
          8.793746470677606,
          44.76418465215532
        ]
      }
    },
    {
      "type": "Feature",
      "properties": {
        "stato": "APERTA",
        "tipologia": "Valvola a 2 vie",
        "id": 243,
        "comune": "Novi Ligure",
        "distretto": "DNL01"
      },
      "geometry": {
        "type": "Point",
        "coordinates": [
          8.793371493613126,
          44.763288803894824
        ]
      }
    },
    {
      "type": "Feature",
      "properties": {
        "stato": "APERTA",
        "tipologia": "Valvola a 2 vie",
        "id": 245,
        "comune": "Novi Ligure",
        "distretto": "DNL02"
      },
      "geometry": {
        "type": "Point",
        "coordinates": [
          8.786104439441957,
          44.76213319483376
        ]
      }
    },
    {
      "type": "Feature",
      "properties": {
        "stato": "APERTA",
        "tipologia": "Valvola a 2 vie",
        "id": 246,
        "comune": "Novi Ligure",
        "distretto": "DNL02"
      },
      "geometry": {
        "type": "Point",
        "coordinates": [
          8.78615022612869,
          44.76215428709346
        ]
      }
    },
    {
      "type": "Feature",
      "properties": {
        "stato": "CHIUSA",
        "tipologia": "Valvola a 2 vie",
        "id": 247,
        "comune": "Novi Ligure",
        "distretto": "DNL01"
      },
      "geometry": {
        "type": "Point",
        "coordinates": [
          8.789351804082681,
          44.76431308979007
        ]
      }
    },
    {
      "type": "Feature",
      "properties": {
        "stato": "APERTA",
        "tipologia": "Valvola a 2 vie",
        "id": 248,
        "comune": "Novi Ligure",
        "distretto": "DNL01.2"
      },
      "geometry": {
        "type": "Point",
        "coordinates": [
          8.796016949340554,
          44.76690190773026
        ]
      }
    },
    {
      "type": "Feature",
      "properties": {
        "stato": "APERTA",
        "tipologia": "Valvola a 2 vie",
        "id": 249,
        "comune": "Novi Ligure",
        "distretto": "DNL01.2"
      },
      "geometry": {
        "type": "Point",
        "coordinates": [
          8.797783331580687,
          44.76684175782545
        ]
      }
    },
    {
      "type": "Feature",
      "properties": {
        "stato": "APERTA",
        "tipologia": "Valvola a 2 vie",
        "id": 251,
        "comune": "Novi Ligure",
        "distretto": "DNL01.2"
      },
      "geometry": {
        "type": "Point",
        "coordinates": [
          8.797875613811485,
          44.76681360441632
        ]
      }
    },
    {
      "type": "Feature",
      "properties": {
        "stato": "APERTA",
        "tipologia": "Valvola a 2 vie",
        "id": 252,
        "comune": "Novi Ligure",
        "distretto": "DNL01.2"
      },
      "geometry": {
        "type": "Point",
        "coordinates": [
          8.79783262258151,
          44.76686363560924
        ]
      }
    },
    {
      "type": "Feature",
      "properties": {
        "stato": "APERTA",
        "tipologia": "Valvola a 2 vie",
        "id": 253,
        "comune": "Novi Ligure",
        "distretto": "DNL01.2"
      },
      "geometry": {
        "type": "Point",
        "coordinates": [
          8.798125204999447,
          44.7679595855902
        ]
      }
    },
    {
      "type": "Feature",
      "properties": {
        "stato": "APERTA",
        "tipologia": "Valvola a 2 vie",
        "id": 254,
        "comune": "Novi Ligure",
        "distretto": "DNL01.2"
      },
      "geometry": {
        "type": "Point",
        "coordinates": [
          8.798016826379142,
          44.76745751034452
        ]
      }
    },
    {
      "type": "Feature",
      "properties": {
        "stato": "APERTA",
        "tipologia": "Valvola a 2 vie",
        "id": 255,
        "comune": "Novi Ligure",
        "distretto": "DNL01.2"
      },
      "geometry": {
        "type": "Point",
        "coordinates": [
          8.795972995036642,
          44.766945133772936
        ]
      }
    },
    {
      "type": "Feature",
      "properties": {
        "stato": "APERTA",
        "tipologia": "Valvola a 2 vie",
        "id": 256,
        "comune": "Novi Ligure",
        "distretto": "DNL01.2"
      },
      "geometry": {
        "type": "Point",
        "coordinates": [
          8.795894309132873,
          44.76690656935811
        ]
      }
    },
    {
      "type": "Feature",
      "properties": {
        "stato": "APERTA",
        "tipologia": "Valvola a 2 vie",
        "id": 257,
        "comune": "Novi Ligure",
        "distretto": "DNL01.2"
      },
      "geometry": {
        "type": "Point",
        "coordinates": [
          8.794437674995134,
          44.766959057456994
        ]
      }
    },
    {
      "type": "Feature",
      "properties": {
        "stato": "APERTA",
        "tipologia": "Valvola a 2 vie",
        "id": 258,
        "comune": "Novi Ligure",
        "distretto": "DNL01.2"
      },
      "geometry": {
        "type": "Point",
        "coordinates": [
          8.796203487331221,
          44.76747401277184
        ]
      }
    },
    {
      "type": "Feature",
      "properties": {
        "stato": "APERTA",
        "tipologia": "Valvola a 2 vie",
        "id": 259,
        "comune": "Novi Ligure",
        "distretto": "DNL01.2"
      },
      "geometry": {
        "type": "Point",
        "coordinates": [
          8.796078641459601,
          44.7674788674845
        ]
      }
    },
    {
      "type": "Feature",
      "properties": {
        "stato": "APERTA",
        "tipologia": "Valvola a 2 vie",
        "id": 260,
        "comune": "Novi Ligure",
        "distretto": "DNL01.2"
      },
      "geometry": {
        "type": "Point",
        "coordinates": [
          8.794327515055606,
          44.767547219319724
        ]
      }
    },
    {
      "type": "Feature",
      "properties": {
        "stato": "APERTA",
        "tipologia": "Valvola a 2 vie",
        "id": 261,
        "comune": "Novi Ligure",
        "distretto": "DNL01.2"
      },
      "geometry": {
        "type": "Point",
        "coordinates": [
          8.796301448640913,
          44.76801056460417
        ]
      }
    },
    {
      "type": "Feature",
      "properties": {
        "stato": "APERTA",
        "tipologia": "Valvola a 2 vie",
        "id": 262,
        "comune": "Novi Ligure",
        "distretto": "DNL01.2"
      },
      "geometry": {
        "type": "Point",
        "coordinates": [
          8.796329506483064,
          44.7681024218516
        ]
      }
    },
    {
      "type": "Feature",
      "properties": {
        "stato": "APERTA",
        "tipologia": "Valvola a 2 vie",
        "id": 263,
        "comune": "Novi Ligure",
        "distretto": "DNL01.2"
      },
      "geometry": {
        "type": "Point",
        "coordinates": [
          8.796750109022073,
          44.76947130666701
        ]
      }
    },
    {
      "type": "Feature",
      "properties": {
        "stato": "APERTA",
        "tipologia": "Valvola a 2 vie",
        "id": 264,
        "comune": "Novi Ligure",
        "distretto": "DNL01.2"
      },
      "geometry": {
        "type": "Point",
        "coordinates": [
          8.796739616028875,
          44.769471715063595
        ]
      }
    },
    {
      "type": "Feature",
      "properties": {
        "stato": "APERTA",
        "tipologia": "Valvola a 2 vie",
        "id": 265,
        "comune": "Novi Ligure",
        "distretto": "DNL01.2"
      },
      "geometry": {
        "type": "Point",
        "coordinates": [
          8.793764598461157,
          44.76954214004929
        ]
      }
    },
    {
      "type": "Feature",
      "properties": {
        "stato": "APERTA",
        "tipologia": "Valvola a 2 vie",
        "id": 266,
        "comune": "Novi Ligure",
        "distretto": "DNL01.2"
      },
      "geometry": {
        "type": "Point",
        "coordinates": [
          8.79393959321429,
          44.77097354300982
        ]
      }
    },
    {
      "type": "Feature",
      "properties": {
        "stato": "APERTA",
        "tipologia": "Valvola a 2 vie",
        "id": 267,
        "comune": "Novi Ligure",
        "distretto": "DNL01.2"
      },
      "geometry": {
        "type": "Point",
        "coordinates": [
          8.793784748543723,
          44.76922372782905
        ]
      }
    },
    {
      "type": "Feature",
      "properties": {
        "stato": "APERTA",
        "tipologia": "Valvola a 2 vie",
        "id": 268,
        "comune": "Novi Ligure",
        "distretto": "DNL02"
      },
      "geometry": {
        "type": "Point",
        "coordinates": [
          8.782179160905438,
          44.763908014147674
        ]
      }
    },
    {
      "type": "Feature",
      "properties": {
        "stato": "APERTA",
        "tipologia": "Valvola a 2 vie",
        "id": 269,
        "comune": "Novi Ligure",
        "distretto": "DNL01.2"
      },
      "geometry": {
        "type": "Point",
        "coordinates": [
          8.794313579978642,
          44.76700067114101
        ]
      }
    },
    {
      "type": "Feature",
      "properties": {
        "stato": "APERTA",
        "tipologia": "Valvola a 2 vie",
        "id": 270,
        "comune": "Novi Ligure",
        "distretto": "DNL01.2"
      },
      "geometry": {
        "type": "Point",
        "coordinates": [
          8.791828498439905,
          44.768475266919495
        ]
      }
    },
    {
      "type": "Feature",
      "properties": {
        "stato": "APERTA",
        "tipologia": "Valvola a 2 vie",
        "id": 271,
        "comune": "Novi Ligure",
        "distretto": "DNL01.2"
      },
      "geometry": {
        "type": "Point",
        "coordinates": [
          8.793873715742265,
          44.768731308642
        ]
      }
    },
    {
      "type": "Feature",
      "properties": {
        "stato": "APERTA",
        "tipologia": "Valvola a 2 vie",
        "id": 272,
        "comune": "Novi Ligure",
        "distretto": "DNL01.2"
      },
      "geometry": {
        "type": "Point",
        "coordinates": [
          8.792467702600025,
          44.76938436632318
        ]
      }
    },
    {
      "type": "Feature",
      "properties": {
        "stato": "APERTA",
        "tipologia": "Valvola a 2 vie",
        "id": 273,
        "comune": "Novi Ligure",
        "distretto": "DNL01.2"
      },
      "geometry": {
        "type": "Point",
        "coordinates": [
          8.793766221608248,
          44.76920995815644
        ]
      }
    },
    {
      "type": "Feature",
      "properties": {
        "stato": "APERTA",
        "tipologia": "Valvola a 2 vie",
        "id": 274,
        "comune": "Novi Ligure",
        "distretto": "DNL01.2"
      },
      "geometry": {
        "type": "Point",
        "coordinates": [
          8.7911293610918,
          44.769602419951354
        ]
      }
    },
    {
      "type": "Feature",
      "properties": {
        "stato": "APERTA",
        "tipologia": "Valvola a 2 vie",
        "id": 275,
        "comune": "Novi Ligure",
        "distretto": "DNL01.2"
      },
      "geometry": {
        "type": "Point",
        "coordinates": [
          8.791781739249352,
          44.76844766568877
        ]
      }
    },
    {
      "type": "Feature",
      "properties": {
        "stato": "APERTA",
        "tipologia": "Valvola a 2 vie",
        "id": 276,
        "comune": "Novi Ligure",
        "distretto": "DNL01"
      },
      "geometry": {
        "type": "Point",
        "coordinates": [
          8.790725543726722,
          44.767134908506954
        ]
      }
    },
    {
      "type": "Feature",
      "properties": {
        "stato": "APERTA",
        "tipologia": "Valvola a 2 vie",
        "id": 277,
        "comune": "Novi Ligure",
        "distretto": "DNL01.2"
      },
      "geometry": {
        "type": "Point",
        "coordinates": [
          8.790257444406265,
          44.76775748408896
        ]
      }
    },
    {
      "type": "Feature",
      "properties": {
        "stato": "APERTA",
        "tipologia": "Valvola a 2 vie",
        "id": 280,
        "comune": "Novi Ligure",
        "distretto": "DNL01.2"
      },
      "geometry": {
        "type": "Point",
        "coordinates": [
          8.793724480141078,
          44.770282748564505
        ]
      }
    },
    {
      "type": "Feature",
      "properties": {
        "stato": "APERTA",
        "tipologia": "Valvola a 2 vie",
        "id": 281,
        "comune": "Novi Ligure",
        "distretto": "DNL01.2"
      },
      "geometry": {
        "type": "Point",
        "coordinates": [
          8.79159962272463,
          44.77068814532397
        ]
      }
    },
    {
      "type": "Feature",
      "properties": {
        "stato": "APERTA",
        "tipologia": "Valvola a 2 vie",
        "id": 282,
        "comune": "Novi Ligure",
        "distretto": "DNL01.2"
      },
      "geometry": {
        "type": "Point",
        "coordinates": [
          8.791467359670909,
          44.77057868904607
        ]
      }
    },
    {
      "type": "Feature",
      "properties": {
        "stato": "APERTA",
        "tipologia": "Valvola a 2 vie",
        "id": 283,
        "comune": "Novi Ligure",
        "distretto": "DNL01.2"
      },
      "geometry": {
        "type": "Point",
        "coordinates": [
          8.791931143898594,
          44.77186234074134
        ]
      }
    },
    {
      "type": "Feature",
      "properties": {
        "stato": "APERTA",
        "tipologia": "Valvola a 2 vie",
        "id": 284,
        "comune": "Novi Ligure",
        "distretto": "DNL01.2"
      },
      "geometry": {
        "type": "Point",
        "coordinates": [
          8.791965840479376,
          44.77188375749333
        ]
      }
    },
    {
      "type": "Feature",
      "properties": {
        "stato": "APERTA",
        "tipologia": "Valvola a 2 vie",
        "id": 286,
        "comune": "Novi Ligure",
        "distretto": "DNL01.2"
      },
      "geometry": {
        "type": "Point",
        "coordinates": [
          8.791900387998169,
          44.771912251999176
        ]
      }
    },
    {
      "type": "Feature",
      "properties": {
        "stato": "APERTA",
        "tipologia": "Valvola a 2 vie",
        "id": 287,
        "comune": "Novi Ligure",
        "distretto": "DNL01.2"
      },
      "geometry": {
        "type": "Point",
        "coordinates": [
          8.78983020636672,
          44.772203923447606
        ]
      }
    },
    {
      "type": "Feature",
      "properties": {
        "stato": "APERTA",
        "tipologia": "Valvola a 2 vie",
        "id": 288,
        "comune": "Novi Ligure",
        "distretto": "DNL01.2"
      },
      "geometry": {
        "type": "Point",
        "coordinates": [
          8.789984006426595,
          44.77285623907868
        ]
      }
    },
    {
      "type": "Feature",
      "properties": {
        "stato": "APERTA",
        "tipologia": "Valvola a 2 vie",
        "id": 289,
        "comune": "Novi Ligure",
        "distretto": "DNL01.2"
      },
      "geometry": {
        "type": "Point",
        "coordinates": [
          8.78937733885271,
          44.770983294872714
        ]
      }
    },
    {
      "type": "Feature",
      "properties": {
        "stato": "APERTA",
        "tipologia": "Valvola a 2 vie",
        "id": 291,
        "comune": "Novi Ligure",
        "distretto": "DNL01.2"
      },
      "geometry": {
        "type": "Point",
        "coordinates": [
          8.789073053400275,
          44.76850601226837
        ]
      }
    },
    {
      "type": "Feature",
      "properties": {
        "stato": "APERTA",
        "tipologia": "Valvola a 2 vie",
        "id": 292,
        "comune": "Novi Ligure",
        "distretto": "DNL01"
      },
      "geometry": {
        "type": "Point",
        "coordinates": [
          8.789884384402432,
          44.76725171180062
        ]
      }
    },
    {
      "type": "Feature",
      "properties": {
        "stato": "APERTA",
        "tipologia": "Valvola a 2 vie",
        "id": 293,
        "comune": "Novi Ligure",
        "distretto": "DNL01"
      },
      "geometry": {
        "type": "Point",
        "coordinates": [
          8.789653703608382,
          44.767264970129006
        ]
      }
    },
    {
      "type": "Feature",
      "properties": {
        "stato": "APERTA",
        "tipologia": "Valvola a 2 vie",
        "id": 294,
        "comune": "Novi Ligure",
        "distretto": "DNL01"
      },
      "geometry": {
        "type": "Point",
        "coordinates": [
          8.78957311905594,
          44.76718118466495
        ]
      }
    },
    {
      "type": "Feature",
      "properties": {
        "stato": "APERTA",
        "tipologia": "Valvola a 2 vie",
        "id": 296,
        "comune": "Novi Ligure",
        "distretto": "DNL01.2"
      },
      "geometry": {
        "type": "Point",
        "coordinates": [
          8.790544508363451,
          44.768183578584384
        ]
      }
    },
    {
      "type": "Feature",
      "properties": {
        "stato": "APERTA",
        "tipologia": "Valvola a 2 vie",
        "id": 297,
        "comune": "Novi Ligure",
        "distretto": "DNL01.2"
      },
      "geometry": {
        "type": "Point",
        "coordinates": [
          8.788145353753082,
          44.768333630551304
        ]
      }
    },
    {
      "type": "Feature",
      "properties": {
        "stato": "APERTA",
        "tipologia": "Valvola a 2 vie",
        "id": 298,
        "comune": "Novi Ligure",
        "distretto": "DNL01.2"
      },
      "geometry": {
        "type": "Point",
        "coordinates": [
          8.786387208103449,
          44.76791842509268
        ]
      }
    },
    {
      "type": "Feature",
      "properties": {
        "stato": "APERTA",
        "tipologia": "Valvola a 2 vie",
        "id": 299,
        "comune": "Novi Ligure",
        "distretto": "DNL01.2"
      },
      "geometry": {
        "type": "Point",
        "coordinates": [
          8.78735876477,
          44.76886057484396
        ]
      }
    },
    {
      "type": "Feature",
      "properties": {
        "stato": "APERTA",
        "tipologia": "Valvola a 2 vie",
        "id": 300,
        "comune": "Novi Ligure",
        "distretto": "DNL01.2"
      },
      "geometry": {
        "type": "Point",
        "coordinates": [
          8.78726052580747,
          44.768881261486015
        ]
      }
    },
    {
      "type": "Feature",
      "properties": {
        "stato": "APERTA",
        "tipologia": "Valvola a 2 vie",
        "id": 301,
        "comune": "Novi Ligure",
        "distretto": "DNL01.2"
      },
      "geometry": {
        "type": "Point",
        "coordinates": [
          8.787897857150387,
          44.76762258823083
        ]
      }
    },
    {
      "type": "Feature",
      "properties": {
        "stato": "CHIUSA",
        "tipologia": "Valvola a 2 vie",
        "id": 302,
        "comune": "Novi Ligure",
        "distretto": "DNL01"
      },
      "geometry": {
        "type": "Point",
        "coordinates": [
          8.787916763050665,
          44.767565642623765
        ]
      }
    },
    {
      "type": "Feature",
      "properties": {
        "stato": "APERTA",
        "tipologia": "Valvola a 2 vie",
        "id": 303,
        "comune": "Novi Ligure",
        "distretto": "DNL01"
      },
      "geometry": {
        "type": "Point",
        "coordinates": [
          8.787273831109564,
          44.76576485310529
        ]
      }
    },
    {
      "type": "Feature",
      "properties": {
        "stato": "APERTA",
        "tipologia": "Valvola a 2 vie",
        "id": 304,
        "comune": "Novi Ligure",
        "distretto": "DNL01"
      },
      "geometry": {
        "type": "Point",
        "coordinates": [
          8.787211278102914,
          44.765708453452945
        ]
      }
    },
    {
      "type": "Feature",
      "properties": {
        "stato": "APERTA",
        "tipologia": "Valvola a 2 vie",
        "id": 305,
        "comune": "Novi Ligure",
        "distretto": "DNL01"
      },
      "geometry": {
        "type": "Point",
        "coordinates": [
          8.785506567891122,
          44.7661536689892
        ]
      }
    },
    {
      "type": "Feature",
      "properties": {
        "stato": "APERTA",
        "tipologia": "Valvola a 2 vie",
        "id": 306,
        "comune": "Novi Ligure",
        "distretto": "DNL01"
      },
      "geometry": {
        "type": "Point",
        "coordinates": [
          8.78347081109877,
          44.766633927122534
        ]
      }
    },
    {
      "type": "Feature",
      "properties": {
        "stato": "APERTA",
        "tipologia": "Valvola a 2 vie",
        "id": 307,
        "comune": "Novi Ligure",
        "distretto": "DNL01"
      },
      "geometry": {
        "type": "Point",
        "coordinates": [
          8.784409299436138,
          44.766419935218074
        ]
      }
    },
    {
      "type": "Feature",
      "properties": {
        "stato": "APERTA",
        "tipologia": "Valvola a 2 vie",
        "id": 308,
        "comune": "Novi Ligure",
        "distretto": "DNL01"
      },
      "geometry": {
        "type": "Point",
        "coordinates": [
          8.784251893774755,
          44.76612360734966
        ]
      }
    },
    {
      "type": "Feature",
      "properties": {
        "stato": "APERTA",
        "tipologia": "Valvola a 2 vie",
        "id": 309,
        "comune": "Novi Ligure",
        "distretto": "DNL01"
      },
      "geometry": {
        "type": "Point",
        "coordinates": [
          8.785537207493073,
          44.766075142657925
        ]
      }
    },
    {
      "type": "Feature",
      "properties": {
        "stato": "APERTA",
        "tipologia": "Valvola a 2 vie",
        "id": 310,
        "comune": "Novi Ligure",
        "distretto": "DNL01"
      },
      "geometry": {
        "type": "Point",
        "coordinates": [
          8.786044929832352,
          44.76499354067252
        ]
      }
    },
    {
      "type": "Feature",
      "properties": {
        "stato": "APERTA",
        "tipologia": "Valvola a 2 vie",
        "id": 311,
        "comune": "Novi Ligure",
        "distretto": "DNL01"
      },
      "geometry": {
        "type": "Point",
        "coordinates": [
          8.786739834276778,
          44.76448684966735
        ]
      }
    },
    {
      "type": "Feature",
      "properties": {
        "stato": "APERTA",
        "tipologia": "Valvola a 2 vie",
        "id": 312,
        "comune": "Novi Ligure",
        "distretto": "DNL02"
      },
      "geometry": {
        "type": "Point",
        "coordinates": [
          8.785877246470855,
          44.762147244781055
        ]
      }
    },
    {
      "type": "Feature",
      "properties": {
        "stato": "APERTA",
        "tipologia": "Valvola a 2 vie",
        "id": 313,
        "comune": "Novi Ligure",
        "distretto": "DNL01"
      },
      "geometry": {
        "type": "Point",
        "coordinates": [
          8.787418602676116,
          44.764151908698
        ]
      }
    },
    {
      "type": "Feature",
      "properties": {
        "stato": "APERTA",
        "tipologia": "Valvola a 2 vie",
        "id": 314,
        "comune": "Novi Ligure",
        "distretto": "DNL01"
      },
      "geometry": {
        "type": "Point",
        "coordinates": [
          8.786792282274943,
          44.764419543046756
        ]
      }
    },
    {
      "type": "Feature",
      "properties": {
        "stato": "APERTA",
        "tipologia": "Valvola a 2 vie",
        "id": 315,
        "comune": "Novi Ligure",
        "distretto": "DNL02"
      },
      "geometry": {
        "type": "Point",
        "coordinates": [
          8.785806032841212,
          44.762111150106996
        ]
      }
    },
    {
      "type": "Feature",
      "properties": {
        "stato": "APERTA",
        "tipologia": "Valvola a 2 vie",
        "id": 317,
        "comune": "Novi Ligure",
        "distretto": "DNL02"
      },
      "geometry": {
        "type": "Point",
        "coordinates": [
          8.78176366312738,
          44.76583906372642
        ]
      }
    },
    {
      "type": "Feature",
      "properties": {
        "stato": "APERTA",
        "tipologia": "Valvola a 2 vie",
        "id": 318,
        "comune": "Novi Ligure",
        "distretto": "DNL02"
      },
      "geometry": {
        "type": "Point",
        "coordinates": [
          8.781679746011008,
          44.765918646931205
        ]
      }
    },
    {
      "type": "Feature",
      "properties": {
        "stato": "APERTA",
        "tipologia": "Valvola a 2 vie",
        "id": 319,
        "comune": "Novi Ligure",
        "distretto": "DNL02"
      },
      "geometry": {
        "type": "Point",
        "coordinates": [
          8.78011460921346,
          44.764896015444
        ]
      }
    },
    {
      "type": "Feature",
      "properties": {
        "stato": "APERTA",
        "tipologia": "Valvola a 2 vie",
        "id": 320,
        "comune": "Novi Ligure",
        "distretto": "DNL01"
      },
      "geometry": {
        "type": "Point",
        "coordinates": [
          8.783272185505139,
          44.766765074331445
        ]
      }
    },
    {
      "type": "Feature",
      "properties": {
        "stato": "APERTA",
        "tipologia": "Valvola a 2 vie",
        "id": 321,
        "comune": "Novi Ligure",
        "distretto": "DNL02"
      },
      "geometry": {
        "type": "Point",
        "coordinates": [
          8.781563197719658,
          44.76602189225034
        ]
      }
    },
    {
      "type": "Feature",
      "properties": {
        "stato": "APERTA",
        "tipologia": "Valvola a 2 vie",
        "id": 322,
        "comune": "Novi Ligure",
        "distretto": null
      },
      "geometry": {
        "type": "Point",
        "coordinates": [
          8.781863463272286,
          44.765941889036604
        ]
      }
    },
    {
      "type": "Feature",
      "properties": {
        "stato": "APERTA",
        "tipologia": "Valvola a 2 vie",
        "id": 324,
        "comune": "Novi Ligure",
        "distretto": "DNL01.1"
      },
      "geometry": {
        "type": "Point",
        "coordinates": [
          8.781864495859425,
          44.76597227750789
        ]
      }
    },
    {
      "type": "Feature",
      "properties": {
        "stato": "APERTA",
        "tipologia": "Valvola a 2 vie",
        "id": 325,
        "comune": "Novi Ligure",
        "distretto": null
      },
      "geometry": {
        "type": "Point",
        "coordinates": [
          8.781725479237998,
          44.765940574382206
        ]
      }
    },
    {
      "type": "Feature",
      "properties": {
        "stato": "APERTA",
        "tipologia": "Valvola a 2 vie",
        "id": 326,
        "comune": "Novi Ligure",
        "distretto": "DNL01.1"
      },
      "geometry": {
        "type": "Point",
        "coordinates": [
          8.781893827324131,
          44.76598920706533
        ]
      }
    },
    {
      "type": "Feature",
      "properties": {
        "stato": "APERTA",
        "tipologia": "Valvola a 2 vie",
        "id": 327,
        "comune": "Novi Ligure",
        "distretto": "DNL01.4"
      },
      "geometry": {
        "type": "Point",
        "coordinates": [
          8.782198428113528,
          44.77109659633331
        ]
      }
    },
    {
      "type": "Feature",
      "properties": {
        "stato": "APERTA",
        "tipologia": "Valvola a 2 vie",
        "id": 328,
        "comune": "Novi Ligure",
        "distretto": "DNL01.4"
      },
      "geometry": {
        "type": "Point",
        "coordinates": [
          8.781072221587607,
          44.76964770051351
        ]
      }
    },
    {
      "type": "Feature",
      "properties": {
        "stato": "APERTA",
        "tipologia": "Valvola a 2 vie",
        "id": 329,
        "comune": "Novi Ligure",
        "distretto": "DNL01.4"
      },
      "geometry": {
        "type": "Point",
        "coordinates": [
          8.784216625888227,
          44.76900584894198
        ]
      }
    },
    {
      "type": "Feature",
      "properties": {
        "stato": "APERTA",
        "tipologia": "Valvola a 2 vie",
        "id": 330,
        "comune": "Novi Ligure",
        "distretto": "DNL01.4"
      },
      "geometry": {
        "type": "Point",
        "coordinates": [
          8.784478839048372,
          44.76987170540537
        ]
      }
    },
    {
      "type": "Feature",
      "properties": {
        "stato": "APERTA",
        "tipologia": "Valvola a 2 vie",
        "id": 331,
        "comune": "Novi Ligure",
        "distretto": "DNL01.4"
      },
      "geometry": {
        "type": "Point",
        "coordinates": [
          8.784786991710078,
          44.77022442737909
        ]
      }
    },
    {
      "type": "Feature",
      "properties": {
        "stato": "APERTA",
        "tipologia": "Valvola a 2 vie",
        "id": 332,
        "comune": "Novi Ligure",
        "distretto": "DNL01.4"
      },
      "geometry": {
        "type": "Point",
        "coordinates": [
          8.782874521714895,
          44.77021404891479
        ]
      }
    },
    {
      "type": "Feature",
      "properties": {
        "stato": "APERTA",
        "tipologia": "Valvola a 2 vie",
        "id": 333,
        "comune": "Novi Ligure",
        "distretto": "DNL01.4"
      },
      "geometry": {
        "type": "Point",
        "coordinates": [
          8.78603217262537,
          44.7727399612576
        ]
      }
    },
    {
      "type": "Feature",
      "properties": {
        "stato": "APERTA",
        "tipologia": "Valvola a 2 vie",
        "id": 334,
        "comune": "Novi Ligure",
        "distretto": "DNL01.4"
      },
      "geometry": {
        "type": "Point",
        "coordinates": [
          8.78598714591907,
          44.77271294419839
        ]
      }
    },
    {
      "type": "Feature",
      "properties": {
        "stato": "APERTA",
        "tipologia": "Valvola a 2 vie",
        "id": 339,
        "comune": "Novi Ligure",
        "distretto": "DNL08.1"
      },
      "geometry": {
        "type": "Point",
        "coordinates": [
          8.82421131192908,
          44.762687585151845
        ]
      }
    },
    {
      "type": "Feature",
      "properties": {
        "stato": "APERTA",
        "tipologia": "Valvola a 2 vie",
        "id": 340,
        "comune": "Novi Ligure",
        "distretto": "DNL08.1"
      },
      "geometry": {
        "type": "Point",
        "coordinates": [
          8.832399981989438,
          44.75404594968711
        ]
      }
    },
    {
      "type": "Feature",
      "properties": {
        "stato": "APERTA",
        "tipologia": "Valvola a 2 vie",
        "id": 341,
        "comune": "Novi Ligure",
        "distretto": "DNL08.1"
      },
      "geometry": {
        "type": "Point",
        "coordinates": [
          8.832393656309714,
          44.753984145066184
        ]
      }
    },
    {
      "type": "Feature",
      "properties": {
        "stato": "APERTA",
        "tipologia": "Valvola a 2 vie",
        "id": 342,
        "comune": "Novi Ligure",
        "distretto": "DNL08.1"
      },
      "geometry": {
        "type": "Point",
        "coordinates": [
          8.824179036853527,
          44.76266591904612
        ]
      }
    },
    {
      "type": "Feature",
      "properties": {
        "stato": "CHIUSA",
        "tipologia": "Valvola a 2 vie",
        "id": 344,
        "comune": "Novi Ligure",
        "distretto": "DNL01"
      },
      "geometry": {
        "type": "Point",
        "coordinates": [
          8.819607850538643,
          44.767007575802864
        ]
      }
    },
    {
      "type": "Feature",
      "properties": {
        "stato": "APERTA",
        "tipologia": "Valvola a 2 vie",
        "id": 345,
        "comune": "Novi Ligure",
        "distretto": "DNL03"
      },
      "geometry": {
        "type": "Point",
        "coordinates": [
          8.818204662159332,
          44.76880836034887
        ]
      }
    },
    {
      "type": "Feature",
      "properties": {
        "stato": "APERTA",
        "tipologia": "Valvola a 2 vie",
        "id": 346,
        "comune": "Novi Ligure",
        "distretto": "DNL03"
      },
      "geometry": {
        "type": "Point",
        "coordinates": [
          8.81834084510411,
          44.76879320489816
        ]
      }
    },
    {
      "type": "Feature",
      "properties": {
        "stato": "APERTA",
        "tipologia": "Valvola a 2 vie",
        "id": 347,
        "comune": "Novi Ligure",
        "distretto": "DNL03"
      },
      "geometry": {
        "type": "Point",
        "coordinates": [
          8.816394830754906,
          44.770446471932246
        ]
      }
    },
    {
      "type": "Feature",
      "properties": {
        "stato": "APERTA",
        "tipologia": "Valvola a 2 vie",
        "id": 348,
        "comune": "Novi Ligure",
        "distretto": "DNL03"
      },
      "geometry": {
        "type": "Point",
        "coordinates": [
          8.818769761039,
          44.77161786260821
        ]
      }
    },
    {
      "type": "Feature",
      "properties": {
        "stato": "APERTA",
        "tipologia": "Valvola a 2 vie",
        "id": 349,
        "comune": "Novi Ligure",
        "distretto": "DNL03"
      },
      "geometry": {
        "type": "Point",
        "coordinates": [
          8.827806046925282,
          44.77125330270528
        ]
      }
    },
    {
      "type": "Feature",
      "properties": {
        "stato": "CHIUSA",
        "tipologia": "Valvola a 2 vie",
        "id": 350,
        "comune": "Novi Ligure",
        "distretto": "DNL01"
      },
      "geometry": {
        "type": "Point",
        "coordinates": [
          8.838577095507397,
          44.76592722458159
        ]
      }
    },
    {
      "type": "Feature",
      "properties": {
        "stato": "APERTA",
        "tipologia": "Valvola a 2 vie",
        "id": 351,
        "comune": "Novi Ligure",
        "distretto": "DNL08.2"
      },
      "geometry": {
        "type": "Point",
        "coordinates": [
          8.841496611608974,
          44.755241829808085
        ]
      }
    },
    {
      "type": "Feature",
      "properties": {
        "stato": "APERTA",
        "tipologia": "Valvola a 2 vie",
        "id": 353,
        "comune": "Novi Ligure",
        "distretto": "DNL03"
      },
      "geometry": {
        "type": "Point",
        "coordinates": [
          8.838659631964605,
          44.76604063178213
        ]
      }
    },
    {
      "type": "Feature",
      "properties": {
        "stato": "APERTA",
        "tipologia": "Valvola a 2 vie",
        "id": 354,
        "comune": "Novi Ligure",
        "distretto": "DNL03"
      },
      "geometry": {
        "type": "Point",
        "coordinates": [
          8.836719972104813,
          44.779972842345245
        ]
      }
    },
    {
      "type": "Feature",
      "properties": {
        "stato": "APERTA",
        "tipologia": "Valvola a 2 vie",
        "id": 355,
        "comune": "Novi Ligure",
        "distretto": "DNL03"
      },
      "geometry": {
        "type": "Point",
        "coordinates": [
          8.835953694999386,
          44.7872885982131
        ]
      }
    },
    {
      "type": "Feature",
      "properties": {
        "stato": "APERTA",
        "tipologia": "Valvola a 2 vie",
        "id": 356,
        "comune": "Novi Ligure",
        "distretto": "DNL03"
      },
      "geometry": {
        "type": "Point",
        "coordinates": [
          8.840951525440113,
          44.786525867698096
        ]
      }
    },
    {
      "type": "Feature",
      "properties": {
        "stato": "APERTA",
        "tipologia": "Valvola a 2 vie",
        "id": 357,
        "comune": "Novi Ligure",
        "distretto": "DNL03"
      },
      "geometry": {
        "type": "Point",
        "coordinates": [
          8.835909564380536,
          44.78731165726418
        ]
      }
    },
    {
      "type": "Feature",
      "properties": {
        "stato": "APERTA",
        "tipologia": "Valvola a 2 vie",
        "id": 358,
        "comune": "Novi Ligure",
        "distretto": "DNL03"
      },
      "geometry": {
        "type": "Point",
        "coordinates": [
          8.835371113215867,
          44.78977713623648
        ]
      }
    },
    {
      "type": "Feature",
      "properties": {
        "stato": "APERTA",
        "tipologia": "Valvola a 2 vie",
        "id": 359,
        "comune": "Novi Ligure",
        "distretto": "DNL03"
      },
      "geometry": {
        "type": "Point",
        "coordinates": [
          8.834006851489358,
          44.79786356235101
        ]
      }
    },
    {
      "type": "Feature",
      "properties": {
        "stato": "APERTA",
        "tipologia": "Valvola a 2 vie",
        "id": 360,
        "comune": "Novi Ligure",
        "distretto": "DNL03"
      },
      "geometry": {
        "type": "Point",
        "coordinates": [
          8.818811918229976,
          44.771646394682726
        ]
      }
    },
    {
      "type": "Feature",
      "properties": {
        "stato": "APERTA",
        "tipologia": "Valvola a 2 vie",
        "id": 361,
        "comune": "Novi Ligure",
        "distretto": "DNL03"
      },
      "geometry": {
        "type": "Point",
        "coordinates": [
          8.821536784989725,
          44.774586186142294
        ]
      }
    },
    {
      "type": "Feature",
      "properties": {
        "stato": "APERTA",
        "tipologia": "Valvola a 2 vie",
        "id": 362,
        "comune": "Novi Ligure",
        "distretto": "DNL03"
      },
      "geometry": {
        "type": "Point",
        "coordinates": [
          8.811039195850832,
          44.77925253159825
        ]
      }
    },
    {
      "type": "Feature",
      "properties": {
        "stato": "APERTA",
        "tipologia": "Valvola a 2 vie",
        "id": 363,
        "comune": "Novi Ligure",
        "distretto": "DNL03"
      },
      "geometry": {
        "type": "Point",
        "coordinates": [
          8.812492126455433,
          44.779297367384785
        ]
      }
    },
    {
      "type": "Feature",
      "properties": {
        "stato": "APERTA",
        "tipologia": "Valvola a 2 vie",
        "id": 364,
        "comune": "Novi Ligure",
        "distretto": "DNL03"
      },
      "geometry": {
        "type": "Point",
        "coordinates": [
          8.816956885747917,
          44.78177091418785
        ]
      }
    },
    {
      "type": "Feature",
      "properties": {
        "stato": "APERTA",
        "tipologia": "Valvola a 2 vie",
        "id": 365,
        "comune": "Novi Ligure",
        "distretto": "DNL03"
      },
      "geometry": {
        "type": "Point",
        "coordinates": [
          8.817014957368476,
          44.78175683791126
        ]
      }
    },
    {
      "type": "Feature",
      "properties": {
        "stato": "APERTA",
        "tipologia": "Valvola a 2 vie",
        "id": 366,
        "comune": "Novi Ligure",
        "distretto": "DNL03"
      },
      "geometry": {
        "type": "Point",
        "coordinates": [
          8.81699079830589,
          44.78179458409434
        ]
      }
    },
    {
      "type": "Feature",
      "properties": {
        "stato": "APERTA",
        "tipologia": "Valvola a 2 vie",
        "id": 367,
        "comune": "Novi Ligure",
        "distretto": "DNL03"
      },
      "geometry": {
        "type": "Point",
        "coordinates": [
          8.81784669715264,
          44.787967894216564
        ]
      }
    },
    {
      "type": "Feature",
      "properties": {
        "stato": "APERTA",
        "tipologia": "Valvola a 2 vie",
        "id": 368,
        "comune": "Novi Ligure",
        "distretto": "DNL03"
      },
      "geometry": {
        "type": "Point",
        "coordinates": [
          8.817852214640647,
          44.7880079532235
        ]
      }
    },
    {
      "type": "Feature",
      "properties": {
        "stato": "APERTA",
        "tipologia": "Valvola a 2 vie",
        "id": 369,
        "comune": "Novi Ligure",
        "distretto": "DNL03"
      },
      "geometry": {
        "type": "Point",
        "coordinates": [
          8.821234289004037,
          44.787420624598894
        ]
      }
    },
    {
      "type": "Feature",
      "properties": {
        "stato": "APERTA",
        "tipologia": "Valvola a 2 vie",
        "id": 370,
        "comune": "Novi Ligure",
        "distretto": "DNL03"
      },
      "geometry": {
        "type": "Point",
        "coordinates": [
          8.823481797067528,
          44.80144019517707
        ]
      }
    },
    {
      "type": "Feature",
      "properties": {
        "stato": "APERTA",
        "tipologia": "Valvola a 2 vie",
        "id": 371,
        "comune": "Novi Ligure",
        "distretto": "DNL03"
      },
      "geometry": {
        "type": "Point",
        "coordinates": [
          8.821762277463707,
          44.7931403911961
        ]
      }
    },
    {
      "type": "Feature",
      "properties": {
        "stato": "APERTA",
        "tipologia": "Valvola a 2 vie",
        "id": 372,
        "comune": "Novi Ligure",
        "distretto": "DNL03"
      },
      "geometry": {
        "type": "Point",
        "coordinates": [
          8.821255107833258,
          44.78739054737672
        ]
      }
    },
    {
      "type": "Feature",
      "properties": {
        "stato": "APERTA",
        "tipologia": "Valvola a 2 vie",
        "id": 373,
        "comune": "Novi Ligure",
        "distretto": "DNL03"
      },
      "geometry": {
        "type": "Point",
        "coordinates": [
          8.82129401422465,
          44.78740950069086
        ]
      }
    },
    {
      "type": "Feature",
      "properties": {
        "stato": "APERTA",
        "tipologia": "Valvola a 2 vie",
        "id": 374,
        "comune": "Novi Ligure",
        "distretto": "DNL03"
      },
      "geometry": {
        "type": "Point",
        "coordinates": [
          8.825768956474445,
          44.78748135795274
        ]
      }
    },
    {
      "type": "Feature",
      "properties": {
        "stato": "APERTA",
        "tipologia": "Valvola a 2 vie",
        "id": 375,
        "comune": "Novi Ligure",
        "distretto": "DNL03"
      },
      "geometry": {
        "type": "Point",
        "coordinates": [
          8.82909039762496,
          44.792716625016006
        ]
      }
    },
    {
      "type": "Feature",
      "properties": {
        "stato": "APERTA",
        "tipologia": "Valvola a 2 vie",
        "id": 376,
        "comune": "Novi Ligure",
        "distretto": "DNL03"
      },
      "geometry": {
        "type": "Point",
        "coordinates": [
          8.82910350835501,
          44.792769189152615
        ]
      }
    },
    {
      "type": "Feature",
      "properties": {
        "stato": "APERTA",
        "tipologia": "Valvola a 2 vie",
        "id": 377,
        "comune": "Novi Ligure",
        "distretto": "DNL03"
      },
      "geometry": {
        "type": "Point",
        "coordinates": [
          8.828941065809783,
          44.799763856686944
        ]
      }
    },
    {
      "type": "Feature",
      "properties": {
        "stato": "CHIUSA",
        "tipologia": "Valvola a 2 vie",
        "id": 384,
        "comune": "Novi Ligure",
        "distretto": "DNL03"
      },
      "geometry": {
        "type": "Point",
        "coordinates": [
          8.809663292381861,
          44.7733492136506
        ]
      }
    },
    {
      "type": "Feature",
      "properties": {
        "stato": "APERTA",
        "tipologia": "Valvola a 2 vie",
        "id": 385,
        "comune": "Novi Ligure",
        "distretto": "DNL03"
      },
      "geometry": {
        "type": "Point",
        "coordinates": [
          8.81114211551347,
          44.77430275630143
        ]
      }
    },
    {
      "type": "Feature",
      "properties": {
        "stato": "APERTA",
        "tipologia": "Valvola a 2 vie",
        "id": 386,
        "comune": "Novi Ligure",
        "distretto": "DNL03"
      },
      "geometry": {
        "type": "Point",
        "coordinates": [
          8.810886414068001,
          44.77605786321295
        ]
      }
    },
    {
      "type": "Feature",
      "properties": {
        "stato": "APERTA",
        "tipologia": "Valvola a 2 vie",
        "id": 387,
        "comune": "Novi Ligure",
        "distretto": "DNL03"
      },
      "geometry": {
        "type": "Point",
        "coordinates": [
          8.811099215109476,
          44.774345790216096
        ]
      }
    },
    {
      "type": "Feature",
      "properties": {
        "stato": "APERTA",
        "tipologia": "Valvola a 2 vie",
        "id": 388,
        "comune": "Novi Ligure",
        "distretto": "DNL03"
      },
      "geometry": {
        "type": "Point",
        "coordinates": [
          8.81600441387462,
          44.77537546753961
        ]
      }
    },
    {
      "type": "Feature",
      "properties": {
        "stato": "APERTA",
        "tipologia": "Valvola a 2 vie",
        "id": 389,
        "comune": "Novi Ligure",
        "distretto": "DNL03"
      },
      "geometry": {
        "type": "Point",
        "coordinates": [
          8.818078185722214,
          44.781596769914835
        ]
      }
    },
    {
      "type": "Feature",
      "properties": {
        "stato": "APERTA",
        "tipologia": "Valvola a 2 vie",
        "id": 390,
        "comune": "Novi Ligure",
        "distretto": "DNL03"
      },
      "geometry": {
        "type": "Point",
        "coordinates": [
          8.826691318429953,
          44.78088418205477
        ]
      }
    },
    {
      "type": "Feature",
      "properties": {
        "stato": "APERTA",
        "tipologia": "Valvola a 2 vie",
        "id": 391,
        "comune": "Novi Ligure",
        "distretto": "DNL03"
      },
      "geometry": {
        "type": "Point",
        "coordinates": [
          8.828700130464073,
          44.783089554007915
        ]
      }
    },
    {
      "type": "Feature",
      "properties": {
        "stato": "APERTA",
        "tipologia": "Valvola a 2 vie",
        "id": 392,
        "comune": "Novi Ligure",
        "distretto": "DNL03"
      },
      "geometry": {
        "type": "Point",
        "coordinates": [
          8.8287350261052,
          44.783120409988555
        ]
      }
    },
    {
      "type": "Feature",
      "properties": {
        "stato": "APERTA",
        "tipologia": "Valvola a 2 vie",
        "id": 393,
        "comune": "Novi Ligure",
        "distretto": "DNL03"
      },
      "geometry": {
        "type": "Point",
        "coordinates": [
          8.829820632719171,
          44.78497506534534
        ]
      }
    },
    {
      "type": "Feature",
      "properties": {
        "stato": "APERTA",
        "tipologia": "Valvola a 2 vie",
        "id": 394,
        "comune": "Novi Ligure",
        "distretto": "DNL03"
      },
      "geometry": {
        "type": "Point",
        "coordinates": [
          8.821054484756223,
          44.78577906306963
        ]
      }
    },
    {
      "type": "Feature",
      "properties": {
        "stato": "APERTA",
        "tipologia": "Valvola a 2 vie",
        "id": 395,
        "comune": "Novi Ligure",
        "distretto": "DNL03"
      },
      "geometry": {
        "type": "Point",
        "coordinates": [
          8.822121263778769,
          44.78529306861105
        ]
      }
    },
    {
      "type": "Feature",
      "properties": {
        "stato": "APERTA",
        "tipologia": "Valvola a 2 vie",
        "id": 396,
        "comune": "Novi Ligure",
        "distretto": "DNL03"
      },
      "geometry": {
        "type": "Point",
        "coordinates": [
          8.821436549965915,
          44.78561359784609
        ]
      }
    },
    {
      "type": "Feature",
      "properties": {
        "stato": "APERTA",
        "tipologia": "Valvola a 2 vie",
        "id": 397,
        "comune": "Novi Ligure",
        "distretto": "DNL03"
      },
      "geometry": {
        "type": "Point",
        "coordinates": [
          8.822162683255643,
          44.785303169721324
        ]
      }
    },
    {
      "type": "Feature",
      "properties": {
        "stato": "APERTA",
        "tipologia": "Valvola a 2 vie",
        "id": 398,
        "comune": "Novi Ligure",
        "distretto": "DNL03"
      },
      "geometry": {
        "type": "Point",
        "coordinates": [
          8.82425262497916,
          44.784447734595545
        ]
      }
    },
    {
      "type": "Feature",
      "properties": {
        "stato": "APERTA",
        "tipologia": "Valvola a 2 vie",
        "id": 399,
        "comune": "Novi Ligure",
        "distretto": "DNL03"
      },
      "geometry": {
        "type": "Point",
        "coordinates": [
          8.824993836862015,
          44.784224739625905
        ]
      }
    },
    {
      "type": "Feature",
      "properties": {
        "stato": "APERTA",
        "tipologia": "Valvola a 2 vie",
        "id": 400,
        "comune": "Novi Ligure",
        "distretto": "DNL03"
      },
      "geometry": {
        "type": "Point",
        "coordinates": [
          8.825834477052767,
          44.78747260206495
        ]
      }
    },
    {
      "type": "Feature",
      "properties": {
        "stato": "APERTA",
        "tipologia": "Valvola a 2 vie",
        "id": 401,
        "comune": "Novi Ligure",
        "distretto": "DNL03"
      },
      "geometry": {
        "type": "Point",
        "coordinates": [
          8.82796940353852,
          44.78718405834442
        ]
      }
    },
    {
      "type": "Feature",
      "properties": {
        "stato": "APERTA",
        "tipologia": "Valvola a 2 vie",
        "id": 402,
        "comune": "Novi Ligure",
        "distretto": "DNL03"
      },
      "geometry": {
        "type": "Point",
        "coordinates": [
          8.83139623908579,
          44.78723238557937
        ]
      }
    },
    {
      "type": "Feature",
      "properties": {
        "stato": "APERTA",
        "tipologia": "Valvola a 2 vie",
        "id": 403,
        "comune": "Novi Ligure",
        "distretto": "DNL03"
      },
      "geometry": {
        "type": "Point",
        "coordinates": [
          8.811681909344841,
          44.78258135689333
        ]
      }
    },
    {
      "type": "Feature",
      "properties": {
        "stato": "APERTA",
        "tipologia": "Valvola a 2 vie",
        "id": 404,
        "comune": "Novi Ligure",
        "distretto": "DNL03"
      },
      "geometry": {
        "type": "Point",
        "coordinates": [
          8.811715441574497,
          44.78264325353515
        ]
      }
    },
    {
      "type": "Feature",
      "properties": {
        "stato": "APERTA",
        "tipologia": "Valvola a 2 vie",
        "id": 405,
        "comune": "Novi Ligure",
        "distretto": "DNL03"
      },
      "geometry": {
        "type": "Point",
        "coordinates": [
          8.811657486796978,
          44.7826207231971
        ]
      }
    },
    {
      "type": "Feature",
      "properties": {
        "stato": "APERTA",
        "tipologia": "Valvola a 2 vie",
        "id": 406,
        "comune": "Novi Ligure",
        "distretto": "DNL03"
      },
      "geometry": {
        "type": "Point",
        "coordinates": [
          8.817503545700436,
          44.78651765686565
        ]
      }
    },
    {
      "type": "Feature",
      "properties": {
        "stato": "APERTA",
        "tipologia": "Valvola a 2 vie",
        "id": 407,
        "comune": "Novi Ligure",
        "distretto": "DNL03"
      },
      "geometry": {
        "type": "Point",
        "coordinates": [
          8.812519610912485,
          44.78479979066682
        ]
      }
    },
    {
      "type": "Feature",
      "properties": {
        "stato": "APERTA",
        "tipologia": "Valvola a 2 vie",
        "id": 409,
        "comune": "Novi Ligure",
        "distretto": "DNL03"
      },
      "geometry": {
        "type": "Point",
        "coordinates": [
          8.828985074328735,
          44.79946282516276
        ]
      }
    },
    {
      "type": "Feature",
      "properties": {
        "stato": "APERTA",
        "tipologia": "Valvola a 2 vie",
        "id": 410,
        "comune": "Novi Ligure",
        "distretto": "DNL08.2"
      },
      "geometry": {
        "type": "Point",
        "coordinates": [
          8.838911069034788,
          44.764874739045226
        ]
      }
    },
    {
      "type": "Feature",
      "properties": {
        "stato": "APERTA",
        "tipologia": "Valvola a 2 vie",
        "id": 411,
        "comune": "Novi Ligure",
        "distretto": "DNL01"
      },
      "geometry": {
        "type": "Point",
        "coordinates": [
          8.7899403769312,
          44.7672915883702
        ]
      }
    },
    {
      "type": "Feature",
      "properties": {
        "stato": "APERTA",
        "tipologia": "Valvola a 2 vie",
        "id": 412,
        "comune": "Novi Ligure",
        "distretto": "DNL03"
      },
      "geometry": {
        "type": "Point",
        "coordinates": [
          8.836201087376217,
          44.781395453394715
        ]
      }
    },
    {
      "type": "Feature",
      "properties": {
        "stato": "APERTA",
        "tipologia": "Valvola a 2 vie",
        "id": 413,
        "comune": "Novi Ligure",
        "distretto": "DNL03"
      },
      "geometry": {
        "type": "Point",
        "coordinates": [
          8.835224765459548,
          44.781280953735845
        ]
      }
    },
    {
      "type": "Feature",
      "properties": {
        "stato": "APERTA",
        "tipologia": "Valvola a 2 vie",
        "id": 415,
        "comune": "Novi Ligure",
        "distretto": "DNL02"
      },
      "geometry": {
        "type": "Point",
        "coordinates": [
          8.786537865468636,
          44.75914306040991
        ]
      }
    },
    {
      "type": "Feature",
      "properties": {
        "stato": "APERTA",
        "tipologia": "Valvola a 2 vie",
        "id": 416,
        "comune": "Novi Ligure",
        "distretto": "DNL06"
      },
      "geometry": {
        "type": "Point",
        "coordinates": [
          8.780506817954887,
          44.76068317982652
        ]
      }
    },
    {
      "type": "Feature",
      "properties": {
        "stato": "APERTA",
        "tipologia": "Valvola a 2 vie",
        "id": 418,
        "comune": "Novi Ligure",
        "distretto": "DNL06"
      },
      "geometry": {
        "type": "Point",
        "coordinates": [
          8.790558312692264,
          44.749997393836445
        ]
      }
    },
    {
      "type": "Feature",
      "properties": {
        "stato": "APERTA",
        "tipologia": "Valvola a 2 vie",
        "id": 419,
        "comune": "Novi Ligure",
        "distretto": "DNL02"
      },
      "geometry": {
        "type": "Point",
        "coordinates": [
          8.787757946167625,
          44.75858977310209
        ]
      }
    },
    {
      "type": "Feature",
      "properties": {
        "stato": "APERTA",
        "tipologia": "Valvola a 2 vie",
        "id": 420,
        "comune": "Novi Ligure",
        "distretto": "DNL02"
      },
      "geometry": {
        "type": "Point",
        "coordinates": [
          8.789768608296544,
          44.75892178651812
        ]
      }
    },
    {
      "type": "Feature",
      "properties": {
        "stato": "APERTA",
        "tipologia": "Valvola a 2 vie",
        "id": 421,
        "comune": "Novi Ligure",
        "distretto": "DNL03"
      },
      "geometry": {
        "type": "Point",
        "coordinates": [
          8.829046972414655,
          44.79432017837105
        ]
      }
    },
    {
      "type": "Feature",
      "properties": {
        "stato": "CHIUSA",
        "tipologia": "Valvola a 2 vie",
        "id": 422,
        "comune": "Novi Ligure",
        "distretto": "DNL05"
      },
      "geometry": {
        "type": "Point",
        "coordinates": [
          8.811182232386239,
          44.7400402061737
        ]
      }
    },
    {
      "type": "Feature",
      "properties": {
        "stato": "CHIUSA",
        "tipologia": "Valvola a 2 vie",
        "id": 423,
        "comune": "Novi Ligure",
        "distretto": "DNL05"
      },
      "geometry": {
        "type": "Point",
        "coordinates": [
          8.811240568855743,
          44.74004795054986
        ]
      }
    },
    {
      "type": "Feature",
      "properties": {
        "stato": "APERTA",
        "tipologia": "Valvola a 2 vie",
        "id": 424,
        "comune": "Novi Ligure",
        "distretto": "DNL05"
      },
      "geometry": {
        "type": "Point",
        "coordinates": [
          8.811230803177702,
          44.74000338973791
        ]
      }
    },
    {
      "type": "Feature",
      "properties": {
        "stato": "APERTA",
        "tipologia": "Valvola a 2 vie",
        "id": 425,
        "comune": "Novi Ligure",
        "distretto": "DNL10"
      },
      "geometry": {
        "type": "Point",
        "coordinates": [
          8.812914199219,
          44.75349452785636
        ]
      }
    },
    {
      "type": "Feature",
      "properties": {
        "stato": "APERTA",
        "tipologia": "Valvola a 2 vie",
        "id": 432,
        "comune": "Novi Ligure",
        "distretto": "DNL10"
      },
      "geometry": {
        "type": "Point",
        "coordinates": [
          8.815969289316202,
          44.75216684496102
        ]
      }
    },
    {
      "type": "Feature",
      "properties": {
        "stato": "APERTA",
        "tipologia": "Valvola a 2 vie",
        "id": 433,
        "comune": "Novi Ligure",
        "distretto": "DNL10"
      },
      "geometry": {
        "type": "Point",
        "coordinates": [
          8.816377582891727,
          44.751942361770034
        ]
      }
    },
    {
      "type": "Feature",
      "properties": {
        "stato": "APERTA",
        "tipologia": "Valvola a 2 vie",
        "id": 434,
        "comune": "Novi Ligure",
        "distretto": "DNL10"
      },
      "geometry": {
        "type": "Point",
        "coordinates": [
          8.816810469072104,
          44.7517055895339
        ]
      }
    },
    {
      "type": "Feature",
      "properties": {
        "stato": "APERTA",
        "tipologia": "Valvola a 2 vie",
        "id": 435,
        "comune": "Novi Ligure",
        "distretto": "DNL10"
      },
      "geometry": {
        "type": "Point",
        "coordinates": [
          8.816883482213457,
          44.751713230968704
        ]
      }
    },
    {
      "type": "Feature",
      "properties": {
        "stato": "APERTA",
        "tipologia": "Valvola a 2 vie",
        "id": 436,
        "comune": "Novi Ligure",
        "distretto": "DNL10"
      },
      "geometry": {
        "type": "Point",
        "coordinates": [
          8.81716682376036,
          44.7515852913892
        ]
      }
    },
    {
      "type": "Feature",
      "properties": {
        "stato": "APERTA",
        "tipologia": "Valvola a 2 vie",
        "id": 437,
        "comune": "Novi Ligure",
        "distretto": "DNL10"
      },
      "geometry": {
        "type": "Point",
        "coordinates": [
          8.816387216286547,
          44.75127255971376
        ]
      }
    },
    {
      "type": "Feature",
      "properties": {
        "stato": "APERTA",
        "tipologia": "Valvola a 2 vie",
        "id": 440,
        "comune": "Novi Ligure",
        "distretto": "DNL10"
      },
      "geometry": {
        "type": "Point",
        "coordinates": [
          8.818013074963838,
          44.751853492690316
        ]
      }
    },
    {
      "type": "Feature",
      "properties": {
        "stato": "APERTA",
        "tipologia": "Valvola a 2 vie",
        "id": 441,
        "comune": "Novi Ligure",
        "distretto": "DNL10"
      },
      "geometry": {
        "type": "Point",
        "coordinates": [
          8.81805008558382,
          44.751904900991036
        ]
      }
    },
    {
      "type": "Feature",
      "properties": {
        "stato": "APERTA",
        "tipologia": "Valvola a 2 vie",
        "id": 442,
        "comune": "Novi Ligure",
        "distretto": null
      },
      "geometry": {
        "type": "Point",
        "coordinates": [
          8.818459033179902,
          44.75202444332723
        ]
      }
    },
    {
      "type": "Feature",
      "properties": {
        "stato": "APERTA",
        "tipologia": "Valvola a 2 vie",
        "id": 444,
        "comune": "Novi Ligure",
        "distretto": "DNL10"
      },
      "geometry": {
        "type": "Point",
        "coordinates": [
          8.817941731984996,
          44.75118803617859
        ]
      }
    },
    {
      "type": "Feature",
      "properties": {
        "stato": "APERTA",
        "tipologia": "Valvola a 2 vie",
        "id": 446,
        "comune": "Novi Ligure",
        "distretto": "DNL10"
      },
      "geometry": {
        "type": "Point",
        "coordinates": [
          8.819107208785736,
          44.750609569940224
        ]
      }
    },
    {
      "type": "Feature",
      "properties": {
        "stato": "APERTA",
        "tipologia": "Valvola a 2 vie",
        "id": 448,
        "comune": "Novi Ligure",
        "distretto": "DNL10"
      },
      "geometry": {
        "type": "Point",
        "coordinates": [
          8.819651098296386,
          44.75031822749031
        ]
      }
    },
    {
      "type": "Feature",
      "properties": {
        "stato": "APERTA",
        "tipologia": "Valvola a 2 vie",
        "id": 449,
        "comune": "Novi Ligure",
        "distretto": "DNL10"
      },
      "geometry": {
        "type": "Point",
        "coordinates": [
          8.819261812940457,
          44.7498995433079
        ]
      }
    },
    {
      "type": "Feature",
      "properties": {
        "stato": "APERTA",
        "tipologia": "Valvola a 2 vie",
        "id": 451,
        "comune": "Novi Ligure",
        "distretto": "DNL10"
      },
      "geometry": {
        "type": "Point",
        "coordinates": [
          8.819247418769072,
          44.74985377065204
        ]
      }
    },
    {
      "type": "Feature",
      "properties": {
        "stato": "APERTA",
        "tipologia": "Valvola a 2 vie",
        "id": 453,
        "comune": "Novi Ligure",
        "distretto": "DNL06"
      },
      "geometry": {
        "type": "Point",
        "coordinates": [
          8.790771438530081,
          44.75384200628272
        ]
      }
    },
    {
      "type": "Feature",
      "properties": {
        "stato": "APERTA",
        "tipologia": "Valvola a 2 vie",
        "id": 454,
        "comune": "Novi Ligure",
        "distretto": "DNL06"
      },
      "geometry": {
        "type": "Point",
        "coordinates": [
          8.790279928655083,
          44.75315088038539
        ]
      }
    },
    {
      "type": "Feature",
      "properties": {
        "stato": "APERTA",
        "tipologia": "Valvola a 2 vie",
        "id": 455,
        "comune": "Novi Ligure",
        "distretto": "DNL06"
      },
      "geometry": {
        "type": "Point",
        "coordinates": [
          8.789560016760632,
          44.753439821748344
        ]
      }
    },
    {
      "type": "Feature",
      "properties": {
        "stato": "APERTA",
        "tipologia": "Valvola a 2 vie",
        "id": 456,
        "comune": "Novi Ligure",
        "distretto": "DNL02"
      },
      "geometry": {
        "type": "Point",
        "coordinates": [
          8.746342430416842,
          44.785465395935354
        ]
      }
    },
    {
      "type": "Feature",
      "properties": {
        "stato": "APERTA",
        "tipologia": "Valvola a 2 vie",
        "id": 457,
        "comune": "Novi Ligure",
        "distretto": "DNL09"
      },
      "geometry": {
        "type": "Point",
        "coordinates": [
          8.76804025327991,
          44.76892988232979
        ]
      }
    },
    {
      "type": "Feature",
      "properties": {
        "stato": "APERTA",
        "tipologia": "Valvola a 2 vie",
        "id": 459,
        "comune": "Novi Ligure",
        "distretto": "DNL09"
      },
      "geometry": {
        "type": "Point",
        "coordinates": [
          8.763226312307541,
          44.769651849553874
        ]
      }
    },
    {
      "type": "Feature",
      "properties": {
        "stato": "APERTA",
        "tipologia": "Valvola a 2 vie",
        "id": 461,
        "comune": "Novi Ligure",
        "distretto": "DNL02"
      },
      "geometry": {
        "type": "Point",
        "coordinates": [
          8.772848611976883,
          44.764254367361566
        ]
      }
    },
    {
      "type": "Feature",
      "properties": {
        "stato": "APERTA",
        "tipologia": "Valvola a 2 vie",
        "id": 462,
        "comune": "Novi Ligure",
        "distretto": "DNL02"
      },
      "geometry": {
        "type": "Point",
        "coordinates": [
          8.772508649811599,
          44.76364259754442
        ]
      }
    },
    {
      "type": "Feature",
      "properties": {
        "stato": "APERTA",
        "tipologia": "Valvola a 2 vie",
        "id": 463,
        "comune": "Novi Ligure",
        "distretto": "DNL02"
      },
      "geometry": {
        "type": "Point",
        "coordinates": [
          8.777778575282627,
          44.76376672930788
        ]
      }
    },
    {
      "type": "Feature",
      "properties": {
        "stato": "APERTA",
        "tipologia": "Valvola a 2 vie",
        "id": 464,
        "comune": "Novi Ligure",
        "distretto": "DNL02"
      },
      "geometry": {
        "type": "Point",
        "coordinates": [
          8.777810360873536,
          44.7637856277046
        ]
      }
    },
    {
      "type": "Feature",
      "properties": {
        "stato": "APERTA",
        "tipologia": "Valvola a 2 vie",
        "id": 465,
        "comune": "Novi Ligure",
        "distretto": "DNL06"
      },
      "geometry": {
        "type": "Point",
        "coordinates": [
          8.778484988241376,
          44.753036080440204
        ]
      }
    },
    {
      "type": "Feature",
      "properties": {
        "stato": "APERTA",
        "tipologia": "Valvola a 2 vie",
        "id": 466,
        "comune": "Novi Ligure",
        "distretto": "DNL07"
      },
      "geometry": {
        "type": "Point",
        "coordinates": [
          8.769758621610219,
          44.761213902437305
        ]
      }
    },
    {
      "type": "Feature",
      "properties": {
        "stato": "APERTA",
        "tipologia": "Valvola a 2 vie",
        "id": 467,
        "comune": "Novi Ligure",
        "distretto": "DNL07"
      },
      "geometry": {
        "type": "Point",
        "coordinates": [
          8.766038283021672,
          44.760641070598716
        ]
      }
    },
    {
      "type": "Feature",
      "properties": {
        "stato": "APERTA",
        "tipologia": "Valvola a 2 vie",
        "id": 468,
        "comune": "Novi Ligure",
        "distretto": "DNL07"
      },
      "geometry": {
        "type": "Point",
        "coordinates": [
          8.766015068200472,
          44.76066541308334
        ]
      }
    },
    {
      "type": "Feature",
      "properties": {
        "stato": "APERTA",
        "tipologia": "Valvola a 2 vie",
        "id": 469,
        "comune": "Novi Ligure",
        "distretto": "DNL07"
      },
      "geometry": {
        "type": "Point",
        "coordinates": [
          8.767973215143694,
          44.76074038263234
        ]
      }
    },
    {
      "type": "Feature",
      "properties": {
        "stato": "APERTA",
        "tipologia": "Valvola a 2 vie",
        "id": 470,
        "comune": "Novi Ligure",
        "distretto": "DNL07"
      },
      "geometry": {
        "type": "Point",
        "coordinates": [
          8.766733982502958,
          44.759514176851255
        ]
      }
    },
    {
      "type": "Feature",
      "properties": {
        "stato": "APERTA",
        "tipologia": "Valvola a 2 vie",
        "id": 471,
        "comune": "Novi Ligure",
        "distretto": "DNL07"
      },
      "geometry": {
        "type": "Point",
        "coordinates": [
          8.769245203572801,
          44.758365564544
        ]
      }
    },
    {
      "type": "Feature",
      "properties": {
        "stato": "APERTA",
        "tipologia": "Valvola a 2 vie",
        "id": 518,
        "comune": "Novi Ligure",
        "distretto": "DNL01"
      },
      "geometry": {
        "type": "Point",
        "coordinates": [
          8.784584726327886,
          44.7659637380448
        ]
      }
    },
    {
      "type": "Feature",
      "properties": {
        "stato": "APERTA",
        "tipologia": "Valvola a 2 vie",
        "id": 519,
        "comune": "Novi Ligure",
        "distretto": "DNL01"
      },
      "geometry": {
        "type": "Point",
        "coordinates": [
          8.783583769837419,
          44.7665855175011
        ]
      }
    },
    {
      "type": "Feature",
      "properties": {
        "stato": "APERTA",
        "tipologia": "Valvola a 2 vie",
        "id": 520,
        "comune": "Novi Ligure",
        "distretto": "DNL01"
      },
      "geometry": {
        "type": "Point",
        "coordinates": [
          8.785275273503387,
          44.765558964117325
        ]
      }
    },
    {
      "type": "Feature",
      "properties": {
        "stato": "APERTA",
        "tipologia": "Valvola a 2 vie",
        "id": 521,
        "comune": "Novi Ligure",
        "distretto": "DNL02"
      },
      "geometry": {
        "type": "Point",
        "coordinates": [
          8.787354929808933,
          44.76173650194911
        ]
      }
    },
    {
      "type": "Feature",
      "properties": {
        "stato": "APERTA",
        "tipologia": "Valvola a 2 vie",
        "id": 522,
        "comune": "Novi Ligure",
        "distretto": "DNL02"
      },
      "geometry": {
        "type": "Point",
        "coordinates": [
          8.78871167399468,
          44.758714006619044
        ]
      }
    },
    {
      "type": "Feature",
      "properties": {
        "stato": "APERTA",
        "tipologia": "Valvola a 2 vie",
        "id": 523,
        "comune": "Novi Ligure",
        "distretto": "DNL01"
      },
      "geometry": {
        "type": "Point",
        "coordinates": [
          8.792522521454531,
          44.76082372851897
        ]
      }
    },
    {
      "type": "Feature",
      "properties": {
        "stato": "APERTA",
        "tipologia": "Valvola a 2 vie",
        "id": 524,
        "comune": "Novi Ligure",
        "distretto": "DNL01.3"
      },
      "geometry": {
        "type": "Point",
        "coordinates": [
          8.7929940459045,
          44.76109903739564
        ]
      }
    },
    {
      "type": "Feature",
      "properties": {
        "stato": "APERTA",
        "tipologia": "Valvola a 2 vie",
        "id": 525,
        "comune": "Novi Ligure",
        "distretto": "DNL01"
      },
      "geometry": {
        "type": "Point",
        "coordinates": [
          8.791432489422055,
          44.76170249392617
        ]
      }
    },
    {
      "type": "Feature",
      "properties": {
        "stato": "APERTA",
        "tipologia": "Valvola a 2 vie",
        "id": 526,
        "comune": "Novi Ligure",
        "distretto": "DNL01"
      },
      "geometry": {
        "type": "Point",
        "coordinates": [
          8.791423158571078,
          44.761734358766404
        ]
      }
    },
    {
      "type": "Feature",
      "properties": {
        "stato": "APERTA",
        "tipologia": "Valvola a 2 vie",
        "id": 527,
        "comune": "Novi Ligure",
        "distretto": "DNL01"
      },
      "geometry": {
        "type": "Point",
        "coordinates": [
          8.790959870473813,
          44.76213989083281
        ]
      }
    },
    {
      "type": "Feature",
      "properties": {
        "stato": "APERTA",
        "tipologia": "Valvola a 2 vie",
        "id": 528,
        "comune": "Novi Ligure",
        "distretto": "DNL01"
      },
      "geometry": {
        "type": "Point",
        "coordinates": [
          8.78984122010322,
          44.76282686311908
        ]
      }
    },
    {
      "type": "Feature",
      "properties": {
        "stato": "APERTA",
        "tipologia": "Valvola a 2 vie",
        "id": 529,
        "comune": "Novi Ligure",
        "distretto": "DNL01.3"
      },
      "geometry": {
        "type": "Point",
        "coordinates": [
          8.796459848308665,
          44.76060788971562
        ]
      }
    },
    {
      "type": "Feature",
      "properties": {
        "stato": "APERTA",
        "tipologia": "Valvola a 2 vie",
        "id": 530,
        "comune": "Novi Ligure",
        "distretto": "DNL01.3"
      },
      "geometry": {
        "type": "Point",
        "coordinates": [
          8.79785793624675,
          44.760624590526916
        ]
      }
    },
    {
      "type": "Feature",
      "properties": {
        "stato": "APERTA",
        "tipologia": "Valvola a 2 vie",
        "id": 531,
        "comune": "Novi Ligure",
        "distretto": "DNL01.3"
      },
      "geometry": {
        "type": "Point",
        "coordinates": [
          8.797638834356436,
          44.76084666318217
        ]
      }
    },
    {
      "type": "Feature",
      "properties": {
        "stato": "APERTA",
        "tipologia": "Valvola a 2 vie",
        "id": 532,
        "comune": "Novi Ligure",
        "distretto": "DNL01.3"
      },
      "geometry": {
        "type": "Point",
        "coordinates": [
          8.799067165066,
          44.76120495016536
        ]
      }
    },
    {
      "type": "Feature",
      "properties": {
        "stato": "APERTA",
        "tipologia": "Valvola a 2 vie",
        "id": 533,
        "comune": "Novi Ligure",
        "distretto": "DNL01"
      },
      "geometry": {
        "type": "Point",
        "coordinates": [
          8.79634641561063,
          44.76304258830265
        ]
      }
    },
    {
      "type": "Feature",
      "properties": {
        "stato": "APERTA",
        "tipologia": "Valvola a 2 vie",
        "id": 534,
        "comune": "Novi Ligure",
        "distretto": "DNL01"
      },
      "geometry": {
        "type": "Point",
        "coordinates": [
          8.796946980215415,
          44.76326197432826
        ]
      }
    },
    {
      "type": "Feature",
      "properties": {
        "stato": "APERTA",
        "tipologia": "Valvola a 2 vie",
        "id": 536,
        "comune": "Novi Ligure",
        "distretto": "DNL01"
      },
      "geometry": {
        "type": "Point",
        "coordinates": [
          8.79482750708898,
          44.76270651509924
        ]
      }
    },
    {
      "type": "Feature",
      "properties": {
        "stato": "APERTA",
        "tipologia": "Valvola a 2 vie",
        "id": 537,
        "comune": "Novi Ligure",
        "distretto": "DNL01.3"
      },
      "geometry": {
        "type": "Point",
        "coordinates": [
          8.795053772045131,
          44.762572762891445
        ]
      }
    },
    {
      "type": "Feature",
      "properties": {
        "stato": "APERTA",
        "tipologia": "Valvola a 2 vie",
        "id": 538,
        "comune": "Novi Ligure",
        "distretto": "DNL01.3"
      },
      "geometry": {
        "type": "Point",
        "coordinates": [
          8.80010468495062,
          44.76211922114097
        ]
      }
    },
    {
      "type": "Feature",
      "properties": {
        "stato": "APERTA",
        "tipologia": "Valvola a 2 vie",
        "id": 539,
        "comune": "Novi Ligure",
        "distretto": "DNL01"
      },
      "geometry": {
        "type": "Point",
        "coordinates": [
          8.794624360593742,
          44.76289278444682
        ]
      }
    },
    {
      "type": "Feature",
      "properties": {
        "stato": "CHIUSA",
        "tipologia": "Valvola a 2 vie",
        "id": 540,
        "comune": "Novi Ligure",
        "distretto": "DNL01"
      },
      "geometry": {
        "type": "Point",
        "coordinates": [
          8.794985113431364,
          44.7639848485135
        ]
      }
    },
    {
      "type": "Feature",
      "properties": {
        "stato": "APERTA",
        "tipologia": "Valvola a 2 vie",
        "id": 541,
        "comune": "Novi Ligure",
        "distretto": "DNL01"
      },
      "geometry": {
        "type": "Point",
        "coordinates": [
          8.791988327260745,
          44.76555392632593
        ]
      }
    },
    {
      "type": "Feature",
      "properties": {
        "stato": "APERTA",
        "tipologia": "Valvola a 2 vie",
        "id": 542,
        "comune": "Novi Ligure",
        "distretto": "DNL01"
      },
      "geometry": {
        "type": "Point",
        "coordinates": [
          8.793749696561292,
          44.76520452122067
        ]
      }
    },
    {
      "type": "Feature",
      "properties": {
        "stato": "APERTA",
        "tipologia": "Valvola a 2 vie",
        "id": 543,
        "comune": "Novi Ligure",
        "distretto": "DNL01"
      },
      "geometry": {
        "type": "Point",
        "coordinates": [
          8.790759618014212,
          44.765791540128895
        ]
      }
    },
    {
      "type": "Feature",
      "properties": {
        "stato": "APERTA",
        "tipologia": "Valvola a 2 vie",
        "id": 544,
        "comune": "Novi Ligure",
        "distretto": "DNL01"
      },
      "geometry": {
        "type": "Point",
        "coordinates": [
          8.790129901885061,
          44.765977299945945
        ]
      }
    },
    {
      "type": "Feature",
      "properties": {
        "stato": "APERTA",
        "tipologia": "Valvola a 2 vie",
        "id": 545,
        "comune": "Novi Ligure",
        "distretto": "DNL01"
      },
      "geometry": {
        "type": "Point",
        "coordinates": [
          8.78833256704624,
          44.76541725799433
        ]
      }
    },
    {
      "type": "Feature",
      "properties": {
        "stato": "APERTA",
        "tipologia": "Valvola a 2 vie",
        "id": 546,
        "comune": "Novi Ligure",
        "distretto": "DNL01"
      },
      "geometry": {
        "type": "Point",
        "coordinates": [
          8.788919189585096,
          44.7662069049509
        ]
      }
    },
    {
      "type": "Feature",
      "properties": {
        "stato": "APERTA",
        "tipologia": "Valvola a 2 vie",
        "id": 547,
        "comune": "Novi Ligure",
        "distretto": "DNL01"
      },
      "geometry": {
        "type": "Point",
        "coordinates": [
          8.796358733321995,
          44.76318602331657
        ]
      }
    },
    {
      "type": "Feature",
      "properties": {
        "stato": "APERTA",
        "tipologia": "Valvola a 2 vie",
        "id": 548,
        "comune": "Novi Ligure",
        "distretto": "DNL01.3"
      },
      "geometry": {
        "type": "Point",
        "coordinates": [
          8.803053588876947,
          44.760289573129995
        ]
      }
    },
    {
      "type": "Feature",
      "properties": {
        "stato": "APERTA",
        "tipologia": "Valvola a 2 vie",
        "id": 549,
        "comune": "Novi Ligure",
        "distretto": "DNL01.3"
      },
      "geometry": {
        "type": "Point",
        "coordinates": [
          8.805844135465033,
          44.76204148445209
        ]
      }
    },
    {
      "type": "Feature",
      "properties": {
        "stato": "APERTA",
        "tipologia": "Valvola a 2 vie",
        "id": 550,
        "comune": "Novi Ligure",
        "distretto": "DNL01.3"
      },
      "geometry": {
        "type": "Point",
        "coordinates": [
          8.805668083020578,
          44.762947241674546
        ]
      }
    },
    {
      "type": "Feature",
      "properties": {
        "stato": "APERTA",
        "tipologia": "Valvola a 2 vie",
        "id": 551,
        "comune": "Novi Ligure",
        "distretto": "DNL01.3"
      },
      "geometry": {
        "type": "Point",
        "coordinates": [
          8.805274644576123,
          44.7645868045638
        ]
      }
    },
    {
      "type": "Feature",
      "properties": {
        "stato": "APERTA",
        "tipologia": "Valvola a 2 vie",
        "id": 552,
        "comune": "Novi Ligure",
        "distretto": "DNL01.3"
      },
      "geometry": {
        "type": "Point",
        "coordinates": [
          8.80332346816392,
          44.76431264945145
        ]
      }
    },
    {
      "type": "Feature",
      "properties": {
        "stato": "APERTA",
        "tipologia": "Valvola a 2 vie",
        "id": 555,
        "comune": "Novi Ligure",
        "distretto": "DNL01"
      },
      "geometry": {
        "type": "Point",
        "coordinates": [
          8.804894824399907,
          44.766226932714225
        ]
      }
    },
    {
      "type": "Feature",
      "properties": {
        "stato": "APERTA",
        "tipologia": "Valvola a 2 vie",
        "id": 556,
        "comune": "Novi Ligure",
        "distretto": "DNL01.3"
      },
      "geometry": {
        "type": "Point",
        "coordinates": [
          8.802707845926628,
          44.76416825897227
        ]
      }
    },
    {
      "type": "Feature",
      "properties": {
        "stato": "APERTA",
        "tipologia": "Valvola a 2 vie",
        "id": 557,
        "comune": "Novi Ligure",
        "distretto": "DNL01.3"
      },
      "geometry": {
        "type": "Point",
        "coordinates": [
          8.801072685292196,
          44.763962151325366
        ]
      }
    },
    {
      "type": "Feature",
      "properties": {
        "stato": "APERTA",
        "tipologia": "Valvola a 2 vie",
        "id": 558,
        "comune": "Novi Ligure",
        "distretto": "DNL01.3"
      },
      "geometry": {
        "type": "Point",
        "coordinates": [
          8.798688337797257,
          44.763680536264175
        ]
      }
    },
    {
      "type": "Feature",
      "properties": {
        "stato": "APERTA",
        "tipologia": "Valvola a 2 vie",
        "id": 674,
        "comune": "Novi Ligure",
        "distretto": "DNL01.2"
      },
      "geometry": {
        "type": "Point",
        "coordinates": [
          8.792441806007297,
          44.77056454720345
        ]
      }
    },
    {
      "type": "Feature",
      "properties": {
        "stato": "CHIUSA",
        "tipologia": "Valvola a 2 vie",
        "id": 675,
        "comune": "Novi Ligure",
        "distretto": "DNL01.2"
      },
      "geometry": {
        "type": "Point",
        "coordinates": [
          8.799173141306381,
          44.76911893965845
        ]
      }
    },
    {
      "type": "Feature",
      "properties": {
        "stato": "APERTA",
        "tipologia": "Valvola a 2 vie",
        "id": 676,
        "comune": "Novi Ligure",
        "distretto": "DNL01.2"
      },
      "geometry": {
        "type": "Point",
        "coordinates": [
          8.799304461632843,
          44.76901112908171
        ]
      }
    },
    {
      "type": "Feature",
      "properties": {
        "stato": "APERTA",
        "tipologia": "Valvola a 2 vie",
        "id": 677,
        "comune": "Novi Ligure",
        "distretto": "DNL01"
      },
      "geometry": {
        "type": "Point",
        "coordinates": [
          8.799745345359767,
          44.769362692454195
        ]
      }
    },
    {
      "type": "Feature",
      "properties": {
        "stato": "APERTA",
        "tipologia": "Valvola a 2 vie",
        "id": 678,
        "comune": "Novi Ligure",
        "distretto": "DNL01.2"
      },
      "geometry": {
        "type": "Point",
        "coordinates": [
          8.798481540213807,
          44.76879041023548
        ]
      }
    },
    {
      "type": "Feature",
      "properties": {
        "stato": "APERTA",
        "tipologia": "Valvola a 2 vie",
        "id": 689,
        "comune": "Novi Ligure",
        "distretto": "DNL02"
      },
      "geometry": {
        "type": "Point",
        "coordinates": [
          8.784135253200184,
          44.758118008034685
        ]
      }
    },
    {
      "type": "Feature",
      "properties": {
        "stato": "APERTA",
        "tipologia": "Valvola a 2 vie",
        "id": 736,
        "comune": "Novi Ligure",
        "distretto": "DNL06"
      },
      "geometry": {
        "type": "Point",
        "coordinates": [
          8.7875422105481,
          44.755580625671236
        ]
      }
    },
    {
      "type": "Feature",
      "properties": {
        "stato": "APERTA",
        "tipologia": "Valvola a 2 vie",
        "id": 737,
        "comune": "Novi Ligure",
        "distretto": "DNL06"
      },
      "geometry": {
        "type": "Point",
        "coordinates": [
          8.787505364434862,
          44.755572845879215
        ]
      }
    },
    {
      "type": "Feature",
      "properties": {
        "stato": "APERTA",
        "tipologia": "Valvola a 2 vie",
        "id": 738,
        "comune": "Novi Ligure",
        "distretto": "DNL06"
      },
      "geometry": {
        "type": "Point",
        "coordinates": [
          8.787381175476023,
          44.75561811381204
        ]
      }
    },
    {
      "type": "Feature",
      "properties": {
        "stato": "APERTA",
        "tipologia": "Valvola a 2 vie",
        "id": 739,
        "comune": "Novi Ligure",
        "distretto": "DNL06"
      },
      "geometry": {
        "type": "Point",
        "coordinates": [
          8.786930727373893,
          44.75595102793798
        ]
      }
    },
    {
      "type": "Feature",
      "properties": {
        "stato": "APERTA",
        "tipologia": "Valvola a 2 vie",
        "id": 740,
        "comune": "Novi Ligure",
        "distretto": "DNL06"
      },
      "geometry": {
        "type": "Point",
        "coordinates": [
          8.786486627508678,
          44.75603140316355
        ]
      }
    },
    {
      "type": "Feature",
      "properties": {
        "stato": "APERTA",
        "tipologia": "Valvola a 2 vie",
        "id": 741,
        "comune": "Novi Ligure",
        "distretto": "DNL06"
      },
      "geometry": {
        "type": "Point",
        "coordinates": [
          8.787387082829591,
          44.75557534081259
        ]
      }
    },
    {
      "type": "Feature",
      "properties": {
        "stato": "APERTA",
        "tipologia": "Valvola a 2 vie",
        "id": 742,
        "comune": "Novi Ligure",
        "distretto": "DNL06"
      },
      "geometry": {
        "type": "Point",
        "coordinates": [
          8.787178624773343,
          44.756393401363994
        ]
      }
    },
    {
      "type": "Feature",
      "properties": {
        "stato": "APERTA",
        "tipologia": "Valvola a 2 vie",
        "id": 743,
        "comune": "Novi Ligure",
        "distretto": "DNL06"
      },
      "geometry": {
        "type": "Point",
        "coordinates": [
          8.787238019808079,
          44.75635987840017
        ]
      }
    },
    {
      "type": "Feature",
      "properties": {
        "stato": "APERTA",
        "tipologia": "Valvola a 2 vie",
        "id": 744,
        "comune": "Novi Ligure",
        "distretto": "DNL01.3"
      },
      "geometry": {
        "type": "Point",
        "coordinates": [
          8.803243143297774,
          44.76321746336269
        ]
      }
    },
    {
      "type": "Feature",
      "properties": {
        "stato": "APERTA",
        "tipologia": "Valvola a 2 vie",
        "id": 753,
        "comune": "Novi Ligure",
        "distretto": "DNL01.3"
      },
      "geometry": {
        "type": "Point",
        "coordinates": [
          8.804174998334174,
          44.754370617947366
        ]
      }
    },
    {
      "type": "Feature",
      "properties": {
        "stato": "APERTA",
        "tipologia": "Valvola a 2 vie",
        "id": 764,
        "comune": "Novi Ligure",
        "distretto": "DNL01"
      },
      "geometry": {
        "type": "Point",
        "coordinates": [
          8.789909858257598,
          44.77284800869645
        ]
      }
    },
    {
      "type": "Feature",
      "properties": {
        "stato": "APERTA",
        "tipologia": "Valvola a 2 vie",
        "id": 765,
        "comune": "Novi Ligure",
        "distretto": "DNL01.2"
      },
      "geometry": {
        "type": "Point",
        "coordinates": [
          8.789973934010177,
          44.77281152715614
        ]
      }
    },
    {
      "type": "Feature",
      "properties": {
        "stato": "APERTA",
        "tipologia": "Valvola a 2 vie",
        "id": 766,
        "comune": "Novi Ligure",
        "distretto": "DNL01"
      },
      "geometry": {
        "type": "Point",
        "coordinates": [
          8.80064079019718,
          44.77216280269733
        ]
      }
    },
    {
      "type": "Feature",
      "properties": {
        "stato": "APERTA",
        "tipologia": "Valvola a 2 vie",
        "id": 767,
        "comune": "Novi Ligure",
        "distretto": "DNL01"
      },
      "geometry": {
        "type": "Point",
        "coordinates": [
          8.80182081975441,
          44.77355990316783
        ]
      }
    },
    {
      "type": "Feature",
      "properties": {
        "stato": "APERTA",
        "tipologia": "Valvola a 2 vie",
        "id": 768,
        "comune": "Novi Ligure",
        "distretto": "DNL01"
      },
      "geometry": {
        "type": "Point",
        "coordinates": [
          8.801713642789382,
          44.77436146644912
        ]
      }
    },
    {
      "type": "Feature",
      "properties": {
        "stato": "APERTA",
        "tipologia": "Valvola a 2 vie",
        "id": 769,
        "comune": "Novi Ligure",
        "distretto": "DNL03"
      },
      "geometry": {
        "type": "Point",
        "coordinates": [
          8.82149734152629,
          44.77457288494305
        ]
      }
    },
    {
      "type": "Feature",
      "properties": {
        "stato": "APERTA",
        "tipologia": "Valvola a 2 vie",
        "id": 770,
        "comune": "Novi Ligure",
        "distretto": "DNL03"
      },
      "geometry": {
        "type": "Point",
        "coordinates": [
          8.821747803540852,
          44.79354785921567
        ]
      }
    },
    {
      "type": "Feature",
      "properties": {
        "stato": "APERTA",
        "tipologia": "Valvola a 2 vie",
        "id": 771,
        "comune": "Novi Ligure",
        "distretto": "DNL03"
      },
      "geometry": {
        "type": "Point",
        "coordinates": [
          8.821768418583954,
          44.79351916737951
        ]
      }
    },
    {
      "type": "Feature",
      "properties": {
        "stato": "APERTA",
        "tipologia": "Valvola a 2 vie",
        "id": 772,
        "comune": "Novi Ligure",
        "distretto": "DNL03"
      },
      "geometry": {
        "type": "Point",
        "coordinates": [
          8.829146758107944,
          44.79272320361147
        ]
      }
    },
    {
      "type": "Feature",
      "properties": {
        "stato": "APERTA",
        "tipologia": "Valvola a 2 vie",
        "id": 773,
        "comune": "Novi Ligure",
        "distretto": "DNL03"
      },
      "geometry": {
        "type": "Point",
        "coordinates": [
          8.833879936997887,
          44.79032762241387
        ]
      }
    },
    {
      "type": "Feature",
      "properties": {
        "stato": "APERTA",
        "tipologia": "Valvola a 2 vie",
        "id": 774,
        "comune": "Novi Ligure",
        "distretto": "DNL03"
      },
      "geometry": {
        "type": "Point",
        "coordinates": [
          8.834912026346176,
          44.79257463977643
        ]
      }
    },
    {
      "type": "Feature",
      "properties": {
        "stato": "CHIUSA",
        "tipologia": "Valvola a 2 vie",
        "id": 775,
        "comune": "Novi Ligure",
        "distretto": "DNL03"
      },
      "geometry": {
        "type": "Point",
        "coordinates": [
          8.836697570530255,
          44.779829890249324
        ]
      }
    },
    {
      "type": "Feature",
      "properties": {
        "stato": "APERTA",
        "tipologia": "Valvola a 2 vie",
        "id": 776,
        "comune": "Novi Ligure",
        "distretto": "DNL03"
      },
      "geometry": {
        "type": "Point",
        "coordinates": [
          8.816407949078052,
          44.770475493541646
        ]
      }
    },
    {
      "type": "Feature",
      "properties": {
        "stato": "APERTA",
        "tipologia": "Valvola a 2 vie",
        "id": 777,
        "comune": "Novi Ligure",
        "distretto": "DNL03"
      },
      "geometry": {
        "type": "Point",
        "coordinates": [
          8.816346384226758,
          44.77044589578078
        ]
      }
    },
    {
      "type": "Feature",
      "properties": {
        "stato": "APERTA",
        "tipologia": "Valvola a 2 vie",
        "id": 778,
        "comune": "Novi Ligure",
        "distretto": "DNL01"
      },
      "geometry": {
        "type": "Point",
        "coordinates": [
          8.81976927299296,
          44.76685014489774
        ]
      }
    },
    {
      "type": "Feature",
      "properties": {
        "stato": "APERTA",
        "tipologia": "Valvola a 2 vie",
        "id": 779,
        "comune": "Novi Ligure",
        "distretto": "DNL03"
      },
      "geometry": {
        "type": "Point",
        "coordinates": [
          8.819629463566624,
          44.76703766749018
        ]
      }
    },
    {
      "type": "Feature",
      "properties": {
        "stato": "APERTA",
        "tipologia": "Valvola a 2 vie",
        "id": 780,
        "comune": "Novi Ligure",
        "distretto": "DNL01"
      },
      "geometry": {
        "type": "Point",
        "coordinates": [
          8.819652275640502,
          44.76700759079638
        ]
      }
    },
    {
      "type": "Feature",
      "properties": {
        "stato": "APERTA",
        "tipologia": "Valvola a 2 vie",
        "id": 781,
        "comune": "Novi Ligure",
        "distretto": "DNL08.1"
      },
      "geometry": {
        "type": "Point",
        "coordinates": [
          8.829838732184085,
          44.75614129429652
        ]
      }
    },
    {
      "type": "Feature",
      "properties": {
        "stato": "APERTA",
        "tipologia": "Valvola a 2 vie",
        "id": 782,
        "comune": "Novi Ligure",
        "distretto": "DNL08.1"
      },
      "geometry": {
        "type": "Point",
        "coordinates": [
          8.828895552196567,
          44.7553912058175
        ]
      }
    },
    {
      "type": "Feature",
      "properties": {
        "stato": "APERTA",
        "tipologia": "Valvola a 2 vie",
        "id": 783,
        "comune": "Novi Ligure",
        "distretto": "DNL08.1"
      },
      "geometry": {
        "type": "Point",
        "coordinates": [
          8.83097779967012,
          44.75505007069027
        ]
      }
    },
    {
      "type": "Feature",
      "properties": {
        "stato": "APERTA",
        "tipologia": "Valvola a 2 vie",
        "id": 784,
        "comune": "Novi Ligure",
        "distretto": "DNL08.1"
      },
      "geometry": {
        "type": "Point",
        "coordinates": [
          8.832076996089555,
          44.75352536446582
        ]
      }
    },
    {
      "type": "Feature",
      "properties": {
        "stato": "APERTA",
        "tipologia": "Valvola a 2 vie",
        "id": 785,
        "comune": "Novi Ligure",
        "distretto": "DNL08.1"
      },
      "geometry": {
        "type": "Point",
        "coordinates": [
          8.832105984324636,
          44.75349759918011
        ]
      }
    },
    {
      "type": "Feature",
      "properties": {
        "stato": "APERTA",
        "tipologia": "Valvola a 2 vie",
        "id": 786,
        "comune": "Novi Ligure",
        "distretto": "DNL08.1"
      },
      "geometry": {
        "type": "Point",
        "coordinates": [
          8.832337259005033,
          44.75399333158639
        ]
      }
    },
    {
      "type": "Feature",
      "properties": {
        "stato": "APERTA",
        "tipologia": "Valvola a 2 vie",
        "id": 787,
        "comune": "Novi Ligure",
        "distretto": "DNL08.1"
      },
      "geometry": {
        "type": "Point",
        "coordinates": [
          8.833413750255499,
          44.75763156134372
        ]
      }
    },
    {
      "type": "Feature",
      "properties": {
        "stato": "APERTA",
        "tipologia": "Valvola a 2 vie",
        "id": 788,
        "comune": "Novi Ligure",
        "distretto": "DNL08.1"
      },
      "geometry": {
        "type": "Point",
        "coordinates": [
          8.83604250772027,
          44.75962791452994
        ]
      }
    },
    {
      "type": "Feature",
      "properties": {
        "stato": "APERTA",
        "tipologia": "Valvola a 2 vie",
        "id": 789,
        "comune": "Novi Ligure",
        "distretto": "DNL08.1"
      },
      "geometry": {
        "type": "Point",
        "coordinates": [
          8.835781922922227,
          44.76216019834224
        ]
      }
    },
    {
      "type": "Feature",
      "properties": {
        "stato": "APERTA",
        "tipologia": "Valvola a 2 vie",
        "id": 790,
        "comune": "Novi Ligure",
        "distretto": "DNL08.1"
      },
      "geometry": {
        "type": "Point",
        "coordinates": [
          8.830568113093202,
          44.762274947469336
        ]
      }
    },
    {
      "type": "Feature",
      "properties": {
        "stato": "APERTA",
        "tipologia": "Valvola a 2 vie",
        "id": 791,
        "comune": "Novi Ligure",
        "distretto": "DNL08.1"
      },
      "geometry": {
        "type": "Point",
        "coordinates": [
          8.821450803687505,
          44.765229207539576
        ]
      }
    },
    {
      "type": "Feature",
      "properties": {
        "stato": "APERTA",
        "tipologia": "Valvola a 2 vie",
        "id": 792,
        "comune": "Novi Ligure",
        "distretto": "DNL08.1"
      },
      "geometry": {
        "type": "Point",
        "coordinates": [
          8.818988746851044,
          44.76478093983595
        ]
      }
    },
    {
      "type": "Feature",
      "properties": {
        "stato": "APERTA",
        "tipologia": "Valvola a 2 vie",
        "id": 793,
        "comune": "Novi Ligure",
        "distretto": "DNL01.2"
      },
      "geometry": {
        "type": "Point",
        "coordinates": [
          8.787817441624982,
          44.76843150067785
        ]
      }
    },
    {
      "type": "Feature",
      "properties": {
        "stato": "APERTA",
        "tipologia": "Valvola a 2 vie",
        "id": 794,
        "comune": "Novi Ligure",
        "distretto": "DNL01.2"
      },
      "geometry": {
        "type": "Point",
        "coordinates": [
          8.7878762198461,
          44.768365280208734
        ]
      }
    },
    {
      "type": "Feature",
      "properties": {
        "stato": "APERTA",
        "tipologia": "Valvola a 2 vie",
        "id": 795,
        "comune": "Novi Ligure",
        "distretto": "DNL01.2"
      },
      "geometry": {
        "type": "Point",
        "coordinates": [
          8.788055955748337,
          44.768019322939516
        ]
      }
    },
    {
      "type": "Feature",
      "properties": {
        "stato": "APERTA",
        "tipologia": "Valvola a 2 vie",
        "id": 818,
        "comune": "Novi Ligure",
        "distretto": "DNL08.2"
      },
      "geometry": {
        "type": "Point",
        "coordinates": [
          8.841581779198691,
          44.75520847140241
        ]
      }
    },
    {
      "type": "Feature",
      "properties": {
        "stato": "APERTA",
        "tipologia": "Valvola a 2 vie",
        "id": 819,
        "comune": "Novi Ligure",
        "distretto": "DNL01"
      },
      "geometry": {
        "type": "Point",
        "coordinates": [
          8.81450803961882,
          44.7668434220234
        ]
      }
    },
    {
      "type": "Feature",
      "properties": {
        "stato": "CHIUSA",
        "tipologia": "Valvola a 2 vie",
        "id": 820,
        "comune": "Novi Ligure",
        "distretto": "DNL01"
      },
      "geometry": {
        "type": "Point",
        "coordinates": [
          8.814430820074122,
          44.766820053871086
        ]
      }
    },
    {
      "type": "Feature",
      "properties": {
        "stato": "APERTA",
        "tipologia": "Valvola a 2 vie",
        "id": 822,
        "comune": "Novi Ligure",
        "distretto": "DNL01.3"
      },
      "geometry": {
        "type": "Point",
        "coordinates": [
          8.808748278256516,
          44.76150940157665
        ]
      }
    },
    {
      "type": "Feature",
      "properties": {
        "stato": "APERTA",
        "tipologia": "Valvola a 2 vie",
        "id": 823,
        "comune": "Novi Ligure",
        "distretto": "DNL01.3"
      },
      "geometry": {
        "type": "Point",
        "coordinates": [
          8.808787123293852,
          44.761519434697554
        ]
      }
    },
    {
      "type": "Feature",
      "properties": {
        "stato": "APERTA",
        "tipologia": "Valvola a 2 vie",
        "id": 824,
        "comune": "Novi Ligure",
        "distretto": "DNL10"
      },
      "geometry": {
        "type": "Point",
        "coordinates": [
          8.808502123026365,
          44.75637598499151
        ]
      }
    },
    {
      "type": "Feature",
      "properties": {
        "stato": "CHIUSA",
        "tipologia": "Valvola a 2 vie",
        "id": 825,
        "comune": "Novi Ligure",
        "distretto": "DNL10"
      },
      "geometry": {
        "type": "Point",
        "coordinates": [
          8.808791144427849,
          44.75224354679439
        ]
      }
    },
    {
      "type": "Feature",
      "properties": {
        "stato": "APERTA",
        "tipologia": "Valvola a 2 vie",
        "id": 826,
        "comune": "Novi Ligure",
        "distretto": "DNL01.3"
      },
      "geometry": {
        "type": "Point",
        "coordinates": [
          8.806499553681316,
          44.75587811295452
        ]
      }
    },
    {
      "type": "Feature",
      "properties": {
        "stato": "APERTA",
        "tipologia": "Valvola a 2 vie",
        "id": 827,
        "comune": "Novi Ligure",
        "distretto": "DNL06"
      },
      "geometry": {
        "type": "Point",
        "coordinates": [
          8.790007689040252,
          44.75084532914031
        ]
      }
    },
    {
      "type": "Feature",
      "properties": {
        "stato": "APERTA",
        "tipologia": "Valvola a 2 vie",
        "id": 828,
        "comune": "Novi Ligure",
        "distretto": "DNL06"
      },
      "geometry": {
        "type": "Point",
        "coordinates": [
          8.790022126370651,
          44.750700498207536
        ]
      }
    },
    {
      "type": "Feature",
      "properties": {
        "stato": "APERTA",
        "tipologia": "Valvola a 2 vie",
        "id": 829,
        "comune": "Novi Ligure",
        "distretto": "DNL06"
      },
      "geometry": {
        "type": "Point",
        "coordinates": [
          8.783221527828433,
          44.75440359709867
        ]
      }
    },
    {
      "type": "Feature",
      "properties": {
        "stato": "APERTA",
        "tipologia": "Valvola a 2 vie",
        "id": 830,
        "comune": "Novi Ligure",
        "distretto": "DNL06"
      },
      "geometry": {
        "type": "Point",
        "coordinates": [
          8.783103124318798,
          44.754414304072306
        ]
      }
    },
    {
      "type": "Feature",
      "properties": {
        "stato": "APERTA",
        "tipologia": "Valvola a 2 vie",
        "id": 831,
        "comune": "Novi Ligure",
        "distretto": "DNL06"
      },
      "geometry": {
        "type": "Point",
        "coordinates": [
          8.790569069762327,
          44.750033670916075
        ]
      }
    },
    {
      "type": "Feature",
      "properties": {
        "stato": "APERTA",
        "tipologia": "Valvola a 2 vie",
        "id": 832,
        "comune": "Novi Ligure",
        "distretto": "DNL06"
      },
      "geometry": {
        "type": "Point",
        "coordinates": [
          8.790602796390775,
          44.75000481633786
        ]
      }
    },
    {
      "type": "Feature",
      "properties": {
        "stato": "APERTA",
        "tipologia": "Valvola a 2 vie",
        "id": 833,
        "comune": "Novi Ligure",
        "distretto": "DNL06"
      },
      "geometry": {
        "type": "Point",
        "coordinates": [
          8.795829020383062,
          44.7224720617306
        ]
      }
    },
    {
      "type": "Feature",
      "properties": {
        "stato": "APERTA",
        "tipologia": "Valvola a 2 vie",
        "id": 834,
        "comune": "Novi Ligure",
        "distretto": "DNL06"
      },
      "geometry": {
        "type": "Point",
        "coordinates": [
          8.791786312857376,
          44.73044903901067
        ]
      }
    },
    {
      "type": "Feature",
      "properties": {
        "stato": "APERTA",
        "tipologia": "Valvola a 2 vie",
        "id": 835,
        "comune": "Novi Ligure",
        "distretto": "DNL06"
      },
      "geometry": {
        "type": "Point",
        "coordinates": [
          8.791721980804727,
          44.73050197231042
        ]
      }
    },
    {
      "type": "Feature",
      "properties": {
        "stato": "APERTA",
        "tipologia": "Valvola a 2 vie",
        "id": 836,
        "comune": "Novi Ligure",
        "distretto": "DNL06"
      },
      "geometry": {
        "type": "Point",
        "coordinates": [
          8.781580078744721,
          44.73820863637111
        ]
      }
    },
    {
      "type": "Feature",
      "properties": {
        "stato": "APERTA",
        "tipologia": "Valvola a 2 vie",
        "id": 837,
        "comune": "Novi Ligure",
        "distretto": "DNL06"
      },
      "geometry": {
        "type": "Point",
        "coordinates": [
          8.780594093350093,
          44.73968436951182
        ]
      }
    },
    {
      "type": "Feature",
      "properties": {
        "stato": "APERTA",
        "tipologia": "Valvola a 2 vie",
        "id": 838,
        "comune": "Novi Ligure",
        "distretto": "DNL06"
      },
      "geometry": {
        "type": "Point",
        "coordinates": [
          8.778430045186338,
          44.74125793510009
        ]
      }
    },
    {
      "type": "Feature",
      "properties": {
        "stato": "APERTA",
        "tipologia": "Valvola a 2 vie",
        "id": 839,
        "comune": "Novi Ligure",
        "distretto": "DNL04"
      },
      "geometry": {
        "type": "Point",
        "coordinates": [
          8.814352560490244,
          44.746236480656236
        ]
      }
    },
    {
      "type": "Feature",
      "properties": {
        "stato": "APERTA",
        "tipologia": "Valvola a 2 vie",
        "id": 840,
        "comune": "Novi Ligure",
        "distretto": "DNL04"
      },
      "geometry": {
        "type": "Point",
        "coordinates": [
          8.82404270677245,
          44.740391347997644
        ]
      }
    },
    {
      "type": "Feature",
      "properties": {
        "stato": "APERTA",
        "tipologia": "Valvola a 2 vie",
        "id": 841,
        "comune": "Novi Ligure",
        "distretto": "DNL05"
      },
      "geometry": {
        "type": "Point",
        "coordinates": [
          8.811364487678468,
          44.73310143394847
        ]
      }
    },
    {
      "type": "Feature",
      "properties": {
        "stato": "APERTA",
        "tipologia": "Valvola a 2 vie",
        "id": 842,
        "comune": "Novi Ligure",
        "distretto": "DNL05"
      },
      "geometry": {
        "type": "Point",
        "coordinates": [
          8.806766820959528,
          44.73343236762108
        ]
      }
    },
    {
      "type": "Feature",
      "properties": {
        "stato": "APERTA",
        "tipologia": "Valvola a 2 vie",
        "id": 844,
        "comune": "Novi Ligure",
        "distretto": "DNL05"
      },
      "geometry": {
        "type": "Point",
        "coordinates": [
          8.795892710796574,
          44.7370652643239
        ]
      }
    },
    {
      "type": "Feature",
      "properties": {
        "stato": "APERTA",
        "tipologia": "Valvola a 2 vie",
        "id": 845,
        "comune": "Novi Ligure",
        "distretto": "DNL05"
      },
      "geometry": {
        "type": "Point",
        "coordinates": [
          8.794380573902714,
          44.74120552189345
        ]
      }
    },
    {
      "type": "Feature",
      "properties": {
        "stato": "APERTA",
        "tipologia": "Valvola a 2 vie",
        "id": 846,
        "comune": "Novi Ligure",
        "distretto": "DNL05"
      },
      "geometry": {
        "type": "Point",
        "coordinates": [
          8.791933603380034,
          44.73998164136354
        ]
      }
    },
    {
      "type": "Feature",
      "properties": {
        "stato": "CHIUSA",
        "tipologia": "Valvola a 2 vie",
        "id": 847,
        "comune": "Novi Ligure",
        "distretto": "DNL05"
      },
      "geometry": {
        "type": "Point",
        "coordinates": [
          8.811211112004884,
          44.74006212099144
        ]
      }
    },
    {
      "type": "Feature",
      "properties": {
        "stato": "CHIUSA",
        "tipologia": "Valvola a 2 vie",
        "id": 848,
        "comune": "Novi Ligure",
        "distretto": "DNL06"
      },
      "geometry": {
        "type": "Point",
        "coordinates": [
          8.780609882783871,
          44.73986534150836
        ]
      }
    },
    {
      "type": "Feature",
      "properties": {
        "stato": "APERTA",
        "tipologia": "Valvola a 2 vie",
        "id": 849,
        "comune": "Novi Ligure",
        "distretto": "DNL06"
      },
      "geometry": {
        "type": "Point",
        "coordinates": [
          8.777798296035035,
          44.7421058069717
        ]
      }
    },
    {
      "type": "Feature",
      "properties": {
        "stato": "APERTA",
        "tipologia": "Valvola a 2 vie",
        "id": 850,
        "comune": "Novi Ligure",
        "distretto": "DNL06"
      },
      "geometry": {
        "type": "Point",
        "coordinates": [
          8.76856313607685,
          44.741136420836895
        ]
      }
    },
    {
      "type": "Feature",
      "properties": {
        "stato": "APERTA",
        "tipologia": "Valvola a 2 vie",
        "id": 851,
        "comune": "Novi Ligure",
        "distretto": "DNL06"
      },
      "geometry": {
        "type": "Point",
        "coordinates": [
          8.771123568831875,
          44.744061722810734
        ]
      }
    },
    {
      "type": "Feature",
      "properties": {
        "stato": "APERTA",
        "tipologia": "Valvola a 2 vie",
        "id": 852,
        "comune": "Novi Ligure",
        "distretto": "DNL06"
      },
      "geometry": {
        "type": "Point",
        "coordinates": [
          8.771108378751856,
          44.74403174347854
        ]
      }
    },
    {
      "type": "Feature",
      "properties": {
        "stato": "APERTA",
        "tipologia": "Valvola a 2 vie",
        "id": 853,
        "comune": "Novi Ligure",
        "distretto": "DNL06"
      },
      "geometry": {
        "type": "Point",
        "coordinates": [
          8.771178001724317,
          44.74405180926886
        ]
      }
    },
    {
      "type": "Feature",
      "properties": {
        "stato": "APERTA",
        "tipologia": "Valvola a 2 vie",
        "id": 854,
        "comune": "Novi Ligure",
        "distretto": "DNL06"
      },
      "geometry": {
        "type": "Point",
        "coordinates": [
          8.77229494072052,
          44.744477272920825
        ]
      }
    },
    {
      "type": "Feature",
      "properties": {
        "stato": "APERTA",
        "tipologia": "Valvola a 2 vie",
        "id": 855,
        "comune": "Novi Ligure",
        "distretto": "DNL06"
      },
      "geometry": {
        "type": "Point",
        "coordinates": [
          8.772230722969223,
          44.744455161623776
        ]
      }
    },
    {
      "type": "Feature",
      "properties": {
        "stato": "APERTA",
        "tipologia": "Valvola a 2 vie",
        "id": 856,
        "comune": "Novi Ligure",
        "distretto": "DNL06"
      },
      "geometry": {
        "type": "Point",
        "coordinates": [
          8.763148365981396,
          44.742252483338945
        ]
      }
    },
    {
      "type": "Feature",
      "properties": {
        "stato": "APERTA",
        "tipologia": "Valvola a 2 vie",
        "id": 857,
        "comune": "Novi Ligure",
        "distretto": "DNL06"
      },
      "geometry": {
        "type": "Point",
        "coordinates": [
          8.78615966355493,
          44.75544073875956
        ]
      }
    },
    {
      "type": "Feature",
      "properties": {
        "stato": "APERTA",
        "tipologia": "Valvola a 2 vie",
        "id": 858,
        "comune": "Novi Ligure",
        "distretto": "DNL06"
      },
      "geometry": {
        "type": "Point",
        "coordinates": [
          8.786159463890096,
          44.75540579814912
        ]
      }
    },
    {
      "type": "Feature",
      "properties": {
        "stato": "APERTA",
        "tipologia": "Valvola a 2 vie",
        "id": 859,
        "comune": "Novi Ligure",
        "distretto": "DNL06"
      },
      "geometry": {
        "type": "Point",
        "coordinates": [
          8.789283155004712,
          44.75326471126403
        ]
      }
    },
    {
      "type": "Feature",
      "properties": {
        "stato": "APERTA",
        "tipologia": "Valvola a 2 vie",
        "id": 861,
        "comune": "Novi Ligure",
        "distretto": null
      },
      "geometry": {
        "type": "Point",
        "coordinates": [
          8.780697504789794,
          44.760537521979096
        ]
      }
    },
    {
      "type": "Feature",
      "properties": {
        "stato": "APERTA",
        "tipologia": "Valvola a 2 vie",
        "id": 863,
        "comune": "Novi Ligure",
        "distretto": "DNL02"
      },
      "geometry": {
        "type": "Point",
        "coordinates": [
          8.79139404541865,
          44.760014066572715
        ]
      }
    },
    {
      "type": "Feature",
      "properties": {
        "stato": "APERTA",
        "tipologia": "Valvola a 2 vie",
        "id": 864,
        "comune": "Novi Ligure",
        "distretto": "DNL02"
      },
      "geometry": {
        "type": "Point",
        "coordinates": [
          8.744055106154262,
          44.782279005539046
        ]
      }
    },
    {
      "type": "Feature",
      "properties": {
        "stato": "APERTA",
        "tipologia": "Valvola a 2 vie",
        "id": 865,
        "comune": "Novi Ligure",
        "distretto": "DNL02"
      },
      "geometry": {
        "type": "Point",
        "coordinates": [
          8.788320266565414,
          44.76155155913329
        ]
      }
    },
    {
      "type": "Feature",
      "properties": {
        "stato": "APERTA",
        "tipologia": "Valvola a 2 vie",
        "id": 866,
        "comune": "Novi Ligure",
        "distretto": "DNL02"
      },
      "geometry": {
        "type": "Point",
        "coordinates": [
          8.785787142930314,
          44.7617083069072
        ]
      }
    },
    {
      "type": "Feature",
      "properties": {
        "stato": "APERTA",
        "tipologia": "Valvola a 2 vie",
        "id": 867,
        "comune": "Novi Ligure",
        "distretto": "DNL02"
      },
      "geometry": {
        "type": "Point",
        "coordinates": [
          8.78577119144315,
          44.76175541528726
        ]
      }
    },
    {
      "type": "Feature",
      "properties": {
        "stato": "APERTA",
        "tipologia": "Valvola a 2 vie",
        "id": 868,
        "comune": "Novi Ligure",
        "distretto": "DNL02"
      },
      "geometry": {
        "type": "Point",
        "coordinates": [
          8.790305317809903,
          44.76049858747246
        ]
      }
    },
    {
      "type": "Feature",
      "properties": {
        "stato": "APERTA",
        "tipologia": "Valvola a 2 vie",
        "id": 869,
        "comune": "Novi Ligure",
        "distretto": "DNL02"
      },
      "geometry": {
        "type": "Point",
        "coordinates": [
          8.790539782758003,
          44.760191407692076
        ]
      }
    },
    {
      "type": "Feature",
      "properties": {
        "stato": "APERTA",
        "tipologia": "Valvola a 2 vie",
        "id": 870,
        "comune": "Novi Ligure",
        "distretto": "DNL02"
      },
      "geometry": {
        "type": "Point",
        "coordinates": [
          8.78575019270542,
          44.76084682874473
        ]
      }
    },
    {
      "type": "Feature",
      "properties": {
        "stato": "APERTA",
        "tipologia": "Valvola a 2 vie",
        "id": 871,
        "comune": "Novi Ligure",
        "distretto": "DNL02"
      },
      "geometry": {
        "type": "Point",
        "coordinates": [
          8.78569612921588,
          44.7608186255163
        ]
      }
    },
    {
      "type": "Feature",
      "properties": {
        "stato": "APERTA",
        "tipologia": "Valvola a 2 vie",
        "id": 872,
        "comune": "Novi Ligure",
        "distretto": "DNL02"
      },
      "geometry": {
        "type": "Point",
        "coordinates": [
          8.785798716542779,
          44.76066116648356
        ]
      }
    },
    {
      "type": "Feature",
      "properties": {
        "stato": "APERTA",
        "tipologia": "Valvola a 2 vie",
        "id": 873,
        "comune": "Novi Ligure",
        "distretto": "DNL02"
      },
      "geometry": {
        "type": "Point",
        "coordinates": [
          8.78588232186685,
          44.760379276981325
        ]
      }
    },
    {
      "type": "Feature",
      "properties": {
        "stato": "APERTA",
        "tipologia": "Valvola a 2 vie",
        "id": 874,
        "comune": "Novi Ligure",
        "distretto": "DNL02"
      },
      "geometry": {
        "type": "Point",
        "coordinates": [
          8.785604332153392,
          44.758901589452364
        ]
      }
    },
    {
      "type": "Feature",
      "properties": {
        "stato": "APERTA",
        "tipologia": "Valvola a 2 vie",
        "id": 875,
        "comune": "Novi Ligure",
        "distretto": "DNL02"
      },
      "geometry": {
        "type": "Point",
        "coordinates": [
          8.786770800169442,
          44.759238119034954
        ]
      }
    },
    {
      "type": "Feature",
      "properties": {
        "stato": "APERTA",
        "tipologia": "Valvola a 2 vie",
        "id": 876,
        "comune": "Novi Ligure",
        "distretto": "DNL02"
      },
      "geometry": {
        "type": "Point",
        "coordinates": [
          8.788615050403413,
          44.75973260490115
        ]
      }
    },
    {
      "type": "Feature",
      "properties": {
        "stato": "APERTA",
        "tipologia": "Valvola a 2 vie",
        "id": 877,
        "comune": "Novi Ligure",
        "distretto": "DNL02"
      },
      "geometry": {
        "type": "Point",
        "coordinates": [
          8.789860493922108,
          44.76004172039544
        ]
      }
    },
    {
      "type": "Feature",
      "properties": {
        "stato": "APERTA",
        "tipologia": "Valvola a 2 vie",
        "id": 879,
        "comune": "Novi Ligure",
        "distretto": "DNL02"
      },
      "geometry": {
        "type": "Point",
        "coordinates": [
          8.782136822843665,
          44.76123834026628
        ]
      }
    },
    {
      "type": "Feature",
      "properties": {
        "stato": "APERTA",
        "tipologia": "Valvola a 2 vie",
        "id": 880,
        "comune": "Novi Ligure",
        "distretto": "DNL02"
      },
      "geometry": {
        "type": "Point",
        "coordinates": [
          8.783272431653073,
          44.761025298128985
        ]
      }
    },
    {
      "type": "Feature",
      "properties": {
        "stato": "APERTA",
        "tipologia": "Valvola a 2 vie",
        "id": 881,
        "comune": "Novi Ligure",
        "distretto": "DNL02"
      },
      "geometry": {
        "type": "Point",
        "coordinates": [
          8.783485418850908,
          44.75973176644723
        ]
      }
    },
    {
      "type": "Feature",
      "properties": {
        "stato": "APERTA",
        "tipologia": "Valvola a 2 vie",
        "id": 882,
        "comune": "Novi Ligure",
        "distretto": "DNL02"
      },
      "geometry": {
        "type": "Point",
        "coordinates": [
          8.783895438696725,
          44.75965641609463
        ]
      }
    },
    {
      "type": "Feature",
      "properties": {
        "stato": "APERTA",
        "tipologia": "Valvola a 2 vie",
        "id": 883,
        "comune": "Novi Ligure",
        "distretto": "DNL02"
      },
      "geometry": {
        "type": "Point",
        "coordinates": [
          8.784556350071952,
          44.75861321941944
        ]
      }
    },
    {
      "type": "Feature",
      "properties": {
        "stato": "APERTA",
        "tipologia": "Valvola a 2 vie",
        "id": 884,
        "comune": "Novi Ligure",
        "distretto": "DNL02"
      },
      "geometry": {
        "type": "Point",
        "coordinates": [
          8.784733307419717,
          44.75870474208653
        ]
      }
    },
    {
      "type": "Feature",
      "properties": {
        "stato": "APERTA",
        "tipologia": "Valvola a 2 vie",
        "id": 885,
        "comune": "Novi Ligure",
        "distretto": "DNL02"
      },
      "geometry": {
        "type": "Point",
        "coordinates": [
          8.788783246142161,
          44.76061797439373
        ]
      }
    },
    {
      "type": "Feature",
      "properties": {
        "stato": "APERTA",
        "tipologia": "Valvola a 2 vie",
        "id": 886,
        "comune": "Novi Ligure",
        "distretto": "DNL02"
      },
      "geometry": {
        "type": "Point",
        "coordinates": [
          8.788550998102355,
          44.760099219554874
        ]
      }
    },
    {
      "type": "Feature",
      "properties": {
        "stato": "APERTA",
        "tipologia": "Valvola a 2 vie",
        "id": 887,
        "comune": "Novi Ligure",
        "distretto": "DNL02"
      },
      "geometry": {
        "type": "Point",
        "coordinates": [
          8.79250778048457,
          44.76061557503209
        ]
      }
    },
    {
      "type": "Feature",
      "properties": {
        "stato": "APERTA",
        "tipologia": "Valvola a 2 vie",
        "id": 888,
        "comune": "Novi Ligure",
        "distretto": "DNL01"
      },
      "geometry": {
        "type": "Point",
        "coordinates": [
          8.790752029960112,
          44.76217696394805
        ]
      }
    },
    {
      "type": "Feature",
      "properties": {
        "stato": "APERTA",
        "tipologia": "Valvola a 2 vie",
        "id": 889,
        "comune": "Novi Ligure",
        "distretto": "DNL01"
      },
      "geometry": {
        "type": "Point",
        "coordinates": [
          8.791102260321255,
          44.76194193265396
        ]
      }
    },
    {
      "type": "Feature",
      "properties": {
        "stato": "APERTA",
        "tipologia": "Valvola a 2 vie",
        "id": 890,
        "comune": "Novi Ligure",
        "distretto": "DNL01"
      },
      "geometry": {
        "type": "Point",
        "coordinates": [
          8.794209152362335,
          44.762166295331326
        ]
      }
    },
    {
      "type": "Feature",
      "properties": {
        "stato": "APERTA",
        "tipologia": "Valvola a 2 vie",
        "id": 891,
        "comune": "Novi Ligure",
        "distretto": "DNL01.3"
      },
      "geometry": {
        "type": "Point",
        "coordinates": [
          8.797745125482782,
          44.760941689481804
        ]
      }
    },
    {
      "type": "Feature",
      "properties": {
        "stato": "APERTA",
        "tipologia": "Valvola a 2 vie",
        "id": 892,
        "comune": "Novi Ligure",
        "distretto": "DNL01.3"
      },
      "geometry": {
        "type": "Point",
        "coordinates": [
          8.800647121791535,
          44.7612655958845
        ]
      }
    },
    {
      "type": "Feature",
      "properties": {
        "stato": "APERTA",
        "tipologia": "Valvola a 2 vie",
        "id": 893,
        "comune": "Novi Ligure",
        "distretto": "DNL01.3"
      },
      "geometry": {
        "type": "Point",
        "coordinates": [
          8.803807879196707,
          44.758369880184716
        ]
      }
    },
    {
      "type": "Feature",
      "properties": {
        "stato": "APERTA",
        "tipologia": "Valvola a 2 vie",
        "id": 894,
        "comune": "Novi Ligure",
        "distretto": "DNL01.3"
      },
      "geometry": {
        "type": "Point",
        "coordinates": [
          8.805667782074755,
          44.75810157303883
        ]
      }
    },
    {
      "type": "Feature",
      "properties": {
        "stato": "APERTA",
        "tipologia": "Valvola a 2 vie",
        "id": 895,
        "comune": "Novi Ligure",
        "distretto": "DNL01.3"
      },
      "geometry": {
        "type": "Point",
        "coordinates": [
          8.80561009361201,
          44.758089102872134
        ]
      }
    },
    {
      "type": "Feature",
      "properties": {
        "stato": "APERTA",
        "tipologia": "Valvola a 2 vie",
        "id": 896,
        "comune": "Novi Ligure",
        "distretto": "DNL01.3"
      },
      "geometry": {
        "type": "Point",
        "coordinates": [
          8.80579283592158,
          44.757997322102874
        ]
      }
    },
    {
      "type": "Feature",
      "properties": {
        "stato": "APERTA",
        "tipologia": "Valvola a 2 vie",
        "id": 897,
        "comune": "Novi Ligure",
        "distretto": "DNL01.3"
      },
      "geometry": {
        "type": "Point",
        "coordinates": [
          8.804778248799325,
          44.759860222013934
        ]
      }
    },
    {
      "type": "Feature",
      "properties": {
        "stato": "APERTA",
        "tipologia": "Valvola a 2 vie",
        "id": 898,
        "comune": "Novi Ligure",
        "distretto": "DNL01.3"
      },
      "geometry": {
        "type": "Point",
        "coordinates": [
          8.805118240844909,
          44.760620008034095
        ]
      }
    },
    {
      "type": "Feature",
      "properties": {
        "stato": "APERTA",
        "tipologia": "Valvola a 2 vie",
        "id": 899,
        "comune": "Novi Ligure",
        "distretto": "DNL01.3"
      },
      "geometry": {
        "type": "Point",
        "coordinates": [
          8.804295961759506,
          44.758244464661885
        ]
      }
    },
    {
      "type": "Feature",
      "properties": {
        "stato": "APERTA",
        "tipologia": "Valvola a 2 vie",
        "id": 900,
        "comune": "Novi Ligure",
        "distretto": "DNL01.3"
      },
      "geometry": {
        "type": "Point",
        "coordinates": [
          8.803608388929424,
          44.75668396077297
        ]
      }
    },
    {
      "type": "Feature",
      "properties": {
        "stato": "APERTA",
        "tipologia": "Valvola a 2 vie",
        "id": 901,
        "comune": "Novi Ligure",
        "distretto": "DNL01.3"
      },
      "geometry": {
        "type": "Point",
        "coordinates": [
          8.803506574769969,
          44.75835172918178
        ]
      }
    },
    {
      "type": "Feature",
      "properties": {
        "stato": "APERTA",
        "tipologia": "Valvola a 2 vie",
        "id": 902,
        "comune": "Novi Ligure",
        "distretto": "DNL01.3"
      },
      "geometry": {
        "type": "Point",
        "coordinates": [
          8.804740891962547,
          44.754091733244145
        ]
      }
    },
    {
      "type": "Feature",
      "properties": {
        "stato": "APERTA",
        "tipologia": "Valvola a 2 vie",
        "id": 903,
        "comune": "Novi Ligure",
        "distretto": "DNL01.3"
      },
      "geometry": {
        "type": "Point",
        "coordinates": [
          8.802289724554976,
          44.7557353397534
        ]
      }
    },
    {
      "type": "Feature",
      "properties": {
        "stato": "APERTA",
        "tipologia": "Valvola a 2 vie",
        "id": 904,
        "comune": "Novi Ligure",
        "distretto": "DNL01.3"
      },
      "geometry": {
        "type": "Point",
        "coordinates": [
          8.802313321575978,
          44.7557227288708
        ]
      }
    },
    {
      "type": "Feature",
      "properties": {
        "stato": "APERTA",
        "tipologia": "Valvola a 2 vie",
        "id": 905,
        "comune": "Novi Ligure",
        "distretto": "DNL02"
      },
      "geometry": {
        "type": "Point",
        "coordinates": [
          8.793338533861043,
          44.758710793390044
        ]
      }
    },
    {
      "type": "Feature",
      "properties": {
        "stato": "APERTA",
        "tipologia": "Valvola a 2 vie",
        "id": 907,
        "comune": "Novi Ligure",
        "distretto": "DNL04"
      },
      "geometry": {
        "type": "Point",
        "coordinates": [
          8.79644911045648,
          44.756891927153525
        ]
      }
    },
    {
      "type": "Feature",
      "properties": {
        "stato": "APERTA",
        "tipologia": "Valvola a 2 vie",
        "id": 908,
        "comune": "Novi Ligure",
        "distretto": "DNL04"
      },
      "geometry": {
        "type": "Point",
        "coordinates": [
          8.79651118702449,
          44.756856674977925
        ]
      }
    },
    {
      "type": "Feature",
      "properties": {
        "stato": "APERTA",
        "tipologia": "Valvola a 2 vie",
        "id": 909,
        "comune": "Novi Ligure",
        "distretto": "DNL01.3"
      },
      "geometry": {
        "type": "Point",
        "coordinates": [
          8.80191655977251,
          44.75980571148281
        ]
      }
    },
    {
      "type": "Feature",
      "properties": {
        "stato": "APERTA",
        "tipologia": "Valvola a 2 vie",
        "id": 910,
        "comune": "Novi Ligure",
        "distretto": "DNL01.3"
      },
      "geometry": {
        "type": "Point",
        "coordinates": [
          8.799586196440094,
          44.7596267655071
        ]
      }
    },
    {
      "type": "Feature",
      "properties": {
        "stato": "APERTA",
        "tipologia": "Valvola a 2 vie",
        "id": 911,
        "comune": "Novi Ligure",
        "distretto": "DNL01.3"
      },
      "geometry": {
        "type": "Point",
        "coordinates": [
          8.80003091386337,
          44.7586729020302
        ]
      }
    },
    {
      "type": "Feature",
      "properties": {
        "stato": "APERTA",
        "tipologia": "Valvola a 2 vie",
        "id": 912,
        "comune": "Novi Ligure",
        "distretto": "DNL01.3"
      },
      "geometry": {
        "type": "Point",
        "coordinates": [
          8.803058650431282,
          44.760324017959846
        ]
      }
    },
    {
      "type": "Feature",
      "properties": {
        "stato": "APERTA",
        "tipologia": "Valvola a 2 vie",
        "id": 913,
        "comune": "Novi Ligure",
        "distretto": "DNL01.3"
      },
      "geometry": {
        "type": "Point",
        "coordinates": [
          8.803103647027486,
          44.75903272298006
        ]
      }
    },
    {
      "type": "Feature",
      "properties": {
        "stato": "APERTA",
        "tipologia": "Valvola a 2 vie",
        "id": 914,
        "comune": "Novi Ligure",
        "distretto": "DNL01.3"
      },
      "geometry": {
        "type": "Point",
        "coordinates": [
          8.804606713044196,
          44.76056642896653
        ]
      }
    },
    {
      "type": "Feature",
      "properties": {
        "stato": "APERTA",
        "tipologia": "Valvola a 2 vie",
        "id": 915,
        "comune": "Novi Ligure",
        "distretto": "DNL01.3"
      },
      "geometry": {
        "type": "Point",
        "coordinates": [
          8.804658354466598,
          44.760639328903586
        ]
      }
    },
    {
      "type": "Feature",
      "properties": {
        "stato": "APERTA",
        "tipologia": "Valvola a 2 vie",
        "id": 940,
        "comune": "Novi Ligure",
        "distretto": "DNL02"
      },
      "geometry": {
        "type": "Point",
        "coordinates": [
          8.782836695851682,
          44.764671056244794
        ]
      }
    },
    {
      "type": "Feature",
      "properties": {
        "stato": "CHIUSA",
        "tipologia": "Valvola a 2 vie",
        "id": 941,
        "comune": "Novi Ligure",
        "distretto": "DNL01"
      },
      "geometry": {
        "type": "Point",
        "coordinates": [
          8.786644097404292,
          44.763841441943086
        ]
      }
    },
    {
      "type": "Feature",
      "properties": {
        "stato": "APERTA",
        "tipologia": "Valvola a 2 vie",
        "id": 942,
        "comune": "Novi Ligure",
        "distretto": "DNL01"
      },
      "geometry": {
        "type": "Point",
        "coordinates": [
          8.787407816807752,
          44.76401858380195
        ]
      }
    },
    {
      "type": "Feature",
      "properties": {
        "stato": "APERTA",
        "tipologia": "Valvola a 2 vie",
        "id": 944,
        "comune": "Novi Ligure",
        "distretto": "DNL01"
      },
      "geometry": {
        "type": "Point",
        "coordinates": [
          8.791158614311886,
          44.7638047497922
        ]
      }
    },
    {
      "type": "Feature",
      "properties": {
        "stato": "APERTA",
        "tipologia": "Valvola a 2 vie",
        "id": 945,
        "comune": "Novi Ligure",
        "distretto": "DNL01"
      },
      "geometry": {
        "type": "Point",
        "coordinates": [
          8.791463852658644,
          44.762548004785536
        ]
      }
    },
    {
      "type": "Feature",
      "properties": {
        "stato": "APERTA",
        "tipologia": "Valvola a 2 vie",
        "id": 946,
        "comune": "Novi Ligure",
        "distretto": "DNL01"
      },
      "geometry": {
        "type": "Point",
        "coordinates": [
          8.790441130055788,
          44.76320076993659
        ]
      }
    },
    {
      "type": "Feature",
      "properties": {
        "stato": "APERTA",
        "tipologia": "Valvola a 2 vie",
        "id": 947,
        "comune": "Novi Ligure",
        "distretto": "DNL01"
      },
      "geometry": {
        "type": "Point",
        "coordinates": [
          8.790894808658615,
          44.76296825034121
        ]
      }
    },
    {
      "type": "Feature",
      "properties": {
        "stato": "APERTA",
        "tipologia": "Valvola a 2 vie",
        "id": 948,
        "comune": "Novi Ligure",
        "distretto": "DNL01"
      },
      "geometry": {
        "type": "Point",
        "coordinates": [
          8.792636992272648,
          44.76339680373816
        ]
      }
    },
    {
      "type": "Feature",
      "properties": {
        "stato": "APERTA",
        "tipologia": "Valvola a 2 vie",
        "id": 949,
        "comune": "Novi Ligure",
        "distretto": "DNL01"
      },
      "geometry": {
        "type": "Point",
        "coordinates": [
          8.788393470854567,
          44.7655007092337
        ]
      }
    },
    {
      "type": "Feature",
      "properties": {
        "stato": "APERTA",
        "tipologia": "Valvola a 2 vie",
        "id": 950,
        "comune": "Novi Ligure",
        "distretto": "DNL01"
      },
      "geometry": {
        "type": "Point",
        "coordinates": [
          8.789171468462222,
          44.766175392968485
        ]
      }
    },
    {
      "type": "Feature",
      "properties": {
        "stato": "APERTA",
        "tipologia": "Valvola a 2 vie",
        "id": 951,
        "comune": "Novi Ligure",
        "distretto": "DNL01"
      },
      "geometry": {
        "type": "Point",
        "coordinates": [
          8.788852965586909,
          44.76622043175999
        ]
      }
    },
    {
      "type": "Feature",
      "properties": {
        "stato": "APERTA",
        "tipologia": "Valvola a 2 vie",
        "id": 952,
        "comune": "Novi Ligure",
        "distretto": "DNL01.2"
      },
      "geometry": {
        "type": "Point",
        "coordinates": [
          8.790079106065505,
          44.76773463509575
        ]
      }
    },
    {
      "type": "Feature",
      "properties": {
        "stato": "APERTA",
        "tipologia": "Valvola a 2 vie",
        "id": 953,
        "comune": "Novi Ligure",
        "distretto": "DNL01.2"
      },
      "geometry": {
        "type": "Point",
        "coordinates": [
          8.791438316480713,
          44.76755842828985
        ]
      }
    },
    {
      "type": "Feature",
      "properties": {
        "stato": "APERTA",
        "tipologia": "Valvola a 2 vie",
        "id": 954,
        "comune": "Novi Ligure",
        "distretto": "DNL01.2"
      },
      "geometry": {
        "type": "Point",
        "coordinates": [
          8.789501244383327,
          44.76835272078992
        ]
      }
    },
    {
      "type": "Feature",
      "properties": {
        "stato": "APERTA",
        "tipologia": "Valvola a 2 vie",
        "id": 956,
        "comune": "Novi Ligure",
        "distretto": "DNL01.2"
      },
      "geometry": {
        "type": "Point",
        "coordinates": [
          8.789212641368778,
          44.7688926583258
        ]
      }
    },
    {
      "type": "Feature",
      "properties": {
        "stato": "APERTA",
        "tipologia": "Valvola a 2 vie",
        "id": 957,
        "comune": "Novi Ligure",
        "distretto": "DNL01.2"
      },
      "geometry": {
        "type": "Point",
        "coordinates": [
          8.790774938257604,
          44.768671716473925
        ]
      }
    },
    {
      "type": "Feature",
      "properties": {
        "stato": "APERTA",
        "tipologia": "Valvola a 2 vie",
        "id": 958,
        "comune": "Novi Ligure",
        "distretto": "DNL01.2"
      },
      "geometry": {
        "type": "Point",
        "coordinates": [
          8.794015204011808,
          44.76829579889376
        ]
      }
    },
    {
      "type": "Feature",
      "properties": {
        "stato": "APERTA",
        "tipologia": "Valvola a 2 vie",
        "id": 959,
        "comune": "Novi Ligure",
        "distretto": "DNL01.2"
      },
      "geometry": {
        "type": "Point",
        "coordinates": [
          8.789029478462574,
          44.770634866183556
        ]
      }
    },
    {
      "type": "Feature",
      "properties": {
        "stato": "APERTA",
        "tipologia": "Valvola a 2 vie",
        "id": 960,
        "comune": "Novi Ligure",
        "distretto": "DNL01.2"
      },
      "geometry": {
        "type": "Point",
        "coordinates": [
          8.789169066056319,
          44.770543900801506
        ]
      }
    },
    {
      "type": "Feature",
      "properties": {
        "stato": "APERTA",
        "tipologia": "Valvola a 2 vie",
        "id": 961,
        "comune": "Novi Ligure",
        "distretto": "DNL01.2"
      },
      "geometry": {
        "type": "Point",
        "coordinates": [
          8.789075370673414,
          44.77064546676633
        ]
      }
    },
    {
      "type": "Feature",
      "properties": {
        "stato": "APERTA",
        "tipologia": "Valvola a 2 vie",
        "id": 962,
        "comune": "Novi Ligure",
        "distretto": "DNL01.2"
      },
      "geometry": {
        "type": "Point",
        "coordinates": [
          8.791282915854664,
          44.77017509772621
        ]
      }
    },
    {
      "type": "Feature",
      "properties": {
        "stato": "APERTA",
        "tipologia": "Valvola a 2 vie",
        "id": 963,
        "comune": "Novi Ligure",
        "distretto": "DNL01.2"
      },
      "geometry": {
        "type": "Point",
        "coordinates": [
          8.793162630780042,
          44.77168691620285
        ]
      }
    },
    {
      "type": "Feature",
      "properties": {
        "stato": "APERTA",
        "tipologia": "Valvola a 2 vie",
        "id": 964,
        "comune": "Novi Ligure",
        "distretto": "DNL01.2"
      },
      "geometry": {
        "type": "Point",
        "coordinates": [
          8.792554825026086,
          44.77177146121115
        ]
      }
    },
    {
      "type": "Feature",
      "properties": {
        "stato": "APERTA",
        "tipologia": "Valvola a 2 vie",
        "id": 965,
        "comune": "Novi Ligure",
        "distretto": "DNL01"
      },
      "geometry": {
        "type": "Point",
        "coordinates": [
          8.785267359912288,
          44.76551448791773
        ]
      }
    },
    {
      "type": "Feature",
      "properties": {
        "stato": "APERTA",
        "tipologia": "Valvola a 2 vie",
        "id": 966,
        "comune": "Novi Ligure",
        "distretto": "DNL01"
      },
      "geometry": {
        "type": "Point",
        "coordinates": [
          8.785191877271092,
          44.76555842555247
        ]
      }
    },
    {
      "type": "Feature",
      "properties": {
        "stato": "APERTA",
        "tipologia": "Valvola a 2 vie",
        "id": 967,
        "comune": "Novi Ligure",
        "distretto": "DNL01"
      },
      "geometry": {
        "type": "Point",
        "coordinates": [
          8.78531293554195,
          44.76551746830142
        ]
      }
    },
    {
      "type": "Feature",
      "properties": {
        "stato": "APERTA",
        "tipologia": "Valvola a 2 vie",
        "id": 968,
        "comune": "Novi Ligure",
        "distretto": "DNL01"
      },
      "geometry": {
        "type": "Point",
        "coordinates": [
          8.783794724068573,
          44.76641279332146
        ]
      }
    },
    {
      "type": "Feature",
      "properties": {
        "stato": "APERTA",
        "tipologia": "Valvola a 2 vie",
        "id": 969,
        "comune": "Novi Ligure",
        "distretto": "DNL01"
      },
      "geometry": {
        "type": "Point",
        "coordinates": [
          8.78355492594208,
          44.76658696608484
        ]
      }
    },
    {
      "type": "Feature",
      "properties": {
        "stato": "CHIUSA",
        "tipologia": "Valvola a 2 vie",
        "id": 970,
        "comune": "Novi Ligure",
        "distretto": "DNL01"
      },
      "geometry": {
        "type": "Point",
        "coordinates": [
          8.78093951647942,
          44.76789628199834
        ]
      }
    },
    {
      "type": "Feature",
      "properties": {
        "stato": "APERTA",
        "tipologia": "Valvola a 2 vie",
        "id": 971,
        "comune": "Novi Ligure",
        "distretto": "DNL01"
      },
      "geometry": {
        "type": "Point",
        "coordinates": [
          8.780956783585577,
          44.767872927293304
        ]
      }
    },
    {
      "type": "Feature",
      "properties": {
        "stato": "APERTA",
        "tipologia": "Valvola a 2 vie",
        "id": 972,
        "comune": "Novi Ligure",
        "distretto": "DNL01"
      },
      "geometry": {
        "type": "Point",
        "coordinates": [
          8.783325191318955,
          44.76667048466644
        ]
      }
    },
    {
      "type": "Feature",
      "properties": {
        "stato": "APERTA",
        "tipologia": "Valvola a 2 vie",
        "id": 973,
        "comune": "Novi Ligure",
        "distretto": "DNL01"
      },
      "geometry": {
        "type": "Point",
        "coordinates": [
          8.785817791407794,
          44.766770950822135
        ]
      }
    },
    {
      "type": "Feature",
      "properties": {
        "stato": "APERTA",
        "tipologia": "Valvola a 2 vie",
        "id": 974,
        "comune": "Novi Ligure",
        "distretto": "DNL01"
      },
      "geometry": {
        "type": "Point",
        "coordinates": [
          8.785810510359232,
          44.766855338664506
        ]
      }
    },
    {
      "type": "Feature",
      "properties": {
        "stato": "APERTA",
        "tipologia": "Valvola a 2 vie",
        "id": 975,
        "comune": "Novi Ligure",
        "distretto": "DNL01"
      },
      "geometry": {
        "type": "Point",
        "coordinates": [
          8.787470174449862,
          44.76640864946589
        ]
      }
    },
    {
      "type": "Feature",
      "properties": {
        "stato": "APERTA",
        "tipologia": "Valvola a 2 vie",
        "id": 976,
        "comune": "Novi Ligure",
        "distretto": "DNL01.2"
      },
      "geometry": {
        "type": "Point",
        "coordinates": [
          8.784780271266538,
          44.76821248948366
        ]
      }
    },
    {
      "type": "Feature",
      "properties": {
        "stato": "APERTA",
        "tipologia": "Valvola a 2 vie",
        "id": 977,
        "comune": "Novi Ligure",
        "distretto": "DNL01.2"
      },
      "geometry": {
        "type": "Point",
        "coordinates": [
          8.785614048718497,
          44.76805635819308
        ]
      }
    },
    {
      "type": "Feature",
      "properties": {
        "stato": "APERTA",
        "tipologia": "Valvola a 2 vie",
        "id": 978,
        "comune": "Novi Ligure",
        "distretto": "DNL01.2"
      },
      "geometry": {
        "type": "Point",
        "coordinates": [
          8.787284866797231,
          44.76871512612838
        ]
      }
    },
    {
      "type": "Feature",
      "properties": {
        "stato": "APERTA",
        "tipologia": "Valvola a 2 vie",
        "id": 979,
        "comune": "Novi Ligure",
        "distretto": "DNL01.4"
      },
      "geometry": {
        "type": "Point",
        "coordinates": [
          8.782553339750676,
          44.76934041900158
        ]
      }
    },
    {
      "type": "Feature",
      "properties": {
        "stato": "APERTA",
        "tipologia": "Valvola a 2 vie",
        "id": 980,
        "comune": "Novi Ligure",
        "distretto": "DNL01.4"
      },
      "geometry": {
        "type": "Point",
        "coordinates": [
          8.782860663899067,
          44.77017758648372
        ]
      }
    },
    {
      "type": "Feature",
      "properties": {
        "stato": "APERTA",
        "tipologia": "Valvola a 2 vie",
        "id": 981,
        "comune": "Novi Ligure",
        "distretto": "DNL01.4"
      },
      "geometry": {
        "type": "Point",
        "coordinates": [
          8.783709717034872,
          44.770966208937615
        ]
      }
    },
    {
      "type": "Feature",
      "properties": {
        "stato": "APERTA",
        "tipologia": "Valvola a 2 vie",
        "id": 982,
        "comune": "Novi Ligure",
        "distretto": "DNL01.4"
      },
      "geometry": {
        "type": "Point",
        "coordinates": [
          8.783689710900278,
          44.7709873949861
        ]
      }
    },
    {
      "type": "Feature",
      "properties": {
        "stato": "APERTA",
        "tipologia": "Valvola a 2 vie",
        "id": 983,
        "comune": "Novi Ligure",
        "distretto": "DNL01"
      },
      "geometry": {
        "type": "Point",
        "coordinates": [
          8.777058266250908,
          44.777581721302234
        ]
      }
    },
    {
      "type": "Feature",
      "properties": {
        "stato": "APERTA",
        "tipologia": "Valvola a 2 vie",
        "id": 985,
        "comune": "Novi Ligure",
        "distretto": "DNL01.4"
      },
      "geometry": {
        "type": "Point",
        "coordinates": [
          8.784007118998737,
          44.772881034251625
        ]
      }
    },
    {
      "type": "Feature",
      "properties": {
        "stato": "APERTA",
        "tipologia": "Valvola a 2 vie",
        "id": 986,
        "comune": "Novi Ligure",
        "distretto": "DNL01.2"
      },
      "geometry": {
        "type": "Point",
        "coordinates": [
          8.789844491906035,
          44.77274556833549
        ]
      }
    },
    {
      "type": "Feature",
      "properties": {
        "stato": "APERTA",
        "tipologia": "Valvola a 2 vie",
        "id": 989,
        "comune": "Novi Ligure",
        "distretto": "DNL01.3"
      },
      "geometry": {
        "type": "Point",
        "coordinates": [
          8.803595726880777,
          44.76418432030342
        ]
      }
    },
    {
      "type": "Feature",
      "properties": {
        "stato": "APERTA",
        "tipologia": "Valvola a 2 vie",
        "id": 990,
        "comune": "Novi Ligure",
        "distretto": "DNL01.3"
      },
      "geometry": {
        "type": "Point",
        "coordinates": [
          8.805418550242795,
          44.763963353452546
        ]
      }
    },
    {
      "type": "Feature",
      "properties": {
        "stato": "APERTA",
        "tipologia": "Valvola a 2 vie",
        "id": 991,
        "comune": "Novi Ligure",
        "distretto": "DNL01.3"
      },
      "geometry": {
        "type": "Point",
        "coordinates": [
          8.802547274132523,
          44.76424774032802
        ]
      }
    },
    {
      "type": "Feature",
      "properties": {
        "stato": "APERTA",
        "tipologia": "Valvola a 2 vie",
        "id": 993,
        "comune": "Novi Ligure",
        "distretto": "DNL01.3"
      },
      "geometry": {
        "type": "Point",
        "coordinates": [
          8.805125571647705,
          44.765184994759124
        ]
      }
    },
    {
      "type": "Feature",
      "properties": {
        "stato": "APERTA",
        "tipologia": "Valvola a 2 vie",
        "id": 994,
        "comune": "Novi Ligure",
        "distretto": "DNL01.3"
      },
      "geometry": {
        "type": "Point",
        "coordinates": [
          8.807266474489936,
          44.76574340512421
        ]
      }
    },
    {
      "type": "Feature",
      "properties": {
        "stato": "APERTA",
        "tipologia": "Valvola a 2 vie",
        "id": 995,
        "comune": "Novi Ligure",
        "distretto": "DNL01"
      },
      "geometry": {
        "type": "Point",
        "coordinates": [
          8.801287263294755,
          44.765713394157736
        ]
      }
    },
    {
      "type": "Feature",
      "properties": {
        "stato": "APERTA",
        "tipologia": "Valvola a 2 vie",
        "id": 996,
        "comune": "Novi Ligure",
        "distretto": "DNL01.3"
      },
      "geometry": {
        "type": "Point",
        "coordinates": [
          8.80217864063957,
          44.76417693943742
        ]
      }
    },
    {
      "type": "Feature",
      "properties": {
        "stato": "APERTA",
        "tipologia": "Valvola a 2 vie",
        "id": 997,
        "comune": "Novi Ligure",
        "distretto": "DNL01.3"
      },
      "geometry": {
        "type": "Point",
        "coordinates": [
          8.801420152861017,
          44.7640983469107
        ]
      }
    },
    {
      "type": "Feature",
      "properties": {
        "stato": "APERTA",
        "tipologia": "Valvola a 2 vie",
        "id": 998,
        "comune": "Novi Ligure",
        "distretto": "DNL01"
      },
      "geometry": {
        "type": "Point",
        "coordinates": [
          8.79924445308701,
          44.76457809194822
        ]
      }
    },
    {
      "type": "Feature",
      "properties": {
        "stato": "APERTA",
        "tipologia": "Valvola a 2 vie",
        "id": 999,
        "comune": "Novi Ligure",
        "distretto": "DNL01"
      },
      "geometry": {
        "type": "Point",
        "coordinates": [
          8.799658672605021,
          44.764933963285195
        ]
      }
    },
    {
      "type": "Feature",
      "properties": {
        "stato": "APERTA",
        "tipologia": "Valvola a 2 vie",
        "id": 1000,
        "comune": "Novi Ligure",
        "distretto": "DNL01.3"
      },
      "geometry": {
        "type": "Point",
        "coordinates": [
          8.799981250118611,
          44.76387015662712
        ]
      }
    },
    {
      "type": "Feature",
      "properties": {
        "stato": "APERTA",
        "tipologia": "Valvola a 2 vie",
        "id": 1001,
        "comune": "Novi Ligure",
        "distretto": "DNL01"
      },
      "geometry": {
        "type": "Point",
        "coordinates": [
          8.793996907800516,
          44.76517060555458
        ]
      }
    },
    {
      "type": "Feature",
      "properties": {
        "stato": "APERTA",
        "tipologia": "Valvola a 2 vie",
        "id": 1002,
        "comune": "Novi Ligure",
        "distretto": "DNL01"
      },
      "geometry": {
        "type": "Point",
        "coordinates": [
          8.79537390981855,
          44.76534006826171
        ]
      }
    },
    {
      "type": "Feature",
      "properties": {
        "stato": "APERTA",
        "tipologia": "Valvola a 2 vie",
        "id": 1003,
        "comune": "Novi Ligure",
        "distretto": "DNL01"
      },
      "geometry": {
        "type": "Point",
        "coordinates": [
          8.793951342364993,
          44.76516305186559
        ]
      }
    },
    {
      "type": "Feature",
      "properties": {
        "stato": "APERTA",
        "tipologia": "Valvola a 2 vie",
        "id": 1004,
        "comune": "Novi Ligure",
        "distretto": "DNL01.2"
      },
      "geometry": {
        "type": "Point",
        "coordinates": [
          8.797741023168111,
          44.76635990557894
        ]
      }
    },
    {
      "type": "Feature",
      "properties": {
        "stato": "APERTA",
        "tipologia": "Valvola a 2 vie",
        "id": 1005,
        "comune": "Novi Ligure",
        "distretto": "DNL01.2"
      },
      "geometry": {
        "type": "Point",
        "coordinates": [
          8.797930605595207,
          44.767407086454604
        ]
      }
    },
    {
      "type": "Feature",
      "properties": {
        "stato": "APERTA",
        "tipologia": "Valvola a 2 vie",
        "id": 1006,
        "comune": "Novi Ligure",
        "distretto": "DNL01.2"
      },
      "geometry": {
        "type": "Point",
        "coordinates": [
          8.798107321286379,
          44.76748619436283
        ]
      }
    },
    {
      "type": "Feature",
      "properties": {
        "stato": "APERTA",
        "tipologia": "Valvola a 2 vie",
        "id": 1007,
        "comune": "Novi Ligure",
        "distretto": "DNL01.2"
      },
      "geometry": {
        "type": "Point",
        "coordinates": [
          8.798866852864302,
          44.7675178263139
        ]
      }
    },
    {
      "type": "Feature",
      "properties": {
        "stato": "APERTA",
        "tipologia": "Valvola a 2 vie",
        "id": 1008,
        "comune": "Novi Ligure",
        "distretto": "DNL01.2"
      },
      "geometry": {
        "type": "Point",
        "coordinates": [
          8.799930452858794,
          44.767462374533245
        ]
      }
    },
    {
      "type": "Feature",
      "properties": {
        "stato": "APERTA",
        "tipologia": "Valvola a 2 vie",
        "id": 1009,
        "comune": "Novi Ligure",
        "distretto": "DNL01"
      },
      "geometry": {
        "type": "Point",
        "coordinates": [
          8.80038762400438,
          44.77083244234069
        ]
      }
    },
    {
      "type": "Feature",
      "properties": {
        "stato": "APERTA",
        "tipologia": "Valvola a 2 vie",
        "id": 1010,
        "comune": "Novi Ligure",
        "distretto": "DNL01"
      },
      "geometry": {
        "type": "Point",
        "coordinates": [
          8.800272597415182,
          44.77040000293663
        ]
      }
    },
    {
      "type": "Feature",
      "properties": {
        "stato": "APERTA",
        "tipologia": "Valvola a 2 vie",
        "id": 1011,
        "comune": "Novi Ligure",
        "distretto": "DNL01"
      },
      "geometry": {
        "type": "Point",
        "coordinates": [
          8.801213194306278,
          44.77092674115941
        ]
      }
    },
    {
      "type": "Feature",
      "properties": {
        "stato": "APERTA",
        "tipologia": "Valvola a 2 vie",
        "id": 1012,
        "comune": "Novi Ligure",
        "distretto": "DNL01"
      },
      "geometry": {
        "type": "Point",
        "coordinates": [
          8.800962420050439,
          44.77017551643447
        ]
      }
    },
    {
      "type": "Feature",
      "properties": {
        "stato": "APERTA",
        "tipologia": "Valvola a 2 vie",
        "id": 1013,
        "comune": "Novi Ligure",
        "distretto": "DNL01"
      },
      "geometry": {
        "type": "Point",
        "coordinates": [
          8.801506014231979,
          44.76960574729118
        ]
      }
    },
    {
      "type": "Feature",
      "properties": {
        "stato": "APERTA",
        "tipologia": "Valvola a 2 vie",
        "id": 1014,
        "comune": "Novi Ligure",
        "distretto": "DNL01"
      },
      "geometry": {
        "type": "Point",
        "coordinates": [
          8.801463854013488,
          44.769619961096744
        ]
      }
    },
    {
      "type": "Feature",
      "properties": {
        "stato": "CHIUSA",
        "tipologia": "Valvola a 2 vie",
        "id": 1015,
        "comune": "Novi Ligure",
        "distretto": "DNL01.2"
      },
      "geometry": {
        "type": "Point",
        "coordinates": [
          8.795860521933655,
          44.76643209564516
        ]
      }
    },
    {
      "type": "Feature",
      "properties": {
        "stato": "CHIUSA",
        "tipologia": "Valvola a 2 vie",
        "id": 1016,
        "comune": "Novi Ligure",
        "distretto": "DNL01.2"
      },
      "geometry": {
        "type": "Point",
        "coordinates": [
          8.79668748728871,
          44.770075728918044
        ]
      }
    },
    {
      "type": "Feature",
      "properties": {
        "stato": "APERTA",
        "tipologia": "Valvola a 2 vie",
        "id": 1017,
        "comune": "Novi Ligure",
        "distretto": "DNL01.2"
      },
      "geometry": {
        "type": "Point",
        "coordinates": [
          8.79674352859692,
          44.76946723778062
        ]
      }
    },
    {
      "type": "Feature",
      "properties": {
        "stato": "APERTA",
        "tipologia": "Valvola a 2 vie",
        "id": 1018,
        "comune": "Novi Ligure",
        "distretto": "DNL01.2"
      },
      "geometry": {
        "type": "Point",
        "coordinates": [
          8.793868604184262,
          44.77070764144294
        ]
      }
    },
    {
      "type": "Feature",
      "properties": {
        "stato": "CHIUSA",
        "tipologia": "Valvola a 2 vie",
        "id": 1019,
        "comune": "Novi Ligure",
        "distretto": "DNL01"
      },
      "geometry": {
        "type": "Point",
        "coordinates": [
          8.799894758962347,
          44.76506967309434
        ]
      }
    },
    {
      "type": "Feature",
      "properties": {
        "stato": "APERTA",
        "tipologia": "Valvola a 2 vie",
        "id": 1020,
        "comune": "Novi Ligure",
        "distretto": "DNL01"
      },
      "geometry": {
        "type": "Point",
        "coordinates": [
          8.799786518464792,
          44.76502413245281
        ]
      }
    },
    {
      "type": "Feature",
      "properties": {
        "stato": "APERTA",
        "tipologia": "Valvola a 2 vie",
        "id": 1021,
        "comune": "Novi Ligure",
        "distretto": "DNL01"
      },
      "geometry": {
        "type": "Point",
        "coordinates": [
          8.799829236752169,
          44.76511298787775
        ]
      }
    },
    {
      "type": "Feature",
      "properties": {
        "stato": "CHIUSA",
        "tipologia": "Valvola a 2 vie",
        "id": 1022,
        "comune": "Novi Ligure",
        "distretto": "DNL01"
      },
      "geometry": {
        "type": "Point",
        "coordinates": [
          8.799803165228372,
          44.76509465779554
        ]
      }
    },
    {
      "type": "Feature",
      "properties": {
        "stato": "APERTA",
        "tipologia": "Valvola a 2 vie",
        "id": 1023,
        "comune": "Novi Ligure",
        "distretto": "DNL01"
      },
      "geometry": {
        "type": "Point",
        "coordinates": [
          8.800575171070285,
          44.76546357381443
        ]
      }
    },
    {
      "type": "Feature",
      "properties": {
        "stato": "APERTA",
        "tipologia": "Valvola a 2 vie",
        "id": 1026,
        "comune": "Novi Ligure",
        "distretto": "DNL01.2"
      },
      "geometry": {
        "type": "Point",
        "coordinates": [
          8.800008267364582,
          44.76824013316361
        ]
      }
    },
    {
      "type": "Feature",
      "properties": {
        "stato": "APERTA",
        "tipologia": "Valvola a 2 vie",
        "id": 1028,
        "comune": "Novi Ligure",
        "distretto": "DNL01"
      },
      "geometry": {
        "type": "Point",
        "coordinates": [
          8.800952962279563,
          44.76867291102818
        ]
      }
    },
    {
      "type": "Feature",
      "properties": {
        "stato": "APERTA",
        "tipologia": "Valvola a 2 vie",
        "id": 1029,
        "comune": "Novi Ligure",
        "distretto": "DNL01"
      },
      "geometry": {
        "type": "Point",
        "coordinates": [
          8.801994000942049,
          44.767694882763365
        ]
      }
    },
    {
      "type": "Feature",
      "properties": {
        "stato": "APERTA",
        "tipologia": "Valvola a 2 vie",
        "id": 1030,
        "comune": "Novi Ligure",
        "distretto": "DNL01"
      },
      "geometry": {
        "type": "Point",
        "coordinates": [
          8.80212120233477,
          44.76692363573938
        ]
      }
    },
    {
      "type": "Feature",
      "properties": {
        "stato": "APERTA",
        "tipologia": "Valvola a 2 vie",
        "id": 1031,
        "comune": "Novi Ligure",
        "distretto": "DNL01"
      },
      "geometry": {
        "type": "Point",
        "coordinates": [
          8.802437678661816,
          44.766029825408424
        ]
      }
    },
    {
      "type": "Feature",
      "properties": {
        "stato": "APERTA",
        "tipologia": "Valvola a 2 vie",
        "id": 1032,
        "comune": "Novi Ligure",
        "distretto": "DNL01"
      },
      "geometry": {
        "type": "Point",
        "coordinates": [
          8.802286979235168,
          44.76667079402389
        ]
      }
    },
    {
      "type": "Feature",
      "properties": {
        "stato": "APERTA",
        "tipologia": "Valvola a 2 vie",
        "id": 1033,
        "comune": "Novi Ligure",
        "distretto": "DNL01"
      },
      "geometry": {
        "type": "Point",
        "coordinates": [
          8.802712681662213,
          44.767743816295116
        ]
      }
    },
    {
      "type": "Feature",
      "properties": {
        "stato": "APERTA",
        "tipologia": "Valvola a 2 vie",
        "id": 1034,
        "comune": "Novi Ligure",
        "distretto": "DNL01"
      },
      "geometry": {
        "type": "Point",
        "coordinates": [
          8.803545967786903,
          44.76738574559354
        ]
      }
    },
    {
      "type": "Feature",
      "properties": {
        "stato": "APERTA",
        "tipologia": "Valvola a 2 vie",
        "id": 1036,
        "comune": "Novi Ligure",
        "distretto": "DNL01"
      },
      "geometry": {
        "type": "Point",
        "coordinates": [
          8.803783775658193,
          44.76621024527684
        ]
      }
    },
    {
      "type": "Feature",
      "properties": {
        "stato": "APERTA",
        "tipologia": "Valvola a 2 vie",
        "id": 1037,
        "comune": "Novi Ligure",
        "distretto": "DNL01"
      },
      "geometry": {
        "type": "Point",
        "coordinates": [
          8.804874675131655,
          44.76631724434199
        ]
      }
    },
    {
      "type": "Feature",
      "properties": {
        "stato": "APERTA",
        "tipologia": "Valvola a 2 vie",
        "id": 1038,
        "comune": "Novi Ligure",
        "distretto": "DNL01"
      },
      "geometry": {
        "type": "Point",
        "coordinates": [
          8.804299786711244,
          44.76811432339437
        ]
      }
    },
    {
      "type": "Feature",
      "properties": {
        "stato": "APERTA",
        "tipologia": "Valvola a 2 vie",
        "id": 1039,
        "comune": "Novi Ligure",
        "distretto": "DNL01"
      },
      "geometry": {
        "type": "Point",
        "coordinates": [
          8.80381655690528,
          44.76864635705501
        ]
      }
    },
    {
      "type": "Feature",
      "properties": {
        "stato": "APERTA",
        "tipologia": "Valvola a 2 vie",
        "id": 1040,
        "comune": "Novi Ligure",
        "distretto": "DNL02"
      },
      "geometry": {
        "type": "Point",
        "coordinates": [
          8.79252545313856,
          44.75915537887501
        ]
      }
    },
    {
      "type": "Feature",
      "properties": {
        "stato": "APERTA",
        "tipologia": "Valvola a 2 vie",
        "id": 1041,
        "comune": "Novi Ligure",
        "distretto": "DNL02"
      },
      "geometry": {
        "type": "Point",
        "coordinates": [
          8.792257121819011,
          44.75880826426065
        ]
      }
    },
    {
      "type": "Feature",
      "properties": {
        "stato": "APERTA",
        "tipologia": "Valvola unidirezionale",
        "id": 1042,
        "comune": "Novi Ligure",
        "distretto": "DNL02"
      },
      "geometry": {
        "type": "Point",
        "coordinates": [
          8.791866413922413,
          44.75809418784761
        ]
      }
    },
    {
      "type": "Feature",
      "properties": {
        "stato": "APERTA",
        "tipologia": "Valvola a 2 vie",
        "id": 1043,
        "comune": "Novi Ligure",
        "distretto": "DNL02"
      },
      "geometry": {
        "type": "Point",
        "coordinates": [
          8.753295166335658,
          44.76963453190999
        ]
      }
    },
    {
      "type": "Feature",
      "properties": {
        "stato": "CHIUSA",
        "tipologia": "Valvola a 2 vie",
        "id": 1044,
        "comune": "Novi Ligure",
        "distretto": "DNL02"
      },
      "geometry": {
        "type": "Point",
        "coordinates": [
          8.753534620954577,
          44.76919122962788
        ]
      }
    },
    {
      "type": "Feature",
      "properties": {
        "stato": "APERTA",
        "tipologia": "Valvola a 2 vie",
        "id": 1045,
        "comune": "Novi Ligure",
        "distretto": "DNL01.1"
      },
      "geometry": {
        "type": "Point",
        "coordinates": [
          8.78154210385202,
          44.76607366448993
        ]
      }
    },
    {
      "type": "Feature",
      "properties": {
        "stato": "APERTA",
        "tipologia": "Valvola a 2 vie",
        "id": 1046,
        "comune": "Novi Ligure",
        "distretto": null
      },
      "geometry": {
        "type": "Point",
        "coordinates": [
          8.781551205640014,
          44.76607810831345
        ]
      }
    },
    {
      "type": "Feature",
      "properties": {
        "stato": "APERTA",
        "tipologia": "Valvola a 2 vie",
        "id": 1047,
        "comune": "Novi Ligure",
        "distretto": null
      },
      "geometry": {
        "type": "Point",
        "coordinates": [
          8.781560689818592,
          44.76608309139546
        ]
      }
    },
    {
      "type": "Feature",
      "properties": {
        "stato": "APERTA",
        "tipologia": "Valvola a 2 vie",
        "id": 1048,
        "comune": "Novi Ligure",
        "distretto": "DNL02"
      },
      "geometry": {
        "type": "Point",
        "coordinates": [
          8.780507450831662,
          44.76705324401187
        ]
      }
    },
    {
      "type": "Feature",
      "properties": {
        "stato": "APERTA",
        "tipologia": "Valvola a 2 vie",
        "id": 1049,
        "comune": "Novi Ligure",
        "distretto": "DNL01.1"
      },
      "geometry": {
        "type": "Point",
        "coordinates": [
          8.773987597588151,
          44.770355764121014
        ]
      }
    },
    {
      "type": "Feature",
      "properties": {
        "stato": "APERTA",
        "tipologia": "Valvola a 2 vie",
        "id": 1051,
        "comune": "Novi Ligure",
        "distretto": "DNL01.1"
      },
      "geometry": {
        "type": "Point",
        "coordinates": [
          8.769356974236196,
          44.774239101793796
        ]
      }
    },
    {
      "type": "Feature",
      "properties": {
        "stato": "APERTA",
        "tipologia": "Valvola a 2 vie",
        "id": 1052,
        "comune": "Novi Ligure",
        "distretto": "DNL01.1"
      },
      "geometry": {
        "type": "Point",
        "coordinates": [
          8.769406431080956,
          44.77423123845807
        ]
      }
    },
    {
      "type": "Feature",
      "properties": {
        "stato": "APERTA",
        "tipologia": "Valvola a 2 vie",
        "id": 1053,
        "comune": "Novi Ligure",
        "distretto": "DNL01.1"
      },
      "geometry": {
        "type": "Point",
        "coordinates": [
          8.76895974082123,
          44.776284159049986
        ]
      }
    },
    {
      "type": "Feature",
      "properties": {
        "stato": "APERTA",
        "tipologia": "Valvola a 2 vie",
        "id": 1054,
        "comune": "Novi Ligure",
        "distretto": "DNL02"
      },
      "geometry": {
        "type": "Point",
        "coordinates": [
          8.772753278145444,
          44.77128807674024
        ]
      }
    },
    {
      "type": "Feature",
      "properties": {
        "stato": "APERTA",
        "tipologia": "Valvola a 2 vie",
        "id": 1055,
        "comune": "Novi Ligure",
        "distretto": "DNL09"
      },
      "geometry": {
        "type": "Point",
        "coordinates": [
          8.756201401308982,
          44.772960592401375
        ]
      }
    },
    {
      "type": "Feature",
      "properties": {
        "stato": "CHIUSA",
        "tipologia": "Valvola a 2 vie",
        "id": 1056,
        "comune": "Novi Ligure",
        "distretto": "DNL09"
      },
      "geometry": {
        "type": "Point",
        "coordinates": [
          8.766867268097883,
          44.772823427244276
        ]
      }
    },
    {
      "type": "Feature",
      "properties": {
        "stato": "APERTA",
        "tipologia": "Valvola a 2 vie",
        "id": 1057,
        "comune": "Novi Ligure",
        "distretto": "DNL09"
      },
      "geometry": {
        "type": "Point",
        "coordinates": [
          8.766869776436383,
          44.772791407193395
        ]
      }
    },
    {
      "type": "Feature",
      "properties": {
        "stato": "APERTA",
        "tipologia": "Valvola a 2 vie",
        "id": 1058,
        "comune": "Novi Ligure",
        "distretto": "DNL09"
      },
      "geometry": {
        "type": "Point",
        "coordinates": [
          8.768729239044434,
          44.772084217886565
        ]
      }
    },
    {
      "type": "Feature",
      "properties": {
        "stato": "CHIUSA",
        "tipologia": "Valvola a 2 vie",
        "id": 1059,
        "comune": "Novi Ligure",
        "distretto": "DNL09"
      },
      "geometry": {
        "type": "Point",
        "coordinates": [
          8.772732994265574,
          44.77131466972633
        ]
      }
    },
    {
      "type": "Feature",
      "properties": {
        "stato": "APERTA",
        "tipologia": "Valvola a 2 vie",
        "id": 1061,
        "comune": "Novi Ligure",
        "distretto": "DNL02"
      },
      "geometry": {
        "type": "Point",
        "coordinates": [
          8.767157573517068,
          44.76683493124818
        ]
      }
    },
    {
      "type": "Feature",
      "properties": {
        "stato": "APERTA",
        "tipologia": "Valvola a 2 vie",
        "id": 1062,
        "comune": "Novi Ligure",
        "distretto": "DNL02"
      },
      "geometry": {
        "type": "Point",
        "coordinates": [
          8.767239925963485,
          44.76757064863286
        ]
      }
    },
    {
      "type": "Feature",
      "properties": {
        "stato": "APERTA",
        "tipologia": "Valvola a 2 vie",
        "id": 1063,
        "comune": "Novi Ligure",
        "distretto": "DNL02"
      },
      "geometry": {
        "type": "Point",
        "coordinates": [
          8.763387956605962,
          44.76777886945578
        ]
      }
    },
    {
      "type": "Feature",
      "properties": {
        "stato": "APERTA",
        "tipologia": "Valvola a 2 vie",
        "id": 1064,
        "comune": "Novi Ligure",
        "distretto": "DNL02"
      },
      "geometry": {
        "type": "Point",
        "coordinates": [
          8.760900041534052,
          44.76842080645717
        ]
      }
    },
    {
      "type": "Feature",
      "properties": {
        "stato": "APERTA",
        "tipologia": "Valvola a 2 vie",
        "id": 1066,
        "comune": "Novi Ligure",
        "distretto": "DNL02"
      },
      "geometry": {
        "type": "Point",
        "coordinates": [
          8.77066632308606,
          44.76611257824934
        ]
      }
    },
    {
      "type": "Feature",
      "properties": {
        "stato": "APERTA",
        "tipologia": "Valvola a 2 vie",
        "id": 1067,
        "comune": "Novi Ligure",
        "distretto": "DNL02"
      },
      "geometry": {
        "type": "Point",
        "coordinates": [
          8.771615020719775,
          44.76810375662994
        ]
      }
    },
    {
      "type": "Feature",
      "properties": {
        "stato": "APERTA",
        "tipologia": "Valvola a 2 vie",
        "id": 1068,
        "comune": "Novi Ligure",
        "distretto": "DNL02"
      },
      "geometry": {
        "type": "Point",
        "coordinates": [
          8.772171186065643,
          44.76967518150606
        ]
      }
    },
    {
      "type": "Feature",
      "properties": {
        "stato": "APERTA",
        "tipologia": "Valvola a 2 vie",
        "id": 1069,
        "comune": "Novi Ligure",
        "distretto": "DNL02"
      },
      "geometry": {
        "type": "Point",
        "coordinates": [
          8.772396041762143,
          44.770331647848025
        ]
      }
    },
    {
      "type": "Feature",
      "properties": {
        "stato": "APERTA",
        "tipologia": "Valvola a 2 vie",
        "id": 1070,
        "comune": "Novi Ligure",
        "distretto": "DNL02"
      },
      "geometry": {
        "type": "Point",
        "coordinates": [
          8.746439737067977,
          44.78540420077234
        ]
      }
    },
    {
      "type": "Feature",
      "properties": {
        "stato": "APERTA",
        "tipologia": "Valvola a 2 vie",
        "id": 1071,
        "comune": "Novi Ligure",
        "distretto": "DNL02"
      },
      "geometry": {
        "type": "Point",
        "coordinates": [
          8.746424662007744,
          44.78539084988507
        ]
      }
    },
    {
      "type": "Feature",
      "properties": {
        "stato": "APERTA",
        "tipologia": "Valvola a 2 vie",
        "id": 1072,
        "comune": "Novi Ligure",
        "distretto": "DNL01"
      },
      "geometry": {
        "type": "Point",
        "coordinates": [
          8.788515062551008,
          44.76347739495131
        ]
      }
    },
    {
      "type": "Feature",
      "properties": {
        "stato": "APERTA",
        "tipologia": "Valvola a 2 vie",
        "id": 1076,
        "comune": "Novi Ligure",
        "distretto": "DNL04"
      },
      "geometry": {
        "type": "Point",
        "coordinates": [
          8.815116787992004,
          44.74571226743416
        ]
      }
    },
    {
      "type": "Feature",
      "properties": {
        "stato": "APERTA",
        "tipologia": "Valvola a 2 vie",
        "id": 1077,
        "comune": "Novi Ligure",
        "distretto": "DNL01.3"
      },
      "geometry": {
        "type": "Point",
        "coordinates": [
          8.803880162746093,
          44.76130664795766
        ]
      }
    },
    {
      "type": "Feature",
      "properties": {
        "stato": "APERTA",
        "tipologia": "Valvola a 2 vie",
        "id": 1392,
        "comune": "Novi Ligure",
        "distretto": "DNL08.2"
      },
      "geometry": {
        "type": "Point",
        "coordinates": [
          8.846270731036894,
          44.74786753820655
        ]
      }
    },
    {
      "type": "Feature",
      "properties": {
        "stato": "APERTA",
        "tipologia": "Valvola a 2 vie",
        "id": 1393,
        "comune": "Novi Ligure",
        "distretto": "DNL08.2"
      },
      "geometry": {
        "type": "Point",
        "coordinates": [
          8.846311788810727,
          44.747852518391326
        ]
      }
    },
    {
      "type": "Feature",
      "properties": {
        "stato": "APERTA",
        "tipologia": "Valvola a 2 vie",
        "id": 1394,
        "comune": "Novi Ligure",
        "distretto": "DNL08.2"
      },
      "geometry": {
        "type": "Point",
        "coordinates": [
          8.846232574704333,
          44.74784938094536
        ]
      }
    },
    {
      "type": "Feature",
      "properties": {
        "stato": "APERTA",
        "tipologia": "Valvola a 2 vie",
        "id": 1395,
        "comune": "Novi Ligure",
        "distretto": "DNL08.2"
      },
      "geometry": {
        "type": "Point",
        "coordinates": [
          8.846170348890958,
          44.7483100922093
        ]
      }
    },
    {
      "type": "Feature",
      "properties": {
        "stato": "APERTA",
        "tipologia": "Valvola a 2 vie",
        "id": 1396,
        "comune": "Novi Ligure",
        "distretto": "DNL08.2"
      },
      "geometry": {
        "type": "Point",
        "coordinates": [
          8.8478039720432,
          44.748688889482125
        ]
      }
    },
    {
      "type": "Feature",
      "properties": {
        "stato": "APERTA",
        "tipologia": "Valvola a 2 vie",
        "id": 1397,
        "comune": "Novi Ligure",
        "distretto": "DNL08.2"
      },
      "geometry": {
        "type": "Point",
        "coordinates": [
          8.847990016530693,
          44.74994821028351
        ]
      }
    },
    {
      "type": "Feature",
      "properties": {
        "stato": "APERTA",
        "tipologia": "Valvola a 2 vie",
        "id": 1398,
        "comune": "Novi Ligure",
        "distretto": "DNL08.2"
      },
      "geometry": {
        "type": "Point",
        "coordinates": [
          8.846124826493334,
          44.74832357224755
        ]
      }
    },
    {
      "type": "Feature",
      "properties": {
        "stato": "APERTA",
        "tipologia": "Valvola a 2 vie",
        "id": 1399,
        "comune": "Novi Ligure",
        "distretto": "DNL08.2"
      },
      "geometry": {
        "type": "Point",
        "coordinates": [
          8.843450071604256,
          44.747699384472384
        ]
      }
    },
    {
      "type": "Feature",
      "properties": {
        "stato": "CHIUSA",
        "tipologia": "Valvola a 2 vie",
        "id": 1400,
        "comune": "Novi Ligure",
        "distretto": "DNL08.2"
      },
      "geometry": {
        "type": "Point",
        "coordinates": [
          8.84370068508826,
          44.74686382827563
        ]
      }
    },
    {
      "type": "Feature",
      "properties": {
        "stato": "APERTA",
        "tipologia": "Valvola a 2 vie",
        "id": 1401,
        "comune": "Novi Ligure",
        "distretto": "DNL08.2"
      },
      "geometry": {
        "type": "Point",
        "coordinates": [
          8.843670573958772,
          44.7468945094487
        ]
      }
    },
    {
      "type": "Feature",
      "properties": {
        "stato": "APERTA",
        "tipologia": "Valvola a 2 vie",
        "id": 1402,
        "comune": "Novi Ligure",
        "distretto": "DNL08.2"
      },
      "geometry": {
        "type": "Point",
        "coordinates": [
          8.845864619863951,
          44.747803873351934
        ]
      }
    },
    {
      "type": "Feature",
      "properties": {
        "stato": "APERTA",
        "tipologia": "Valvola a 2 vie",
        "id": 1403,
        "comune": "Novi Ligure",
        "distretto": "DNL08.2"
      },
      "geometry": {
        "type": "Point",
        "coordinates": [
          8.844599321302049,
          44.7477363092656
        ]
      }
    },
    {
      "type": "Feature",
      "properties": {
        "stato": "APERTA",
        "tipologia": "Valvola a 2 vie",
        "id": 1404,
        "comune": "Novi Ligure",
        "distretto": "DNL08.2"
      },
      "geometry": {
        "type": "Point",
        "coordinates": [
          8.846004652939191,
          44.747350664159605
        ]
      }
    },
    {
      "type": "Feature",
      "properties": {
        "stato": "APERTA",
        "tipologia": "Valvola a 2 vie",
        "id": 1405,
        "comune": "Novi Ligure",
        "distretto": "DNL08.2"
      },
      "geometry": {
        "type": "Point",
        "coordinates": [
          8.843643209160183,
          44.74769085839699
        ]
      }
    },
    {
      "type": "Feature",
      "properties": {
        "stato": "APERTA",
        "tipologia": "Valvola a 2 vie",
        "id": 1406,
        "comune": "Novi Ligure",
        "distretto": "DNL08.2"
      },
      "geometry": {
        "type": "Point",
        "coordinates": [
          8.846708103896862,
          44.747890439679665
        ]
      }
    },
    {
      "type": "Feature",
      "properties": {
        "stato": "APERTA",
        "tipologia": "Valvola a 2 vie",
        "id": 1409,
        "comune": "Novi Ligure",
        "distretto": "DNL01"
      },
      "geometry": {
        "type": "Point",
        "coordinates": [
          8.801008246458421,
          44.772460067060436
        ]
      }
    },
    {
      "type": "Feature",
      "properties": {
        "stato": "APERTA",
        "tipologia": "Valvola a 2 vie",
        "id": 1410,
        "comune": "Novi Ligure",
        "distretto": "DNL01"
      },
      "geometry": {
        "type": "Point",
        "coordinates": [
          8.800990878357112,
          44.768630083216145
        ]
      }
    },
    {
      "type": "Feature",
      "properties": {
        "stato": "APERTA",
        "tipologia": "Valvola a 2 vie",
        "id": 1418,
        "comune": "Novi Ligure",
        "distretto": "DNL01.3"
      },
      "geometry": {
        "type": "Point",
        "coordinates": [
          8.795746763869246,
          44.762073476967046
        ]
      }
    },
    {
      "type": "Feature",
      "properties": {
        "stato": "APERTA",
        "tipologia": "Valvola a 2 vie",
        "id": 1420,
        "comune": "Novi Ligure",
        "distretto": "DNL01.3"
      },
      "geometry": {
        "type": "Point",
        "coordinates": [
          8.796391455522462,
          44.76166782057553
        ]
      }
    },
    {
      "type": "Feature",
      "properties": {
        "stato": "CHIUSA",
        "tipologia": "Valvola a 2 vie",
        "id": 1442,
        "comune": "Novi Ligure",
        "distretto": "DNL06"
      },
      "geometry": {
        "type": "Point",
        "coordinates": [
          8.792206421816784,
          44.74865927606297
        ]
      }
    },
    {
      "type": "Feature",
      "properties": {
        "stato": "APERTA",
        "tipologia": "Valvola a 2 vie",
        "id": 1443,
        "comune": "Novi Ligure",
        "distretto": "DNL06"
      },
      "geometry": {
        "type": "Point",
        "coordinates": [
          8.792876678263195,
          44.749575427468606
        ]
      }
    },
    {
      "type": "Feature",
      "properties": {
        "stato": "APERTA",
        "tipologia": "Valvola a 2 vie",
        "id": 1449,
        "comune": "Novi Ligure",
        "distretto": "DNL01.3"
      },
      "geometry": {
        "type": "Point",
        "coordinates": [
          8.804817911309915,
          44.7629642076459
        ]
      }
    },
    {
      "type": "Feature",
      "properties": {
        "stato": "APERTA",
        "tipologia": "Valvola a 2 vie",
        "id": 1457,
        "comune": "Novi Ligure",
        "distretto": "DNL02"
      },
      "geometry": {
        "type": "Point",
        "coordinates": [
          8.784491829323008,
          44.76087014311884
        ]
      }
    },
    {
      "type": "Feature",
      "properties": {
        "stato": "APERTA",
        "tipologia": "Valvola a 2 vie",
        "id": 1458,
        "comune": "Novi Ligure",
        "distretto": "DNL02"
      },
      "geometry": {
        "type": "Point",
        "coordinates": [
          8.779430325514856,
          44.76555871428312
        ]
      }
    },
    {
      "type": "Feature",
      "properties": {
        "stato": "APERTA",
        "tipologia": "Valvola a 2 vie",
        "id": 1459,
        "comune": "Novi Ligure",
        "distretto": "DNL02"
      },
      "geometry": {
        "type": "Point",
        "coordinates": [
          8.780228464794234,
          44.76501975851076
        ]
      }
    },
    {
      "type": "Feature",
      "properties": {
        "stato": "APERTA",
        "tipologia": "Valvola a 2 vie",
        "id": 1460,
        "comune": "Novi Ligure",
        "distretto": "DNL02"
      },
      "geometry": {
        "type": "Point",
        "coordinates": [
          8.780270103840714,
          44.76499366700542
        ]
      }
    },
    {
      "type": "Feature",
      "properties": {
        "stato": "APERTA",
        "tipologia": "Valvola a 2 vie",
        "id": 1461,
        "comune": "Novi Ligure",
        "distretto": "DNL02"
      },
      "geometry": {
        "type": "Point",
        "coordinates": [
          8.781980060762136,
          44.763900005383526
        ]
      }
    },
    {
      "type": "Feature",
      "properties": {
        "stato": "APERTA",
        "tipologia": "Valvola a 2 vie",
        "id": 1462,
        "comune": "Novi Ligure",
        "distretto": "DNL02"
      },
      "geometry": {
        "type": "Point",
        "coordinates": [
          8.781943033148291,
          44.76375936353224
        ]
      }
    },
    {
      "type": "Feature",
      "properties": {
        "stato": "CHIUSA",
        "tipologia": "Valvola a 2 vie",
        "id": 1680,
        "comune": "Novi Ligure",
        "distretto": "DNL01"
      },
      "geometry": {
        "type": "Point",
        "coordinates": [
          8.783957621538523,
          44.76818395456714
        ]
      }
    },
    {
      "type": "Feature",
      "properties": {
        "stato": "CHIUSA",
        "tipologia": "Valvola a 2 vie",
        "id": 1681,
        "comune": "Novi Ligure",
        "distretto": "DNL01.4"
      },
      "geometry": {
        "type": "Point",
        "coordinates": [
          8.784147127355832,
          44.7685265004854
        ]
      }
    },
    {
      "type": "Feature",
      "properties": {
        "stato": "APERTA",
        "tipologia": "Valvola a 2 vie",
        "id": 1682,
        "comune": "Novi Ligure",
        "distretto": "DNL01.4"
      },
      "geometry": {
        "type": "Point",
        "coordinates": [
          8.784043321471968,
          44.76860411654319
        ]
      }
    },
    {
      "type": "Feature",
      "properties": {
        "stato": "APERTA",
        "tipologia": "Valvola a 2 vie",
        "id": 1683,
        "comune": "Novi Ligure",
        "distretto": "DNL01.4"
      },
      "geometry": {
        "type": "Point",
        "coordinates": [
          8.784029219613037,
          44.76861562702328
        ]
      }
    },
    {
      "type": "Feature",
      "properties": {
        "stato": "APERTA",
        "tipologia": "Valvola a 2 vie",
        "id": 1684,
        "comune": "Novi Ligure",
        "distretto": "DNL01.4"
      },
      "geometry": {
        "type": "Point",
        "coordinates": [
          8.78402186322645,
          44.76860098246427
        ]
      }
    },
    {
      "type": "Feature",
      "properties": {
        "stato": "APERTA",
        "tipologia": "Valvola a 2 vie",
        "id": 1960,
        "comune": "Novi Ligure",
        "distretto": "DNL06"
      },
      "geometry": {
        "type": "Point",
        "coordinates": [
          8.7805829734439,
          44.73971194518802
        ]
      }
    },
    {
      "type": "Feature",
      "properties": {
        "stato": "APERTA",
        "tipologia": "Valvola a 2 vie",
        "id": 1961,
        "comune": "Novi Ligure",
        "distretto": "DNL01.2"
      },
      "geometry": {
        "type": "Point",
        "coordinates": [
          8.79052243223865,
          44.76804585424829
        ]
      }
    },
    {
      "type": "Feature",
      "properties": {
        "stato": "APERTA",
        "tipologia": "Valvola a 2 vie",
        "id": 1962,
        "comune": "Novi Ligure",
        "distretto": "DNL01.2"
      },
      "geometry": {
        "type": "Point",
        "coordinates": [
          8.790545109949273,
          44.76806065415038
        ]
      }
    },
    {
      "type": "Feature",
      "properties": {
        "stato": "APERTA",
        "tipologia": "Valvola a 2 vie",
        "id": 1963,
        "comune": "Novi Ligure",
        "distretto": "DNL01.2"
      },
      "geometry": {
        "type": "Point",
        "coordinates": [
          8.790530948713828,
          44.76807784620499
        ]
      }
    },
    {
      "type": "Feature",
      "properties": {
        "stato": "APERTA",
        "tipologia": "Valvola a 2 vie",
        "id": 1964,
        "comune": "Novi Ligure",
        "distretto": "DNL01.2"
      },
      "geometry": {
        "type": "Point",
        "coordinates": [
          8.793983922880951,
          44.768766567120366
        ]
      }
    },
    {
      "type": "Feature",
      "properties": {
        "stato": "APERTA",
        "tipologia": "Valvola a 2 vie",
        "id": 1965,
        "comune": "Novi Ligure",
        "distretto": "DNL01.2"
      },
      "geometry": {
        "type": "Point",
        "coordinates": [
          8.794119966780656,
          44.768141057295885
        ]
      }
    },
    {
      "type": "Feature",
      "properties": {
        "stato": "APERTA",
        "tipologia": "Valvola a 2 vie",
        "id": 1966,
        "comune": "Novi Ligure",
        "distretto": "DNL02"
      },
      "geometry": {
        "type": "Point",
        "coordinates": [
          8.783289680293498,
          44.76234634279372
        ]
      }
    },
    {
      "type": "Feature",
      "properties": {
        "stato": "APERTA",
        "tipologia": "Valvola a 2 vie",
        "id": 1967,
        "comune": "Novi Ligure",
        "distretto": "DNL02"
      },
      "geometry": {
        "type": "Point",
        "coordinates": [
          8.783331782340255,
          44.762346283483694
        ]
      }
    },
    {
      "type": "Feature",
      "properties": {
        "stato": "CHIUSA",
        "tipologia": "Valvola a 2 vie",
        "id": 1978,
        "comune": "Novi Ligure",
        "distretto": "DNL09"
      },
      "geometry": {
        "type": "Point",
        "coordinates": [
          8.755585416033924,
          44.77966067238603
        ]
      }
    },
    {
      "type": "Feature",
      "properties": {
        "stato": "APERTA",
        "tipologia": "Valvola a 2 vie",
        "id": 1979,
        "comune": "Novi Ligure",
        "distretto": "DNL02"
      },
      "geometry": {
        "type": "Point",
        "coordinates": [
          8.754848982709893,
          44.780052230138814
        ]
      }
    },
    {
      "type": "Feature",
      "properties": {
        "stato": "APERTA",
        "tipologia": "Valvola a 2 vie",
        "id": 1980,
        "comune": "Novi Ligure",
        "distretto": "DNL02"
      },
      "geometry": {
        "type": "Point",
        "coordinates": [
          8.754874955996883,
          44.780023268026326
        ]
      }
    },
    {
      "type": "Feature",
      "properties": {
        "stato": "APERTA",
        "tipologia": "Valvola a 2 vie",
        "id": 1981,
        "comune": "Novi Ligure",
        "distretto": "DNL02"
      },
      "geometry": {
        "type": "Point",
        "coordinates": [
          8.754257615513444,
          44.775792249225816
        ]
      }
    },
    {
      "type": "Feature",
      "properties": {
        "stato": "APERTA",
        "tipologia": "Valvola a 2 vie",
        "id": 1988,
        "comune": "Novi Ligure",
        "distretto": "DNL01.3"
      },
      "geometry": {
        "type": "Point",
        "coordinates": [
          8.805479280206685,
          44.755409867071705
        ]
      }
    },
    {
      "type": "Feature",
      "properties": {
        "stato": "APERTA",
        "tipologia": "Valvola a 2 vie",
        "id": 1989,
        "comune": "Novi Ligure",
        "distretto": "DNL01.3"
      },
      "geometry": {
        "type": "Point",
        "coordinates": [
          8.804361457303786,
          44.75582360736349
        ]
      }
    },
    {
      "type": "Feature",
      "properties": {
        "stato": "APERTA",
        "tipologia": "Valvola a 2 vie",
        "id": 1990,
        "comune": "Novi Ligure",
        "distretto": "DNL01.3"
      },
      "geometry": {
        "type": "Point",
        "coordinates": [
          8.805167907822868,
          44.75488528282096
        ]
      }
    },
    {
      "type": "Feature",
      "properties": {
        "stato": "CHIUSA",
        "tipologia": "Valvola a 2 vie",
        "id": 2000,
        "comune": "Novi Ligure",
        "distretto": "DNL08.2"
      },
      "geometry": {
        "type": "Point",
        "coordinates": [
          8.843156832858888,
          44.748268025816905
        ]
      }
    },
    {
      "type": "Feature",
      "properties": {
        "stato": "APERTA",
        "tipologia": "Valvola a 2 vie",
        "id": 2001,
        "comune": "Novi Ligure",
        "distretto": "DNL02"
      },
      "geometry": {
        "type": "Point",
        "coordinates": [
          8.778184576731979,
          44.76395556869649
        ]
      }
    },
    {
      "type": "Feature",
      "properties": {
        "stato": "APERTA",
        "tipologia": "Valvola a 2 vie",
        "id": 2006,
        "comune": "Novi Ligure",
        "distretto": "DNL01.1"
      },
      "geometry": {
        "type": "Point",
        "coordinates": [
          8.76767092452525,
          44.7783457964467
        ]
      }
    },
    {
      "type": "Feature",
      "properties": {
        "stato": "APERTA",
        "tipologia": "Valvola a 2 vie",
        "id": 2007,
        "comune": "Novi Ligure",
        "distretto": "DNL02"
      },
      "geometry": {
        "type": "Point",
        "coordinates": [
          8.777776357932387,
          44.76450484688054
        ]
      }
    },
    {
      "type": "Feature",
      "properties": {
        "stato": "APERTA",
        "tipologia": "Valvola a 2 vie",
        "id": 2008,
        "comune": "Novi Ligure",
        "distretto": "DNL02"
      },
      "geometry": {
        "type": "Point",
        "coordinates": [
          8.77740227555045,
          44.764785637673995
        ]
      }
    },
    {
      "type": "Feature",
      "properties": {
        "stato": "APERTA",
        "tipologia": "Valvola a 2 vie",
        "id": 2009,
        "comune": "Novi Ligure",
        "distretto": "DNL02"
      },
      "geometry": {
        "type": "Point",
        "coordinates": [
          8.777327189726767,
          44.76477610260222
        ]
      }
    },
    {
      "type": "Feature",
      "properties": {
        "stato": "APERTA",
        "tipologia": "Valvola a 2 vie",
        "id": 2010,
        "comune": "Novi Ligure",
        "distretto": "DNL02"
      },
      "geometry": {
        "type": "Point",
        "coordinates": [
          8.776929967344548,
          44.76491478427392
        ]
      }
    },
    {
      "type": "Feature",
      "properties": {
        "stato": "APERTA",
        "tipologia": "Valvola a 2 vie",
        "id": 2011,
        "comune": "Novi Ligure",
        "distretto": "DNL02"
      },
      "geometry": {
        "type": "Point",
        "coordinates": [
          8.77685975357612,
          44.76489960366704
        ]
      }
    },
    {
      "type": "Feature",
      "properties": {
        "stato": "APERTA",
        "tipologia": "Valvola a 2 vie",
        "id": 2012,
        "comune": "Novi Ligure",
        "distretto": "DNL02"
      },
      "geometry": {
        "type": "Point",
        "coordinates": [
          8.776571762382988,
          44.765009892095684
        ]
      }
    },
    {
      "type": "Feature",
      "properties": {
        "stato": "APERTA",
        "tipologia": "Valvola a 2 vie",
        "id": 2013,
        "comune": "Novi Ligure",
        "distretto": "DNL02"
      },
      "geometry": {
        "type": "Point",
        "coordinates": [
          8.776440149389982,
          44.76504178282223
        ]
      }
    },
    {
      "type": "Feature",
      "properties": {
        "stato": "APERTA",
        "tipologia": "Valvola a 2 vie",
        "id": 2014,
        "comune": "Novi Ligure",
        "distretto": "DNL02"
      },
      "geometry": {
        "type": "Point",
        "coordinates": [
          8.775980253981949,
          44.76515989001919
        ]
      }
    },
    {
      "type": "Feature",
      "properties": {
        "stato": "APERTA",
        "tipologia": "Valvola a 2 vie",
        "id": 2015,
        "comune": "Novi Ligure",
        "distretto": "DNL02"
      },
      "geometry": {
        "type": "Point",
        "coordinates": [
          8.775904098507613,
          44.76514370685311
        ]
      }
    },
    {
      "type": "Feature",
      "properties": {
        "stato": "APERTA",
        "tipologia": "Valvola a 2 vie",
        "id": 2016,
        "comune": "Novi Ligure",
        "distretto": "DNL02"
      },
      "geometry": {
        "type": "Point",
        "coordinates": [
          8.775497506904157,
          44.765280939384475
        ]
      }
    },
    {
      "type": "Feature",
      "properties": {
        "stato": "APERTA",
        "tipologia": "Valvola a 2 vie",
        "id": 2017,
        "comune": "Novi Ligure",
        "distretto": "DNL02"
      },
      "geometry": {
        "type": "Point",
        "coordinates": [
          8.775427978954346,
          44.765263602392636
        ]
      }
    },
    {
      "type": "Feature",
      "properties": {
        "stato": "APERTA",
        "tipologia": "Valvola a 2 vie",
        "id": 2018,
        "comune": "Novi Ligure",
        "distretto": "DNL02"
      },
      "geometry": {
        "type": "Point",
        "coordinates": [
          8.774884310224458,
          44.76538735576921
        ]
      }
    },
    {
      "type": "Feature",
      "properties": {
        "stato": "APERTA",
        "tipologia": "Valvola a 2 vie",
        "id": 2019,
        "comune": "Novi Ligure",
        "distretto": "DNL02"
      },
      "geometry": {
        "type": "Point",
        "coordinates": [
          8.774243739499235,
          44.76597402400938
        ]
      }
    },
    {
      "type": "Feature",
      "properties": {
        "stato": "APERTA",
        "tipologia": "Valvola a 2 vie",
        "id": 2020,
        "comune": "Novi Ligure",
        "distretto": "DNL02"
      },
      "geometry": {
        "type": "Point",
        "coordinates": [
          8.774333389756912,
          44.76646897640687
        ]
      }
    },
    {
      "type": "Feature",
      "properties": {
        "stato": "APERTA",
        "tipologia": "Valvola a 2 vie",
        "id": 2021,
        "comune": "Novi Ligure",
        "distretto": "DNL02"
      },
      "geometry": {
        "type": "Point",
        "coordinates": [
          8.774538842889328,
          44.76714991486956
        ]
      }
    },
    {
      "type": "Feature",
      "properties": {
        "stato": "APERTA",
        "tipologia": "Valvola a 2 vie",
        "id": 2022,
        "comune": "Novi Ligure",
        "distretto": "DNL02"
      },
      "geometry": {
        "type": "Point",
        "coordinates": [
          8.773346464650695,
          44.767742798577
        ]
      }
    },
    {
      "type": "Feature",
      "properties": {
        "stato": "APERTA",
        "tipologia": "Valvola a 2 vie",
        "id": 2023,
        "comune": "Novi Ligure",
        "distretto": "DNL02"
      },
      "geometry": {
        "type": "Point",
        "coordinates": [
          8.774573689591332,
          44.76741017958346
        ]
      }
    },
    {
      "type": "Feature",
      "properties": {
        "stato": "APERTA",
        "tipologia": "Valvola a 2 vie",
        "id": 2024,
        "comune": "Novi Ligure",
        "distretto": "DNL02"
      },
      "geometry": {
        "type": "Point",
        "coordinates": [
          8.774593081018855,
          44.76737350811936
        ]
      }
    },
    {
      "type": "Feature",
      "properties": {
        "stato": "APERTA",
        "tipologia": "Valvola a 2 vie",
        "id": 2025,
        "comune": "Novi Ligure",
        "distretto": "DNL02"
      },
      "geometry": {
        "type": "Point",
        "coordinates": [
          8.772395233166552,
          44.76791385583443
        ]
      }
    },
    {
      "type": "Feature",
      "properties": {
        "stato": "APERTA",
        "tipologia": "Valvola a 2 vie",
        "id": 2026,
        "comune": "Novi Ligure",
        "distretto": "DNL02"
      },
      "geometry": {
        "type": "Point",
        "coordinates": [
          8.772428257609217,
          44.767990533028126
        ]
      }
    },
    {
      "type": "Feature",
      "properties": {
        "stato": "APERTA",
        "tipologia": "Valvola a 2 vie",
        "id": 2027,
        "comune": "Novi Ligure",
        "distretto": "DNL02"
      },
      "geometry": {
        "type": "Point",
        "coordinates": [
          8.771977504847523,
          44.768171360195026
        ]
      }
    },
    {
      "type": "Feature",
      "properties": {
        "stato": "APERTA",
        "tipologia": "Valvola a 2 vie",
        "id": 2028,
        "comune": "Novi Ligure",
        "distretto": "DNL02"
      },
      "geometry": {
        "type": "Point",
        "coordinates": [
          8.771707312363844,
          44.768352347725504
        ]
      }
    },
    {
      "type": "Feature",
      "properties": {
        "stato": "APERTA",
        "tipologia": "Valvola a 2 vie",
        "id": 2029,
        "comune": "Novi Ligure",
        "distretto": "DNL02"
      },
      "geometry": {
        "type": "Point",
        "coordinates": [
          8.771940006859166,
          44.7686766330854
        ]
      }
    },
    {
      "type": "Feature",
      "properties": {
        "stato": "APERTA",
        "tipologia": "Valvola a 2 vie",
        "id": 2030,
        "comune": "Novi Ligure",
        "distretto": "DNL02"
      },
      "geometry": {
        "type": "Point",
        "coordinates": [
          8.772385978232204,
          44.769958846344984
        ]
      }
    },
    {
      "type": "Feature",
      "properties": {
        "stato": "APERTA",
        "tipologia": "Valvola a 2 vie",
        "id": 2031,
        "comune": "Novi Ligure",
        "distretto": "DNL02"
      },
      "geometry": {
        "type": "Point",
        "coordinates": [
          8.770682574817988,
          44.766161200606234
        ]
      }
    },
    {
      "type": "Feature",
      "properties": {
        "stato": "APERTA",
        "tipologia": "Valvola a 2 vie",
        "id": 2032,
        "comune": "Novi Ligure",
        "distretto": "DNL02"
      },
      "geometry": {
        "type": "Point",
        "coordinates": [
          8.770609880890841,
          44.76612847742179
        ]
      }
    },
    {
      "type": "Feature",
      "properties": {
        "stato": "APERTA",
        "tipologia": "Valvola a 2 vie",
        "id": 2033,
        "comune": "Novi Ligure",
        "distretto": "DNL02"
      },
      "geometry": {
        "type": "Point",
        "coordinates": [
          8.778067292181303,
          44.76634681978032
        ]
      }
    },
    {
      "type": "Feature",
      "properties": {
        "stato": "APERTA",
        "tipologia": "Valvola a 2 vie",
        "id": 2034,
        "comune": "Novi Ligure",
        "distretto": "DNL02"
      },
      "geometry": {
        "type": "Point",
        "coordinates": [
          8.777929074563703,
          44.76641910981253
        ]
      }
    },
    {
      "type": "Feature",
      "properties": {
        "stato": "APERTA",
        "tipologia": "Valvola a 2 vie",
        "id": 2035,
        "comune": "Novi Ligure",
        "distretto": "DNL02"
      },
      "geometry": {
        "type": "Point",
        "coordinates": [
          8.775780678632692,
          44.7671075684182
        ]
      }
    },
    {
      "type": "Feature",
      "properties": {
        "stato": "APERTA",
        "tipologia": "Valvola a 2 vie",
        "id": 2036,
        "comune": "Novi Ligure",
        "distretto": "DNL02"
      },
      "geometry": {
        "type": "Point",
        "coordinates": [
          8.775597815780339,
          44.767126959773
        ]
      }
    },
    {
      "type": "Feature",
      "properties": {
        "stato": "APERTA",
        "tipologia": "Valvola a 2 vie",
        "id": 2037,
        "comune": "Novi Ligure",
        "distretto": "DNL02"
      },
      "geometry": {
        "type": "Point",
        "coordinates": [
          8.775364483946902,
          44.767285244935394
        ]
      }
    },
    {
      "type": "Feature",
      "properties": {
        "stato": "APERTA",
        "tipologia": "Valvola a 2 vie",
        "id": 2038,
        "comune": "Novi Ligure",
        "distretto": "DNL02"
      },
      "geometry": {
        "type": "Point",
        "coordinates": [
          8.774634329247178,
          44.7673948102051
        ]
      }
    },
    {
      "type": "Feature",
      "properties": {
        "stato": "APERTA",
        "tipologia": "Valvola a 2 vie",
        "id": 2039,
        "comune": "Novi Ligure",
        "distretto": "DNL02"
      },
      "geometry": {
        "type": "Point",
        "coordinates": [
          8.772599291944033,
          44.770485088443216
        ]
      }
    },
    {
      "type": "Feature",
      "properties": {
        "stato": "APERTA",
        "tipologia": "Valvola a 2 vie",
        "id": 2040,
        "comune": "Novi Ligure",
        "distretto": "DNL02"
      },
      "geometry": {
        "type": "Point",
        "coordinates": [
          8.774903879360503,
          44.769691760303424
        ]
      }
    },
    {
      "type": "Feature",
      "properties": {
        "stato": "APERTA",
        "tipologia": "Valvola a 2 vie",
        "id": 2041,
        "comune": "Novi Ligure",
        "distretto": "DNL02"
      },
      "geometry": {
        "type": "Point",
        "coordinates": [
          8.779907275790956,
          44.76520059456783
        ]
      }
    },
    {
      "type": "Feature",
      "properties": {
        "stato": "APERTA",
        "tipologia": "Valvola a 2 vie",
        "id": 2042,
        "comune": "Novi Ligure",
        "distretto": "DNL02"
      },
      "geometry": {
        "type": "Point",
        "coordinates": [
          8.779204511512939,
          44.765652946077964
        ]
      }
    },
    {
      "type": "Feature",
      "properties": {
        "stato": "APERTA",
        "tipologia": "Valvola a 2 vie",
        "id": 2106,
        "comune": "Novi Ligure",
        "distretto": "DNL02"
      },
      "geometry": {
        "type": "Point",
        "coordinates": [
          8.787177065060884,
          44.761246061978504
        ]
      }
    },
    {
      "type": "Feature",
      "properties": {
        "stato": "APERTA",
        "tipologia": "Valvola a 2 vie",
        "id": 2107,
        "comune": "Novi Ligure",
        "distretto": "DNL02"
      },
      "geometry": {
        "type": "Point",
        "coordinates": [
          8.787219020739773,
          44.761271013981116
        ]
      }
    },
    {
      "type": "Feature",
      "properties": {
        "stato": "APERTA",
        "tipologia": "Valvola a 2 vie",
        "id": 2108,
        "comune": "Novi Ligure",
        "distretto": "DNL02"
      },
      "geometry": {
        "type": "Point",
        "coordinates": [
          8.787204477849587,
          44.76121647694233
        ]
      }
    },
    {
      "type": "Feature",
      "properties": {
        "stato": "APERTA",
        "tipologia": "Valvola a 2 vie",
        "id": 2109,
        "comune": "Novi Ligure",
        "distretto": "DNL02"
      },
      "geometry": {
        "type": "Point",
        "coordinates": [
          8.787082608822468,
          44.76076880029188
        ]
      }
    },
    {
      "type": "Feature",
      "properties": {
        "stato": "APERTA",
        "tipologia": "Valvola a 2 vie",
        "id": 2110,
        "comune": "Novi Ligure",
        "distretto": "DNL02"
      },
      "geometry": {
        "type": "Point",
        "coordinates": [
          8.787064537227256,
          44.76054562655168
        ]
      }
    },
    {
      "type": "Feature",
      "properties": {
        "stato": "APERTA",
        "tipologia": "Valvola a 2 vie",
        "id": 2111,
        "comune": "Novi Ligure",
        "distretto": "DNL02"
      },
      "geometry": {
        "type": "Point",
        "coordinates": [
          8.786906348419977,
          44.76021005572766
        ]
      }
    },
    {
      "type": "Feature",
      "properties": {
        "stato": "APERTA",
        "tipologia": "Valvola a 2 vie",
        "id": 2112,
        "comune": "Novi Ligure",
        "distretto": "DNL02"
      },
      "geometry": {
        "type": "Point",
        "coordinates": [
          8.786927509490958,
          44.76010566274561
        ]
      }
    },
    {
      "type": "Feature",
      "properties": {
        "stato": "APERTA",
        "tipologia": "Valvola a 2 vie",
        "id": 2113,
        "comune": "Novi Ligure",
        "distretto": "DNL02"
      },
      "geometry": {
        "type": "Point",
        "coordinates": [
          8.786963995039356,
          44.760287253955596
        ]
      }
    },
    {
      "type": "Feature",
      "properties": {
        "stato": "APERTA",
        "tipologia": "Valvola a 2 vie",
        "id": 2114,
        "comune": "Novi Ligure",
        "distretto": "DNL02"
      },
      "geometry": {
        "type": "Point",
        "coordinates": [
          8.786843559160655,
          44.75989612960319
        ]
      }
    },
    {
      "type": "Feature",
      "properties": {
        "stato": "APERTA",
        "tipologia": "Valvola a 2 vie",
        "id": 2181,
        "comune": "Novi Ligure",
        "distretto": "DNL08.2"
      },
      "geometry": {
        "type": "Point",
        "coordinates": [
          8.846412726626525,
          44.743041260906395
        ]
      }
    },
    {
      "type": "Feature",
      "properties": {
        "stato": "APERTA",
        "tipologia": "Valvola a 2 vie",
        "id": 2182,
        "comune": "Novi Ligure",
        "distretto": "DNL08.2"
      },
      "geometry": {
        "type": "Point",
        "coordinates": [
          8.846463333698729,
          44.743062632232146
        ]
      }
    },
    {
      "type": "Feature",
      "properties": {
        "stato": "CHIUSA",
        "tipologia": "Valvola a 2 vie",
        "id": 2183,
        "comune": "Novi Ligure",
        "distretto": null
      },
      "geometry": {
        "type": "Point",
        "coordinates": [
          8.846617522466154,
          44.74187956132162
        ]
      }
    },
    {
      "type": "Feature",
      "properties": {
        "stato": "APERTA",
        "tipologia": "Valvola a 2 vie",
        "id": 2184,
        "comune": "Novi Ligure",
        "distretto": null
      },
      "geometry": {
        "type": "Point",
        "coordinates": [
          8.847079102823658,
          44.74188122816042
        ]
      }
    },
    {
      "type": "Feature",
      "properties": {
        "stato": "APERTA",
        "tipologia": "Valvola unidirezionale",
        "id": 2192,
        "comune": "Novi Ligure",
        "distretto": "DNL05"
      },
      "geometry": {
        "type": "Point",
        "coordinates": [
          8.823024083296634,
          44.7364682017068
        ]
      }
    },
    {
      "type": "Feature",
      "properties": {
        "stato": "APERTA",
        "tipologia": "Valvola a 2 vie",
        "id": 2193,
        "comune": "Novi Ligure",
        "distretto": "DNL05"
      },
      "geometry": {
        "type": "Point",
        "coordinates": [
          8.82323049254928,
          44.73612147666462
        ]
      }
    },
    {
      "type": "Feature",
      "properties": {
        "stato": "APERTA",
        "tipologia": "Valvola a 2 vie",
        "id": 2194,
        "comune": "Novi Ligure",
        "distretto": "DNL05"
      },
      "geometry": {
        "type": "Point",
        "coordinates": [
          8.823019100106118,
          44.73632962196846
        ]
      }
    },
    {
      "type": "Feature",
      "properties": {
        "stato": "APERTA",
        "tipologia": "Valvola a 2 vie",
        "id": 2195,
        "comune": "Novi Ligure",
        "distretto": "DNL05"
      },
      "geometry": {
        "type": "Point",
        "coordinates": [
          8.81826381067696,
          44.74009075016581
        ]
      }
    },
    {
      "type": "Feature",
      "properties": {
        "stato": "APERTA",
        "tipologia": "Valvola a 2 vie",
        "id": 2196,
        "comune": "Novi Ligure",
        "distretto": "DNL05"
      },
      "geometry": {
        "type": "Point",
        "coordinates": [
          8.818222384062786,
          44.74013147972443
        ]
      }
    },
    {
      "type": "Feature",
      "properties": {
        "stato": "APERTA",
        "tipologia": "Valvola a 2 vie",
        "id": 2197,
        "comune": "Novi Ligure",
        "distretto": "DNL05"
      },
      "geometry": {
        "type": "Point",
        "coordinates": [
          8.810580409286596,
          44.74215688300391
        ]
      }
    },
    {
      "type": "Feature",
      "properties": {
        "stato": "APERTA",
        "tipologia": "Valvola a 2 vie",
        "id": 2198,
        "comune": "Novi Ligure",
        "distretto": "DNL01.3"
      },
      "geometry": {
        "type": "Point",
        "coordinates": [
          8.805557462378438,
          44.75855067025251
        ]
      }
    },
    {
      "type": "Feature",
      "properties": {
        "stato": "APERTA",
        "tipologia": "Valvola a 2 vie",
        "id": 2210,
        "comune": "Novi Ligure",
        "distretto": "DNL01.3"
      },
      "geometry": {
        "type": "Point",
        "coordinates": [
          8.806763227881458,
          44.76200560856319
        ]
      }
    },
    {
      "type": "Feature",
      "properties": {
        "stato": "APERTA",
        "tipologia": "Valvola a 2 vie",
        "id": 2211,
        "comune": "Novi Ligure",
        "distretto": "DNL02"
      },
      "geometry": {
        "type": "Point",
        "coordinates": [
          8.781284883676841,
          44.76568243542827
        ]
      }
    },
    {
      "type": "Feature",
      "properties": {
        "stato": "APERTA",
        "tipologia": "Valvola a 2 vie",
        "id": 2212,
        "comune": "Novi Ligure",
        "distretto": "DNL08.2"
      },
      "geometry": {
        "type": "Point",
        "coordinates": [
          8.849525008266461,
          44.75493333142379
        ]
      }
    },
    {
      "type": "Feature",
      "properties": {
        "stato": "APERTA",
        "tipologia": "Valvola a 2 vie",
        "id": 2213,
        "comune": "Novi Ligure",
        "distretto": "DNL08.2"
      },
      "geometry": {
        "type": "Point",
        "coordinates": [
          8.850091768577627,
          44.75501395093377
        ]
      }
    },
    {
      "type": "Feature",
      "properties": {
        "stato": "APERTA",
        "tipologia": "Valvola a 2 vie",
        "id": 2214,
        "comune": "Novi Ligure",
        "distretto": "DNL08.2"
      },
      "geometry": {
        "type": "Point",
        "coordinates": [
          8.85006728516047,
          44.754969556643736
        ]
      }
    },
    {
      "type": "Feature",
      "properties": {
        "stato": "APERTA",
        "tipologia": "Valvola a 2 vie",
        "id": 2215,
        "comune": "Novi Ligure",
        "distretto": "DNL01.3"
      },
      "geometry": {
        "type": "Point",
        "coordinates": [
          8.799257183908992,
          44.76094766915293
        ]
      }
    },
    {
      "type": "Feature",
      "properties": {
        "stato": "APERTA",
        "tipologia": "Valvola a 2 vie",
        "id": 2217,
        "comune": "Novi Ligure",
        "distretto": "DNL07"
      },
      "geometry": {
        "type": "Point",
        "coordinates": [
          8.770483966828024,
          44.75873474778528
        ]
      }
    },
    {
      "type": "Feature",
      "properties": {
        "stato": "APERTA",
        "tipologia": "Valvola a 2 vie",
        "id": 2336,
        "comune": "Novi Ligure",
        "distretto": "DNL08.2"
      },
      "geometry": {
        "type": "Point",
        "coordinates": [
          8.847037552390772,
          44.75597786985608
        ]
      }
    },
    {
      "type": "Feature",
      "properties": {
        "stato": "APERTA",
        "tipologia": "Valvola a 2 vie",
        "id": 2337,
        "comune": "Novi Ligure",
        "distretto": "DNL08.2"
      },
      "geometry": {
        "type": "Point",
        "coordinates": [
          8.84868590170363,
          44.75599045516088
        ]
      }
    },
    {
      "type": "Feature",
      "properties": {
        "stato": "APERTA",
        "tipologia": "Valvola a 2 vie",
        "id": 2478,
        "comune": "Novi Ligure",
        "distretto": "DNL10"
      },
      "geometry": {
        "type": "Point",
        "coordinates": [
          8.812217394496775,
          44.752429121952396
        ]
      }
    },
    {
      "type": "Feature",
      "properties": {
        "stato": "APERTA",
        "tipologia": "Valvola a 2 vie",
        "id": 2483,
        "comune": "Novi Ligure",
        "distretto": "DNL10"
      },
      "geometry": {
        "type": "Point",
        "coordinates": [
          8.815934217623278,
          44.750765452897724
        ]
      }
    },
    {
      "type": "Feature",
      "properties": {
        "stato": "APERTA",
        "tipologia": "Valvola a 2 vie",
        "id": 2484,
        "comune": "Novi Ligure",
        "distretto": "DNL10"
      },
      "geometry": {
        "type": "Point",
        "coordinates": [
          8.8159249403047,
          44.75080580958222
        ]
      }
    },
    {
      "type": "Feature",
      "properties": {
        "stato": "APERTA",
        "tipologia": "Valvola a 2 vie",
        "id": 2485,
        "comune": "Novi Ligure",
        "distretto": "DNL10"
      },
      "geometry": {
        "type": "Point",
        "coordinates": [
          8.815869007852186,
          44.750799952041994
        ]
      }
    },
    {
      "type": "Feature",
      "properties": {
        "stato": "APERTA",
        "tipologia": "Valvola a 2 vie",
        "id": 2486,
        "comune": "Novi Ligure",
        "distretto": "DNL10"
      },
      "geometry": {
        "type": "Point",
        "coordinates": [
          8.815879336902075,
          44.750760850835114
        ]
      }
    },
    {
      "type": "Feature",
      "properties": {
        "stato": "CHIUSA",
        "tipologia": "Valvola a 2 vie",
        "id": 2491,
        "comune": "Novi Ligure",
        "distretto": "DNL10"
      },
      "geometry": {
        "type": "Point",
        "coordinates": [
          8.818781511673832,
          44.74933730764961
        ]
      }
    },
    {
      "type": "Feature",
      "properties": {
        "stato": "APERTA",
        "tipologia": "Valvola a 2 vie",
        "id": 2492,
        "comune": "Novi Ligure",
        "distretto": "DNL10"
      },
      "geometry": {
        "type": "Point",
        "coordinates": [
          8.818774827568376,
          44.74935995107989
        ]
      }
    },
    {
      "type": "Feature",
      "properties": {
        "stato": "APERTA",
        "tipologia": "Valvola a 2 vie",
        "id": 2493,
        "comune": "Novi Ligure",
        "distretto": "DNL10"
      },
      "geometry": {
        "type": "Point",
        "coordinates": [
          8.818746859037503,
          44.749335254674406
        ]
      }
    },
    {
      "type": "Feature",
      "properties": {
        "stato": "APERTA",
        "tipologia": "Valvola a 2 vie",
        "id": 2494,
        "comune": "Novi Ligure",
        "distretto": "DNL10"
      },
      "geometry": {
        "type": "Point",
        "coordinates": [
          8.818743258100909,
          44.74935126622877
        ]
      }
    },
    {
      "type": "Feature",
      "properties": {
        "stato": "APERTA",
        "tipologia": "Valvola a 2 vie",
        "id": 2748,
        "comune": "Novi Ligure",
        "distretto": "DNL02"
      },
      "geometry": {
        "type": "Point",
        "coordinates": [
          8.782194317486562,
          44.7611615577108
        ]
      }
    },
    {
      "type": "Feature",
      "properties": {
        "stato": "APERTA",
        "tipologia": "Valvola a 2 vie",
        "id": 2759,
        "comune": "Novi Ligure",
        "distretto": "DNL01"
      },
      "geometry": {
        "type": "Point",
        "coordinates": [
          8.804102446535135,
          44.7685271137885
        ]
      }
    },
    {
      "type": "Feature",
      "properties": {
        "stato": "APERTA",
        "tipologia": "Valvola a 2 vie",
        "id": 2765,
        "comune": "Novi Ligure",
        "distretto": "DNL02"
      },
      "geometry": {
        "type": "Point",
        "coordinates": [
          8.791499455591474,
          44.75933260297432
        ]
      }
    },
    {
      "type": "Feature",
      "properties": {
        "stato": "APERTA",
        "tipologia": "Valvola a 2 vie",
        "id": 4807,
        "comune": "Novi Ligure",
        "distretto": "DNL02"
      },
      "geometry": {
        "type": "Point",
        "coordinates": [
          8.778655132435162,
          44.762081453774556
        ]
      }
    },
    {
      "type": "Feature",
      "properties": {
        "stato": "CHIUSA",
        "tipologia": "Valvola a 2 vie",
        "id": 4808,
        "comune": "Novi Ligure",
        "distretto": "DNL02"
      },
      "geometry": {
        "type": "Point",
        "coordinates": [
          8.77866377411083,
          44.76204539392229
        ]
      }
    },
    {
      "type": "Feature",
      "properties": {
        "stato": "APERTA",
        "tipologia": "Valvola a 2 vie",
        "id": 4809,
        "comune": "Novi Ligure",
        "distretto": "DNL06"
      },
      "geometry": {
        "type": "Point",
        "coordinates": [
          8.784226887371807,
          44.757383154328814
        ]
      }
    },
    {
      "type": "Feature",
      "properties": {
        "stato": "APERTA",
        "tipologia": "Valvola a 2 vie",
        "id": 4810,
        "comune": "Novi Ligure",
        "distretto": "DNL06"
      },
      "geometry": {
        "type": "Point",
        "coordinates": [
          8.784181110939368,
          44.757428232469586
        ]
      }
    },
    {
      "type": "Feature",
      "properties": {
        "stato": "APERTA",
        "tipologia": "Valvola a 2 vie",
        "id": 5196,
        "comune": "Novi Ligure",
        "distretto": "DNL09"
      },
      "geometry": {
        "type": "Point",
        "coordinates": [
          8.770860413282199,
          44.771628393082665
        ]
      }
    },
    {
      "type": "Feature",
      "properties": {
        "stato": "APERTA",
        "tipologia": "Valvola a 2 vie",
        "id": 5233,
        "comune": "Novi Ligure",
        "distretto": "DNL01.2"
      },
      "geometry": {
        "type": "Point",
        "coordinates": [
          8.791549757574922,
          44.77071709514801
        ]
      }
    },
    {
      "type": "Feature",
      "properties": {
        "stato": "APERTA",
        "tipologia": "Valvola a 2 vie",
        "id": 5295,
        "comune": "Novi Ligure",
        "distretto": null
      },
      "geometry": {
        "type": "Point",
        "coordinates": [
          8.846646640524295,
          44.74190911244538
        ]
      }
    },
    {
      "type": "Feature",
      "properties": {
        "stato": "CHIUSA",
        "tipologia": "Valvola a 2 vie",
        "id": 5297,
        "comune": "Novi Ligure",
        "distretto": "DNL08.2"
      },
      "geometry": {
        "type": "Point",
        "coordinates": [
          8.846399005601544,
          44.742674392740994
        ]
      }
    },
    {
      "type": "Feature",
      "properties": {
        "stato": "APERTA",
        "tipologia": "Valvola a 2 vie",
        "id": 5298,
        "comune": "Novi Ligure",
        "distretto": "DNL08.2"
      },
      "geometry": {
        "type": "Point",
        "coordinates": [
          8.84551313025356,
          44.74297718037102
        ]
      }
    },
    {
      "type": "Feature",
      "properties": {
        "stato": "APERTA",
        "tipologia": "Valvola a 2 vie",
        "id": 5299,
        "comune": "Novi Ligure",
        "distretto": "DNL08.2"
      },
      "geometry": {
        "type": "Point",
        "coordinates": [
          8.844927627354929,
          44.74395740891035
        ]
      }
    },
    {
      "type": "Feature",
      "properties": {
        "stato": "APERTA",
        "tipologia": "Valvola a 2 vie",
        "id": 5300,
        "comune": "Novi Ligure",
        "distretto": "DNL08.2"
      },
      "geometry": {
        "type": "Point",
        "coordinates": [
          8.8449401919787,
          44.74391125105196
        ]
      }
    },
    {
      "type": "Feature",
      "properties": {
        "stato": "APERTA",
        "tipologia": "Valvola a 2 vie",
        "id": 5301,
        "comune": "Novi Ligure",
        "distretto": "DNL08.2"
      },
      "geometry": {
        "type": "Point",
        "coordinates": [
          8.844974126602235,
          44.74393731506461
        ]
      }
    },
    {
      "type": "Feature",
      "properties": {
        "stato": "APERTA",
        "tipologia": "Valvola a 2 vie",
        "id": 5302,
        "comune": "Novi Ligure",
        "distretto": "DNL08.2"
      },
      "geometry": {
        "type": "Point",
        "coordinates": [
          8.843655043367177,
          44.746864966355275
        ]
      }
    },
    {
      "type": "Feature",
      "properties": {
        "stato": "APERTA",
        "tipologia": "Valvola a 2 vie",
        "id": 5303,
        "comune": "Novi Ligure",
        "distretto": "DNL08.2"
      },
      "geometry": {
        "type": "Point",
        "coordinates": [
          8.843694157893273,
          44.74683767568912
        ]
      }
    },
    {
      "type": "Feature",
      "properties": {
        "stato": "APERTA",
        "tipologia": "Valvola a 2 vie",
        "id": 5306,
        "comune": "Novi Ligure",
        "distretto": "DNL02"
      },
      "geometry": {
        "type": "Point",
        "coordinates": [
          8.783971070418533,
          44.76223486276901
        ]
      }
    },
    {
      "type": "Feature",
      "properties": {
        "stato": "APERTA",
        "tipologia": "Valvola a 2 vie",
        "id": 5319,
        "comune": "Novi Ligure",
        "distretto": null
      },
      "geometry": {
        "type": "Point",
        "coordinates": [
          8.813526227841603,
          44.75777438442945
        ]
      }
    },
    {
      "type": "Feature",
      "properties": {
        "stato": "APERTA",
        "tipologia": "Valvola a 2 vie",
        "id": 5727,
        "comune": "Novi Ligure",
        "distretto": "DNL02"
      },
      "geometry": {
        "type": "Point",
        "coordinates": [
          8.74361902393688,
          44.77533446353664
        ]
      }
    },
    {
      "type": "Feature",
      "properties": {
        "stato": "APERTA",
        "tipologia": "Valvola a 2 vie",
        "id": 5740,
        "comune": "Novi Ligure",
        "distretto": "DNL02"
      },
      "geometry": {
        "type": "Point",
        "coordinates": [
          8.743501106291694,
          44.77532945661425
        ]
      }
    },
    {
      "type": "Feature",
      "properties": {
        "stato": "APERTA",
        "tipologia": "Valvola a 2 vie",
        "id": 5774,
        "comune": "Novi Ligure",
        "distretto": "DNL01.3"
      },
      "geometry": {
        "type": "Point",
        "coordinates": [
          8.806354655018591,
          44.76563914508408
        ]
      }
    },
    {
      "type": "Feature",
      "properties": {
        "stato": "APERTA",
        "tipologia": "Valvola a 2 vie",
        "id": 5933,
        "comune": "Novi Ligure",
        "distretto": "DNL01.3"
      },
      "geometry": {
        "type": "Point",
        "coordinates": [
          8.808515156110573,
          44.75881014966956
        ]
      }
    },
    {
      "type": "Feature",
      "properties": {
        "stato": "APERTA",
        "tipologia": "Valvola a 2 vie",
        "id": 5934,
        "comune": "Novi Ligure",
        "distretto": "DNL01.3"
      },
      "geometry": {
        "type": "Point",
        "coordinates": [
          8.808485309768205,
          44.758634067602365
        ]
      }
    },
    {
      "type": "Feature",
      "properties": {
        "stato": "APERTA",
        "tipologia": "Valvola a 2 vie",
        "id": 5935,
        "comune": "Novi Ligure",
        "distretto": "DNL01.3"
      },
      "geometry": {
        "type": "Point",
        "coordinates": [
          8.807084742669645,
          44.760075875292124
        ]
      }
    },
    {
      "type": "Feature",
      "properties": {
        "stato": "APERTA",
        "tipologia": "Valvola a 2 vie",
        "id": 5936,
        "comune": "Novi Ligure",
        "distretto": "DNL01.3"
      },
      "geometry": {
        "type": "Point",
        "coordinates": [
          8.805853659117423,
          44.76200710537948
        ]
      }
    },
    {
      "type": "Feature",
      "properties": {
        "stato": "APERTA",
        "tipologia": "Valvola a 2 vie",
        "id": 5937,
        "comune": "Novi Ligure",
        "distretto": "DNL01.3"
      },
      "geometry": {
        "type": "Point",
        "coordinates": [
          8.805826202371044,
          44.76197567557797
        ]
      }
    },
    {
      "type": "Feature",
      "properties": {
        "stato": "APERTA",
        "tipologia": "Valvola a 2 vie",
        "id": 5938,
        "comune": "Novi Ligure",
        "distretto": "DNL01.3"
      },
      "geometry": {
        "type": "Point",
        "coordinates": [
          8.806385983722395,
          44.76191764040559
        ]
      }
    },
    {
      "type": "Feature",
      "properties": {
        "stato": "APERTA",
        "tipologia": "Valvola a 2 vie",
        "id": 5939,
        "comune": "Novi Ligure",
        "distretto": "DNL01.3"
      },
      "geometry": {
        "type": "Point",
        "coordinates": [
          8.80706438646215,
          44.76005914983468
        ]
      }
    },
    {
      "type": "Feature",
      "properties": {
        "stato": "APERTA",
        "tipologia": "Valvola a 2 vie",
        "id": 5940,
        "comune": "Novi Ligure",
        "distretto": "DNL01.3"
      },
      "geometry": {
        "type": "Point",
        "coordinates": [
          8.80680750201322,
          44.76004242490815
        ]
      }
    },
    {
      "type": "Feature",
      "properties": {
        "stato": "APERTA",
        "tipologia": "Valvola a 2 vie",
        "id": 6032,
        "comune": "Novi Ligure",
        "distretto": "DNL01"
      },
      "geometry": {
        "type": "Point",
        "coordinates": [
          8.804962754881386,
          44.76623101011978
        ]
      }
    },
    {
      "type": "Feature",
      "properties": {
        "stato": "APERTA",
        "tipologia": "Valvola a 2 vie",
        "id": 6034,
        "comune": "Novi Ligure",
        "distretto": "DNL01.3"
      },
      "geometry": {
        "type": "Point",
        "coordinates": [
          8.807190036722904,
          44.76646049580225
        ]
      }
    },
    {
      "type": "Feature",
      "properties": {
        "stato": "APERTA",
        "tipologia": "Valvola a 2 vie",
        "id": 6115,
        "comune": "Novi Ligure",
        "distretto": "DNL01"
      },
      "geometry": {
        "type": "Point",
        "coordinates": [
          8.787187002336347,
          44.76562828957199
        ]
      }
    },
    {
      "type": "Feature",
      "properties": {
        "stato": "APERTA",
        "tipologia": "Valvola a 2 vie",
        "id": 6116,
        "comune": "Novi Ligure",
        "distretto": "DNL01"
      },
      "geometry": {
        "type": "Point",
        "coordinates": [
          8.78830991132519,
          44.76550967623068
        ]
      }
    },
    {
      "type": "Feature",
      "properties": {
        "stato": "APERTA",
        "tipologia": "Valvola a 2 vie",
        "id": 6123,
        "comune": "Novi Ligure",
        "distretto": "DNL01"
      },
      "geometry": {
        "type": "Point",
        "coordinates": [
          8.788370800150702,
          44.767419501673444
        ]
      }
    },
    {
      "type": "Feature",
      "properties": {
        "stato": "CHIUSA",
        "tipologia": "Valvola a 2 vie",
        "id": 6369,
        "comune": "Novi Ligure",
        "distretto": "DNL02"
      },
      "geometry": {
        "type": "Point",
        "coordinates": [
          8.786243173658445,
          44.762966601563434
        ]
      }
    },
    {
      "type": "Feature",
      "properties": {
        "stato": "CHIUSA",
        "tipologia": "Valvola a 2 vie",
        "id": 6370,
        "comune": "Novi Ligure",
        "distretto": "DNL01"
      },
      "geometry": {
        "type": "Point",
        "coordinates": [
          8.786363752580778,
          44.76341707589943
        ]
      }
    },
    {
      "type": "Feature",
      "properties": {
        "stato": "APERTA",
        "tipologia": "Valvola a 2 vie",
        "id": 6405,
        "comune": "Novi Ligure",
        "distretto": "DNL10"
      },
      "geometry": {
        "type": "Point",
        "coordinates": [
          8.812638555766478,
          44.753306735805566
        ]
      }
    },
    {
      "type": "Feature",
      "properties": {
        "stato": "APERTA",
        "tipologia": "Valvola a 2 vie",
        "id": 6406,
        "comune": "Novi Ligure",
        "distretto": "DNL10"
      },
      "geometry": {
        "type": "Point",
        "coordinates": [
          8.80970849231977,
          44.7542493030243
        ]
      }
    },
    {
      "type": "Feature",
      "properties": {
        "stato": "APERTA",
        "tipologia": "Valvola a 2 vie",
        "id": 6407,
        "comune": "Novi Ligure",
        "distretto": "DNL10"
      },
      "geometry": {
        "type": "Point",
        "coordinates": [
          8.811270618550122,
          44.75373198295511
        ]
      }
    },
    {
      "type": "Feature",
      "properties": {
        "stato": "APERTA",
        "tipologia": "Valvola a 2 vie",
        "id": 6408,
        "comune": "Novi Ligure",
        "distretto": "DNL10"
      },
      "geometry": {
        "type": "Point",
        "coordinates": [
          8.810047523947299,
          44.75580765903169
        ]
      }
    },
    {
      "type": "Feature",
      "properties": {
        "stato": "APERTA",
        "tipologia": "Valvola a 2 vie",
        "id": 6409,
        "comune": "Novi Ligure",
        "distretto": "DNL10"
      },
      "geometry": {
        "type": "Point",
        "coordinates": [
          8.81001855772054,
          44.75165087072581
        ]
      }
    },
    {
      "type": "Feature",
      "properties": {
        "stato": "APERTA",
        "tipologia": "Valvola a 2 vie",
        "id": 6410,
        "comune": "Novi Ligure",
        "distretto": "DNL10"
      },
      "geometry": {
        "type": "Point",
        "coordinates": [
          8.809953198719514,
          44.75164528121918
        ]
      }
    },
    {
      "type": "Feature",
      "properties": {
        "stato": "APERTA",
        "tipologia": "Valvola a 2 vie",
        "id": 6411,
        "comune": "Novi Ligure",
        "distretto": "DNL10"
      },
      "geometry": {
        "type": "Point",
        "coordinates": [
          8.810036671903575,
          44.75159974705406
        ]
      }
    },
    {
      "type": "Feature",
      "properties": {
        "stato": "APERTA",
        "tipologia": "Valvola a 2 vie",
        "id": 6412,
        "comune": "Novi Ligure",
        "distretto": "DNL10"
      },
      "geometry": {
        "type": "Point",
        "coordinates": [
          8.810134388285919,
          44.751902265052806
        ]
      }
    },
    {
      "type": "Feature",
      "properties": {
        "stato": "APERTA",
        "tipologia": "Valvola a 2 vie",
        "id": 6421,
        "comune": "Novi Ligure",
        "distretto": "DNL10"
      },
      "geometry": {
        "type": "Point",
        "coordinates": [
          8.81223438941285,
          44.752453345188364
        ]
      }
    },
    {
      "type": "Feature",
      "properties": {
        "stato": "APERTA",
        "tipologia": "Valvola a 2 vie",
        "id": 6424,
        "comune": "Novi Ligure",
        "distretto": "DNL01.2"
      },
      "geometry": {
        "type": "Point",
        "coordinates": [
          8.794063665886336,
          44.768101396795316
        ]
      }
    },
    {
      "type": "Feature",
      "properties": {
        "stato": "APERTA",
        "tipologia": "Valvola a 2 vie",
        "id": 6445,
        "comune": "Novi Ligure",
        "distretto": "DNL09"
      },
      "geometry": {
        "type": "Point",
        "coordinates": [
          8.76337758187678,
          44.76824199467208
        ]
      }
    },
    {
      "type": "Feature",
      "properties": {
        "stato": "APERTA",
        "tipologia": "Valvola a 2 vie",
        "id": 6446,
        "comune": "Novi Ligure",
        "distretto": "DNL09"
      },
      "geometry": {
        "type": "Point",
        "coordinates": [
          8.763362524863338,
          44.76825979159075
        ]
      }
    },
    {
      "type": "Feature",
      "properties": {
        "stato": "APERTA",
        "tipologia": "Valvola a 2 vie",
        "id": 6449,
        "comune": "Novi Ligure",
        "distretto": "DNL02"
      },
      "geometry": {
        "type": "Point",
        "coordinates": [
          8.770975271966792,
          44.76586348617488
        ]
      }
    },
    {
      "type": "Feature",
      "properties": {
        "stato": "APERTA",
        "tipologia": "Valvola a 2 vie",
        "id": 6451,
        "comune": "Novi Ligure",
        "distretto": "DNL04"
      },
      "geometry": {
        "type": "Point",
        "coordinates": [
          8.806496009524325,
          44.750915593396186
        ]
      }
    },
    {
      "type": "Feature",
      "properties": {
        "stato": "CHIUSA",
        "tipologia": "Valvola a 2 vie",
        "id": 6452,
        "comune": "Novi Ligure",
        "distretto": "DNL04"
      },
      "geometry": {
        "type": "Point",
        "coordinates": [
          8.806500550739013,
          44.7509273108207
        ]
      }
    },
    {
      "type": "Feature",
      "properties": {
        "stato": "APERTA",
        "tipologia": "Valvola a 2 vie",
        "id": 6453,
        "comune": "Novi Ligure",
        "distretto": "DNL04"
      },
      "geometry": {
        "type": "Point",
        "coordinates": [
          8.807680281992619,
          44.750205710338186
        ]
      }
    },
    {
      "type": "Feature",
      "properties": {
        "stato": "APERTA",
        "tipologia": "Valvola a 2 vie",
        "id": 6458,
        "comune": "Novi Ligure",
        "distretto": "DNL08.2"
      },
      "geometry": {
        "type": "Point",
        "coordinates": [
          8.842404581771715,
          44.76229321767438
        ]
      }
    },
    {
      "type": "Feature",
      "properties": {
        "stato": "APERTA",
        "tipologia": "Valvola a 2 vie",
        "id": 6459,
        "comune": "Novi Ligure",
        "distretto": "DNL01"
      },
      "geometry": {
        "type": "Point",
        "coordinates": [
          8.791997684214218,
          44.76557680545293
        ]
      }
    },
    {
      "type": "Feature",
      "properties": {
        "stato": "APERTA",
        "tipologia": "Valvola a 2 vie",
        "id": 6460,
        "comune": "Novi Ligure",
        "distretto": "DNL01"
      },
      "geometry": {
        "type": "Point",
        "coordinates": [
          8.791975224930807,
          44.76556956700958
        ]
      }
    },
    {
      "type": "Feature",
      "properties": {
        "stato": "APERTA",
        "tipologia": "Valvola a 2 vie",
        "id": 6461,
        "comune": "Novi Ligure",
        "distretto": "DNL01"
      },
      "geometry": {
        "type": "Point",
        "coordinates": [
          8.792009856948255,
          44.76556230968612
        ]
      }
    },
    {
      "type": "Feature",
      "properties": {
        "stato": "APERTA",
        "tipologia": "Valvola a 2 vie",
        "id": 6462,
        "comune": "Novi Ligure",
        "distretto": "DNL01"
      },
      "geometry": {
        "type": "Point",
        "coordinates": [
          8.79154529162873,
          44.7645911015281
        ]
      }
    },
    {
      "type": "Feature",
      "properties": {
        "stato": "APERTA",
        "tipologia": "Valvola a 2 vie",
        "id": 6463,
        "comune": "Novi Ligure",
        "distretto": "DNL01"
      },
      "geometry": {
        "type": "Point",
        "coordinates": [
          8.791552538817658,
          44.7646137662517
        ]
      }
    },
    {
      "type": "Feature",
      "properties": {
        "stato": "APERTA",
        "tipologia": "Valvola a 2 vie",
        "id": 6464,
        "comune": "Novi Ligure",
        "distretto": "DNL01"
      },
      "geometry": {
        "type": "Point",
        "coordinates": [
          8.79153012190919,
          44.764607787853386
        ]
      }
    },
    {
      "type": "Feature",
      "properties": {
        "stato": "APERTA",
        "tipologia": "Valvola a 2 vie",
        "id": 6465,
        "comune": "Novi Ligure",
        "distretto": "DNL01"
      },
      "geometry": {
        "type": "Point",
        "coordinates": [
          8.791568611792583,
          44.76459937679254
        ]
      }
    },
    {
      "type": "Feature",
      "properties": {
        "stato": "APERTA",
        "tipologia": "Valvola a 2 vie",
        "id": 6466,
        "comune": "Novi Ligure",
        "distretto": "DNL01"
      },
      "geometry": {
        "type": "Point",
        "coordinates": [
          8.792465472129818,
          44.76660139844203
        ]
      }
    },
    {
      "type": "Feature",
      "properties": {
        "stato": "APERTA",
        "tipologia": "Valvola a 2 vie",
        "id": 6467,
        "comune": "Novi Ligure",
        "distretto": "DNL01"
      },
      "geometry": {
        "type": "Point",
        "coordinates": [
          8.791118395052663,
          44.76385341912068
        ]
      }
    },
    {
      "type": "Feature",
      "properties": {
        "stato": "CHIUSA",
        "tipologia": "Valvola a 2 vie",
        "id": 6472,
        "comune": "Novi Ligure",
        "distretto": "DNL03"
      },
      "geometry": {
        "type": "Point",
        "coordinates": [
          8.815818267926009,
          44.76811041037811
        ]
      }
    },
    {
      "type": "Feature",
      "properties": {
        "stato": "APERTA",
        "tipologia": "Valvola a 2 vie",
        "id": 6473,
        "comune": "Novi Ligure",
        "distretto": "DNL03"
      },
      "geometry": {
        "type": "Point",
        "coordinates": [
          8.821431393599896,
          44.76980125087779
        ]
      }
    },
    {
      "type": "Feature",
      "properties": {
        "stato": "APERTA",
        "tipologia": "Valvola a 2 vie",
        "id": 6474,
        "comune": "Novi Ligure",
        "distretto": "DNL03"
      },
      "geometry": {
        "type": "Point",
        "coordinates": [
          8.83672035166037,
          44.7799559897897
        ]
      }
    },
    {
      "type": "Feature",
      "properties": {
        "stato": "APERTA",
        "tipologia": "Valvola a 2 vie",
        "id": 6475,
        "comune": "Novi Ligure",
        "distretto": "DNL03"
      },
      "geometry": {
        "type": "Point",
        "coordinates": [
          8.837326279215954,
          44.77341416101037
        ]
      }
    },
    {
      "type": "Feature",
      "properties": {
        "stato": "CHIUSA",
        "tipologia": "Valvola a 2 vie",
        "id": 6476,
        "comune": "Novi Ligure",
        "distretto": "DNL03"
      },
      "geometry": {
        "type": "Point",
        "coordinates": [
          8.838681779728468,
          44.765991573964655
        ]
      }
    },
    {
      "type": "Feature",
      "properties": {
        "stato": "APERTA",
        "tipologia": "Valvola a 2 vie",
        "id": 6477,
        "comune": "Novi Ligure",
        "distretto": "DNL01"
      },
      "geometry": {
        "type": "Point",
        "coordinates": [
          8.790486608755884,
          44.76323805710984
        ]
      }
    },
    {
      "type": "Feature",
      "properties": {
        "stato": "APERTA",
        "tipologia": "Valvola a 2 vie",
        "id": 6506,
        "comune": "Novi Ligure",
        "distretto": "DNL01"
      },
      "geometry": {
        "type": "Point",
        "coordinates": [
          8.790107810393627,
          44.76593264517984
        ]
      }
    },
    {
      "type": "Feature",
      "properties": {
        "stato": "APERTA",
        "tipologia": "Valvola a 2 vie",
        "id": 6514,
        "comune": "Novi Ligure",
        "distretto": "DNL01.2"
      },
      "geometry": {
        "type": "Point",
        "coordinates": [
          8.793745299145165,
          44.76954832436879
        ]
      }
    },
    {
      "type": "Feature",
      "properties": {
        "stato": "APERTA",
        "tipologia": "Valvola a 2 vie",
        "id": 6515,
        "comune": "Novi Ligure",
        "distretto": "DNL01.2"
      },
      "geometry": {
        "type": "Point",
        "coordinates": [
          8.79374759727104,
          44.76952377646851
        ]
      }
    },
    {
      "type": "Feature",
      "properties": {
        "stato": "APERTA",
        "tipologia": "Valvola a 2 vie",
        "id": 6516,
        "comune": "Novi Ligure",
        "distretto": "DNL01.2"
      },
      "geometry": {
        "type": "Point",
        "coordinates": [
          8.793863523616453,
          44.77070491275986
        ]
      }
    },
    {
      "type": "Feature",
      "properties": {
        "stato": "CHIUSA",
        "tipologia": "Valvola a 2 vie",
        "id": 6517,
        "comune": "Novi Ligure",
        "distretto": "DNL01.2"
      },
      "geometry": {
        "type": "Point",
        "coordinates": [
          8.795457221881012,
          44.77018548756515
        ]
      }
    },
    {
      "type": "Feature",
      "properties": {
        "stato": "APERTA",
        "tipologia": "Valvola a 2 vie",
        "id": 6518,
        "comune": "Novi Ligure",
        "distretto": "DNL01"
      },
      "geometry": {
        "type": "Point",
        "coordinates": [
          8.787264910957623,
          44.76578517393252
        ]
      }
    },
    {
      "type": "Feature",
      "properties": {
        "stato": "APERTA",
        "tipologia": "Valvola a 2 vie",
        "id": 6519,
        "comune": "Novi Ligure",
        "distretto": "DNL01"
      },
      "geometry": {
        "type": "Point",
        "coordinates": [
          8.787250311314152,
          44.76575423577177
        ]
      }
    },
    {
      "type": "Feature",
      "properties": {
        "stato": "APERTA",
        "tipologia": "Valvola a 2 vie",
        "id": 6520,
        "comune": "Novi Ligure",
        "distretto": "DNL01"
      },
      "geometry": {
        "type": "Point",
        "coordinates": [
          8.787527502438875,
          44.766513226437255
        ]
      }
    },
    {
      "type": "Feature",
      "properties": {
        "stato": "APERTA",
        "tipologia": "Valvola a 2 vie",
        "id": 6521,
        "comune": "Novi Ligure",
        "distretto": "DNL01"
      },
      "geometry": {
        "type": "Point",
        "coordinates": [
          8.78783129042519,
          44.76750822712841
        ]
      }
    },
    {
      "type": "Feature",
      "properties": {
        "stato": "APERTA",
        "tipologia": "Valvola a 2 vie",
        "id": 6522,
        "comune": "Novi Ligure",
        "distretto": "DNL08.1"
      },
      "geometry": {
        "type": "Point",
        "coordinates": [
          8.821481701060222,
          44.765223577525965
        ]
      }
    },
    {
      "type": "Feature",
      "properties": {
        "stato": "APERTA",
        "tipologia": "Valvola a 2 vie",
        "id": 6523,
        "comune": "Novi Ligure",
        "distretto": "DNL08.1"
      },
      "geometry": {
        "type": "Point",
        "coordinates": [
          8.819254508215261,
          44.7639737037859
        ]
      }
    },
    {
      "type": "Feature",
      "properties": {
        "stato": "APERTA",
        "tipologia": "Valvola a 2 vie",
        "id": 7057,
        "comune": "Novi Ligure",
        "distretto": "DNL01"
      },
      "geometry": {
        "type": "Point",
        "coordinates": [
          8.788141262078247,
          44.767443609885724
        ]
      }
    },
    {
      "type": "Feature",
      "properties": {
        "stato": "CHIUSA",
        "tipologia": "Valvola a 2 vie",
        "id": 7059,
        "comune": "Novi Ligure",
        "distretto": "DNL01.3"
      },
      "geometry": {
        "type": "Point",
        "coordinates": [
          8.806030390770323,
          44.761981865007634
        ]
      }
    },
    {
      "type": "Feature",
      "properties": {
        "stato": "APERTA",
        "tipologia": "Valvola a 2 vie",
        "id": 7070,
        "comune": "Novi Ligure",
        "distretto": "DNL01.3"
      },
      "geometry": {
        "type": "Point",
        "coordinates": [
          8.808757995632964,
          44.761519913150416
        ]
      }
    },
    {
      "type": "Feature",
      "properties": {
        "stato": "APERTA",
        "tipologia": "Valvola a 2 vie",
        "id": 7076,
        "comune": "Novi Ligure",
        "distretto": "DNL01"
      },
      "geometry": {
        "type": "Point",
        "coordinates": [
          8.829686090532885,
          44.76670150395727
        ]
      }
    },
    {
      "type": "Feature",
      "properties": {
        "stato": "APERTA",
        "tipologia": "Valvola a 2 vie",
        "id": 7178,
        "comune": "Novi Ligure",
        "distretto": "DNL01"
      },
      "geometry": {
        "type": "Point",
        "coordinates": [
          8.783694580986023,
          44.76728041314214
        ]
      }
    },
    {
      "type": "Feature",
      "properties": {
        "stato": "APERTA",
        "tipologia": "Valvola a 2 vie",
        "id": 7179,
        "comune": "Novi Ligure",
        "distretto": "DNL01"
      },
      "geometry": {
        "type": "Point",
        "coordinates": [
          8.7836864769498,
          44.76728464192896
        ]
      }
    },
    {
      "type": "Feature",
      "properties": {
        "stato": "APERTA",
        "tipologia": "Valvola a 2 vie",
        "id": 7180,
        "comune": "Novi Ligure",
        "distretto": "DNL01"
      },
      "geometry": {
        "type": "Point",
        "coordinates": [
          8.783705454167178,
          44.76730776485782
        ]
      }
    },
    {
      "type": "Feature",
      "properties": {
        "stato": "APERTA",
        "tipologia": "Valvola a 2 vie",
        "id": 7181,
        "comune": "Novi Ligure",
        "distretto": "DNL01"
      },
      "geometry": {
        "type": "Point",
        "coordinates": [
          8.783696281586078,
          44.76728503953802
        ]
      }
    },
    {
      "type": "Feature",
      "properties": {
        "stato": "APERTA",
        "tipologia": "Valvola a 2 vie",
        "id": 7182,
        "comune": "Novi Ligure",
        "distretto": "DNL01"
      },
      "geometry": {
        "type": "Point",
        "coordinates": [
          8.783447407697233,
          44.76669308890893
        ]
      }
    },
    {
      "type": "Feature",
      "properties": {
        "stato": "APERTA",
        "tipologia": "Valvola a 2 vie",
        "id": 7183,
        "comune": "Novi Ligure",
        "distretto": "DNL01"
      },
      "geometry": {
        "type": "Point",
        "coordinates": [
          8.783458269606145,
          44.76671664685275
        ]
      }
    },
    {
      "type": "Feature",
      "properties": {
        "stato": "APERTA",
        "tipologia": "Valvola a 2 vie",
        "id": 7184,
        "comune": "Novi Ligure",
        "distretto": "DNL01"
      },
      "geometry": {
        "type": "Point",
        "coordinates": [
          8.783436505123312,
          44.76670840550128
        ]
      }
    },
    {
      "type": "Feature",
      "properties": {
        "stato": "APERTA",
        "tipologia": "Valvola a 2 vie",
        "id": 7462,
        "comune": "Novi Ligure",
        "distretto": "DNL02"
      },
      "geometry": {
        "type": "Point",
        "coordinates": [
          8.74118423684709,
          44.76992629163685
        ]
      }
    },
    {
      "type": "Feature",
      "properties": {
        "stato": "APERTA",
        "tipologia": "Valvola a 2 vie",
        "id": 7463,
        "comune": "Novi Ligure",
        "distretto": "DNL02"
      },
      "geometry": {
        "type": "Point",
        "coordinates": [
          8.741201589192698,
          44.76994693976768
        ]
      }
    },
    {
      "type": "Feature",
      "properties": {
        "stato": "CHIUSA",
        "tipologia": "Valvola a 2 vie",
        "id": 7464,
        "comune": "Novi Ligure",
        "distretto": null
      },
      "geometry": {
        "type": "Point",
        "coordinates": [
          8.737409877107384,
          44.77025355402403
        ]
      }
    },
    {
      "type": "Feature",
      "properties": {
        "stato": "APERTA",
        "tipologia": "Valvola a 2 vie",
        "id": 7575,
        "comune": "Novi Ligure",
        "distretto": "DNL01"
      },
      "geometry": {
        "type": "Point",
        "coordinates": [
          8.806509230681412,
          44.77609541510859
        ]
      }
    },
    {
      "type": "Feature",
      "properties": {
        "stato": "APERTA",
        "tipologia": "Valvola a 2 vie",
        "id": 7576,
        "comune": "Novi Ligure",
        "distretto": "DNL01"
      },
      "geometry": {
        "type": "Point",
        "coordinates": [
          8.80599378657614,
          44.77600376189986
        ]
      }
    },
    {
      "type": "Feature",
      "properties": {
        "stato": "APERTA",
        "tipologia": "Valvola a 2 vie",
        "id": 7584,
        "comune": "Novi Ligure",
        "distretto": "DNL02"
      },
      "geometry": {
        "type": "Point",
        "coordinates": [
          8.781941567897247,
          44.7659400516617
        ]
      }
    },
    {
      "type": "Feature",
      "properties": {
        "stato": "APERTA",
        "tipologia": "Valvola a 2 vie",
        "id": 7619,
        "comune": "Novi Ligure",
        "distretto": "DNL01.1"
      },
      "geometry": {
        "type": "Point",
        "coordinates": [
          8.78389668385082,
          44.76798986801872
        ]
      }
    },
    {
      "type": "Feature",
      "properties": {
        "stato": "APERTA",
        "tipologia": "Valvola a 2 vie",
        "id": 7620,
        "comune": "Novi Ligure",
        "distretto": "DNL01.1"
      },
      "geometry": {
        "type": "Point",
        "coordinates": [
          8.781928404259375,
          44.765995096844726
        ]
      }
    },
    {
      "type": "Feature",
      "properties": {
        "stato": "CHIUSA",
        "tipologia": "Valvola a 2 vie",
        "id": 7670,
        "comune": "Novi Ligure",
        "distretto": null
      },
      "geometry": {
        "type": "Point",
        "coordinates": [
          8.819508391081568,
          44.75071756412021
        ]
      }
    },
    {
      "type": "Feature",
      "properties": {
        "stato": "APERTA",
        "tipologia": "Valvola a 2 vie",
        "id": 7671,
        "comune": "Novi Ligure",
        "distretto": null
      },
      "geometry": {
        "type": "Point",
        "coordinates": [
          8.8195227005117,
          44.75065919624378
        ]
      }
    },
    {
      "type": "Feature",
      "properties": {
        "stato": "APERTA",
        "tipologia": "Valvola a 2 vie",
        "id": 7672,
        "comune": "Novi Ligure",
        "distretto": null
      },
      "geometry": {
        "type": "Point",
        "coordinates": [
          8.81943793173066,
          44.75077332640345
        ]
      }
    },
    {
      "type": "Feature",
      "properties": {
        "stato": "APERTA",
        "tipologia": "Valvola a 2 vie",
        "id": 7673,
        "comune": "Novi Ligure",
        "distretto": "DNL10"
      },
      "geometry": {
        "type": "Point",
        "coordinates": [
          8.819422494720387,
          44.750650603257974
        ]
      }
    },
    {
      "type": "Feature",
      "properties": {
        "stato": "APERTA",
        "tipologia": "Valvola a 2 vie",
        "id": 7674,
        "comune": "Novi Ligure",
        "distretto": "DNL10"
      },
      "geometry": {
        "type": "Point",
        "coordinates": [
          8.819374236185094,
          44.75067482545631
        ]
      }
    },
    {
      "type": "Feature",
      "properties": {
        "stato": "APERTA",
        "tipologia": "Idrovalvola",
        "id": 7675,
        "comune": "Novi Ligure",
        "distretto": "DNL10"
      },
      "geometry": {
        "type": "Point",
        "coordinates": [
          8.81940912915846,
          44.75065784526655
        ]
      }
    },
    {
      "type": "Feature",
      "properties": {
        "stato": "CHIUSA",
        "tipologia": "Valvola a 2 vie",
        "id": 7676,
        "comune": "Novi Ligure",
        "distretto": "DNL10"
      },
      "geometry": {
        "type": "Point",
        "coordinates": [
          8.819394745266766,
          44.75069095772915
        ]
      }
    },
    {
      "type": "Feature",
      "properties": {
        "stato": "CHIUSA",
        "tipologia": "Valvola a 2 vie",
        "id": 7677,
        "comune": "Novi Ligure",
        "distretto": null
      },
      "geometry": {
        "type": "Point",
        "coordinates": [
          8.819443917416754,
          44.75066586716379
        ]
      }
    },
    {
      "type": "Feature",
      "properties": {
        "stato": "APERTA",
        "tipologia": "Valvola a 2 vie",
        "id": 7691,
        "comune": "Novi Ligure",
        "distretto": "DNL10"
      },
      "geometry": {
        "type": "Point",
        "coordinates": [
          8.808534155705335,
          44.7563462847453
        ]
      }
    },
    {
      "type": "Feature",
      "properties": {
        "stato": "APERTA",
        "tipologia": "Valvola a 2 vie",
        "id": 7692,
        "comune": "Novi Ligure",
        "distretto": "DNL10"
      },
      "geometry": {
        "type": "Point",
        "coordinates": [
          8.808482865722118,
          44.75631174974236
        ]
      }
    },
    {
      "type": "Feature",
      "properties": {
        "stato": "APERTA",
        "tipologia": "Valvola a 2 vie",
        "id": 7697,
        "comune": "Novi Ligure",
        "distretto": "DNL01"
      },
      "geometry": {
        "type": "Point",
        "coordinates": [
          8.804972833431082,
          44.767610776193706
        ]
      }
    },
    {
      "type": "Feature",
      "properties": {
        "stato": "APERTA",
        "tipologia": "Valvola a 2 vie",
        "id": 7739,
        "comune": "Novi Ligure",
        "distretto": null
      },
      "geometry": {
        "type": "Point",
        "coordinates": [
          8.83365141613273,
          44.801657700794856
        ]
      }
    },
    {
      "type": "Feature",
      "properties": {
        "stato": "APERTA",
        "tipologia": "Valvola a 2 vie",
        "id": 7862,
        "comune": "Novi Ligure",
        "distretto": "DNL10"
      },
      "geometry": {
        "type": "Point",
        "coordinates": [
          8.81934976300327,
          44.75067835229038
        ]
      }
    },
    {
      "type": "Feature",
      "properties": {
        "stato": "CHIUSA",
        "tipologia": "Valvola a 2 vie",
        "id": 7863,
        "comune": "Novi Ligure",
        "distretto": null
      },
      "geometry": {
        "type": "Point",
        "coordinates": [
          8.819533087101552,
          44.75061101759742
        ]
      }
    },
    {
      "type": "Feature",
      "properties": {
        "stato": "APERTA",
        "tipologia": "Valvola a 2 vie",
        "id": 7873,
        "comune": "Novi Ligure",
        "distretto": "DNL01.3"
      },
      "geometry": {
        "type": "Point",
        "coordinates": [
          8.805141746240755,
          44.76545894797294
        ]
      }
    },
    {
      "type": "Feature",
      "properties": {
        "stato": "APERTA",
        "tipologia": "Valvola a 2 vie",
        "id": 7959,
        "comune": "Novi Ligure",
        "distretto": null
      },
      "geometry": {
        "type": "Point",
        "coordinates": [
          8.756201588842417,
          44.78626930440991
        ]
      }
    },
    {
      "type": "Feature",
      "properties": {
        "stato": "APERTA",
        "tipologia": "Valvola a 2 vie",
        "id": 7960,
        "comune": "Novi Ligure",
        "distretto": null
      },
      "geometry": {
        "type": "Point",
        "coordinates": [
          8.756247637441533,
          44.7862757446912
        ]
      }
    },
    {
      "type": "Feature",
      "properties": {
        "stato": "APERTA",
        "tipologia": "Valvola a 2 vie",
        "id": 7961,
        "comune": "Novi Ligure",
        "distretto": null
      },
      "geometry": {
        "type": "Point",
        "coordinates": [
          8.756247637441533,
          44.7862757446912
        ]
      }
    },
    {
      "type": "Feature",
      "properties": {
        "stato": "APERTA",
        "tipologia": "Valvola a 2 vie",
        "id": 7962,
        "comune": "Novi Ligure",
        "distretto": null
      },
      "geometry": {
        "type": "Point",
        "coordinates": [
          8.756252386105153,
          44.78632193373519
        ]
      }
    },
    {
      "type": "Feature",
      "properties": {
        "stato": "APERTA",
        "tipologia": "Valvola a 2 vie",
        "id": 7967,
        "comune": "Novi Ligure",
        "distretto": "DNL04"
      },
      "geometry": {
        "type": "Point",
        "coordinates": [
          8.81132345352756,
          44.74648653751713
        ]
      }
    },
    {
      "type": "Feature",
      "properties": {
        "stato": "APERTA",
        "tipologia": "Valvola a 2 vie",
        "id": 7968,
        "comune": "Novi Ligure",
        "distretto": "DNL04"
      },
      "geometry": {
        "type": "Point",
        "coordinates": [
          8.811354369361137,
          44.746524113508364
        ]
      }
    },
    {
      "type": "Feature",
      "properties": {
        "stato": "CHIUSA",
        "tipologia": "Valvola a 2 vie",
        "id": 7969,
        "comune": "Novi Ligure",
        "distretto": "DNL04"
      },
      "geometry": {
        "type": "Point",
        "coordinates": [
          8.811329417276161,
          44.74650952708013
        ]
      }
    },
    {
      "type": "Feature",
      "properties": {
        "stato": "APERTA",
        "tipologia": "Valvola a 2 vie",
        "id": 7970,
        "comune": "Novi Ligure",
        "distretto": "DNL04"
      },
      "geometry": {
        "type": "Point",
        "coordinates": [
          8.812233241347842,
          44.747486750545534
        ]
      }
    },
    {
      "type": "Feature",
      "properties": {
        "stato": "APERTA",
        "tipologia": "Valvola a 2 vie",
        "id": 7971,
        "comune": "Novi Ligure",
        "distretto": "DNL04"
      },
      "geometry": {
        "type": "Point",
        "coordinates": [
          8.81225217094017,
          44.7474592404442
        ]
      }
    },
    {
      "type": "Feature",
      "properties": {
        "stato": "APERTA",
        "tipologia": "Valvola a 2 vie",
        "id": 7972,
        "comune": "Novi Ligure",
        "distretto": "DNL04"
      },
      "geometry": {
        "type": "Point",
        "coordinates": [
          8.803370253464957,
          44.744714419448
        ]
      }
    },
    {
      "type": "Feature",
      "properties": {
        "stato": "APERTA",
        "tipologia": "Valvola a 2 vie",
        "id": 7973,
        "comune": "Novi Ligure",
        "distretto": "DNL04"
      },
      "geometry": {
        "type": "Point",
        "coordinates": [
          8.812224772257622,
          44.747491384202455
        ]
      }
    },
    {
      "type": "Feature",
      "properties": {
        "stato": "APERTA",
        "tipologia": "Valvola a 2 vie",
        "id": 7983,
        "comune": "Novi Ligure",
        "distretto": "DNL01"
      },
      "geometry": {
        "type": "Point",
        "coordinates": [
          8.804764725464986,
          44.76626246245313
        ]
      }
    },
    {
      "type": "Feature",
      "properties": {
        "stato": "APERTA",
        "tipologia": "Valvola a 2 vie",
        "id": 7984,
        "comune": "Novi Ligure",
        "distretto": "DNL01"
      },
      "geometry": {
        "type": "Point",
        "coordinates": [
          8.804783232158943,
          44.76626444431809
        ]
      }
    },
    {
      "type": "Feature",
      "properties": {
        "stato": "APERTA",
        "tipologia": "Valvola a 2 vie",
        "id": 7985,
        "comune": "Novi Ligure",
        "distretto": "DNL01"
      },
      "geometry": {
        "type": "Point",
        "coordinates": [
          8.800498126030831,
          44.76541925161024
        ]
      }
    },
    {
      "type": "Feature",
      "properties": {
        "stato": "APERTA",
        "tipologia": "Valvola a 2 vie",
        "id": 7986,
        "comune": "Novi Ligure",
        "distretto": "DNL01"
      },
      "geometry": {
        "type": "Point",
        "coordinates": [
          8.80478020173055,
          44.76622812799274
        ]
      }
    },
    {
      "type": "Feature",
      "properties": {
        "stato": "APERTA",
        "tipologia": "Valvola a 2 vie",
        "id": 7988,
        "comune": "Novi Ligure",
        "distretto": "DNL04"
      },
      "geometry": {
        "type": "Point",
        "coordinates": [
          8.79656918124246,
          44.756815728228624
        ]
      }
    },
    {
      "type": "Feature",
      "properties": {
        "stato": "APERTA",
        "tipologia": "Valvola a 2 vie",
        "id": 7989,
        "comune": "Novi Ligure",
        "distretto": "DNL01"
      },
      "geometry": {
        "type": "Point",
        "coordinates": [
          8.799964187400915,
          44.765104043622486
        ]
      }
    },
    {
      "type": "Feature",
      "properties": {
        "stato": "CHIUSA",
        "tipologia": "Valvola a 2 vie",
        "id": 7993,
        "comune": "Novi Ligure",
        "distretto": "DNL01"
      },
      "geometry": {
        "type": "Point",
        "coordinates": [
          8.80489112858262,
          44.76630199749797
        ]
      }
    },
    {
      "type": "Feature",
      "properties": {
        "stato": "CHIUSA",
        "tipologia": "Valvola a 2 vie",
        "id": 7994,
        "comune": "Novi Ligure",
        "distretto": "DNL01.3"
      },
      "geometry": {
        "type": "Point",
        "coordinates": [
          8.798378893100535,
          44.76379883758708
        ]
      }
    },
    {
      "type": "Feature",
      "properties": {
        "stato": "CHIUSA",
        "tipologia": "Valvola a 2 vie",
        "id": 8019,
        "comune": "Novi Ligure",
        "distretto": "DNL04"
      },
      "geometry": {
        "type": "Point",
        "coordinates": [
          8.811885048243202,
          44.749506742400094
        ]
      }
    },
    {
      "type": "Feature",
      "properties": {
        "stato": "CHIUSA",
        "tipologia": "Valvola a 2 vie",
        "id": 8020,
        "comune": "Novi Ligure",
        "distretto": "DNL04"
      },
      "geometry": {
        "type": "Point",
        "coordinates": [
          8.81249546001016,
          44.749202004622454
        ]
      }
    },
    {
      "type": "Feature",
      "properties": {
        "stato": "APERTA",
        "tipologia": "Valvola a 2 vie",
        "id": 8021,
        "comune": "Novi Ligure",
        "distretto": "DNL04"
      },
      "geometry": {
        "type": "Point",
        "coordinates": [
          8.810696248789828,
          44.748373998805235
        ]
      }
    },
    {
      "type": "Feature",
      "properties": {
        "stato": "APERTA",
        "tipologia": "Valvola a 2 vie",
        "id": 8071,
        "comune": "Novi Ligure",
        "distretto": "DNL01.3"
      },
      "geometry": {
        "type": "Point",
        "coordinates": [
          8.805076195464999,
          44.76545207878623
        ]
      }
    },
    {
      "type": "Feature",
      "properties": {
        "stato": "APERTA",
        "tipologia": "Valvola a 2 vie",
        "id": 8099,
        "comune": "Novi Ligure",
        "distretto": "DNL01.3"
      },
      "geometry": {
        "type": "Point",
        "coordinates": [
          8.805840210687261,
          44.76209768034099
        ]
      }
    },
    {
      "type": "Feature",
      "properties": {
        "stato": "CHIUSA",
        "tipologia": "Valvola a 2 vie",
        "id": 8148,
        "comune": "Novi Ligure",
        "distretto": "DNL02"
      },
      "geometry": {
        "type": "Point",
        "coordinates": [
          8.79090442148994,
          44.75969515990177
        ]
      }
    },
    {
      "type": "Feature",
      "properties": {
        "stato": "CHIUSA",
        "tipologia": "Valvola a 2 vie",
        "id": 8150,
        "comune": "Novi Ligure",
        "distretto": "DNL02"
      },
      "geometry": {
        "type": "Point",
        "coordinates": [
          8.79091777945614,
          44.75969663672335
        ]
      }
    },
    {
      "type": "Feature",
      "properties": {
        "stato": "CHIUSA",
        "tipologia": "Valvola a 2 vie",
        "id": 8151,
        "comune": "Novi Ligure",
        "distretto": "DNL02"
      },
      "geometry": {
        "type": "Point",
        "coordinates": [
          8.790891792820142,
          44.759722617384604
        ]
      }
    },
    {
      "type": "Feature",
      "properties": {
        "stato": "APERTA",
        "tipologia": "Valvola a 2 vie",
        "id": 8153,
        "comune": "Novi Ligure",
        "distretto": "DNL02"
      },
      "geometry": {
        "type": "Point",
        "coordinates": [
          8.79250778048457,
          44.76061557503209
        ]
      }
    },
    {
      "type": "Feature",
      "properties": {
        "stato": "APERTA",
        "tipologia": "Valvola a 2 vie",
        "id": 8155,
        "comune": "Novi Ligure",
        "distretto": "DNL01"
      },
      "geometry": {
        "type": "Point",
        "coordinates": [
          8.79258363573366,
          44.76092439438264
        ]
      }
    },
    {
      "type": "Feature",
      "properties": {
        "stato": "APERTA",
        "tipologia": "Valvola a 2 vie",
        "id": 8158,
        "comune": "Novi Ligure",
        "distretto": "DNL01"
      },
      "geometry": {
        "type": "Point",
        "coordinates": [
          8.796264874786983,
          44.763105527427406
        ]
      }
    },
    {
      "type": "Feature",
      "properties": {
        "stato": "APERTA",
        "tipologia": "Valvola a 2 vie",
        "id": 8159,
        "comune": "Novi Ligure",
        "distretto": "DNL01"
      },
      "geometry": {
        "type": "Point",
        "coordinates": [
          8.79695914643085,
          44.763314997468115
        ]
      }
    },
    {
      "type": "Feature",
      "properties": {
        "stato": "APERTA",
        "tipologia": "Valvola a 2 vie",
        "id": 8238,
        "comune": "Novi Ligure",
        "distretto": "DNL02"
      },
      "geometry": {
        "type": "Point",
        "coordinates": [
          8.743218882266367,
          44.76985210334581
        ]
      }
    },
    {
      "type": "Feature",
      "properties": {
        "stato": "APERTA",
        "tipologia": "Valvola a 2 vie",
        "id": 8239,
        "comune": "Novi Ligure",
        "distretto": "DNL02"
      },
      "geometry": {
        "type": "Point",
        "coordinates": [
          8.743272431818434,
          44.769793087797545
        ]
      }
    },
    {
      "type": "Feature",
      "properties": {
        "stato": "APERTA",
        "tipologia": "Valvola a 2 vie",
        "id": 8240,
        "comune": "Novi Ligure",
        "distretto": null
      },
      "geometry": {
        "type": "Point",
        "coordinates": [
          8.77272631812469,
          44.771333613859596
        ]
      }
    },
    {
      "type": "Feature",
      "properties": {
        "stato": "APERTA",
        "tipologia": "Valvola a 2 vie",
        "id": 8241,
        "comune": "Novi Ligure",
        "distretto": "DNL02"
      },
      "geometry": {
        "type": "Point",
        "coordinates": [
          8.772761463281075,
          44.77131072339702
        ]
      }
    },
    {
      "type": "Feature",
      "properties": {
        "stato": "APERTA",
        "tipologia": "Valvola a 2 vie",
        "id": 8294,
        "comune": "Novi Ligure",
        "distretto": "DNL01.3"
      },
      "geometry": {
        "type": "Point",
        "coordinates": [
          8.805402818131679,
          44.76402933534146
        ]
      }
    },
    {
      "type": "Feature",
      "properties": {
        "stato": "APERTA",
        "tipologia": "Valvola a 2 vie",
        "id": 8295,
        "comune": "Novi Ligure",
        "distretto": "DNL09"
      },
      "geometry": {
        "type": "Point",
        "coordinates": [
          8.763416389086881,
          44.76777939511244
        ]
      }
    },
    {
      "type": "Feature",
      "properties": {
        "stato": "CHIUSA",
        "tipologia": "Valvola a 2 vie",
        "id": 8518,
        "comune": "Novi Ligure",
        "distretto": null
      },
      "geometry": {
        "type": "Point",
        "coordinates": [
          8.759582759817539,
          44.752374265687315
        ]
      }
    },
    {
      "type": "Feature",
      "properties": {
        "stato": "CHIUSA",
        "tipologia": "Valvola a 2 vie",
        "id": 8534,
        "comune": "Novi Ligure",
        "distretto": "DNL02"
      },
      "geometry": {
        "type": "Point",
        "coordinates": [
          8.754902940362618,
          44.780025667673584
        ]
      }
    },
    {
      "type": "Feature",
      "properties": {
        "stato": "APERTA",
        "tipologia": "Valvola a 2 vie",
        "id": 8541,
        "comune": "Novi Ligure",
        "distretto": "DNL05"
      },
      "geometry": {
        "type": "Point",
        "coordinates": [
          8.797263675934449,
          44.73680690897394
        ]
      }
    },
    {
      "type": "Feature",
      "properties": {
        "stato": "APERTA",
        "tipologia": "Valvola a 2 vie",
        "id": 8553,
        "comune": "Novi Ligure",
        "distretto": "DNL02"
      },
      "geometry": {
        "type": "Point",
        "coordinates": [
          8.78103851198961,
          44.76142359342972
        ]
      }
    },
    {
      "type": "Feature",
      "properties": {
        "stato": "APERTA",
        "tipologia": "Valvola a 2 vie",
        "id": 8589,
        "comune": "Novi Ligure",
        "distretto": "DNL02"
      },
      "geometry": {
        "type": "Point",
        "coordinates": [
          8.743286441717226,
          44.79558886775216
        ]
      }
    },
    {
      "type": "Feature",
      "properties": {
        "stato": "APERTA",
        "tipologia": "Valvola a 2 vie",
        "id": 8590,
        "comune": "Novi Ligure",
        "distretto": "DNL02"
      },
      "geometry": {
        "type": "Point",
        "coordinates": [
          8.74332993062634,
          44.79558615479603
        ]
      }
    },
    {
      "type": "Feature",
      "properties": {
        "stato": "APERTA",
        "tipologia": "Valvola a 2 vie",
        "id": 8591,
        "comune": "Novi Ligure",
        "distretto": "DNL02"
      },
      "geometry": {
        "type": "Point",
        "coordinates": [
          8.741189970718366,
          44.793336910838796
        ]
      }
    },
    {
      "type": "Feature",
      "properties": {
        "stato": "APERTA",
        "tipologia": "Valvola a 2 vie",
        "id": 8687,
        "comune": "Novi Ligure",
        "distretto": "DNL01"
      },
      "geometry": {
        "type": "Point",
        "coordinates": [
          8.788474507293794,
          44.767360852350315
        ]
      }
    },
    {
      "type": "Feature",
      "properties": {
        "stato": "APERTA",
        "tipologia": "Valvola a 2 vie",
        "id": 8688,
        "comune": "Novi Ligure",
        "distretto": "DNL01"
      },
      "geometry": {
        "type": "Point",
        "coordinates": [
          8.7892128076439,
          44.76665293117877
        ]
      }
    },
    {
      "type": "Feature",
      "properties": {
        "stato": "APERTA",
        "tipologia": "Valvola a 2 vie",
        "id": 8795,
        "comune": "Novi Ligure",
        "distretto": null
      },
      "geometry": {
        "type": "Point",
        "coordinates": [
          8.828175980982602,
          44.737964802910966
        ]
      }
    },
    {
      "type": "Feature",
      "properties": {
        "stato": "CHIUSA",
        "tipologia": "Valvola a 2 vie",
        "id": 8796,
        "comune": "Novi Ligure",
        "distretto": null
      },
      "geometry": {
        "type": "Point",
        "coordinates": [
          8.828182256446171,
          44.737965739074376
        ]
      }
    },
    {
      "type": "Feature",
      "properties": {
        "stato": "APERTA",
        "tipologia": "Valvola a 2 vie",
        "id": 8995,
        "comune": "Novi Ligure",
        "distretto": "DNL01"
      },
      "geometry": {
        "type": "Point",
        "coordinates": [
          8.783647600474097,
          44.76728336707348
        ]
      }
    },
    {
      "type": "Feature",
      "properties": {
        "stato": "APERTA",
        "tipologia": "Valvola a 2 vie",
        "id": 8996,
        "comune": "Novi Ligure",
        "distretto": "DNL01"
      },
      "geometry": {
        "type": "Point",
        "coordinates": [
          8.784088102001414,
          44.76715282827959
        ]
      }
    },
    {
      "type": "Feature",
      "properties": {
        "stato": "APERTA",
        "tipologia": "Valvola a 2 vie",
        "id": 8997,
        "comune": "Novi Ligure",
        "distretto": "DNL06"
      },
      "geometry": {
        "type": "Point",
        "coordinates": [
          8.79179119846038,
          44.730462530391215
        ]
      }
    },
    {
      "type": "Feature",
      "properties": {
        "stato": "APERTA",
        "tipologia": "Valvola a 2 vie",
        "id": 8998,
        "comune": "Novi Ligure",
        "distretto": "DNL06"
      },
      "geometry": {
        "type": "Point",
        "coordinates": [
          8.791721980804727,
          44.73050197231042
        ]
      }
    },
    {
      "type": "Feature",
      "properties": {
        "stato": "CHIUSA",
        "tipologia": "Valvola a 2 vie",
        "id": 8999,
        "comune": "Novi Ligure",
        "distretto": "DNL06"
      },
      "geometry": {
        "type": "Point",
        "coordinates": [
          8.79171455774665,
          44.73050811381516
        ]
      }
    },
    {
      "type": "Feature",
      "properties": {
        "stato": "APERTA",
        "tipologia": "Valvola a 2 vie",
        "id": 9001,
        "comune": "Novi Ligure",
        "distretto": "DNL02"
      },
      "geometry": {
        "type": "Point",
        "coordinates": [
          8.782442978186946,
          44.75986351244367
        ]
      }
    },
    {
      "type": "Feature",
      "properties": {
        "stato": "APERTA",
        "tipologia": "Valvola a 2 vie",
        "id": 9002,
        "comune": "Novi Ligure",
        "distretto": "DNL02"
      },
      "geometry": {
        "type": "Point",
        "coordinates": [
          8.782518446100022,
          44.75985110104553
        ]
      }
    },
    {
      "type": "Feature",
      "properties": {
        "stato": "APERTA",
        "tipologia": "Valvola a 2 vie",
        "id": 9003,
        "comune": "Novi Ligure",
        "distretto": "DNL02"
      },
      "geometry": {
        "type": "Point",
        "coordinates": [
          8.783073958621827,
          44.761809502724425
        ]
      }
    },
    {
      "type": "Feature",
      "properties": {
        "stato": "APERTA",
        "tipologia": "Valvola a 2 vie",
        "id": 9004,
        "comune": "Novi Ligure",
        "distretto": "DNL02"
      },
      "geometry": {
        "type": "Point",
        "coordinates": [
          8.783073362727647,
          44.76178037368975
        ]
      }
    },
    {
      "type": "Feature",
      "properties": {
        "stato": "APERTA",
        "tipologia": "Valvola a 2 vie",
        "id": 9005,
        "comune": "Novi Ligure",
        "distretto": "DNL02"
      },
      "geometry": {
        "type": "Point",
        "coordinates": [
          8.783097980351565,
          44.76179473329506
        ]
      }
    },
    {
      "type": "Feature",
      "properties": {
        "stato": "APERTA",
        "tipologia": "Valvola a 2 vie",
        "id": 9006,
        "comune": "Novi Ligure",
        "distretto": "DNL02"
      },
      "geometry": {
        "type": "Point",
        "coordinates": [
          8.783181418926024,
          44.76219615368892
        ]
      }
    },
    {
      "type": "Feature",
      "properties": {
        "stato": "APERTA",
        "tipologia": "Valvola a 2 vie",
        "id": 9007,
        "comune": "Novi Ligure",
        "distretto": "DNL02"
      },
      "geometry": {
        "type": "Point",
        "coordinates": [
          8.783290074262947,
          44.7621692408362
        ]
      }
    },
    {
      "type": "Feature",
      "properties": {
        "stato": "APERTA",
        "tipologia": "Valvola a 2 vie",
        "id": 9008,
        "comune": "Novi Ligure",
        "distretto": "DNL02"
      },
      "geometry": {
        "type": "Point",
        "coordinates": [
          8.783249040103273,
          44.762209339380604
        ]
      }
    },
    {
      "type": "Feature",
      "properties": {
        "stato": "APERTA",
        "tipologia": "Valvola a 2 vie",
        "id": 9009,
        "comune": "Novi Ligure",
        "distretto": "DNL02"
      },
      "geometry": {
        "type": "Point",
        "coordinates": [
          8.790803246626027,
          44.759500490311815
        ]
      }
    },
    {
      "type": "Feature",
      "properties": {
        "stato": "APERTA",
        "tipologia": "Valvola a 2 vie",
        "id": 9010,
        "comune": "Novi Ligure",
        "distretto": "DNL02"
      },
      "geometry": {
        "type": "Point",
        "coordinates": [
          8.789788948725588,
          44.75972711038378
        ]
      }
    },
    {
      "type": "Feature",
      "properties": {
        "stato": "APERTA",
        "tipologia": "Valvola a 2 vie",
        "id": 9011,
        "comune": "Novi Ligure",
        "distretto": "DNL02"
      },
      "geometry": {
        "type": "Point",
        "coordinates": [
          8.78982527715868,
          44.75914298735881
        ]
      }
    },
    {
      "type": "Feature",
      "properties": {
        "stato": "APERTA",
        "tipologia": "Valvola a 2 vie",
        "id": 9012,
        "comune": "Novi Ligure",
        "distretto": "DNL02"
      },
      "geometry": {
        "type": "Point",
        "coordinates": [
          8.789670990477736,
          44.758725997745714
        ]
      }
    },
    {
      "type": "Feature",
      "properties": {
        "stato": "APERTA",
        "tipologia": "Valvola a 2 vie",
        "id": 9013,
        "comune": "Novi Ligure",
        "distretto": "DNL02"
      },
      "geometry": {
        "type": "Point",
        "coordinates": [
          8.789016657977845,
          44.75985274424928
        ]
      }
    },
    {
      "type": "Feature",
      "properties": {
        "stato": "APERTA",
        "tipologia": "Valvola a 2 vie",
        "id": 9024,
        "comune": "Novi Ligure",
        "distretto": "DNL01"
      },
      "geometry": {
        "type": "Point",
        "coordinates": [
          8.781994871364292,
          44.76599838001913
        ]
      }
    },
    {
      "type": "Feature",
      "properties": {
        "stato": "APERTA",
        "tipologia": "Valvola a 2 vie",
        "id": 9025,
        "comune": "Novi Ligure",
        "distretto": "DNL02"
      },
      "geometry": {
        "type": "Point",
        "coordinates": [
          8.78195554335575,
          44.76596108330316
        ]
      }
    },
    {
      "type": "Feature",
      "properties": {
        "stato": "CHIUSA",
        "tipologia": "Valvola a 2 vie",
        "id": 9026,
        "comune": "Novi Ligure",
        "distretto": null
      },
      "geometry": {
        "type": "Point",
        "coordinates": [
          8.781957795123159,
          44.765982130255516
        ]
      }
    },
    {
      "type": "Feature",
      "properties": {
        "stato": "APERTA",
        "tipologia": "Valvola a 2 vie",
        "id": 9027,
        "comune": "Novi Ligure",
        "distretto": "DNL01"
      },
      "geometry": {
        "type": "Point",
        "coordinates": [
          8.78394266147385,
          44.768102159357845
        ]
      }
    },
    {
      "type": "Feature",
      "properties": {
        "stato": "APERTA",
        "tipologia": "Valvola a 2 vie",
        "id": 9028,
        "comune": "Novi Ligure",
        "distretto": "DNL01.1"
      },
      "geometry": {
        "type": "Point",
        "coordinates": [
          8.783930532116923,
          44.768077270246664
        ]
      }
    },
    {
      "type": "Feature",
      "properties": {
        "stato": "CHIUSA",
        "tipologia": "Valvola a 2 vie",
        "id": 9029,
        "comune": "Novi Ligure",
        "distretto": "DNL01.1"
      },
      "geometry": {
        "type": "Point",
        "coordinates": [
          8.783941525092413,
          44.76808775687002
        ]
      }
    },
    {
      "type": "Feature",
      "properties": {
        "stato": "APERTA",
        "tipologia": "Valvola a 2 vie",
        "id": 9030,
        "comune": "Novi Ligure",
        "distretto": "DNL01.2"
      },
      "geometry": {
        "type": "Point",
        "coordinates": [
          8.790173213797413,
          44.76771690334547
        ]
      }
    },
    {
      "type": "Feature",
      "properties": {
        "stato": "APERTA",
        "tipologia": "Valvola a 2 vie",
        "id": 9031,
        "comune": "Novi Ligure",
        "distretto": "DNL01.2"
      },
      "geometry": {
        "type": "Point",
        "coordinates": [
          8.790189213101492,
          44.767732522609435
        ]
      }
    },
    {
      "type": "Feature",
      "properties": {
        "stato": "APERTA",
        "tipologia": "Valvola a 2 vie",
        "id": 9032,
        "comune": "Novi Ligure",
        "distretto": "DNL01.4"
      },
      "geometry": {
        "type": "Point",
        "coordinates": [
          8.783960829627938,
          44.76849792007564
        ]
      }
    },
    {
      "type": "Feature",
      "properties": {
        "stato": "APERTA",
        "tipologia": "Valvola a 2 vie",
        "id": 9033,
        "comune": "Novi Ligure",
        "distretto": "DNL01"
      },
      "geometry": {
        "type": "Point",
        "coordinates": [
          8.783948802274558,
          44.76847648444938
        ]
      }
    },
    {
      "type": "Feature",
      "properties": {
        "stato": "CHIUSA",
        "tipologia": "Valvola a 2 vie",
        "id": 9034,
        "comune": "Novi Ligure",
        "distretto": "DNL01.4"
      },
      "geometry": {
        "type": "Point",
        "coordinates": [
          8.783961703967911,
          44.76848483848859
        ]
      }
    },
    {
      "type": "Feature",
      "properties": {
        "stato": "APERTA",
        "tipologia": "Valvola a 2 vie",
        "id": 9035,
        "comune": "Novi Ligure",
        "distretto": "DNL01"
      },
      "geometry": {
        "type": "Point",
        "coordinates": [
          8.789167648819406,
          44.78206720762412
        ]
      }
    },
    {
      "type": "Feature",
      "properties": {
        "stato": "APERTA",
        "tipologia": "Valvola a 2 vie",
        "id": 9036,
        "comune": "Novi Ligure",
        "distretto": "DNL01"
      },
      "geometry": {
        "type": "Point",
        "coordinates": [
          8.789167640203896,
          44.782020984003914
        ]
      }
    },
    {
      "type": "Feature",
      "properties": {
        "stato": "CHIUSA",
        "tipologia": "Valvola a 2 vie",
        "id": 9037,
        "comune": "Novi Ligure",
        "distretto": "DNL01"
      },
      "geometry": {
        "type": "Point",
        "coordinates": [
          8.789177172593753,
          44.7820437420597
        ]
      }
    },
    {
      "type": "Feature",
      "properties": {
        "stato": "CHIUSA",
        "tipologia": "Valvola a 2 vie",
        "id": 9038,
        "comune": "Novi Ligure",
        "distretto": "DNL01"
      },
      "geometry": {
        "type": "Point",
        "coordinates": [
          8.799634307394035,
          44.76930653488143
        ]
      }
    },
    {
      "type": "Feature",
      "properties": {
        "stato": "APERTA",
        "tipologia": "Valvola a 2 vie",
        "id": 9039,
        "comune": "Novi Ligure",
        "distretto": "DNL01"
      },
      "geometry": {
        "type": "Point",
        "coordinates": [
          8.799633298630656,
          44.76929286698096
        ]
      }
    },
    {
      "type": "Feature",
      "properties": {
        "stato": "APERTA",
        "tipologia": "Valvola a 2 vie",
        "id": 9040,
        "comune": "Novi Ligure",
        "distretto": "DNL01"
      },
      "geometry": {
        "type": "Point",
        "coordinates": [
          8.799651202698932,
          44.76930681527618
        ]
      }
    },
    {
      "type": "Feature",
      "properties": {
        "stato": "APERTA",
        "tipologia": "Valvola a 2 vie",
        "id": 9043,
        "comune": "Novi Ligure",
        "distretto": "DNL01.3"
      },
      "geometry": {
        "type": "Point",
        "coordinates": [
          8.804993131784585,
          44.76581481559635
        ]
      }
    },
    {
      "type": "Feature",
      "properties": {
        "stato": "APERTA",
        "tipologia": "Valvola a 2 vie",
        "id": 9044,
        "comune": "Novi Ligure",
        "distretto": "DNL01.3"
      },
      "geometry": {
        "type": "Point",
        "coordinates": [
          8.804999145486084,
          44.76579019179629
        ]
      }
    },
    {
      "type": "Feature",
      "properties": {
        "stato": "CHIUSA",
        "tipologia": "Valvola a 2 vie",
        "id": 9045,
        "comune": "Novi Ligure",
        "distretto": "DNL01.3"
      },
      "geometry": {
        "type": "Point",
        "coordinates": [
          8.804986823477515,
          44.76580206756785
        ]
      }
    },
    {
      "type": "Feature",
      "properties": {
        "stato": "APERTA",
        "tipologia": "Valvola a 2 vie",
        "id": 9048,
        "comune": "Novi Ligure",
        "distretto": "DNL08.1"
      },
      "geometry": {
        "type": "Point",
        "coordinates": [
          8.819897106406787,
          44.76672758526319
        ]
      }
    },
    {
      "type": "Feature",
      "properties": {
        "stato": "APERTA",
        "tipologia": "Valvola a 2 vie",
        "id": 9049,
        "comune": "Novi Ligure",
        "distretto": "DNL01"
      },
      "geometry": {
        "type": "Point",
        "coordinates": [
          8.838779608505309,
          44.76601661122927
        ]
      }
    },
    {
      "type": "Feature",
      "properties": {
        "stato": "APERTA",
        "tipologia": "Valvola a 2 vie",
        "id": 9050,
        "comune": "Novi Ligure",
        "distretto": "DNL01"
      },
      "geometry": {
        "type": "Point",
        "coordinates": [
          8.83875684921619,
          44.765952887303904
        ]
      }
    },
    {
      "type": "Feature",
      "properties": {
        "stato": "APERTA",
        "tipologia": "Valvola a 2 vie",
        "id": 9051,
        "comune": "Novi Ligure",
        "distretto": "DNL08.2"
      },
      "geometry": {
        "type": "Point",
        "coordinates": [
          8.83866935910116,
          44.76592127217995
        ]
      }
    },
    {
      "type": "Feature",
      "properties": {
        "stato": "APERTA",
        "tipologia": "Valvola a 2 vie",
        "id": 9052,
        "comune": "Novi Ligure",
        "distretto": "DNL10"
      },
      "geometry": {
        "type": "Point",
        "coordinates": [
          8.819509622706937,
          44.750570555710944
        ]
      }
    },
    {
      "type": "Feature",
      "properties": {
        "stato": "APERTA",
        "tipologia": "Valvola a 2 vie",
        "id": 9053,
        "comune": "Novi Ligure",
        "distretto": "DNL10"
      },
      "geometry": {
        "type": "Point",
        "coordinates": [
          8.808788961335319,
          44.75224888184149
        ]
      }
    },
    {
      "type": "Feature",
      "properties": {
        "stato": "APERTA",
        "tipologia": "Valvola a 2 vie",
        "id": 9054,
        "comune": "Novi Ligure",
        "distretto": "DNL01.3"
      },
      "geometry": {
        "type": "Point",
        "coordinates": [
          8.808758437174893,
          44.752227433878275
        ]
      }
    },
    {
      "type": "Feature",
      "properties": {
        "stato": "APERTA",
        "tipologia": "Valvola a 2 vie",
        "id": 9055,
        "comune": "Novi Ligure",
        "distretto": "DNL02"
      },
      "geometry": {
        "type": "Point",
        "coordinates": [
          8.793690547977064,
          44.7599934170811
        ]
      }
    },
    {
      "type": "Feature",
      "properties": {
        "stato": "APERTA",
        "tipologia": "Valvola a 2 vie",
        "id": 9056,
        "comune": "Novi Ligure",
        "distretto": "DNL01.3"
      },
      "geometry": {
        "type": "Point",
        "coordinates": [
          8.793712436927091,
          44.75998843845769
        ]
      }
    },
    {
      "type": "Feature",
      "properties": {
        "stato": "CHIUSA",
        "tipologia": "Valvola a 2 vie",
        "id": 9057,
        "comune": "Novi Ligure",
        "distretto": "DNL02"
      },
      "geometry": {
        "type": "Point",
        "coordinates": [
          8.793705371420492,
          44.75999737918556
        ]
      }
    },
    {
      "type": "Feature",
      "properties": {
        "stato": "APERTA",
        "tipologia": "Valvola a 2 vie",
        "id": 9058,
        "comune": "Novi Ligure",
        "distretto": "DNL10"
      },
      "geometry": {
        "type": "Point",
        "coordinates": [
          8.808465999694898,
          44.75847781668076
        ]
      }
    },
    {
      "type": "Feature",
      "properties": {
        "stato": "APERTA",
        "tipologia": "Valvola a 2 vie",
        "id": 9059,
        "comune": "Novi Ligure",
        "distretto": "DNL04"
      },
      "geometry": {
        "type": "Point",
        "coordinates": [
          8.828154008693817,
          44.7380027073023
        ]
      }
    },
    {
      "type": "Feature",
      "properties": {
        "stato": "APERTA",
        "tipologia": "Valvola a 2 vie",
        "id": 9061,
        "comune": "Novi Ligure",
        "distretto": "DNL08.2"
      },
      "geometry": {
        "type": "Point",
        "coordinates": [
          8.838681522503203,
          44.76591363637764
        ]
      }
    },
    {
      "type": "Feature",
      "properties": {
        "stato": "APERTA",
        "tipologia": "Valvola a 2 vie",
        "id": 9156,
        "comune": "Novi Ligure",
        "distretto": null
      },
      "geometry": {
        "type": "Point",
        "coordinates": [
          8.787386384174013,
          44.770937414252145
        ]
      }
    },
    {
      "type": "Feature",
      "properties": {
        "stato": "APERTA",
        "tipologia": "Valvola a 2 vie",
        "id": 9158,
        "comune": "Novi Ligure",
        "distretto": "DNL09"
      },
      "geometry": {
        "type": "Point",
        "coordinates": [
          8.763249803184426,
          44.77034346785726
        ]
      }
    },
    {
      "type": "Feature",
      "properties": {
        "stato": "APERTA",
        "tipologia": "Valvola a 2 vie",
        "id": 9159,
        "comune": "Novi Ligure",
        "distretto": null
      },
      "geometry": {
        "type": "Point",
        "coordinates": [
          8.772719200027572,
          44.77133764315268
        ]
      }
    },
    {
      "type": "Feature",
      "properties": {
        "stato": "APERTA",
        "tipologia": "Valvola a 2 vie",
        "id": 9160,
        "comune": "Novi Ligure",
        "distretto": "DNL09"
      },
      "geometry": {
        "type": "Point",
        "coordinates": [
          8.772701845349616,
          44.77131920537622
        ]
      }
    },
    {
      "type": "Feature",
      "properties": {
        "stato": "APERTA",
        "tipologia": "Valvola a 2 vie",
        "id": 9161,
        "comune": "Novi Ligure",
        "distretto": null
      },
      "geometry": {
        "type": "Point",
        "coordinates": [
          8.76936959490999,
          44.77180971819805
        ]
      }
    },
    {
      "type": "Feature",
      "properties": {
        "stato": "CHIUSA",
        "tipologia": "Valvola a 2 vie",
        "id": 9175,
        "comune": "Novi Ligure",
        "distretto": null
      },
      "geometry": {
        "type": "Point",
        "coordinates": [
          8.775325947975395,
          44.77960706211142
        ]
      }
    },
    {
      "type": "Feature",
      "properties": {
        "stato": "APERTA",
        "tipologia": "Valvola a 2 vie",
        "id": 9176,
        "comune": "Novi Ligure",
        "distretto": null
      },
      "geometry": {
        "type": "Point",
        "coordinates": [
          8.775347683122133,
          44.77963008301845
        ]
      }
    },
    {
      "type": "Feature",
      "properties": {
        "stato": "APERTA",
        "tipologia": "Valvola a 2 vie",
        "id": 9177,
        "comune": "Novi Ligure",
        "distretto": null
      },
      "geometry": {
        "type": "Point",
        "coordinates": [
          8.775345658629547,
          44.7795811941474
        ]
      }
    },
    {
      "type": "Feature",
      "properties": {
        "stato": "APERTA",
        "tipologia": "Valvola a 2 vie",
        "id": 9179,
        "comune": "Novi Ligure",
        "distretto": null
      },
      "geometry": {
        "type": "Point",
        "coordinates": [
          8.768962982094527,
          44.77626811532882
        ]
      }
    },
    {
      "type": "Feature",
      "properties": {
        "stato": "APERTA",
        "tipologia": "Valvola a 2 vie",
        "id": 9180,
        "comune": "Novi Ligure",
        "distretto": null
      },
      "geometry": {
        "type": "Point",
        "coordinates": [
          8.768988819866484,
          44.77624833899808
        ]
      }
    },
    {
      "type": "Feature",
      "properties": {
        "stato": "APERTA",
        "tipologia": "Valvola a 2 vie",
        "id": 9187,
        "comune": "Novi Ligure",
        "distretto": null
      },
      "geometry": {
        "type": "Point",
        "coordinates": [
          8.784258532657779,
          44.77385414831686
        ]
      }
    },
    {
      "type": "Feature",
      "properties": {
        "stato": "APERTA",
        "tipologia": "Valvola a 2 vie",
        "id": 9213,
        "comune": "Novi Ligure",
        "distretto": null
      },
      "geometry": {
        "type": "Point",
        "coordinates": [
          8.804403261126408,
          44.76795646178242
        ]
      }
    },
    {
      "type": "Feature",
      "properties": {
        "stato": "APERTA",
        "tipologia": "Valvola a 2 vie",
        "id": 9221,
        "comune": "Novi Ligure",
        "distretto": null
      },
      "geometry": {
        "type": "Point",
        "coordinates": [
          8.785816736771256,
          44.758537750873906
        ]
      }
    },
    {
      "type": "Feature",
      "properties": {
        "stato": "CHIUSA",
        "tipologia": "Valvola a 2 vie",
        "id": 9222,
        "comune": "Novi Ligure",
        "distretto": null
      },
      "geometry": {
        "type": "Point",
        "coordinates": [
          8.791672844648808,
          44.73059315359589
        ]
      }
    },
    {
      "type": "Feature",
      "properties": {
        "stato": "APERTA",
        "tipologia": "Valvola a 2 vie",
        "id": 9223,
        "comune": "Novi Ligure",
        "distretto": null
      },
      "geometry": {
        "type": "Point",
        "coordinates": [
          8.791660998739962,
          44.73061030880009
        ]
      }
    },
    {
      "type": "Feature",
      "properties": {
        "stato": "APERTA",
        "tipologia": "Valvola a 2 vie",
        "id": 9224,
        "comune": "Novi Ligure",
        "distretto": null
      },
      "geometry": {
        "type": "Point",
        "coordinates": [
          8.791668517305622,
          44.730573712081686
        ]
      }
    },
    {
      "type": "Feature",
      "properties": {
        "stato": "APERTA",
        "tipologia": "Valvola a 2 vie",
        "id": 9229,
        "comune": "Novi Ligure",
        "distretto": null
      },
      "geometry": {
        "type": "Point",
        "coordinates": [
          8.790876950989244,
          44.76195125970969
        ]
      }
    },
    {
      "type": "Feature",
      "properties": {
        "stato": "APERTA",
        "tipologia": "Valvola a 2 vie",
        "id": 9230,
        "comune": "Novi Ligure",
        "distretto": null
      },
      "geometry": {
        "type": "Point",
        "coordinates": [
          8.79039812370851,
          44.76228633087126
        ]
      }
    },
    {
      "type": "Feature",
      "properties": {
        "stato": "CHIUSA",
        "tipologia": "Valvola a 2 vie",
        "id": 9238,
        "comune": "Novi Ligure",
        "distretto": null
      },
      "geometry": {
        "type": "Point",
        "coordinates": [
          8.812406824131942,
          44.766854743008814
        ]
      }
    },
    {
      "type": "Feature",
      "properties": {
        "stato": "CHIUSA",
        "tipologia": "Valvola a 2 vie",
        "id": 9239,
        "comune": "Novi Ligure",
        "distretto": null
      },
      "geometry": {
        "type": "Point",
        "coordinates": [
          8.812418275687506,
          44.766828499564355
        ]
      }
    },
    {
      "type": "Feature",
      "properties": {
        "stato": "APERTA",
        "tipologia": "Valvola a 2 vie",
        "id": 9240,
        "comune": "Novi Ligure",
        "distretto": null
      },
      "geometry": {
        "type": "Point",
        "coordinates": [
          8.81241308657639,
          44.76684763078658
        ]
      }
    },
    {
      "type": "Feature",
      "properties": {
        "stato": "APERTA",
        "tipologia": "Valvola a 2 vie",
        "id": 9241,
        "comune": "Novi Ligure",
        "distretto": null
      },
      "geometry": {
        "type": "Point",
        "coordinates": [
          8.812424290909725,
          44.76682267534212
        ]
      }
    },
    {
      "type": "Feature",
      "properties": {
        "stato": "APERTA",
        "tipologia": "Valvola a 2 vie",
        "id": 9272,
        "comune": "Novi Ligure",
        "distretto": null
      },
      "geometry": {
        "type": "Point",
        "coordinates": [
          8.748644120250951,
          44.774632029321985
        ]
      }
    },
    {
      "type": "Feature",
      "properties": {
        "stato": "APERTA",
        "tipologia": "Valvola a 2 vie",
        "id": 9291,
        "comune": "Novi Ligure",
        "distretto": null
      },
      "geometry": {
        "type": "Point",
        "coordinates": [
          8.800061673009125,
          44.76820076598634
        ]
      }
    },
    {
      "type": "Feature",
      "properties": {
        "stato": "CHIUSA",
        "tipologia": "Valvola a 2 vie",
        "id": 9292,
        "comune": "Novi Ligure",
        "distretto": null
      },
      "geometry": {
        "type": "Point",
        "coordinates": [
          8.789843387234969,
          44.77218590609927
        ]
      }
    },
    {
      "type": "Feature",
      "properties": {
        "stato": "APERTA",
        "tipologia": "Valvola a 2 vie",
        "id": 9293,
        "comune": "Novi Ligure",
        "distretto": null
      },
      "geometry": {
        "type": "Point",
        "coordinates": [
          8.788275836379249,
          44.768486072421524
        ]
      }
    },
    {
      "type": "Feature",
      "properties": {
        "stato": "APERTA",
        "tipologia": "Valvola a 2 vie",
        "id": 9294,
        "comune": "Novi Ligure",
        "distretto": "DNL01.2"
      },
      "geometry": {
        "type": "Point",
        "coordinates": [
          8.78816357268437,
          44.768383054806165
        ]
      }
    },
    {
      "type": "Feature",
      "properties": {
        "stato": "APERTA",
        "tipologia": "Valvola a 2 vie",
        "id": 9295,
        "comune": "Novi Ligure",
        "distretto": "DNL01.2"
      },
      "geometry": {
        "type": "Point",
        "coordinates": [
          8.798139387854187,
          44.76803409039748
        ]
      }
    },
    {
      "type": "Feature",
      "properties": {
        "stato": "APERTA",
        "tipologia": "Valvola a 2 vie",
        "id": 9296,
        "comune": "Novi Ligure",
        "distretto": null
      },
      "geometry": {
        "type": "Point",
        "coordinates": [
          8.790957358793086,
          44.77070487121512
        ]
      }
    },
    {
      "type": "Feature",
      "properties": {
        "stato": "APERTA",
        "tipologia": "Valvola a 2 vie",
        "id": 9299,
        "comune": "Novi Ligure",
        "distretto": null
      },
      "geometry": {
        "type": "Point",
        "coordinates": [
          8.807284898645168,
          44.76578330639091
        ]
      }
    },
    {
      "type": "Feature",
      "properties": {
        "stato": "APERTA",
        "tipologia": "Valvola a 2 vie",
        "id": 9300,
        "comune": "Novi Ligure",
        "distretto": null
      },
      "geometry": {
        "type": "Point",
        "coordinates": [
          8.807307376827715,
          44.76572542400785
        ]
      }
    },
    {
      "type": "Feature",
      "properties": {
        "stato": "APERTA",
        "tipologia": "Valvola a 2 vie",
        "id": 9302,
        "comune": "Novi Ligure",
        "distretto": null
      },
      "geometry": {
        "type": "Point",
        "coordinates": [
          8.839384591985594,
          44.76227600229649
        ]
      }
    },
    {
      "type": "Feature",
      "properties": {
        "stato": "APERTA",
        "tipologia": "Valvola a 2 vie",
        "id": 9310,
        "comune": "Novi Ligure",
        "distretto": null
      },
      "geometry": {
        "type": "Point",
        "coordinates": [
          8.804354793250173,
          44.7679245348162
        ]
      }
    },
    {
      "type": "Feature",
      "properties": {
        "stato": "APERTA",
        "tipologia": "Valvola a 2 vie",
        "id": 9313,
        "comune": "Novi Ligure",
        "distretto": null
      },
      "geometry": {
        "type": "Point",
        "coordinates": [
          8.803616923870909,
          44.76684092720577
        ]
      }
    },
    {
      "type": "Feature",
      "properties": {
        "stato": "APERTA",
        "tipologia": "Valvola a 2 vie",
        "id": 9317,
        "comune": "Novi Ligure",
        "distretto": null
      },
      "geometry": {
        "type": "Point",
        "coordinates": [
          8.834214107993594,
          44.79605194068244
        ]
      }
    },
    {
      "type": "Feature",
      "properties": {
        "stato": "APERTA",
        "tipologia": "Valvola a 2 vie",
        "id": 9318,
        "comune": "Novi Ligure",
        "distretto": null
      },
      "geometry": {
        "type": "Point",
        "coordinates": [
          8.847804516136568,
          44.748828846702466
        ]
      }
    },
    {
      "type": "Feature",
      "properties": {
        "stato": "APERTA",
        "tipologia": "Valvola a 2 vie",
        "id": 9319,
        "comune": "Novi Ligure",
        "distretto": "DNL01.2"
      },
      "geometry": {
        "type": "Point",
        "coordinates": [
          8.79985100163035,
          44.768412414747765
        ]
      }
    },
    {
      "type": "Feature",
      "properties": {
        "stato": "APERTA",
        "tipologia": "Valvola a 2 vie",
        "id": 9320,
        "comune": "Novi Ligure",
        "distretto": null
      },
      "geometry": {
        "type": "Point",
        "coordinates": [
          8.807212919936438,
          44.76647053524984
        ]
      }
    },
    {
      "type": "Feature",
      "properties": {
        "stato": "APERTA",
        "tipologia": "Valvola a 2 vie",
        "id": 9321,
        "comune": "Novi Ligure",
        "distretto": null
      },
      "geometry": {
        "type": "Point",
        "coordinates": [
          8.809339301934482,
          44.76633925008804
        ]
      }
    }
  ]
}
