{"type":"FeatureCollection", "features": [
{"type":"Feature","geometry":{"type":"Point","coordinates":[14.200458410772306,41.85406804337621]},"properties":{"TIPO":"FONTANA","DEMOPERA":"","FOTO":"","QUOTA":0,"VIA":"","COPERTURA":"ASFALTO","CHIUSINO":"GHISA","DIM_CHIUS":"","NOTE_":"fontana","DIAMETRO":"","OBJECTID":null,"CODICE":"","Z_OBJECTI":null,"Z_CHGCODE":1,"PREV":"0","NEXT":"0","TRACE":0,"MATERIALE":"","STATTUAL":"","TIPOLOGICO":3,"DIAMETRO1":0,"DIAMETRO2":0,"ANGOLO":0,"DATAMODIF":20081126,"ID":"0032525086769000","PATH":"","MODELLO":"http://integragis/ato3peligno/modellazione.asp?cod_tr=0032525086769000","STATON":null,"COMUNE":"","CAPACITA":"","COD_ISTAT":null,"ANNO_POSA":null,"PRODUZIONE":null,"COD_RETI":null}},
{"type":"Feature","geometry":{"type":"Point","coordinates":[14.199649813249465,41.85400421643638]},"properties":{"TIPO":"FONTANA","DEMOPERA":"","FOTO":"","QUOTA":0,"VIA":"","COPERTURA":"ASFALTO","CHIUSINO":"GHISA","DIM_CHIUS":"","NOTE_":"fontana","DIAMETRO":"","OBJECTID":null,"CODICE":"","Z_OBJECTI":null,"Z_CHGCODE":1,"PREV":"0","NEXT":"0","TRACE":0,"MATERIALE":"","STATTUAL":"","TIPOLOGICO":3,"DIAMETRO1":0,"DIAMETRO2":0,"ANGOLO":0,"DATAMODIF":20081126,"ID":"0032525086804000","PATH":"","MODELLO":"http://integragis/ato3peligno/modellazione.asp?cod_tr=0032525086804000","STATON":null,"COMUNE":"","CAPACITA":"","COD_ISTAT":null,"ANNO_POSA":null,"PRODUZIONE":null,"COD_RETI":null}},
{"type":"Feature","geometry":{"type":"Point","coordinates":[14.174740166790803,41.86106990227739]},"properties":{"TIPO":"FONTANA","DEMOPERA":"","FOTO":"","QUOTA":0,"VIA":"","COPERTURA":"ASFALTO","CHIUSINO":"GHISA","DIM_CHIUS":"","NOTE_":"FONTANA","DIAMETRO":"","OBJECTID":null,"CODICE":"","Z_OBJECTI":null,"Z_CHGCODE":1,"PREV":"0","NEXT":"0032525092005000","TRACE":0,"MATERIALE":"","STATTUAL":"","TIPOLOGICO":3,"DIAMETRO1":0,"DIAMETRO2":0,"ANGOLO":0,"DATAMODIF":20081126,"ID":"0032525086852000","PATH":"","MODELLO":"http://integragis/ato3peligno/modellazione.asp?cod_tr=0032525086852000","STATON":null,"COMUNE":"","CAPACITA":"","COD_ISTAT":null,"ANNO_POSA":null,"PRODUZIONE":null,"COD_RETI":null}},
{"type":"Feature","geometry":{"type":"Point","coordinates":[13.941941815637437,41.76538311187674]},"properties":{"TIPO":"FONTANA","DEMOPERA":"","FOTO":"","QUOTA":0,"VIA":"","COPERTURA":"ASFALTO","CHIUSINO":"GHISA","DIM_CHIUS":"","NOTE_":"","DIAMETRO":"","OBJECTID":null,"CODICE":"","Z_OBJECTI":null,"Z_CHGCODE":1,"PREV":"0","NEXT":"0","TRACE":0,"MATERIALE":"","STATTUAL":"","TIPOLOGICO":3,"DIAMETRO1":0,"DIAMETRO2":0,"ANGOLO":0,"DATAMODIF":20081202,"ID":"0032593255515000","PATH":"","MODELLO":"http://integragis/ato3peligno/modellazione.asp?cod_tr=0032593255515000","STATON":null,"COMUNE":"","CAPACITA":"","COD_ISTAT":null,"ANNO_POSA":null,"PRODUZIONE":null,"COD_RETI":null}},
{"type":"Feature","geometry":{"type":"Point","coordinates":[13.941082891790348,41.7654855117855]},"properties":{"TIPO":"FONTANA","DEMOPERA":"","FOTO":"","QUOTA":0,"VIA":"","COPERTURA":"ASFALTO","CHIUSINO":"GHISA","DIM_CHIUS":"","NOTE_":"","DIAMETRO":"","OBJECTID":null,"CODICE":"","Z_OBJECTI":null,"Z_CHGCODE":1,"PREV":"0","NEXT":"0","TRACE":0,"MATERIALE":"","STATTUAL":"","TIPOLOGICO":3,"DIAMETRO1":0,"DIAMETRO2":0,"ANGOLO":0,"DATAMODIF":20081202,"ID":"0032593255517000","PATH":"","MODELLO":"http://integragis/ato3peligno/modellazione.asp?cod_tr=0032593255517000","STATON":null,"COMUNE":"","CAPACITA":"","COD_ISTAT":null,"ANNO_POSA":null,"PRODUZIONE":null,"COD_RETI":null}},
{"type":"Feature","geometry":{"type":"Point","coordinates":[13.941469213698413,41.765717070596544]},"properties":{"TIPO":"FONTANA","DEMOPERA":"","FOTO":"","QUOTA":0,"VIA":"","COPERTURA":"ASFALTO","CHIUSINO":"GHISA","DIM_CHIUS":"","NOTE_":"","DIAMETRO":"","OBJECTID":null,"CODICE":"","Z_OBJECTI":null,"Z_CHGCODE":1,"PREV":"0","NEXT":"0","TRACE":0,"MATERIALE":"","STATTUAL":"","TIPOLOGICO":3,"DIAMETRO1":0,"DIAMETRO2":0,"ANGOLO":0,"DATAMODIF":20081202,"ID":"0032593255525000","PATH":"","MODELLO":"http://integragis/ato3peligno/modellazione.asp?cod_tr=0032593255525000","STATON":null,"COMUNE":"","CAPACITA":"","COD_ISTAT":null,"ANNO_POSA":null,"PRODUZIONE":null,"COD_RETI":null}},
{"type":"Feature","geometry":{"type":"Point","coordinates":[13.830005373938876,41.78014537450537]},"properties":{"TIPO":"FONTANA","DEMOPERA":"","FOTO":"","QUOTA":0,"VIA":"","COPERTURA":"ASFALTO","CHIUSINO":"GHISA","DIM_CHIUS":"","NOTE_":"","DIAMETRO":"","OBJECTID":null,"CODICE":"","Z_OBJECTI":null,"Z_CHGCODE":null,"PREV":"0","NEXT":"0","TRACE":0,"MATERIALE":"","STATTUAL":"","TIPOLOGICO":3,"DIAMETRO1":0,"DIAMETRO2":0,"ANGOLO":0,"DATAMODIF":20081203,"ID":"0032593986111000","PATH":"","MODELLO":"http://integragis/ato3peligno/modellazione.asp?cod_tr=0032593986111000","STATON":null,"COMUNE":"","CAPACITA":"","COD_ISTAT":null,"ANNO_POSA":null,"PRODUZIONE":null,"COD_RETI":null}},
{"type":"Feature","geometry":{"type":"Point","coordinates":[13.829683081643827,41.78089719030767]},"properties":{"TIPO":"FONTANA","DEMOPERA":"","FOTO":"","QUOTA":0,"VIA":"","COPERTURA":"ASFALTO","CHIUSINO":"GHISA","DIM_CHIUS":"","NOTE_":"","DIAMETRO":"","OBJECTID":null,"CODICE":"","Z_OBJECTI":null,"Z_CHGCODE":null,"PREV":"0","NEXT":"0","TRACE":0,"MATERIALE":"","STATTUAL":"","TIPOLOGICO":3,"DIAMETRO1":0,"DIAMETRO2":0,"ANGOLO":0,"DATAMODIF":20081203,"ID":"0032593986112000","PATH":"","MODELLO":"http://integragis/ato3peligno/modellazione.asp?cod_tr=0032593986112000","STATON":null,"COMUNE":"","CAPACITA":"","COD_ISTAT":null,"ANNO_POSA":null,"PRODUZIONE":null,"COD_RETI":null}},
{"type":"Feature","geometry":{"type":"Point","coordinates":[13.829590647579426,41.78141786312824]},"properties":{"TIPO":"FONTANA","DEMOPERA":"","FOTO":"","QUOTA":0,"VIA":"","COPERTURA":"ASFALTO","CHIUSINO":"GHISA","DIM_CHIUS":"","NOTE_":"","DIAMETRO":"","OBJECTID":null,"CODICE":"","Z_OBJECTI":null,"Z_CHGCODE":null,"PREV":"0","NEXT":"0","TRACE":0,"MATERIALE":"","STATTUAL":"","TIPOLOGICO":3,"DIAMETRO1":0,"DIAMETRO2":0,"ANGOLO":0,"DATAMODIF":20081203,"ID":"0032593986114000","PATH":"","MODELLO":"http://integragis/ato3peligno/modellazione.asp?cod_tr=0032593986114000","STATON":null,"COMUNE":"","CAPACITA":"","COD_ISTAT":null,"ANNO_POSA":null,"PRODUZIONE":null,"COD_RETI":null}},
{"type":"Feature","geometry":{"type":"Point","coordinates":[13.834087131974375,41.78130414215421]},"properties":{"TIPO":"FONTANA","DEMOPERA":"","FOTO":"","QUOTA":0,"VIA":"","COPERTURA":"ASFALTO","CHIUSINO":"GHISA","DIM_CHIUS":"","NOTE_":"","DIAMETRO":"","OBJECTID":null,"CODICE":"","Z_OBJECTI":null,"Z_CHGCODE":null,"PREV":"0","NEXT":"0","TRACE":0,"MATERIALE":"","STATTUAL":"","TIPOLOGICO":3,"DIAMETRO1":0,"DIAMETRO2":0,"ANGOLO":0,"DATAMODIF":20081203,"ID":"0032593986157000","PATH":"","MODELLO":"http://integragis/ato3peligno/modellazione.asp?cod_tr=0032593986157000","STATON":null,"COMUNE":"","CAPACITA":"","COD_ISTAT":null,"ANNO_POSA":null,"PRODUZIONE":null,"COD_RETI":null}},
{"type":"Feature","geometry":{"type":"Point","coordinates":[13.830106042012225,41.77516932967641]},"properties":{"TIPO":"FONTANA","DEMOPERA":"","FOTO":"","QUOTA":0,"VIA":"","COPERTURA":"ASFALTO","CHIUSINO":"GHISA","DIM_CHIUS":"","NOTE_":"","DIAMETRO":"","OBJECTID":null,"CODICE":"","Z_OBJECTI":null,"Z_CHGCODE":null,"PREV":"0","NEXT":"0","TRACE":0,"MATERIALE":"","STATTUAL":"","TIPOLOGICO":3,"DIAMETRO1":0,"DIAMETRO2":0,"ANGOLO":0,"DATAMODIF":20081203,"ID":"0032593986170000","PATH":"","MODELLO":"http://integragis/ato3peligno/modellazione.asp?cod_tr=0032593986170000","STATON":null,"COMUNE":"","CAPACITA":"","COD_ISTAT":null,"ANNO_POSA":null,"PRODUZIONE":null,"COD_RETI":null}},
{"type":"Feature","geometry":{"type":"Point","coordinates":[13.788759897493016,41.810443565901544]},"properties":{"TIPO":"FONTANA","DEMOPERA":"","FOTO":"","QUOTA":0,"VIA":"","COPERTURA":"ASFALTO","CHIUSINO":"GHISA","DIM_CHIUS":"","NOTE_":"fontana","DIAMETRO":"","OBJECTID":null,"CODICE":"","Z_OBJECTI":null,"Z_CHGCODE":null,"PREV":"0","NEXT":"0","TRACE":0,"MATERIALE":"","STATTUAL":"","TIPOLOGICO":3,"DIAMETRO1":0,"DIAMETRO2":0,"ANGOLO":0,"DATAMODIF":20081204,"ID":"0032604294048000","PATH":"","MODELLO":"http://integragis/ato3peligno/modellazione.asp?cod_tr=0032604294048000","STATON":null,"COMUNE":"","CAPACITA":"","COD_ISTAT":null,"ANNO_POSA":null,"PRODUZIONE":null,"COD_RETI":null}},
{"type":"Feature","geometry":{"type":"Point","coordinates":[13.775791249053206,41.80254481028171]},"properties":{"TIPO":"FONTANA","DEMOPERA":"","FOTO":"","QUOTA":0,"VIA":"","COPERTURA":"ASFALTO","CHIUSINO":"GHISA","DIM_CHIUS":"","NOTE_":"fonatana","DIAMETRO":"","OBJECTID":null,"CODICE":"","Z_OBJECTI":null,"Z_CHGCODE":null,"PREV":"0","NEXT":"0","TRACE":0,"MATERIALE":"","STATTUAL":"","TIPOLOGICO":3,"DIAMETRO1":0,"DIAMETRO2":0,"ANGOLO":0,"DATAMODIF":20081204,"ID":"0032604294263000","PATH":"","MODELLO":"http://integragis/ato3peligno/modellazione.asp?cod_tr=0032604294263000","STATON":null,"COMUNE":"","CAPACITA":"","COD_ISTAT":null,"ANNO_POSA":null,"PRODUZIONE":null,"COD_RETI":null}},
{"type":"Feature","geometry":{"type":"Point","coordinates":[13.960446232778544,41.972647656619294]},"properties":{"TIPO":"FONTANA","DEMOPERA":"","FOTO":"","QUOTA":0,"VIA":"","COPERTURA":"ASFALTO","CHIUSINO":"GHISA","DIM_CHIUS":"","NOTE_":"FONTANA","DIAMETRO":"","OBJECTID":null,"CODICE":"","Z_OBJECTI":null,"Z_CHGCODE":null,"PREV":"0","NEXT":"0","TRACE":0,"MATERIALE":"","STATTUAL":"","TIPOLOGICO":3,"DIAMETRO1":0,"DIAMETRO2":0,"ANGOLO":0,"DATAMODIF":20081205,"ID":"0032614373117000","PATH":"","MODELLO":"http://integragis/ato3peligno/modellazione.asp?cod_tr=0032614373117000","STATON":null,"COMUNE":"","CAPACITA":"","COD_ISTAT":null,"ANNO_POSA":null,"PRODUZIONE":null,"COD_RETI":null}},
{"type":"Feature","geometry":{"type":"Point","coordinates":[13.96108481953971,41.97175707837567]},"properties":{"TIPO":"FONTANA","DEMOPERA":"","FOTO":"","QUOTA":0,"VIA":"","COPERTURA":"ASFALTO","CHIUSINO":"GHISA","DIM_CHIUS":"","NOTE_":"FONATANA","DIAMETRO":"","OBJECTID":null,"CODICE":"","Z_OBJECTI":null,"Z_CHGCODE":null,"PREV":"0","NEXT":"0","TRACE":0,"MATERIALE":"","STATTUAL":"","TIPOLOGICO":3,"DIAMETRO1":0,"DIAMETRO2":0,"ANGOLO":0,"DATAMODIF":20081205,"ID":"0032614373118000","PATH":"","MODELLO":"http://integragis/ato3peligno/modellazione.asp?cod_tr=0032614373118000","STATON":null,"COMUNE":"","CAPACITA":"","COD_ISTAT":null,"ANNO_POSA":null,"PRODUZIONE":null,"COD_RETI":null}},
{"type":"Feature","geometry":{"type":"Point","coordinates":[13.959387367168643,41.974830510993925]},"properties":{"TIPO":"FONTANA","DEMOPERA":"","FOTO":"","QUOTA":0,"VIA":"","COPERTURA":"ASFALTO","CHIUSINO":"GHISA","DIM_CHIUS":"","NOTE_":"FONTANA","DIAMETRO":"","OBJECTID":null,"CODICE":"","Z_OBJECTI":null,"Z_CHGCODE":null,"PREV":"0","NEXT":"0","TRACE":0,"MATERIALE":"","STATTUAL":"","TIPOLOGICO":3,"DIAMETRO1":0,"DIAMETRO2":0,"ANGOLO":0,"DATAMODIF":20081205,"ID":"0032614373124000","PATH":"","MODELLO":"http://integragis/ato3peligno/modellazione.asp?cod_tr=0032614373124000","STATON":null,"COMUNE":"","CAPACITA":"","COD_ISTAT":null,"ANNO_POSA":null,"PRODUZIONE":null,"COD_RETI":null}},
{"type":"Feature","geometry":{"type":"Point","coordinates":[13.959586316680657,41.972168287844106]},"properties":{"TIPO":"FONTANA","DEMOPERA":"","FOTO":"","QUOTA":0,"VIA":"","COPERTURA":"ASFALTO","CHIUSINO":"GHISA","DIM_CHIUS":"","NOTE_":"fontana","DIAMETRO":"","OBJECTID":null,"CODICE":"","Z_OBJECTI":null,"Z_CHGCODE":null,"PREV":"0","NEXT":"0","TRACE":0,"MATERIALE":"","STATTUAL":"","TIPOLOGICO":3,"DIAMETRO1":0,"DIAMETRO2":0,"ANGOLO":0,"DATAMODIF":20081205,"ID":"0032614373163000","PATH":"","MODELLO":"http://integragis/ato3peligno/modellazione.asp?cod_tr=0032614373163000","STATON":null,"COMUNE":"","CAPACITA":"","COD_ISTAT":null,"ANNO_POSA":null,"PRODUZIONE":null,"COD_RETI":null}},
{"type":"Feature","geometry":{"type":"Point","coordinates":[13.958248898265625,41.97548657770378]},"properties":{"TIPO":"FONTANA","DEMOPERA":"","FOTO":"","QUOTA":0,"VIA":"","COPERTURA":"ASFALTO","CHIUSINO":"GHISA","DIM_CHIUS":"","NOTE_":"fontana","DIAMETRO":"","OBJECTID":null,"CODICE":"","Z_OBJECTI":null,"Z_CHGCODE":null,"PREV":"0","NEXT":"0","TRACE":0,"MATERIALE":"","STATTUAL":"","TIPOLOGICO":3,"DIAMETRO1":0,"DIAMETRO2":0,"ANGOLO":0,"DATAMODIF":20081205,"ID":"0032614373174000","PATH":"","MODELLO":"http://integragis/ato3peligno/modellazione.asp?cod_tr=0032614373174000","STATON":null,"COMUNE":"","CAPACITA":"","COD_ISTAT":null,"ANNO_POSA":null,"PRODUZIONE":null,"COD_RETI":null}},
{"type":"Feature","geometry":{"type":"Point","coordinates":[13.958548833008448,41.97445517383988]},"properties":{"TIPO":"FONTANA","DEMOPERA":"","FOTO":"","QUOTA":0,"VIA":"","COPERTURA":"ASFALTO","CHIUSINO":"GHISA","DIM_CHIUS":"","NOTE_":"fonatna","DIAMETRO":"","OBJECTID":null,"CODICE":"","Z_OBJECTI":null,"Z_CHGCODE":null,"PREV":"0","NEXT":"0","TRACE":0,"MATERIALE":"","STATTUAL":"","TIPOLOGICO":3,"DIAMETRO1":0,"DIAMETRO2":0,"ANGOLO":0,"DATAMODIF":20081205,"ID":"0032614373185000","PATH":"","MODELLO":"http://integragis/ato3peligno/modellazione.asp?cod_tr=0032614373185000","STATON":null,"COMUNE":"","CAPACITA":"","COD_ISTAT":null,"ANNO_POSA":null,"PRODUZIONE":null,"COD_RETI":null}},
{"type":"Feature","geometry":{"type":"Point","coordinates":[13.958878940743046,41.9740668248191]},"properties":{"TIPO":"FONTANA","DEMOPERA":"","FOTO":"","QUOTA":0,"VIA":"","COPERTURA":"ASFALTO","CHIUSINO":"GHISA","DIM_CHIUS":"","NOTE_":"fonatna","DIAMETRO":"","OBJECTID":null,"CODICE":"","Z_OBJECTI":null,"Z_CHGCODE":null,"PREV":"0","NEXT":"0","TRACE":0,"MATERIALE":"","STATTUAL":"","TIPOLOGICO":3,"DIAMETRO1":0,"DIAMETRO2":0,"ANGOLO":0,"DATAMODIF":20081205,"ID":"0032614373191000","PATH":"","MODELLO":"http://integragis/ato3peligno/modellazione.asp?cod_tr=0032614373191000","STATON":null,"COMUNE":"","CAPACITA":"","COD_ISTAT":null,"ANNO_POSA":null,"PRODUZIONE":null,"COD_RETI":null}},
{"type":"Feature","geometry":{"type":"Point","coordinates":[13.961038504537626,41.97128609763673]},"properties":{"TIPO":"FONTANA","DEMOPERA":"","FOTO":"","QUOTA":0,"VIA":"","COPERTURA":"ASFALTO","CHIUSINO":"GHISA","DIM_CHIUS":"","NOTE_":"fontana","DIAMETRO":"","OBJECTID":null,"CODICE":"","Z_OBJECTI":null,"Z_CHGCODE":null,"PREV":"0","NEXT":"0","TRACE":0,"MATERIALE":"","STATTUAL":"","TIPOLOGICO":3,"DIAMETRO1":0,"DIAMETRO2":0,"ANGOLO":0,"DATAMODIF":20081205,"ID":"0032614373211000","PATH":"","MODELLO":"http://integragis/ato3peligno/modellazione.asp?cod_tr=0032614373211000","STATON":null,"COMUNE":"","CAPACITA":"","COD_ISTAT":null,"ANNO_POSA":null,"PRODUZIONE":null,"COD_RETI":null}},
{"type":"Feature","geometry":{"type":"Point","coordinates":[13.959395060664413,41.975791030287574]},"properties":{"TIPO":"FONTANA","DEMOPERA":"","FOTO":"","QUOTA":0,"VIA":"","COPERTURA":"ASFALTO","CHIUSINO":"GHISA","DIM_CHIUS":"","NOTE_":"fontana","DIAMETRO":"","OBJECTID":null,"CODICE":"","Z_OBJECTI":null,"Z_CHGCODE":null,"PREV":"0","NEXT":"0","TRACE":0,"MATERIALE":"","STATTUAL":"","TIPOLOGICO":3,"DIAMETRO1":0,"DIAMETRO2":0,"ANGOLO":0,"DATAMODIF":20081205,"ID":"0032614373239000","PATH":"","MODELLO":"http://integragis/ato3peligno/modellazione.asp?cod_tr=0032614373239000","STATON":null,"COMUNE":"","CAPACITA":"","COD_ISTAT":null,"ANNO_POSA":null,"PRODUZIONE":null,"COD_RETI":null}},
{"type":"Feature","geometry":{"type":"Point","coordinates":[13.96140289625614,41.97257211759599]},"properties":{"TIPO":"FONTANA","DEMOPERA":"","FOTO":"","QUOTA":0,"VIA":"","COPERTURA":"ASFALTO","CHIUSINO":"GHISA","DIM_CHIUS":"","NOTE_":"fonatana","DIAMETRO":"","OBJECTID":null,"CODICE":"","Z_OBJECTI":null,"Z_CHGCODE":null,"PREV":"0","NEXT":"0","TRACE":0,"MATERIALE":"","STATTUAL":"","TIPOLOGICO":3,"DIAMETRO1":0,"DIAMETRO2":0,"ANGOLO":0,"DATAMODIF":20081205,"ID":"0032614373254000","PATH":"","MODELLO":"http://integragis/ato3peligno/modellazione.asp?cod_tr=0032614373254000","STATON":null,"COMUNE":"","CAPACITA":"","COD_ISTAT":null,"ANNO_POSA":null,"PRODUZIONE":null,"COD_RETI":null}},
{"type":"Feature","geometry":{"type":"Point","coordinates":[13.954177997208504,42.002105630234965]},"properties":{"TIPO":"FONTANA","DEMOPERA":"","FOTO":"","QUOTA":0,"VIA":"","COPERTURA":"ASFALTO","CHIUSINO":"GHISA","DIM_CHIUS":"","NOTE_":"fontana","DIAMETRO":"","OBJECTID":null,"CODICE":"","Z_OBJECTI":null,"Z_CHGCODE":null,"PREV":"0","NEXT":"0","TRACE":0,"MATERIALE":"","STATTUAL":"","TIPOLOGICO":3,"DIAMETRO1":0,"DIAMETRO2":0,"ANGOLO":0,"DATAMODIF":20081205,"ID":"0032614373274000","PATH":"","MODELLO":"http://integragis/ato3peligno/modellazione.asp?cod_tr=0032614373274000","STATON":null,"COMUNE":"","CAPACITA":"","COD_ISTAT":null,"ANNO_POSA":null,"PRODUZIONE":null,"COD_RETI":null}},
{"type":"Feature","geometry":{"type":"Point","coordinates":[13.961966439132892,41.97039687588872]},"properties":{"TIPO":"FONTANA","DEMOPERA":"","FOTO":"","QUOTA":0,"VIA":"","COPERTURA":"ASFALTO","CHIUSINO":"GHISA","DIM_CHIUS":"","NOTE_":"fontana","DIAMETRO":"","OBJECTID":null,"CODICE":"","Z_OBJECTI":null,"Z_CHGCODE":null,"PREV":"0","NEXT":"0","TRACE":0,"MATERIALE":"","STATTUAL":"","TIPOLOGICO":3,"DIAMETRO1":0,"DIAMETRO2":0,"ANGOLO":0,"DATAMODIF":20081205,"ID":"0032614373278000","PATH":"","MODELLO":"http://integragis/ato3peligno/modellazione.asp?cod_tr=0032614373278000","STATON":null,"COMUNE":"","CAPACITA":"","COD_ISTAT":null,"ANNO_POSA":null,"PRODUZIONE":null,"COD_RETI":null}},
{"type":"Feature","geometry":{"type":"Point","coordinates":[13.96002530227952,41.973410455249486]},"properties":{"TIPO":"FONTANA","DEMOPERA":"","FOTO":"","QUOTA":0,"VIA":"","COPERTURA":"ASFALTO","CHIUSINO":"GHISA","DIM_CHIUS":"","NOTE_":"fontana","DIAMETRO":"","OBJECTID":null,"CODICE":"","Z_OBJECTI":null,"Z_CHGCODE":null,"PREV":"0","NEXT":"0","TRACE":0,"MATERIALE":"","STATTUAL":"","TIPOLOGICO":3,"DIAMETRO1":0,"DIAMETRO2":0,"ANGOLO":0,"DATAMODIF":20081205,"ID":"0032614373281000","PATH":"","MODELLO":"http://integragis/ato3peligno/modellazione.asp?cod_tr=0032614373281000","STATON":null,"COMUNE":"","CAPACITA":"","COD_ISTAT":null,"ANNO_POSA":null,"PRODUZIONE":null,"COD_RETI":null}},
{"type":"Feature","geometry":{"type":"Point","coordinates":[13.96027458268436,41.972929503365314]},"properties":{"TIPO":"FONTANA","DEMOPERA":"","FOTO":"","QUOTA":0,"VIA":"","COPERTURA":"ASFALTO","CHIUSINO":"GHISA","DIM_CHIUS":"","NOTE_":"fontana","DIAMETRO":"","OBJECTID":null,"CODICE":"","Z_OBJECTI":null,"Z_CHGCODE":null,"PREV":"0","NEXT":"0","TRACE":0,"MATERIALE":"","STATTUAL":"","TIPOLOGICO":3,"DIAMETRO1":0,"DIAMETRO2":0,"ANGOLO":0,"DATAMODIF":20081205,"ID":"0032614373282000","PATH":"","MODELLO":"http://integragis/ato3peligno/modellazione.asp?cod_tr=0032614373282000","STATON":null,"COMUNE":"","CAPACITA":"","COD_ISTAT":null,"ANNO_POSA":null,"PRODUZIONE":null,"COD_RETI":null}},
{"type":"Feature","geometry":{"type":"Point","coordinates":[13.937296679674903,42.00043597524169]},"properties":{"TIPO":"FONTANA","DEMOPERA":"","FOTO":"","QUOTA":0,"VIA":"","COPERTURA":"ASFALTO","CHIUSINO":"GHISA","DIM_CHIUS":"","NOTE_":"fontana","DIAMETRO":"","OBJECTID":null,"CODICE":"","Z_OBJECTI":null,"Z_CHGCODE":null,"PREV":"0","NEXT":"0","TRACE":0,"MATERIALE":"","STATTUAL":"","TIPOLOGICO":3,"DIAMETRO1":0,"DIAMETRO2":0,"ANGOLO":0,"DATAMODIF":20081205,"ID":"0032614373303000","PATH":"","MODELLO":"http://integragis/ato3peligno/modellazione.asp?cod_tr=0032614373303000","STATON":null,"COMUNE":"","CAPACITA":"","COD_ISTAT":null,"ANNO_POSA":null,"PRODUZIONE":null,"COD_RETI":null}},
{"type":"Feature","geometry":{"type":"Point","coordinates":[13.93002021335858,42.01220263322396]},"properties":{"TIPO":"FONTANA","DEMOPERA":"","FOTO":"","QUOTA":0,"VIA":"","COPERTURA":"ASFALTO","CHIUSINO":"GHISA","DIM_CHIUS":"","NOTE_":"fontana","DIAMETRO":"","OBJECTID":null,"CODICE":"","Z_OBJECTI":null,"Z_CHGCODE":null,"PREV":"0","NEXT":"0","TRACE":0,"MATERIALE":"","STATTUAL":"","TIPOLOGICO":3,"DIAMETRO1":0,"DIAMETRO2":0,"ANGOLO":0,"DATAMODIF":20081205,"ID":"0032614373309000","PATH":"","MODELLO":"http://integragis/ato3peligno/modellazione.asp?cod_tr=0032614373309000","STATON":null,"COMUNE":"","CAPACITA":"","COD_ISTAT":null,"ANNO_POSA":null,"PRODUZIONE":null,"COD_RETI":null}},
{"type":"Feature","geometry":{"type":"Point","coordinates":[13.942546023867534,42.00909566544108]},"properties":{"TIPO":"FONTANA","DEMOPERA":"","FOTO":"","QUOTA":0,"VIA":"","COPERTURA":"ASFALTO","CHIUSINO":"GHISA","DIM_CHIUS":"","NOTE_":"fonatanella","DIAMETRO":"","OBJECTID":null,"CODICE":"","Z_OBJECTI":null,"Z_CHGCODE":null,"PREV":"0","NEXT":"0","TRACE":0,"MATERIALE":"","STATTUAL":"","TIPOLOGICO":3,"DIAMETRO1":0,"DIAMETRO2":0,"ANGOLO":0,"DATAMODIF":20081205,"ID":"0032614373342000","PATH":"","MODELLO":"http://integragis/ato3peligno/modellazione.asp?cod_tr=0032614373342000","STATON":null,"COMUNE":"","CAPACITA":"","COD_ISTAT":null,"ANNO_POSA":null,"PRODUZIONE":null,"COD_RETI":null}},
{"type":"Feature","geometry":{"type":"Point","coordinates":[13.935789746656628,42.01517244337243]},"properties":{"TIPO":"FONTANA","DEMOPERA":"","FOTO":"","QUOTA":0,"VIA":"","COPERTURA":"ASFALTO","CHIUSINO":"GHISA","DIM_CHIUS":"","NOTE_":"fontana","DIAMETRO":"","OBJECTID":null,"CODICE":"","Z_OBJECTI":null,"Z_CHGCODE":null,"PREV":"0","NEXT":"0","TRACE":0,"MATERIALE":"","STATTUAL":"","TIPOLOGICO":3,"DIAMETRO1":0,"DIAMETRO2":0,"ANGOLO":0,"DATAMODIF":20081205,"ID":"0032614373357000","PATH":"","MODELLO":"http://integragis/ato3peligno/modellazione.asp?cod_tr=0032614373357000","STATON":null,"COMUNE":"","CAPACITA":"","COD_ISTAT":null,"ANNO_POSA":null,"PRODUZIONE":null,"COD_RETI":null}},
{"type":"Feature","geometry":{"type":"Point","coordinates":[13.942707176268163,42.01473901969614]},"properties":{"TIPO":"FONTANA","DEMOPERA":"","FOTO":"","QUOTA":0,"VIA":"","COPERTURA":"ASFALTO","CHIUSINO":"GHISA","DIM_CHIUS":"","NOTE_":"fontana","DIAMETRO":"","OBJECTID":null,"CODICE":"","Z_OBJECTI":null,"Z_CHGCODE":null,"PREV":"0","NEXT":"0","TRACE":0,"MATERIALE":"","STATTUAL":"","TIPOLOGICO":3,"DIAMETRO1":0,"DIAMETRO2":0,"ANGOLO":0,"DATAMODIF":20081205,"ID":"0032614373362000","PATH":"","MODELLO":"http://integragis/ato3peligno/modellazione.asp?cod_tr=0032614373362000","STATON":null,"COMUNE":"","CAPACITA":"","COD_ISTAT":null,"ANNO_POSA":null,"PRODUZIONE":null,"COD_RETI":null}},
{"type":"Feature","geometry":{"type":"Point","coordinates":[13.958072319679404,41.974215668033516]},"properties":{"TIPO":"FONTANA","DEMOPERA":"","FOTO":"","QUOTA":0,"VIA":"","COPERTURA":"ASFALTO","CHIUSINO":"GHISA","DIM_CHIUS":"","NOTE_":"fontana","DIAMETRO":"","OBJECTID":null,"CODICE":"","Z_OBJECTI":null,"Z_CHGCODE":null,"PREV":"0","NEXT":"0","TRACE":0,"MATERIALE":"","STATTUAL":"","TIPOLOGICO":3,"DIAMETRO1":0,"DIAMETRO2":0,"ANGOLO":0,"DATAMODIF":20081205,"ID":"0032614373363000","PATH":"","MODELLO":"http://integragis/ato3peligno/modellazione.asp?cod_tr=0032614373363000","STATON":null,"COMUNE":"","CAPACITA":"","COD_ISTAT":null,"ANNO_POSA":null,"PRODUZIONE":null,"COD_RETI":null}},
{"type":"Feature","geometry":{"type":"Point","coordinates":[14.065338025591084,41.87013272695973]},"properties":{"TIPO":"FONTANA","DEMOPERA":"","FOTO":"","QUOTA":0,"VIA":"","COPERTURA":"ASFALTO","CHIUSINO":"GHISA","DIM_CHIUS":"","NOTE_":"FONTANA","DIAMETRO":"","OBJECTID":0,"CODICE":"","Z_OBJECTI":null,"Z_CHGCODE":1,"PREV":"0","NEXT":"0","TRACE":0,"MATERIALE":"","STATTUAL":"","TIPOLOGICO":3,"DIAMETRO1":0,"DIAMETRO2":0,"ANGOLO":0,"DATAMODIF":20081210,"ID":"0032665671402000","PATH":"","MODELLO":"http://integragis/ato3peligno/modellazione.asp?cod_tr=0032665671402000","STATON":null,"COMUNE":"","CAPACITA":"","COD_ISTAT":null,"ANNO_POSA":null,"PRODUZIONE":null,"COD_RETI":null}},
{"type":"Feature","geometry":{"type":"Point","coordinates":[14.064364061300443,41.86923274089603]},"properties":{"TIPO":"FONTANA","DEMOPERA":"","FOTO":"","QUOTA":0,"VIA":"","COPERTURA":"ASFALTO","CHIUSINO":"GHISA","DIM_CHIUS":"","NOTE_":"FONTANA","DIAMETRO":"","OBJECTID":0,"CODICE":"","Z_OBJECTI":null,"Z_CHGCODE":1,"PREV":"0","NEXT":"0","TRACE":0,"MATERIALE":"","STATTUAL":"","TIPOLOGICO":3,"DIAMETRO1":0,"DIAMETRO2":0,"ANGOLO":0,"DATAMODIF":20081210,"ID":"0032665671530000","PATH":"","MODELLO":"http://integragis/ato3peligno/modellazione.asp?cod_tr=0032665671530000","STATON":null,"COMUNE":"","CAPACITA":"","COD_ISTAT":null,"ANNO_POSA":null,"PRODUZIONE":null,"COD_RETI":null}},
{"type":"Feature","geometry":{"type":"Point","coordinates":[14.065083653944347,41.86886931477994]},"properties":{"TIPO":"FONTANA","DEMOPERA":"","FOTO":"","QUOTA":0,"VIA":"","COPERTURA":"ASFALTO","CHIUSINO":"GHISA","DIM_CHIUS":"","NOTE_":"FONTANA","DIAMETRO":"","OBJECTID":0,"CODICE":"","Z_OBJECTI":null,"Z_CHGCODE":1,"PREV":"0032665654501000","NEXT":"0","TRACE":0,"MATERIALE":"","STATTUAL":"","TIPOLOGICO":3,"DIAMETRO1":0,"DIAMETRO2":0,"ANGOLO":0,"DATAMODIF":20081210,"ID":"0032665671562000","PATH":"","MODELLO":"http://integragis/ato3peligno/modellazione.asp?cod_tr=0032665671562000","STATON":null,"COMUNE":"","CAPACITA":"","COD_ISTAT":null,"ANNO_POSA":null,"PRODUZIONE":null,"COD_RETI":null}},
{"type":"Feature","geometry":{"type":"Point","coordinates":[14.06540841186113,41.86937832677458]},"properties":{"TIPO":"FONTANA","DEMOPERA":"","FOTO":"","QUOTA":0,"VIA":"vIA COLLE","COPERTURA":"PREGIATA","CHIUSINO":"GHISA","DIM_CHIUS":"","NOTE_":"FONTANA","DIAMETRO":"","OBJECTID":0,"CODICE":"","Z_OBJECTI":null,"Z_CHGCODE":1,"PREV":"0","NEXT":"0","TRACE":0,"MATERIALE":"","STATTUAL":"","TIPOLOGICO":3,"DIAMETRO1":0,"DIAMETRO2":0,"ANGOLO":0,"DATAMODIF":20081210,"ID":"0032665671626000","PATH":"","MODELLO":"http://integragis/ato3peligno/modellazione.asp?cod_tr=0032665671626000","STATON":null,"COMUNE":"","CAPACITA":"","COD_ISTAT":null,"ANNO_POSA":null,"PRODUZIONE":null,"COD_RETI":null}},
{"type":"Feature","geometry":{"type":"Point","coordinates":[14.066119110537588,41.86812256516482]},"properties":{"TIPO":"FONTANA","DEMOPERA":"","FOTO":"","QUOTA":0,"VIA":"","COPERTURA":"ASFALTO","CHIUSINO":"GHISA","DIM_CHIUS":"","NOTE_":"FONTANA","DIAMETRO":"","OBJECTID":null,"CODICE":"","Z_OBJECTI":null,"Z_CHGCODE":1,"PREV":"0","NEXT":"0","TRACE":0,"MATERIALE":"","STATTUAL":"","TIPOLOGICO":3,"DIAMETRO1":0,"DIAMETRO2":0,"ANGOLO":0,"DATAMODIF":20081210,"ID":"0032665671697000","PATH":"","MODELLO":"http://integragis/ato3peligno/modellazione.asp?cod_tr=0032665671697000","STATON":null,"COMUNE":"","CAPACITA":"","COD_ISTAT":null,"ANNO_POSA":null,"PRODUZIONE":null,"COD_RETI":null}},
{"type":"Feature","geometry":{"type":"Point","coordinates":[14.068489727367076,41.87147976468496]},"properties":{"TIPO":"FONTANA","DEMOPERA":"","FOTO":"","QUOTA":0,"VIA":"","COPERTURA":"ASFALTO","CHIUSINO":"GHISA","DIM_CHIUS":"","NOTE_":"FONTANA","DIAMETRO":"","OBJECTID":null,"CODICE":"","Z_OBJECTI":null,"Z_CHGCODE":1,"PREV":"0","NEXT":"0","TRACE":0,"MATERIALE":"","STATTUAL":"","TIPOLOGICO":3,"DIAMETRO1":0,"DIAMETRO2":0,"ANGOLO":0,"DATAMODIF":20081210,"ID":"0032665671715000","PATH":"","MODELLO":"http://integragis/ato3peligno/modellazione.asp?cod_tr=0032665671715000","STATON":null,"COMUNE":"","CAPACITA":"","COD_ISTAT":null,"ANNO_POSA":null,"PRODUZIONE":null,"COD_RETI":null}},
{"type":"Feature","geometry":{"type":"Point","coordinates":[14.067307626130344,41.87277801175004]},"properties":{"TIPO":"FONTANA","DEMOPERA":"","FOTO":"","QUOTA":0,"VIA":"","COPERTURA":"ASFALTO","CHIUSINO":"GHISA","DIM_CHIUS":"","NOTE_":"FONTANA","DIAMETRO":"","OBJECTID":null,"CODICE":"","Z_OBJECTI":null,"Z_CHGCODE":1,"PREV":"0","NEXT":"0","TRACE":0,"MATERIALE":"","STATTUAL":"","TIPOLOGICO":3,"DIAMETRO1":0,"DIAMETRO2":0,"ANGOLO":0,"DATAMODIF":20081210,"ID":"0032665671736000","PATH":"","MODELLO":"http://integragis/ato3peligno/modellazione.asp?cod_tr=0032665671736000","STATON":null,"COMUNE":"","CAPACITA":"","COD_ISTAT":null,"ANNO_POSA":null,"PRODUZIONE":null,"COD_RETI":null}},
{"type":"Feature","geometry":{"type":"Point","coordinates":[14.067627651870929,41.870339844370484]},"properties":{"TIPO":"FONTANA","DEMOPERA":"","FOTO":"","QUOTA":0,"VIA":"","COPERTURA":"ASFALTO","CHIUSINO":"GHISA","DIM_CHIUS":"","NOTE_":"FONTANA","DIAMETRO":"","OBJECTID":null,"CODICE":"","Z_OBJECTI":null,"Z_CHGCODE":1,"PREV":"0","NEXT":"0","TRACE":0,"MATERIALE":"","STATTUAL":"","TIPOLOGICO":3,"DIAMETRO1":0,"DIAMETRO2":0,"ANGOLO":0,"DATAMODIF":20081210,"ID":"0032665671737000","PATH":"","MODELLO":"http://integragis/ato3peligno/modellazione.asp?cod_tr=0032665671737000","STATON":null,"COMUNE":"","CAPACITA":"","COD_ISTAT":null,"ANNO_POSA":null,"PRODUZIONE":null,"COD_RETI":null}},
{"type":"Feature","geometry":{"type":"Point","coordinates":[14.07065815873754,41.873940201542766]},"properties":{"TIPO":"FONTANA","DEMOPERA":"","FOTO":"","QUOTA":0,"VIA":"","COPERTURA":"ASFALTO","CHIUSINO":"GHISA","DIM_CHIUS":"","NOTE_":"FONTANA","DIAMETRO":"","OBJECTID":null,"CODICE":"","Z_OBJECTI":null,"Z_CHGCODE":1,"PREV":"0","NEXT":"0","TRACE":0,"MATERIALE":"","STATTUAL":"","TIPOLOGICO":3,"DIAMETRO1":0,"DIAMETRO2":0,"ANGOLO":0,"DATAMODIF":20081210,"ID":"0032665671768000","PATH":"","MODELLO":"http://integragis/ato3peligno/modellazione.asp?cod_tr=0032665671768000","STATON":null,"COMUNE":"","CAPACITA":"","COD_ISTAT":null,"ANNO_POSA":null,"PRODUZIONE":null,"COD_RETI":null}},
{"type":"Feature","geometry":{"type":"Point","coordinates":[14.079310036164264,41.84901881782393]},"properties":{"TIPO":"FONTANA","DEMOPERA":"","FOTO":"","QUOTA":0,"VIA":"","COPERTURA":"ASFALTO","CHIUSINO":"GHISA","DIM_CHIUS":"","NOTE_":"","DIAMETRO":"","OBJECTID":null,"CODICE":"","Z_OBJECTI":null,"Z_CHGCODE":1,"PREV":"0","NEXT":"0","TRACE":0,"MATERIALE":"","STATTUAL":"","TIPOLOGICO":3,"DIAMETRO1":0,"DIAMETRO2":0,"ANGOLO":0,"DATAMODIF":20081211,"ID":"0032674138732000","PATH":"","MODELLO":"http://integragis/ato3peligno/modellazione.asp?cod_tr=0032674138732000","STATON":null,"COMUNE":"","CAPACITA":"","COD_ISTAT":null,"ANNO_POSA":null,"PRODUZIONE":null,"COD_RETI":null}},
{"type":"Feature","geometry":{"type":"Point","coordinates":[14.080019991764285,41.8467958624918]},"properties":{"TIPO":"FONTANA","DEMOPERA":"","FOTO":"","QUOTA":0,"VIA":"","COPERTURA":"ASFALTO","CHIUSINO":"GHISA","DIM_CHIUS":"","NOTE_":"","DIAMETRO":"","OBJECTID":null,"CODICE":"","Z_OBJECTI":null,"Z_CHGCODE":1,"PREV":"0","NEXT":"0","TRACE":0,"MATERIALE":"","STATTUAL":"","TIPOLOGICO":3,"DIAMETRO1":0,"DIAMETRO2":0,"ANGOLO":0,"DATAMODIF":20081211,"ID":"0032674138739000","PATH":"","MODELLO":"http://integragis/ato3peligno/modellazione.asp?cod_tr=0032674138739000","STATON":null,"COMUNE":"","CAPACITA":"","COD_ISTAT":null,"ANNO_POSA":null,"PRODUZIONE":null,"COD_RETI":null}},
{"type":"Feature","geometry":{"type":"Point","coordinates":[14.082373323331614,41.845431298784106]},"properties":{"TIPO":"FONTANA","DEMOPERA":"","FOTO":"","QUOTA":0,"VIA":"","COPERTURA":"ASFALTO","CHIUSINO":"GHISA","DIM_CHIUS":"","NOTE_":"","DIAMETRO":"","OBJECTID":null,"CODICE":"","Z_OBJECTI":null,"Z_CHGCODE":1,"PREV":"0","NEXT":"0","TRACE":0,"MATERIALE":"","STATTUAL":"","TIPOLOGICO":3,"DIAMETRO1":0,"DIAMETRO2":0,"ANGOLO":0,"DATAMODIF":20081211,"ID":"0032674138919000","PATH":"","MODELLO":"http://integragis/ato3peligno/modellazione.asp?cod_tr=0032674138919000","STATON":null,"COMUNE":"","CAPACITA":"","COD_ISTAT":null,"ANNO_POSA":null,"PRODUZIONE":null,"COD_RETI":null}},
{"type":"Feature","geometry":{"type":"Point","coordinates":[14.074526807695293,41.85396012159102]},"properties":{"TIPO":"FONTANA","DEMOPERA":"","FOTO":"","QUOTA":0,"VIA":"","COPERTURA":"ASFALTO","CHIUSINO":"GHISA","DIM_CHIUS":"","NOTE_":"","DIAMETRO":"","OBJECTID":null,"CODICE":"","Z_OBJECTI":null,"Z_CHGCODE":1,"PREV":"0032674375102000","NEXT":"0","TRACE":0,"MATERIALE":"","STATTUAL":"","TIPOLOGICO":3,"DIAMETRO1":0,"DIAMETRO2":0,"ANGOLO":0,"DATAMODIF":20081211,"ID":"0032674138999000","PATH":"","MODELLO":"http://integragis/ato3peligno/modellazione.asp?cod_tr=0032674138999000","STATON":null,"COMUNE":"","CAPACITA":"","COD_ISTAT":null,"ANNO_POSA":null,"PRODUZIONE":null,"COD_RETI":null}},
{"type":"Feature","geometry":{"type":"Point","coordinates":[13.87829796518026,41.90727349151235]},"properties":{"TIPO":"FONTANA","DEMOPERA":"","FOTO":"","QUOTA":0,"VIA":"","COPERTURA":"ASFALTO","CHIUSINO":"GHISA","DIM_CHIUS":"","NOTE_":"","DIAMETRO":"","OBJECTID":null,"CODICE":"fontanella","Z_OBJECTI":null,"Z_CHGCODE":null,"PREV":"0","NEXT":"0","TRACE":0,"MATERIALE":"","STATTUAL":"","TIPOLOGICO":3,"DIAMETRO1":0,"DIAMETRO2":0,"ANGOLO":0,"DATAMODIF":20081127,"ID":"0032533594881000","PATH":"","MODELLO":"http://integragis/ato3peligno/modellazione.asp?cod_tr=0032533594881000","STATON":null,"COMUNE":"","CAPACITA":"","COD_ISTAT":null,"ANNO_POSA":null,"PRODUZIONE":null,"COD_RETI":null}},
{"type":"Feature","geometry":{"type":"Point","coordinates":[13.880702185899757,41.90302221575938]},"properties":{"TIPO":"FONTANA","DEMOPERA":"","FOTO":"","QUOTA":0,"VIA":"","COPERTURA":"ASFALTO","CHIUSINO":"GHISA","DIM_CHIUS":"","NOTE_":"","DIAMETRO":"","OBJECTID":null,"CODICE":"fontana","Z_OBJECTI":null,"Z_CHGCODE":null,"PREV":"0","NEXT":"0","TRACE":0,"MATERIALE":"","STATTUAL":"","TIPOLOGICO":3,"DIAMETRO1":0,"DIAMETRO2":0,"ANGOLO":0,"DATAMODIF":20081127,"ID":"0032533594914000","PATH":"","MODELLO":"http://integragis/ato3peligno/modellazione.asp?cod_tr=0032533594914000","STATON":null,"COMUNE":"","CAPACITA":"","COD_ISTAT":null,"ANNO_POSA":null,"PRODUZIONE":null,"COD_RETI":null}},
{"type":"Feature","geometry":{"type":"Point","coordinates":[13.881966226403597,41.90249089512859]},"properties":{"TIPO":"FONTANA","DEMOPERA":"","FOTO":"","QUOTA":0,"VIA":"","COPERTURA":"ASFALTO","CHIUSINO":"GHISA","DIM_CHIUS":"","NOTE_":"","DIAMETRO":"","OBJECTID":null,"CODICE":"fonatana","Z_OBJECTI":null,"Z_CHGCODE":null,"PREV":"0","NEXT":"0","TRACE":0,"MATERIALE":"","STATTUAL":"","TIPOLOGICO":3,"DIAMETRO1":0,"DIAMETRO2":0,"ANGOLO":0,"DATAMODIF":20081127,"ID":"0032533594930000","PATH":"","MODELLO":"http://integragis/ato3peligno/modellazione.asp?cod_tr=0032533594930000","STATON":null,"COMUNE":"","CAPACITA":"","COD_ISTAT":null,"ANNO_POSA":null,"PRODUZIONE":null,"COD_RETI":null}},
{"type":"Feature","geometry":{"type":"Point","coordinates":[13.881228319219357,41.904481265633585]},"properties":{"TIPO":"FONTANA","DEMOPERA":"","FOTO":"","QUOTA":0,"VIA":"","COPERTURA":"ASFALTO","CHIUSINO":"GHISA","DIM_CHIUS":"","NOTE_":"","DIAMETRO":"","OBJECTID":null,"CODICE":"FONATANA","Z_OBJECTI":null,"Z_CHGCODE":null,"PREV":"0","NEXT":"0","TRACE":0,"MATERIALE":"","STATTUAL":"","TIPOLOGICO":3,"DIAMETRO1":0,"DIAMETRO2":0,"ANGOLO":0,"DATAMODIF":20081127,"ID":"0032533594948000","PATH":"","MODELLO":"http://integragis/ato3peligno/modellazione.asp?cod_tr=0032533594948000","STATON":null,"COMUNE":"","CAPACITA":"","COD_ISTAT":null,"ANNO_POSA":null,"PRODUZIONE":null,"COD_RETI":null}},
{"type":"Feature","geometry":{"type":"Point","coordinates":[13.88040424468903,41.90374449206865]},"properties":{"TIPO":"FONTANA","DEMOPERA":"","FOTO":"","QUOTA":0,"VIA":"","COPERTURA":"ASFALTO","CHIUSINO":"GHISA","DIM_CHIUS":"","NOTE_":"","DIAMETRO":"","OBJECTID":null,"CODICE":"FONTANA","Z_OBJECTI":null,"Z_CHGCODE":null,"PREV":"0","NEXT":"0","TRACE":0,"MATERIALE":"","STATTUAL":"","TIPOLOGICO":3,"DIAMETRO1":0,"DIAMETRO2":0,"ANGOLO":0,"DATAMODIF":20081127,"ID":"0032533594960000","PATH":"","MODELLO":"http://integragis/ato3peligno/modellazione.asp?cod_tr=0032533594960000","STATON":null,"COMUNE":"","CAPACITA":"","COD_ISTAT":null,"ANNO_POSA":null,"PRODUZIONE":null,"COD_RETI":null}},
{"type":"Feature","geometry":{"type":"Point","coordinates":[13.868094051421448,41.916093425773155]},"properties":{"TIPO":"FONTANA","DEMOPERA":"","FOTO":"","QUOTA":0,"VIA":"","COPERTURA":"ASFALTO","CHIUSINO":"GHISA","DIM_CHIUS":"","NOTE_":"","DIAMETRO":"","OBJECTID":null,"CODICE":"fonatana","Z_OBJECTI":null,"Z_CHGCODE":null,"PREV":"0","NEXT":"0","TRACE":0,"MATERIALE":"","STATTUAL":"","TIPOLOGICO":3,"DIAMETRO1":0,"DIAMETRO2":0,"ANGOLO":0,"DATAMODIF":20081127,"ID":"0032533595013000","PATH":"","MODELLO":"http://integragis/ato3peligno/modellazione.asp?cod_tr=0032533595013000","STATON":null,"COMUNE":"","CAPACITA":"","COD_ISTAT":null,"ANNO_POSA":null,"PRODUZIONE":null,"COD_RETI":null}},
{"type":"Feature","geometry":{"type":"Point","coordinates":[13.864248486769633,42.02461736081921]},"properties":{"TIPO":"FONTANA","DEMOPERA":"","FOTO":"","QUOTA":495.00000040392,"VIA":"VIA ROMA","COPERTURA":"ASFALTO","CHIUSINO":"GHISA","DIM_CHIUS":"","NOTE_":"FONTANA","DIAMETRO":"","OBJECTID":0,"CODICE":"","Z_OBJECTI":null,"Z_CHGCODE":1,"PREV":"0","NEXT":"0","TRACE":0,"MATERIALE":"","STATTUAL":"","TIPOLOGICO":0,"DIAMETRO1":0,"DIAMETRO2":0,"ANGOLO":0,"DATAMODIF":20081027,"ID":"0032394379133000","PATH":"","MODELLO":"http://integragis/ato3peligno/modellazione.asp?cod_tr=0032394379133000","STATON":null,"COMUNE":"","CAPACITA":"","COD_ISTAT":null,"ANNO_POSA":null,"PRODUZIONE":null,"COD_RETI":null}},
{"type":"Feature","geometry":{"type":"Point","coordinates":[13.863420496122664,42.02531991918741]},"properties":{"TIPO":"FONTANA","DEMOPERA":"","FOTO":"","QUOTA":485.00000007774,"VIA":"","COPERTURA":"ASFALTO","CHIUSINO":"GHISA","DIM_CHIUS":"","NOTE_":"FONTANA","DIAMETRO":"","OBJECTID":0,"CODICE":"","Z_OBJECTI":null,"Z_CHGCODE":1,"PREV":"0","NEXT":"0","TRACE":0,"MATERIALE":"","STATTUAL":"","TIPOLOGICO":0,"DIAMETRO1":0,"DIAMETRO2":0,"ANGOLO":0,"DATAMODIF":20081027,"ID":"0032394379138000","PATH":"","MODELLO":"http://integragis/ato3peligno/modellazione.asp?cod_tr=0032394379138000","STATON":null,"COMUNE":"","CAPACITA":"","COD_ISTAT":null,"ANNO_POSA":null,"PRODUZIONE":null,"COD_RETI":null}},
{"type":"Feature","geometry":{"type":"Point","coordinates":[13.862631918080059,42.02235862710816]},"properties":{"TIPO":"FONTANA","DEMOPERA":"","FOTO":"","QUOTA":539.99999970535,"VIA":"","COPERTURA":"ASFALTO","CHIUSINO":"GHISA","DIM_CHIUS":"","NOTE_":"FONTANA","DIAMETRO":"","OBJECTID":0,"CODICE":"","Z_OBJECTI":null,"Z_CHGCODE":1,"PREV":"0","NEXT":"0","TRACE":0,"MATERIALE":"","STATTUAL":"","TIPOLOGICO":0,"DIAMETRO1":0,"DIAMETRO2":0,"ANGOLO":0,"DATAMODIF":20081027,"ID":"0032394379141000","PATH":"","MODELLO":"http://integragis/ato3peligno/modellazione.asp?cod_tr=0032394379141000","STATON":null,"COMUNE":"","CAPACITA":"","COD_ISTAT":null,"ANNO_POSA":null,"PRODUZIONE":null,"COD_RETI":null}},
{"type":"Feature","geometry":{"type":"Point","coordinates":[13.86123366979946,42.02213044097711]},"properties":{"TIPO":"FONTANA","DEMOPERA":"","FOTO":"","QUOTA":545.00000059056,"VIA":"","COPERTURA":"ASFALTO","CHIUSINO":"GHISA","DIM_CHIUS":"","NOTE_":"FONTANA","DIAMETRO":"","OBJECTID":0,"CODICE":"","Z_OBJECTI":null,"Z_CHGCODE":1,"PREV":"0","NEXT":"0","TRACE":0,"MATERIALE":"","STATTUAL":"","TIPOLOGICO":0,"DIAMETRO1":0,"DIAMETRO2":0,"ANGOLO":0,"DATAMODIF":20081027,"ID":"0032394379158000","PATH":"","MODELLO":"http://integragis/ato3peligno/modellazione.asp?cod_tr=0032394379158000","STATON":null,"COMUNE":"","CAPACITA":"","COD_ISTAT":null,"ANNO_POSA":null,"PRODUZIONE":null,"COD_RETI":null}},
{"type":"Feature","geometry":{"type":"Point","coordinates":[13.861163279333804,42.02224418103591]},"properties":{"TIPO":"FONTANA","DEMOPERA":"","FOTO":"","QUOTA":545.00000059056,"VIA":"","COPERTURA":"ASFALTO","CHIUSINO":"GHISA","DIM_CHIUS":"","NOTE_":"FONTANA","DIAMETRO":"","OBJECTID":0,"CODICE":"","Z_OBJECTI":null,"Z_CHGCODE":1,"PREV":"0","NEXT":"0","TRACE":0,"MATERIALE":"","STATTUAL":"","TIPOLOGICO":0,"DIAMETRO1":0,"DIAMETRO2":0,"ANGOLO":0,"DATAMODIF":20081027,"ID":"0032394379159000","PATH":"","MODELLO":"http://integragis/ato3peligno/modellazione.asp?cod_tr=0032394379159000","STATON":null,"COMUNE":"","CAPACITA":"","COD_ISTAT":null,"ANNO_POSA":null,"PRODUZIONE":null,"COD_RETI":null}},
{"type":"Feature","geometry":{"type":"Point","coordinates":[13.861191569635572,42.022677276633466]},"properties":{"TIPO":"FONTANA","DEMOPERA":"","FOTO":"","QUOTA":514.99999961203,"VIA":"","COPERTURA":"ASFALTO","CHIUSINO":"GHISA","DIM_CHIUS":"","NOTE_":"FONTANA","DIAMETRO":"","OBJECTID":0,"CODICE":"","Z_OBJECTI":null,"Z_CHGCODE":1,"PREV":"0","NEXT":"0","TRACE":0,"MATERIALE":"","STATTUAL":"","TIPOLOGICO":0,"DIAMETRO1":0,"DIAMETRO2":0,"ANGOLO":0,"DATAMODIF":20081027,"ID":"0032394379164000","PATH":"","MODELLO":"http://integragis/ato3peligno/modellazione.asp?cod_tr=0032394379164000","STATON":null,"COMUNE":"","CAPACITA":"","COD_ISTAT":null,"ANNO_POSA":null,"PRODUZIONE":null,"COD_RETI":null}},
{"type":"Feature","geometry":{"type":"Point","coordinates":[13.84047359027838,42.022550174543035]},"properties":{"TIPO":"FONTANA","DEMOPERA":"","FOTO":"","QUOTA":409.99999979777,"VIA":"CORSO VITTORIO EMANUELE III","COPERTURA":"ASFALTO","CHIUSINO":"GHISA","DIM_CHIUS":"","NOTE_":"FONTANA","DIAMETRO":"","OBJECTID":0,"CODICE":"","Z_OBJECTI":null,"Z_CHGCODE":1,"PREV":"0","NEXT":"0","TRACE":0,"MATERIALE":"","STATTUAL":"","TIPOLOGICO":0,"DIAMETRO1":0,"DIAMETRO2":0,"ANGOLO":0,"DATAMODIF":20081027,"ID":"0032394379173000","PATH":"","MODELLO":"http://integragis/ato3peligno/modellazione.asp?cod_tr=0032394379173000","STATON":null,"COMUNE":"","CAPACITA":"","COD_ISTAT":null,"ANNO_POSA":null,"PRODUZIONE":null,"COD_RETI":null}},
{"type":"Feature","geometry":{"type":"Point","coordinates":[13.861550775564353,42.03977674923736]},"properties":{"TIPO":"FONTANA","DEMOPERA":"","FOTO":"","QUOTA":424.99999956491,"VIA":"","COPERTURA":"ASFALTO","CHIUSINO":"GHISA","DIM_CHIUS":"","NOTE_":"FONTANA","DIAMETRO":"","OBJECTID":0,"CODICE":"","Z_OBJECTI":null,"Z_CHGCODE":1,"PREV":"0","NEXT":"0","TRACE":0,"MATERIALE":"","STATTUAL":"","TIPOLOGICO":0,"DIAMETRO1":0,"DIAMETRO2":0,"ANGOLO":0,"DATAMODIF":20081027,"ID":"0032394379263000","PATH":"","MODELLO":"http://integragis/ato3peligno/modellazione.asp?cod_tr=0032394379263000","STATON":null,"COMUNE":"","CAPACITA":"","COD_ISTAT":null,"ANNO_POSA":null,"PRODUZIONE":null,"COD_RETI":null}},
{"type":"Feature","geometry":{"type":"Point","coordinates":[13.86016052217295,42.04217794141075]},"properties":{"TIPO":"FONTANA","DEMOPERA":"","FOTO":"","QUOTA":424.99999956491,"VIA":"","COPERTURA":"ASFALTO","CHIUSINO":"GHISA","DIM_CHIUS":"","NOTE_":"FONTANA","DIAMETRO":"","OBJECTID":0,"CODICE":"","Z_OBJECTI":null,"Z_CHGCODE":1,"PREV":"0","NEXT":"0","TRACE":0,"MATERIALE":"","STATTUAL":"","TIPOLOGICO":0,"DIAMETRO1":0,"DIAMETRO2":0,"ANGOLO":0,"DATAMODIF":20081027,"ID":"0032394379264000","PATH":"","MODELLO":"http://integragis/ato3peligno/modellazione.asp?cod_tr=0032394379264000","STATON":null,"COMUNE":"","CAPACITA":"","COD_ISTAT":null,"ANNO_POSA":null,"PRODUZIONE":null,"COD_RETI":null}},
{"type":"Feature","geometry":{"type":"Point","coordinates":[13.86924292599493,42.044217066938835]},"properties":{"TIPO":"FONTANA","DEMOPERA":"","FOTO":"","QUOTA":395.00000003062,"VIA":"","COPERTURA":"ASFALTO","CHIUSINO":"GHISA","DIM_CHIUS":"","NOTE_":"FONTANA","DIAMETRO":"","OBJECTID":0,"CODICE":"","Z_OBJECTI":null,"Z_CHGCODE":1,"PREV":"0","NEXT":"0","TRACE":0,"MATERIALE":"","STATTUAL":"","TIPOLOGICO":0,"DIAMETRO1":0,"DIAMETRO2":0,"ANGOLO":0,"DATAMODIF":20081027,"ID":"0032394379267000","PATH":"","MODELLO":"http://integragis/ato3peligno/modellazione.asp?cod_tr=0032394379267000","STATON":null,"COMUNE":"","CAPACITA":"","COD_ISTAT":null,"ANNO_POSA":null,"PRODUZIONE":null,"COD_RETI":null}},
{"type":"Feature","geometry":{"type":"Point","coordinates":[13.869335102179445,42.04337349220083]},"properties":{"TIPO":"FONTANA","DEMOPERA":"","FOTO":"","QUOTA":384.99999970444,"VIA":"","COPERTURA":"ASFALTO","CHIUSINO":"GHISA","DIM_CHIUS":"","NOTE_":"FONTANA","DIAMETRO":"","OBJECTID":0,"CODICE":"","Z_OBJECTI":null,"Z_CHGCODE":1,"PREV":"0","NEXT":"0","TRACE":0,"MATERIALE":"","STATTUAL":"","TIPOLOGICO":0,"DIAMETRO1":0,"DIAMETRO2":0,"ANGOLO":0,"DATAMODIF":20081027,"ID":"0032394379268000","PATH":"","MODELLO":"http://integragis/ato3peligno/modellazione.asp?cod_tr=0032394379268000","STATON":null,"COMUNE":"","CAPACITA":"","COD_ISTAT":null,"ANNO_POSA":null,"PRODUZIONE":null,"COD_RETI":null}},
{"type":"Feature","geometry":{"type":"Point","coordinates":[13.74168540247386,42.11528316753336]},"properties":{"TIPO":"FONTANA","DEMOPERA":"","FOTO":"","QUOTA":0,"VIA":"","COPERTURA":"ASFALTO","CHIUSINO":"GHISA","DIM_CHIUS":"","NOTE_":"FONTANA","DIAMETRO":"","OBJECTID":0,"CODICE":"","Z_OBJECTI":null,"Z_CHGCODE":1,"PREV":"0","NEXT":"0","TRACE":0,"MATERIALE":"","STATTUAL":"","TIPOLOGICO":3,"DIAMETRO1":0,"DIAMETRO2":0,"ANGOLO":0,"DATAMODIF":20081103,"ID":"0032293372117000","PATH":"","MODELLO":"http://integragis/ato3peligno/modellazione.asp?cod_tr=0032293372117000","STATON":null,"COMUNE":"","CAPACITA":"","COD_ISTAT":null,"ANNO_POSA":null,"PRODUZIONE":null,"COD_RETI":null}},
{"type":"Feature","geometry":{"type":"Point","coordinates":[13.741151683440252,42.11520749918341]},"properties":{"TIPO":"FONTANA","DEMOPERA":"","FOTO":"","QUOTA":0,"VIA":"","COPERTURA":"ASFALTO","CHIUSINO":"GHISA","DIM_CHIUS":"","NOTE_":"FONTANA","DIAMETRO":"","OBJECTID":0,"CODICE":"","Z_OBJECTI":null,"Z_CHGCODE":1,"PREV":"0","NEXT":"0","TRACE":0,"MATERIALE":"","STATTUAL":"","TIPOLOGICO":3,"DIAMETRO1":0,"DIAMETRO2":0,"ANGOLO":0,"DATAMODIF":20081103,"ID":"0032293372123000","PATH":"","MODELLO":"http://integragis/ato3peligno/modellazione.asp?cod_tr=0032293372123000","STATON":null,"COMUNE":"","CAPACITA":"","COD_ISTAT":null,"ANNO_POSA":null,"PRODUZIONE":null,"COD_RETI":null}},
{"type":"Feature","geometry":{"type":"Point","coordinates":[13.74311407489965,42.11182053259156]},"properties":{"TIPO":"FONTANA","DEMOPERA":"","FOTO":"","QUOTA":0,"VIA":"","COPERTURA":"ASFALTO","CHIUSINO":"GHISA","DIM_CHIUS":"","NOTE_":"FONTANA","DIAMETRO":"","OBJECTID":0,"CODICE":"","Z_OBJECTI":null,"Z_CHGCODE":1,"PREV":"0","NEXT":"0","TRACE":0,"MATERIALE":"","STATTUAL":"","TIPOLOGICO":3,"DIAMETRO1":0,"DIAMETRO2":0,"ANGOLO":0,"DATAMODIF":20081103,"ID":"0032293372132000","PATH":"","MODELLO":"http://integragis/ato3peligno/modellazione.asp?cod_tr=0032293372132000","STATON":null,"COMUNE":"","CAPACITA":"","COD_ISTAT":null,"ANNO_POSA":null,"PRODUZIONE":null,"COD_RETI":null}},
{"type":"Feature","geometry":{"type":"Point","coordinates":[13.74219392327339,42.11056878620227]},"properties":{"TIPO":"FONTANA","DEMOPERA":"","FOTO":"","QUOTA":0,"VIA":"","COPERTURA":"ASFALTO","CHIUSINO":"GHISA","DIM_CHIUS":"","NOTE_":"FONTANA","DIAMETRO":"","OBJECTID":0,"CODICE":"","Z_OBJECTI":null,"Z_CHGCODE":1,"PREV":"0","NEXT":"0","TRACE":0,"MATERIALE":"","STATTUAL":"","TIPOLOGICO":3,"DIAMETRO1":0,"DIAMETRO2":0,"ANGOLO":0,"DATAMODIF":20081103,"ID":"0032293372135000","PATH":"","MODELLO":"http://integragis/ato3peligno/modellazione.asp?cod_tr=0032293372135000","STATON":null,"COMUNE":"","CAPACITA":"","COD_ISTAT":null,"ANNO_POSA":null,"PRODUZIONE":null,"COD_RETI":null}},
{"type":"Feature","geometry":{"type":"Point","coordinates":[13.743659456500307,42.113249548697155]},"properties":{"TIPO":"FONTANA","DEMOPERA":"","FOTO":"","QUOTA":0,"VIA":"STRADA SENZA NOME","COPERTURA":"ASFALTO","CHIUSINO":"GHISA","DIM_CHIUS":"","NOTE_":"FONTANA","DIAMETRO":"","OBJECTID":0,"CODICE":"","Z_OBJECTI":null,"Z_CHGCODE":1,"PREV":"0","NEXT":"0","TRACE":0,"MATERIALE":"","STATTUAL":"","TIPOLOGICO":3,"DIAMETRO1":0,"DIAMETRO2":0,"ANGOLO":0,"DATAMODIF":20081103,"ID":"0032293372136000","PATH":"","MODELLO":"http://integragis/ato3peligno/modellazione.asp?cod_tr=0032293372136000","STATON":null,"COMUNE":"","CAPACITA":"","COD_ISTAT":null,"ANNO_POSA":null,"PRODUZIONE":null,"COD_RETI":null}},
{"type":"Feature","geometry":{"type":"Point","coordinates":[13.74191850830393,42.1144232014314]},"properties":{"TIPO":"FONTANA","DEMOPERA":"","FOTO":"","QUOTA":0,"VIA":"VIA BORGO","COPERTURA":"ASFALTO","CHIUSINO":"GHISA","DIM_CHIUS":"","NOTE_":"FONTANA","DIAMETRO":"","OBJECTID":0,"CODICE":"","Z_OBJECTI":null,"Z_CHGCODE":1,"PREV":"0","NEXT":"0","TRACE":0,"MATERIALE":"","STATTUAL":"","TIPOLOGICO":3,"DIAMETRO1":0,"DIAMETRO2":0,"ANGOLO":0,"DATAMODIF":20081103,"ID":"0032293372142000","PATH":"","MODELLO":"http://integragis/ato3peligno/modellazione.asp?cod_tr=0032293372142000","STATON":null,"COMUNE":"","CAPACITA":"","COD_ISTAT":null,"ANNO_POSA":null,"PRODUZIONE":null,"COD_RETI":null}},
{"type":"Feature","geometry":{"type":"Point","coordinates":[13.732798743264524,42.12624716905474]},"properties":{"TIPO":"FONTANA","DEMOPERA":"","FOTO":"","QUOTA":0,"VIA":"VIA NAZIONALE","COPERTURA":"ASFALTO","CHIUSINO":"GHISA","DIM_CHIUS":"","NOTE_":"FONTANA","DIAMETRO":"","OBJECTID":0,"CODICE":"","Z_OBJECTI":null,"Z_CHGCODE":1,"PREV":"0","NEXT":"0","TRACE":0,"MATERIALE":"","STATTUAL":"","TIPOLOGICO":3,"DIAMETRO1":0,"DIAMETRO2":0,"ANGOLO":0,"DATAMODIF":20081030,"ID":"0032394432436000","PATH":"","MODELLO":"http://integragis/ato3peligno/modellazione.asp?cod_tr=0032394432436000","STATON":null,"COMUNE":"","CAPACITA":"","COD_ISTAT":null,"ANNO_POSA":null,"PRODUZIONE":null,"COD_RETI":null}},
{"type":"Feature","geometry":{"type":"Point","coordinates":[13.729588877956836,42.1264916016405]},"properties":{"TIPO":"FONTANA","DEMOPERA":"","FOTO":"","QUOTA":0,"VIA":"","COPERTURA":"ASFALTO","CHIUSINO":"GHISA","DIM_CHIUS":"","NOTE_":"FONTANA","DIAMETRO":"","OBJECTID":0,"CODICE":"","Z_OBJECTI":null,"Z_CHGCODE":1,"PREV":"0","NEXT":"0","TRACE":0,"MATERIALE":"","STATTUAL":"","TIPOLOGICO":3,"DIAMETRO1":0,"DIAMETRO2":0,"ANGOLO":0,"DATAMODIF":20081030,"ID":"0032394432442000","PATH":"","MODELLO":"http://integragis/ato3peligno/modellazione.asp?cod_tr=0032394432442000","STATON":null,"COMUNE":"","CAPACITA":"","COD_ISTAT":null,"ANNO_POSA":null,"PRODUZIONE":null,"COD_RETI":null}},
{"type":"Feature","geometry":{"type":"Point","coordinates":[13.731117656140972,42.12697455330101]},"properties":{"TIPO":"FONTANA","DEMOPERA":"","FOTO":"","QUOTA":0,"VIA":"","COPERTURA":"ASFALTO","CHIUSINO":"GHISA","DIM_CHIUS":"","NOTE_":"FONTANA","DIAMETRO":"","OBJECTID":0,"CODICE":"","Z_OBJECTI":null,"Z_CHGCODE":1,"PREV":"0","NEXT":"0","TRACE":0,"MATERIALE":"","STATTUAL":"","TIPOLOGICO":3,"DIAMETRO1":0,"DIAMETRO2":0,"ANGOLO":0,"DATAMODIF":20081030,"ID":"0032394432456000","PATH":"","MODELLO":"http://integragis/ato3peligno/modellazione.asp?cod_tr=0032394432456000","STATON":null,"COMUNE":"","CAPACITA":"","COD_ISTAT":null,"ANNO_POSA":null,"PRODUZIONE":null,"COD_RETI":null}},
{"type":"Feature","geometry":{"type":"Point","coordinates":[13.727416509809157,42.13140482431617]},"properties":{"TIPO":"FONTANA","DEMOPERA":"","FOTO":"","QUOTA":0,"VIA":"VIA NAZIONALE","COPERTURA":"ASFALTO","CHIUSINO":"GHISA","DIM_CHIUS":"","NOTE_":"FONTANA","DIAMETRO":"","OBJECTID":0,"CODICE":"","Z_OBJECTI":null,"Z_CHGCODE":1,"PREV":"0","NEXT":"0","TRACE":0,"MATERIALE":"","STATTUAL":"","TIPOLOGICO":3,"DIAMETRO1":0,"DIAMETRO2":0,"ANGOLO":0,"DATAMODIF":20081030,"ID":"0032394432470000","PATH":"","MODELLO":"http://integragis/ato3peligno/modellazione.asp?cod_tr=0032394432470000","STATON":null,"COMUNE":"","CAPACITA":"","COD_ISTAT":null,"ANNO_POSA":null,"PRODUZIONE":null,"COD_RETI":null}},
{"type":"Feature","geometry":{"type":"Point","coordinates":[13.72881338447524,42.13157113010266]},"properties":{"TIPO":"FONTANA","DEMOPERA":"","FOTO":"","QUOTA":0,"VIA":"VIA ROMA","COPERTURA":"ASFALTO","CHIUSINO":"GHISA","DIM_CHIUS":"","NOTE_":"FONTANA","DIAMETRO":"","OBJECTID":0,"CODICE":"","Z_OBJECTI":null,"Z_CHGCODE":1,"PREV":"0","NEXT":"0","TRACE":0,"MATERIALE":"","STATTUAL":"","TIPOLOGICO":3,"DIAMETRO1":0,"DIAMETRO2":0,"ANGOLO":0,"DATAMODIF":20081030,"ID":"0032394432491000","PATH":"","MODELLO":"http://integragis/ato3peligno/modellazione.asp?cod_tr=0032394432491000","STATON":null,"COMUNE":"","CAPACITA":"","COD_ISTAT":null,"ANNO_POSA":null,"PRODUZIONE":null,"COD_RETI":null}},
{"type":"Feature","geometry":{"type":"Point","coordinates":[13.7307434745605,42.129522679536436]},"properties":{"TIPO":"FONTANA","DEMOPERA":"","FOTO":"","QUOTA":0,"VIA":"","COPERTURA":"ASFALTO","CHIUSINO":"GHISA","DIM_CHIUS":"","NOTE_":"FONTANA","DIAMETRO":"","OBJECTID":0,"CODICE":"","Z_OBJECTI":null,"Z_CHGCODE":1,"PREV":"0","NEXT":"0","TRACE":0,"MATERIALE":"","STATTUAL":"","TIPOLOGICO":3,"DIAMETRO1":0,"DIAMETRO2":0,"ANGOLO":0,"DATAMODIF":20081030,"ID":"0032394432508000","PATH":"","MODELLO":"http://integragis/ato3peligno/modellazione.asp?cod_tr=0032394432508000","STATON":null,"COMUNE":"","CAPACITA":"","COD_ISTAT":null,"ANNO_POSA":null,"PRODUZIONE":null,"COD_RETI":null}},
{"type":"Feature","geometry":{"type":"Point","coordinates":[13.730784352052503,42.13073247252502]},"properties":{"TIPO":"FONTANA","DEMOPERA":"","FOTO":"","QUOTA":0,"VIA":"","COPERTURA":"ASFALTO","CHIUSINO":"GHISA","DIM_CHIUS":"","NOTE_":"FONTANA","DIAMETRO":"","OBJECTID":0,"CODICE":"","Z_OBJECTI":null,"Z_CHGCODE":1,"PREV":"0","NEXT":"0","TRACE":0,"MATERIALE":"","STATTUAL":"","TIPOLOGICO":3,"DIAMETRO1":0,"DIAMETRO2":0,"ANGOLO":0,"DATAMODIF":20081030,"ID":"0032394432535000","PATH":"","MODELLO":"http://integragis/ato3peligno/modellazione.asp?cod_tr=0032394432535000","STATON":null,"COMUNE":"","CAPACITA":"","COD_ISTAT":null,"ANNO_POSA":null,"PRODUZIONE":null,"COD_RETI":null}},
{"type":"Feature","geometry":{"type":"Point","coordinates":[13.731834978659345,42.12880040060834]},"properties":{"TIPO":"FONTANA","DEMOPERA":"","FOTO":"","QUOTA":0,"VIA":"","COPERTURA":"ASFALTO","CHIUSINO":"GHISA","DIM_CHIUS":"","NOTE_":"FONTANA","DIAMETRO":"","OBJECTID":0,"CODICE":"","Z_OBJECTI":null,"Z_CHGCODE":1,"PREV":"0","NEXT":"0","TRACE":0,"MATERIALE":"","STATTUAL":"","TIPOLOGICO":3,"DIAMETRO1":0,"DIAMETRO2":0,"ANGOLO":0,"DATAMODIF":20081030,"ID":"0032394432558000","PATH":"","MODELLO":"http://integragis/ato3peligno/modellazione.asp?cod_tr=0032394432558000","STATON":null,"COMUNE":"","CAPACITA":"","COD_ISTAT":null,"ANNO_POSA":null,"PRODUZIONE":null,"COD_RETI":null}},
{"type":"Feature","geometry":{"type":"Point","coordinates":[13.775648550423945,42.031258236307636]},"properties":{"TIPO":"FONTANA","DEMOPERA":"","FOTO":"","QUOTA":0,"VIA":"","COPERTURA":"ASFALTO","CHIUSINO":"GHISA","DIM_CHIUS":"","NOTE_":"fontana","DIAMETRO":"","OBJECTID":0,"CODICE":"","Z_OBJECTI":null,"Z_CHGCODE":1,"PREV":"0","NEXT":"0","TRACE":0,"MATERIALE":"","STATTUAL":"","TIPOLOGICO":3,"DIAMETRO1":0,"DIAMETRO2":0,"ANGOLO":0,"DATAMODIF":20081024,"ID":"0032394479847000","PATH":"","MODELLO":"http://integragis/ato3peligno/modellazione.asp?cod_tr=0032394479847000","STATON":null,"COMUNE":"","CAPACITA":"","COD_ISTAT":null,"ANNO_POSA":null,"PRODUZIONE":null,"COD_RETI":null}},
{"type":"Feature","geometry":{"type":"Point","coordinates":[13.775245474074902,42.0319214745714]},"properties":{"TIPO":"FONTANA","DEMOPERA":"","FOTO":"","QUOTA":0,"VIA":"","COPERTURA":"ASFALTO","CHIUSINO":"GHISA","DIM_CHIUS":"","NOTE_":"fontana","DIAMETRO":"","OBJECTID":0,"CODICE":"","Z_OBJECTI":null,"Z_CHGCODE":1,"PREV":"0","NEXT":"0","TRACE":0,"MATERIALE":"","STATTUAL":"","TIPOLOGICO":3,"DIAMETRO1":0,"DIAMETRO2":0,"ANGOLO":0,"DATAMODIF":20081024,"ID":"0032394479848000","PATH":"","MODELLO":"http://integragis/ato3peligno/modellazione.asp?cod_tr=0032394479848000","STATON":null,"COMUNE":"","CAPACITA":"","COD_ISTAT":null,"ANNO_POSA":null,"PRODUZIONE":null,"COD_RETI":null}},
{"type":"Feature","geometry":{"type":"Point","coordinates":[13.774931624579507,42.03137355277193]},"properties":{"TIPO":"FONTANA","DEMOPERA":"","FOTO":"","QUOTA":0,"VIA":"","COPERTURA":"ASFALTO","CHIUSINO":"GHISA","DIM_CHIUS":"","NOTE_":"fontana","DIAMETRO":"","OBJECTID":0,"CODICE":"","Z_OBJECTI":null,"Z_CHGCODE":1,"PREV":"0","NEXT":"0","TRACE":0,"MATERIALE":"","STATTUAL":"","TIPOLOGICO":3,"DIAMETRO1":0,"DIAMETRO2":0,"ANGOLO":0,"DATAMODIF":20081024,"ID":"0032394479852000","PATH":"","MODELLO":"http://integragis/ato3peligno/modellazione.asp?cod_tr=0032394479852000","STATON":null,"COMUNE":"","CAPACITA":"","COD_ISTAT":null,"ANNO_POSA":null,"PRODUZIONE":null,"COD_RETI":null}},
{"type":"Feature","geometry":{"type":"Point","coordinates":[13.776197363865421,42.031199459430404]},"properties":{"TIPO":"FONTANA","DEMOPERA":"","FOTO":"","QUOTA":0,"VIA":"","COPERTURA":"ASFALTO","CHIUSINO":"GHISA","DIM_CHIUS":"","NOTE_":"fontana","DIAMETRO":"","OBJECTID":0,"CODICE":"","Z_OBJECTI":null,"Z_CHGCODE":1,"PREV":"0","NEXT":"0","TRACE":0,"MATERIALE":"","STATTUAL":"","TIPOLOGICO":3,"DIAMETRO1":0,"DIAMETRO2":0,"ANGOLO":0,"DATAMODIF":20081024,"ID":"0032394479879000","PATH":"","MODELLO":"http://integragis/ato3peligno/modellazione.asp?cod_tr=0032394479879000","STATON":null,"COMUNE":"","CAPACITA":"","COD_ISTAT":null,"ANNO_POSA":null,"PRODUZIONE":null,"COD_RETI":null}},
{"type":"Feature","geometry":{"type":"Point","coordinates":[13.775176287644571,42.03898085910142]},"properties":{"TIPO":"FONTANA","DEMOPERA":"","FOTO":"","QUOTA":0,"VIA":"CONTRADA NOCE DA MILANO","COPERTURA":"ASFALTO","CHIUSINO":"GHISA","DIM_CHIUS":"","NOTE_":"fontana","DIAMETRO":"","OBJECTID":0,"CODICE":"","Z_OBJECTI":null,"Z_CHGCODE":1,"PREV":"0","NEXT":"0","TRACE":0,"MATERIALE":"","STATTUAL":"","TIPOLOGICO":3,"DIAMETRO1":0,"DIAMETRO2":0,"ANGOLO":0,"DATAMODIF":20081024,"ID":"0032394479881000","PATH":"","MODELLO":"http://integragis/ato3peligno/modellazione.asp?cod_tr=0032394479881000","STATON":null,"COMUNE":"","CAPACITA":"","COD_ISTAT":null,"ANNO_POSA":null,"PRODUZIONE":null,"COD_RETI":null}},
{"type":"Feature","geometry":{"type":"Point","coordinates":[13.773655092406953,42.032179531076416]},"properties":{"TIPO":"FONTANA","DEMOPERA":"","FOTO":"","QUOTA":0,"VIA":"","COPERTURA":"ASFALTO","CHIUSINO":"GHISA","DIM_CHIUS":"","NOTE_":"fontana","DIAMETRO":"","OBJECTID":0,"CODICE":"","Z_OBJECTI":null,"Z_CHGCODE":1,"PREV":"0","NEXT":"0","TRACE":0,"MATERIALE":"","STATTUAL":"","TIPOLOGICO":3,"DIAMETRO1":0,"DIAMETRO2":0,"ANGOLO":0,"DATAMODIF":20081024,"ID":"0032394479979000","PATH":"","MODELLO":"http://integragis/ato3peligno/modellazione.asp?cod_tr=0032394479979000","STATON":null,"COMUNE":"","CAPACITA":"","COD_ISTAT":null,"ANNO_POSA":null,"PRODUZIONE":null,"COD_RETI":null}},
{"type":"Feature","geometry":{"type":"Point","coordinates":[13.773782697896369,42.0320831531238]},"properties":{"TIPO":"FONTANA","DEMOPERA":"","FOTO":"","QUOTA":0,"VIA":"","COPERTURA":"ASFALTO","CHIUSINO":"GHISA","DIM_CHIUS":"","NOTE_":"fontana","DIAMETRO":"","OBJECTID":0,"CODICE":"","Z_OBJECTI":null,"Z_CHGCODE":1,"PREV":"0","NEXT":"0","TRACE":0,"MATERIALE":"","STATTUAL":"","TIPOLOGICO":3,"DIAMETRO1":0,"DIAMETRO2":0,"ANGOLO":0,"DATAMODIF":20081024,"ID":"0032394479980000","PATH":"","MODELLO":"http://integragis/ato3peligno/modellazione.asp?cod_tr=0032394479980000","STATON":null,"COMUNE":"","CAPACITA":"","COD_ISTAT":null,"ANNO_POSA":null,"PRODUZIONE":null,"COD_RETI":null}},
{"type":"Feature","geometry":{"type":"Point","coordinates":[13.77397061045247,42.031911619727744]},"properties":{"TIPO":"FONTANA","DEMOPERA":"","FOTO":"","QUOTA":0,"VIA":"","COPERTURA":"ASFALTO","CHIUSINO":"GHISA","DIM_CHIUS":"","NOTE_":"fontana","DIAMETRO":"","OBJECTID":0,"CODICE":"","Z_OBJECTI":null,"Z_CHGCODE":1,"PREV":"0","NEXT":"0","TRACE":0,"MATERIALE":"","STATTUAL":"","TIPOLOGICO":3,"DIAMETRO1":0,"DIAMETRO2":0,"ANGOLO":0,"DATAMODIF":20081024,"ID":"0032394479981000","PATH":"","MODELLO":"http://integragis/ato3peligno/modellazione.asp?cod_tr=0032394479981000","STATON":null,"COMUNE":"","CAPACITA":"","COD_ISTAT":null,"ANNO_POSA":null,"PRODUZIONE":null,"COD_RETI":null}},
{"type":"Feature","geometry":{"type":"Point","coordinates":[13.774085376533646,42.031787178029425]},"properties":{"TIPO":"FONTANA","DEMOPERA":"","FOTO":"","QUOTA":0,"VIA":"","COPERTURA":"ASFALTO","CHIUSINO":"GHISA","DIM_CHIUS":"","NOTE_":"fontana","DIAMETRO":"","OBJECTID":0,"CODICE":"","Z_OBJECTI":null,"Z_CHGCODE":1,"PREV":"0","NEXT":"0","TRACE":0,"MATERIALE":"","STATTUAL":"","TIPOLOGICO":3,"DIAMETRO1":0,"DIAMETRO2":0,"ANGOLO":0,"DATAMODIF":20081024,"ID":"0032394479982000","PATH":"","MODELLO":"http://integragis/ato3peligno/modellazione.asp?cod_tr=0032394479982000","STATON":null,"COMUNE":"","CAPACITA":"","COD_ISTAT":null,"ANNO_POSA":null,"PRODUZIONE":null,"COD_RETI":null}},
{"type":"Feature","geometry":{"type":"Point","coordinates":[13.693846795471563,42.1250937136323]},"properties":{"TIPO":"FONTANA","DEMOPERA":"","FOTO":"","QUOTA":0,"VIA":"","COPERTURA":"ASFALTO","CHIUSINO":"GHISA","DIM_CHIUS":"","NOTE_":"FONTANA","DIAMETRO":"","OBJECTID":0,"CODICE":"","Z_OBJECTI":null,"Z_CHGCODE":1,"PREV":"0","NEXT":"0","TRACE":0,"MATERIALE":"","STATTUAL":"","TIPOLOGICO":3,"DIAMETRO1":0,"DIAMETRO2":0,"ANGOLO":0,"DATAMODIF":20081023,"ID":"0032185339601000","PATH":"","MODELLO":"http://integragis/ato3peligno/modellazione.asp?cod_tr=0032185339601000","STATON":null,"COMUNE":"","CAPACITA":"","COD_ISTAT":null,"ANNO_POSA":null,"PRODUZIONE":null,"COD_RETI":null}},
{"type":"Feature","geometry":{"type":"Point","coordinates":[13.69932015677193,42.126655467831824]},"properties":{"TIPO":"FONTANA","DEMOPERA":"","FOTO":"","QUOTA":0,"VIA":"","COPERTURA":"ASFALTO","CHIUSINO":"GHISA","DIM_CHIUS":"","NOTE_":"FONTANA","DIAMETRO":"","OBJECTID":0,"CODICE":"","Z_OBJECTI":null,"Z_CHGCODE":1,"PREV":"0","NEXT":"0","TRACE":0,"MATERIALE":"","STATTUAL":"","TIPOLOGICO":3,"DIAMETRO1":0,"DIAMETRO2":0,"ANGOLO":0,"DATAMODIF":20081023,"ID":"0032185339615000","PATH":"","MODELLO":"http://integragis/ato3peligno/modellazione.asp?cod_tr=0032185339615000","STATON":null,"COMUNE":"","CAPACITA":"","COD_ISTAT":null,"ANNO_POSA":null,"PRODUZIONE":null,"COD_RETI":null}},
{"type":"Feature","geometry":{"type":"Point","coordinates":[13.702553265376139,42.11833198028796]},"properties":{"TIPO":"FONTANA","DEMOPERA":"","FOTO":"","QUOTA":0,"VIA":"VIA CITARELLA","COPERTURA":"ASFALTO","CHIUSINO":"GHISA","DIM_CHIUS":"","NOTE_":"FONTANA","DIAMETRO":"","OBJECTID":0,"CODICE":"","Z_OBJECTI":null,"Z_CHGCODE":1,"PREV":"0","NEXT":"0","TRACE":0,"MATERIALE":"","STATTUAL":"","TIPOLOGICO":3,"DIAMETRO1":0,"DIAMETRO2":0,"ANGOLO":0,"DATAMODIF":20081023,"ID":"0032185339635000","PATH":"","MODELLO":"http://integragis/ato3peligno/modellazione.asp?cod_tr=0032185339635000","STATON":null,"COMUNE":"","CAPACITA":"","COD_ISTAT":null,"ANNO_POSA":null,"PRODUZIONE":null,"COD_RETI":null}},
{"type":"Feature","geometry":{"type":"Point","coordinates":[13.70058163471205,42.12626143388963]},"properties":{"TIPO":"FONTANA","DEMOPERA":"","FOTO":"","QUOTA":0,"VIA":"","COPERTURA":"ASFALTO","CHIUSINO":"GHISA","DIM_CHIUS":"","NOTE_":"FONTANA","DIAMETRO":"","OBJECTID":0,"CODICE":"","Z_OBJECTI":null,"Z_CHGCODE":1,"PREV":"0","NEXT":"0","TRACE":0,"MATERIALE":"","STATTUAL":"","TIPOLOGICO":3,"DIAMETRO1":0,"DIAMETRO2":0,"ANGOLO":0,"DATAMODIF":20081023,"ID":"0032185339654000","PATH":"","MODELLO":"http://integragis/ato3peligno/modellazione.asp?cod_tr=0032185339654000","STATON":null,"COMUNE":"","CAPACITA":"","COD_ISTAT":null,"ANNO_POSA":null,"PRODUZIONE":null,"COD_RETI":null}},
{"type":"Feature","geometry":{"type":"Point","coordinates":[13.776301842116874,42.079386608349964]},"properties":{"TIPO":"FONTANA","DEMOPERA":"","FOTO":"","QUOTA":0,"VIA":"STRADA PROVINCIALE DELLA STAZIONE","COPERTURA":"ASFALTO","CHIUSINO":"GHISA","DIM_CHIUS":"","NOTE_":"","DIAMETRO":"","OBJECTID":null,"CODICE":"FONTANA","Z_OBJECTI":null,"Z_CHGCODE":1,"PREV":"0","NEXT":"0","TRACE":0,"MATERIALE":"","STATTUAL":"","TIPOLOGICO":3,"DIAMETRO1":0,"DIAMETRO2":0,"ANGOLO":0,"DATAMODIF":20081114,"ID":"0032403529314000","PATH":"","MODELLO":"http://integragis/ato3peligno/modellazione.asp?cod_tr=0032403529314000","STATON":null,"COMUNE":"","CAPACITA":"","COD_ISTAT":null,"ANNO_POSA":null,"PRODUZIONE":null,"COD_RETI":null}},
{"type":"Feature","geometry":{"type":"Point","coordinates":[13.779363417322719,42.073948042442346]},"properties":{"TIPO":"FONTANA","DEMOPERA":"","FOTO":"","QUOTA":0,"VIA":"","COPERTURA":"ASFALTO","CHIUSINO":"GHISA","DIM_CHIUS":"","NOTE_":"FONTANA","DIAMETRO":"","OBJECTID":0,"CODICE":"","Z_OBJECTI":null,"Z_CHGCODE":1,"PREV":"0","NEXT":"0","TRACE":0,"MATERIALE":"","STATTUAL":"","TIPOLOGICO":3,"DIAMETRO1":0,"DIAMETRO2":0,"ANGOLO":0,"DATAMODIF":20081114,"ID":"0032403529327000","PATH":"","MODELLO":"http://integragis/ato3peligno/modellazione.asp?cod_tr=0032403529327000","STATON":null,"COMUNE":"","CAPACITA":"","COD_ISTAT":null,"ANNO_POSA":null,"PRODUZIONE":null,"COD_RETI":null}},
{"type":"Feature","geometry":{"type":"Point","coordinates":[13.776723574061561,42.08252389687033]},"properties":{"TIPO":"FONTANA","DEMOPERA":"","FOTO":"","QUOTA":0,"VIA":"STRADA SENA NOME","COPERTURA":"ASFALTO","CHIUSINO":"GHISA","DIM_CHIUS":"","NOTE_":"FONTANA","DIAMETRO":"","OBJECTID":0,"CODICE":"","Z_OBJECTI":null,"Z_CHGCODE":1,"PREV":"0","NEXT":"0","TRACE":0,"MATERIALE":"","STATTUAL":"","TIPOLOGICO":3,"DIAMETRO1":0,"DIAMETRO2":0,"ANGOLO":0,"DATAMODIF":20081114,"ID":"0032403529370000","PATH":"","MODELLO":"http://integragis/ato3peligno/modellazione.asp?cod_tr=0032403529370000","STATON":null,"COMUNE":"","CAPACITA":"","COD_ISTAT":null,"ANNO_POSA":null,"PRODUZIONE":null,"COD_RETI":null}},
{"type":"Feature","geometry":{"type":"Point","coordinates":[13.77376941544807,42.08088679996282]},"properties":{"TIPO":"FONTANA","DEMOPERA":"","FOTO":"","QUOTA":0,"VIA":"","COPERTURA":"ASFALTO","CHIUSINO":"GHISA","DIM_CHIUS":"","NOTE_":"FONTANA","DIAMETRO":"","OBJECTID":0,"CODICE":"","Z_OBJECTI":null,"Z_CHGCODE":1,"PREV":"0","NEXT":"0","TRACE":0,"MATERIALE":"","STATTUAL":"","TIPOLOGICO":3,"DIAMETRO1":0,"DIAMETRO2":0,"ANGOLO":0,"DATAMODIF":20081114,"ID":"0032403529387000","PATH":"","MODELLO":"http://integragis/ato3peligno/modellazione.asp?cod_tr=0032403529387000","STATON":null,"COMUNE":"","CAPACITA":"","COD_ISTAT":null,"ANNO_POSA":null,"PRODUZIONE":null,"COD_RETI":null}},
{"type":"Feature","geometry":{"type":"Point","coordinates":[13.773977572188322,42.08119597829951]},"properties":{"TIPO":"FONTANA","DEMOPERA":"","FOTO":"","QUOTA":0,"VIA":"VIA DELLA CORTE","COPERTURA":"ASFALTO","CHIUSINO":"GHISA","DIM_CHIUS":"","NOTE_":"FONTANA","DIAMETRO":"","OBJECTID":0,"CODICE":"","Z_OBJECTI":null,"Z_CHGCODE":1,"PREV":"0","NEXT":"0","TRACE":0,"MATERIALE":"","STATTUAL":"","TIPOLOGICO":3,"DIAMETRO1":0,"DIAMETRO2":0,"ANGOLO":0,"DATAMODIF":20081114,"ID":"0032403529398000","PATH":"","MODELLO":"http://integragis/ato3peligno/modellazione.asp?cod_tr=0032403529398000","STATON":null,"COMUNE":"","CAPACITA":"","COD_ISTAT":null,"ANNO_POSA":null,"PRODUZIONE":null,"COD_RETI":null}},
{"type":"Feature","geometry":{"type":"Point","coordinates":[13.775323469230715,42.08106752824661]},"properties":{"TIPO":"FONTANA","DEMOPERA":"","FOTO":"","QUOTA":0,"VIA":"","COPERTURA":"ASFALTO","CHIUSINO":"GHISA","DIM_CHIUS":"","NOTE_":"FONTANA","DIAMETRO":"","OBJECTID":0,"CODICE":"","Z_OBJECTI":null,"Z_CHGCODE":1,"PREV":"0","NEXT":"0","TRACE":0,"MATERIALE":"","STATTUAL":"","TIPOLOGICO":3,"DIAMETRO1":0,"DIAMETRO2":0,"ANGOLO":0,"DATAMODIF":20081114,"ID":"0032403529412000","PATH":"","MODELLO":"http://integragis/ato3peligno/modellazione.asp?cod_tr=0032403529412000","STATON":null,"COMUNE":"","CAPACITA":"","COD_ISTAT":null,"ANNO_POSA":null,"PRODUZIONE":null,"COD_RETI":null}},
{"type":"Feature","geometry":{"type":"Point","coordinates":[13.897315643315167,42.011042901959506]},"properties":{"TIPO":"FONTANA","DEMOPERA":"","FOTO":"","QUOTA":0,"VIA":"","COPERTURA":"ASFALTO","CHIUSINO":"GHISA","DIM_CHIUS":"","NOTE_":"FONTANA","DIAMETRO":"","OBJECTID":0,"CODICE":"","Z_OBJECTI":null,"Z_CHGCODE":null,"PREV":"0","NEXT":"0","TRACE":0,"MATERIALE":"","STATTUAL":"","TIPOLOGICO":3,"DIAMETRO1":0,"DIAMETRO2":0,"ANGOLO":0,"DATAMODIF":20081023,"ID":"0032175831205000","PATH":"","MODELLO":"http://integragis/ato3peligno/modellazione.asp?cod_tr=0032175831205000","STATON":null,"COMUNE":"","CAPACITA":"","COD_ISTAT":null,"ANNO_POSA":null,"PRODUZIONE":null,"COD_RETI":null}},
{"type":"Feature","geometry":{"type":"Point","coordinates":[13.897466020277061,42.0087547036113]},"properties":{"TIPO":"FONTANA","DEMOPERA":"","FOTO":"","QUOTA":0,"VIA":"VIA GIUSEPPE GARIBALDI","COPERTURA":"ASFALTO","CHIUSINO":"GHISA","DIM_CHIUS":"","NOTE_":"FONTANA","DIAMETRO":"","OBJECTID":0,"CODICE":"","Z_OBJECTI":null,"Z_CHGCODE":null,"PREV":"0","NEXT":"0","TRACE":0,"MATERIALE":"","STATTUAL":"","TIPOLOGICO":3,"DIAMETRO1":0,"DIAMETRO2":0,"ANGOLO":0,"DATAMODIF":20081023,"ID":"0032175831210000","PATH":"","MODELLO":"http://integragis/ato3peligno/modellazione.asp?cod_tr=0032175831210000","STATON":null,"COMUNE":"","CAPACITA":"","COD_ISTAT":null,"ANNO_POSA":null,"PRODUZIONE":null,"COD_RETI":null}},
{"type":"Feature","geometry":{"type":"Point","coordinates":[13.897915134845773,42.01473093000535]},"properties":{"TIPO":"FONTANA","DEMOPERA":"","FOTO":"","QUOTA":0,"VIA":"VIA TORRE","COPERTURA":"ASFALTO","CHIUSINO":"GHISA","DIM_CHIUS":"","NOTE_":"FONTANA","DIAMETRO":"","OBJECTID":0,"CODICE":"","Z_OBJECTI":null,"Z_CHGCODE":null,"PREV":"0","NEXT":"0","TRACE":0,"MATERIALE":"","STATTUAL":"","TIPOLOGICO":3,"DIAMETRO1":0,"DIAMETRO2":0,"ANGOLO":0,"DATAMODIF":20081023,"ID":"0032175831212000","PATH":"","MODELLO":"http://integragis/ato3peligno/modellazione.asp?cod_tr=0032175831212000","STATON":null,"COMUNE":"","CAPACITA":"","COD_ISTAT":null,"ANNO_POSA":null,"PRODUZIONE":null,"COD_RETI":null}},
{"type":"Feature","geometry":{"type":"Point","coordinates":[13.897700426305434,42.0078335933764]},"properties":{"TIPO":"FONTANA","DEMOPERA":"","FOTO":"","QUOTA":0,"VIA":"PIAZZA CAVOUR","COPERTURA":"ASFALTO","CHIUSINO":"GHISA","DIM_CHIUS":"","NOTE_":"FONTANA","DIAMETRO":"","OBJECTID":0,"CODICE":"","Z_OBJECTI":null,"Z_CHGCODE":null,"PREV":"0","NEXT":"0","TRACE":0,"MATERIALE":"","STATTUAL":"","TIPOLOGICO":3,"DIAMETRO1":0,"DIAMETRO2":0,"ANGOLO":0,"DATAMODIF":20081023,"ID":"0032175831221000","PATH":"","MODELLO":"http://integragis/ato3peligno/modellazione.asp?cod_tr=0032175831221000","STATON":null,"COMUNE":"","CAPACITA":"","COD_ISTAT":null,"ANNO_POSA":null,"PRODUZIONE":null,"COD_RETI":null}},
{"type":"Feature","geometry":{"type":"Point","coordinates":[13.89792509563937,42.00650020809768]},"properties":{"TIPO":"FONTANA","DEMOPERA":"","FOTO":"","QUOTA":0,"VIA":"","COPERTURA":"ASFALTO","CHIUSINO":"GHISA","DIM_CHIUS":"","NOTE_":"FONTANA","DIAMETRO":"","OBJECTID":0,"CODICE":"","Z_OBJECTI":null,"Z_CHGCODE":null,"PREV":"0","NEXT":"0","TRACE":0,"MATERIALE":"","STATTUAL":"","TIPOLOGICO":3,"DIAMETRO1":0,"DIAMETRO2":0,"ANGOLO":0,"DATAMODIF":20081023,"ID":"0032175831225000","PATH":"","MODELLO":"http://integragis/ato3peligno/modellazione.asp?cod_tr=0032175831225000","STATON":null,"COMUNE":"","CAPACITA":"","COD_ISTAT":null,"ANNO_POSA":null,"PRODUZIONE":null,"COD_RETI":null}},
{"type":"Feature","geometry":{"type":"Point","coordinates":[13.897108123277631,42.006254170212415]},"properties":{"TIPO":"FONTANA","DEMOPERA":"","FOTO":"","QUOTA":0,"VIA":"","COPERTURA":"ASFALTO","CHIUSINO":"GHISA","DIM_CHIUS":"","NOTE_":"FONTANA","DIAMETRO":"","OBJECTID":0,"CODICE":"","Z_OBJECTI":null,"Z_CHGCODE":null,"PREV":"0","NEXT":"0","TRACE":0,"MATERIALE":"","STATTUAL":"","TIPOLOGICO":3,"DIAMETRO1":0,"DIAMETRO2":0,"ANGOLO":0,"DATAMODIF":20081023,"ID":"0032175831228000","PATH":"","MODELLO":"http://integragis/ato3peligno/modellazione.asp?cod_tr=0032175831228000","STATON":null,"COMUNE":"","CAPACITA":"","COD_ISTAT":null,"ANNO_POSA":null,"PRODUZIONE":null,"COD_RETI":null}},
{"type":"Feature","geometry":{"type":"Point","coordinates":[13.896949574074009,42.00638489267725]},"properties":{"TIPO":"FONTANA","DEMOPERA":"","FOTO":"","QUOTA":0,"VIA":"","COPERTURA":"ASFALTO","CHIUSINO":"GHISA","DIM_CHIUS":"","NOTE_":"FONTANA","DIAMETRO":"","OBJECTID":0,"CODICE":"","Z_OBJECTI":null,"Z_CHGCODE":null,"PREV":"0","NEXT":"0","TRACE":0,"MATERIALE":"","STATTUAL":"","TIPOLOGICO":3,"DIAMETRO1":0,"DIAMETRO2":0,"ANGOLO":0,"DATAMODIF":20081023,"ID":"0032175831232000","PATH":"","MODELLO":"http://integragis/ato3peligno/modellazione.asp?cod_tr=0032175831232000","STATON":null,"COMUNE":"","CAPACITA":"","COD_ISTAT":null,"ANNO_POSA":null,"PRODUZIONE":null,"COD_RETI":null}},
{"type":"Feature","geometry":{"type":"Point","coordinates":[13.896588809561766,42.00679042492677]},"properties":{"TIPO":"FONTANA","DEMOPERA":"","FOTO":"","QUOTA":0,"VIA":"","COPERTURA":"ASFALTO","CHIUSINO":"GHISA","DIM_CHIUS":"","NOTE_":"FONTANA","DIAMETRO":"","OBJECTID":0,"CODICE":"","Z_OBJECTI":null,"Z_CHGCODE":null,"PREV":"0","NEXT":"0","TRACE":0,"MATERIALE":"","STATTUAL":"","TIPOLOGICO":3,"DIAMETRO1":0,"DIAMETRO2":0,"ANGOLO":0,"DATAMODIF":20081023,"ID":"0032175831234000","PATH":"","MODELLO":"http://integragis/ato3peligno/modellazione.asp?cod_tr=0032175831234000","STATON":null,"COMUNE":"","CAPACITA":"","COD_ISTAT":null,"ANNO_POSA":null,"PRODUZIONE":null,"COD_RETI":null}},
{"type":"Feature","geometry":{"type":"Point","coordinates":[13.895345483961625,42.0088300881139]},"properties":{"TIPO":"FONTANA","DEMOPERA":"","FOTO":"","QUOTA":0,"VIA":"","COPERTURA":"ASFALTO","CHIUSINO":"GHISA","DIM_CHIUS":"","NOTE_":"FONTANA","DIAMETRO":"","OBJECTID":0,"CODICE":"","Z_OBJECTI":null,"Z_CHGCODE":null,"PREV":"0","NEXT":"0","TRACE":0,"MATERIALE":"","STATTUAL":"","TIPOLOGICO":3,"DIAMETRO1":0,"DIAMETRO2":0,"ANGOLO":0,"DATAMODIF":20081023,"ID":"0032175831238000","PATH":"","MODELLO":"http://integragis/ato3peligno/modellazione.asp?cod_tr=0032175831238000","STATON":null,"COMUNE":"","CAPACITA":"","COD_ISTAT":null,"ANNO_POSA":null,"PRODUZIONE":null,"COD_RETI":null}},
{"type":"Feature","geometry":{"type":"Point","coordinates":[13.896589200107327,42.00867816237723]},"properties":{"TIPO":"FONTANA","DEMOPERA":"","FOTO":"","QUOTA":0,"VIA":"","COPERTURA":"ASFALTO","CHIUSINO":"GHISA","DIM_CHIUS":"","NOTE_":"FONTANA","DIAMETRO":"","OBJECTID":0,"CODICE":"","Z_OBJECTI":null,"Z_CHGCODE":null,"PREV":"0","NEXT":"0","TRACE":0,"MATERIALE":"","STATTUAL":"","TIPOLOGICO":3,"DIAMETRO1":0,"DIAMETRO2":0,"ANGOLO":0,"DATAMODIF":20081023,"ID":"0032175831240000","PATH":"","MODELLO":"http://integragis/ato3peligno/modellazione.asp?cod_tr=0032175831240000","STATON":null,"COMUNE":"","CAPACITA":"","COD_ISTAT":null,"ANNO_POSA":null,"PRODUZIONE":null,"COD_RETI":null}},
{"type":"Feature","geometry":{"type":"Point","coordinates":[13.89791210267556,42.00705516065191]},"properties":{"TIPO":"FONTANA","DEMOPERA":"","FOTO":"","QUOTA":0,"VIA":"","COPERTURA":"ASFALTO","CHIUSINO":"GHISA","DIM_CHIUS":"","NOTE_":"FONTANA","DIAMETRO":"","OBJECTID":0,"CODICE":"","Z_OBJECTI":null,"Z_CHGCODE":null,"PREV":"0","NEXT":"0","TRACE":0,"MATERIALE":"","STATTUAL":"","TIPOLOGICO":3,"DIAMETRO1":0,"DIAMETRO2":0,"ANGOLO":0,"DATAMODIF":20081023,"ID":"0032175831252000","PATH":"","MODELLO":"http://integragis/ato3peligno/modellazione.asp?cod_tr=0032175831252000","STATON":null,"COMUNE":"","CAPACITA":"","COD_ISTAT":null,"ANNO_POSA":null,"PRODUZIONE":null,"COD_RETI":null}},
{"type":"Feature","geometry":{"type":"Point","coordinates":[13.897608599235896,42.006829086120796]},"properties":{"TIPO":"FONTANA","DEMOPERA":"","FOTO":"","QUOTA":0,"VIA":"","COPERTURA":"ASFALTO","CHIUSINO":"GHISA","DIM_CHIUS":"","NOTE_":"FONTANA","DIAMETRO":"","OBJECTID":0,"CODICE":"","Z_OBJECTI":null,"Z_CHGCODE":null,"PREV":"0","NEXT":"0","TRACE":0,"MATERIALE":"","STATTUAL":"","TIPOLOGICO":3,"DIAMETRO1":0,"DIAMETRO2":0,"ANGOLO":0,"DATAMODIF":20081023,"ID":"0032175831253000","PATH":"","MODELLO":"http://integragis/ato3peligno/modellazione.asp?cod_tr=0032175831253000","STATON":null,"COMUNE":"","CAPACITA":"","COD_ISTAT":null,"ANNO_POSA":null,"PRODUZIONE":null,"COD_RETI":null}},
{"type":"Feature","geometry":{"type":"Point","coordinates":[13.898953554566909,42.00850844184305]},"properties":{"TIPO":"FONTANA","DEMOPERA":"","FOTO":"","QUOTA":0,"VIA":"STRADA SENZA NOME","COPERTURA":"ASFALTO","CHIUSINO":"GHISA","DIM_CHIUS":"","NOTE_":"FONTANA","DIAMETRO":"","OBJECTID":0,"CODICE":"","Z_OBJECTI":null,"Z_CHGCODE":null,"PREV":"0","NEXT":"0","TRACE":0,"MATERIALE":"","STATTUAL":"","TIPOLOGICO":3,"DIAMETRO1":0,"DIAMETRO2":0,"ANGOLO":0,"DATAMODIF":20081023,"ID":"0032175831255000","PATH":"","MODELLO":"http://integragis/ato3peligno/modellazione.asp?cod_tr=0032175831255000","STATON":null,"COMUNE":"","CAPACITA":"","COD_ISTAT":null,"ANNO_POSA":null,"PRODUZIONE":null,"COD_RETI":null}},
{"type":"Feature","geometry":{"type":"Point","coordinates":[13.899790771261983,42.00614289190814]},"properties":{"TIPO":"FONTANA","DEMOPERA":"","FOTO":"","QUOTA":0,"VIA":"","COPERTURA":"ASFALTO","CHIUSINO":"GHISA","DIM_CHIUS":"","NOTE_":"FONTANA","DIAMETRO":"","OBJECTID":0,"CODICE":"","Z_OBJECTI":null,"Z_CHGCODE":null,"PREV":"0","NEXT":"0","TRACE":0,"MATERIALE":"","STATTUAL":"","TIPOLOGICO":3,"DIAMETRO1":0,"DIAMETRO2":0,"ANGOLO":0,"DATAMODIF":20081023,"ID":"0032175831260000","PATH":"","MODELLO":"http://integragis/ato3peligno/modellazione.asp?cod_tr=0032175831260000","STATON":null,"COMUNE":"","CAPACITA":"","COD_ISTAT":null,"ANNO_POSA":null,"PRODUZIONE":null,"COD_RETI":null}},
{"type":"Feature","geometry":{"type":"Point","coordinates":[13.8982026125221,42.00681492277326]},"properties":{"TIPO":"FONTANA","DEMOPERA":"","FOTO":"","QUOTA":0,"VIA":"","COPERTURA":"ASFALTO","CHIUSINO":"GHISA","DIM_CHIUS":"","NOTE_":"FONTANA","DIAMETRO":"","OBJECTID":0,"CODICE":"","Z_OBJECTI":null,"Z_CHGCODE":null,"PREV":"0","NEXT":"0","TRACE":0,"MATERIALE":"","STATTUAL":"","TIPOLOGICO":3,"DIAMETRO1":0,"DIAMETRO2":0,"ANGOLO":0,"DATAMODIF":20081023,"ID":"0032175831268000","PATH":"","MODELLO":"http://integragis/ato3peligno/modellazione.asp?cod_tr=0032175831268000","STATON":null,"COMUNE":"","CAPACITA":"","COD_ISTAT":null,"ANNO_POSA":null,"PRODUZIONE":null,"COD_RETI":null}},
{"type":"Feature","geometry":{"type":"Point","coordinates":[13.899560736964018,42.00719835233613]},"properties":{"TIPO":"FONTANA","DEMOPERA":"","FOTO":"","QUOTA":0,"VIA":"","COPERTURA":"ASFALTO","CHIUSINO":"GHISA","DIM_CHIUS":"","NOTE_":"FONTANA","DIAMETRO":"","OBJECTID":0,"CODICE":"","Z_OBJECTI":null,"Z_CHGCODE":null,"PREV":"0","NEXT":"0","TRACE":0,"MATERIALE":"","STATTUAL":"","TIPOLOGICO":3,"DIAMETRO1":0,"DIAMETRO2":0,"ANGOLO":0,"DATAMODIF":20081023,"ID":"0032175831269000","PATH":"","MODELLO":"http://integragis/ato3peligno/modellazione.asp?cod_tr=0032175831269000","STATON":null,"COMUNE":"","CAPACITA":"","COD_ISTAT":null,"ANNO_POSA":null,"PRODUZIONE":null,"COD_RETI":null}},
{"type":"Feature","geometry":{"type":"Point","coordinates":[13.89690831110812,42.02659856964747]},"properties":{"TIPO":"FONTANA","DEMOPERA":"","FOTO":"","QUOTA":0,"VIA":"","COPERTURA":"ASFALTO","CHIUSINO":"GHISA","DIM_CHIUS":"","NOTE_":"FONTANA","DIAMETRO":"","OBJECTID":0,"CODICE":"","Z_OBJECTI":null,"Z_CHGCODE":null,"PREV":"0","NEXT":"0","TRACE":0,"MATERIALE":"","STATTUAL":"","TIPOLOGICO":3,"DIAMETRO1":0,"DIAMETRO2":0,"ANGOLO":0,"DATAMODIF":20081023,"ID":"0032175831277000","PATH":"","MODELLO":"http://integragis/ato3peligno/modellazione.asp?cod_tr=0032175831277000","STATON":null,"COMUNE":"","CAPACITA":"","COD_ISTAT":null,"ANNO_POSA":null,"PRODUZIONE":null,"COD_RETI":null}},
{"type":"Feature","geometry":{"type":"Point","coordinates":[13.922585941542522,42.01611303539125]},"properties":{"TIPO":"FONTANA","DEMOPERA":"","FOTO":"","QUOTA":0,"VIA":"","COPERTURA":"ASFALTO","CHIUSINO":"GHISA","DIM_CHIUS":"","NOTE_":"FONTANA","DIAMETRO":"","OBJECTID":0,"CODICE":"","Z_OBJECTI":null,"Z_CHGCODE":null,"PREV":"0","NEXT":"0","TRACE":0,"MATERIALE":"","STATTUAL":"","TIPOLOGICO":3,"DIAMETRO1":0,"DIAMETRO2":0,"ANGOLO":0,"DATAMODIF":20081023,"ID":"0032175831285000","PATH":"","MODELLO":"http://integragis/ato3peligno/modellazione.asp?cod_tr=0032175831285000","STATON":null,"COMUNE":"","CAPACITA":"","COD_ISTAT":null,"ANNO_POSA":null,"PRODUZIONE":null,"COD_RETI":null}},
{"type":"Feature","geometry":{"type":"Point","coordinates":[13.893323057721277,42.03751960713397]},"properties":{"TIPO":"FONTANA","DEMOPERA":"","FOTO":"","QUOTA":0,"VIA":"","COPERTURA":"ASFALTO","CHIUSINO":"GHISA","DIM_CHIUS":"","NOTE_":"","DIAMETRO":"","OBJECTID":null,"CODICE":"FONTANA","Z_OBJECTI":null,"Z_CHGCODE":null,"PREV":"0","NEXT":"0","TRACE":0,"MATERIALE":"","STATTUAL":"","TIPOLOGICO":3,"DIAMETRO1":0,"DIAMETRO2":0,"ANGOLO":0,"DATAMODIF":20081023,"ID":"0032175831296000","PATH":"","MODELLO":"http://integragis/ato3peligno/modellazione.asp?cod_tr=0032175831296000","STATON":null,"COMUNE":"","CAPACITA":"","COD_ISTAT":null,"ANNO_POSA":null,"PRODUZIONE":null,"COD_RETI":null}},
{"type":"Feature","geometry":{"type":"Point","coordinates":[13.904040333494706,42.03762604199854]},"properties":{"TIPO":"FONTANA","DEMOPERA":"","FOTO":"","QUOTA":0,"VIA":"","COPERTURA":"","CHIUSINO":"","DIM_CHIUS":"","NOTE_":"FONTANA","DIAMETRO":"","OBJECTID":0,"CODICE":"","Z_OBJECTI":null,"Z_CHGCODE":null,"PREV":"0","NEXT":"0","TRACE":0,"MATERIALE":"","STATTUAL":"","TIPOLOGICO":3,"DIAMETRO1":0,"DIAMETRO2":0,"ANGOLO":0,"DATAMODIF":20081023,"ID":"0032175831299000","PATH":"","MODELLO":"http://integragis/ato3peligno/modellazione.asp?cod_tr=0032175831299000","STATON":null,"COMUNE":"","CAPACITA":"","COD_ISTAT":null,"ANNO_POSA":null,"PRODUZIONE":null,"COD_RETI":null}},
{"type":"Feature","geometry":{"type":"Point","coordinates":[13.88666860657788,42.03575304006591]},"properties":{"TIPO":"FONTANA","DEMOPERA":"","FOTO":"","QUOTA":0,"VIA":"VIA CANTONE","COPERTURA":"ASFALTO","CHIUSINO":"GHISA","DIM_CHIUS":"","NOTE_":"FONTANA","DIAMETRO":"","OBJECTID":0,"CODICE":"","Z_OBJECTI":null,"Z_CHGCODE":null,"PREV":"0","NEXT":"0","TRACE":0,"MATERIALE":"","STATTUAL":"","TIPOLOGICO":3,"DIAMETRO1":0,"DIAMETRO2":0,"ANGOLO":0,"DATAMODIF":20081023,"ID":"0032175831301000","PATH":"","MODELLO":"http://integragis/ato3peligno/modellazione.asp?cod_tr=0032175831301000","STATON":null,"COMUNE":"","CAPACITA":"","COD_ISTAT":null,"ANNO_POSA":null,"PRODUZIONE":null,"COD_RETI":null}},
{"type":"Feature","geometry":{"type":"Point","coordinates":[13.892068695764774,42.018686244047444]},"properties":{"TIPO":"FONTANA","DEMOPERA":"","FOTO":"","QUOTA":0,"VIA":"STRADA SENZA NOME","COPERTURA":"ASFALTO","CHIUSINO":"GHISA","DIM_CHIUS":"","NOTE_":"FONTANA","DIAMETRO":"","OBJECTID":0,"CODICE":"","Z_OBJECTI":null,"Z_CHGCODE":null,"PREV":"0","NEXT":"0","TRACE":0,"MATERIALE":"","STATTUAL":"","TIPOLOGICO":3,"DIAMETRO1":0,"DIAMETRO2":0,"ANGOLO":0,"DATAMODIF":20081023,"ID":"0032175831303000","PATH":"","MODELLO":"http://integragis/ato3peligno/modellazione.asp?cod_tr=0032175831303000","STATON":null,"COMUNE":"","CAPACITA":"","COD_ISTAT":null,"ANNO_POSA":null,"PRODUZIONE":null,"COD_RETI":null}},
{"type":"Feature","geometry":{"type":"Point","coordinates":[13.891237684871152,42.021185837012375]},"properties":{"TIPO":"FONTANA","DEMOPERA":"","FOTO":"","QUOTA":0,"VIA":"STRADA SENZA NOME","COPERTURA":"ASFALTO","CHIUSINO":"GHISA","DIM_CHIUS":"","NOTE_":"FONTANA","DIAMETRO":"","OBJECTID":0,"CODICE":"","Z_OBJECTI":null,"Z_CHGCODE":null,"PREV":"0","NEXT":"0","TRACE":0,"MATERIALE":"","STATTUAL":"","TIPOLOGICO":3,"DIAMETRO1":0,"DIAMETRO2":0,"ANGOLO":0,"DATAMODIF":20081023,"ID":"0032175831304000","PATH":"","MODELLO":"http://integragis/ato3peligno/modellazione.asp?cod_tr=0032175831304000","STATON":null,"COMUNE":"","CAPACITA":"","COD_ISTAT":null,"ANNO_POSA":null,"PRODUZIONE":null,"COD_RETI":null}},
{"type":"Feature","geometry":{"type":"Point","coordinates":[13.895476883490923,42.01530244664561]},"properties":{"TIPO":"FONTANA","DEMOPERA":"","FOTO":"","QUOTA":0,"VIA":"STRADA SENZA NOME","COPERTURA":"ASFALTO","CHIUSINO":"GHISA","DIM_CHIUS":"","NOTE_":"FONTANA","DIAMETRO":"","OBJECTID":0,"CODICE":"","Z_OBJECTI":null,"Z_CHGCODE":null,"PREV":"0","NEXT":"0","TRACE":0,"MATERIALE":"","STATTUAL":"","TIPOLOGICO":3,"DIAMETRO1":0,"DIAMETRO2":0,"ANGOLO":0,"DATAMODIF":20081023,"ID":"0032175831315000","PATH":"","MODELLO":"http://integragis/ato3peligno/modellazione.asp?cod_tr=0032175831315000","STATON":null,"COMUNE":"","CAPACITA":"","COD_ISTAT":null,"ANNO_POSA":null,"PRODUZIONE":null,"COD_RETI":null}},
{"type":"Feature","geometry":{"type":"Point","coordinates":[13.73524037488069,42.147587137812664]},"properties":{"TIPO":"FONTANA","DEMOPERA":"","FOTO":"","QUOTA":0,"VIA":"","COPERTURA":"ASFALTO","CHIUSINO":"GHISA","DIM_CHIUS":"","NOTE_":"FONTANA","DIAMETRO":"","OBJECTID":0,"CODICE":"","Z_OBJECTI":null,"Z_CHGCODE":1,"PREV":"0","NEXT":"0","TRACE":0,"MATERIALE":"","STATTUAL":"","TIPOLOGICO":3,"DIAMETRO1":0,"DIAMETRO2":0,"ANGOLO":0,"DATAMODIF":20081022,"ID":"0032394957805000","PATH":"","MODELLO":"http://integragis/ato3peligno/modellazione.asp?cod_tr=0032394957805000","STATON":null,"COMUNE":"","CAPACITA":"","COD_ISTAT":null,"ANNO_POSA":null,"PRODUZIONE":null,"COD_RETI":null}},
{"type":"Feature","geometry":{"type":"Point","coordinates":[13.881458621169351,42.055620158546176]},"properties":{"TIPO":"FONTANA","DEMOPERA":"","FOTO":"","QUOTA":0,"VIA":"VIA SULMONA","COPERTURA":"ASFALTO","CHIUSINO":"GHISA","DIM_CHIUS":"","NOTE_":"FONTANA","DIAMETRO":"","OBJECTID":0,"CODICE":"","Z_OBJECTI":null,"Z_CHGCODE":1,"PREV":"0","NEXT":"0","TRACE":0,"MATERIALE":"","STATTUAL":"","TIPOLOGICO":3,"DIAMETRO1":0,"DIAMETRO2":0,"ANGOLO":0,"DATAMODIF":20081031,"ID":"0032256057301000","PATH":"","MODELLO":"http://integragis/ato3peligno/modellazione.asp?cod_tr=0032256057301000","STATON":null,"COMUNE":"","CAPACITA":"","COD_ISTAT":null,"ANNO_POSA":null,"PRODUZIONE":null,"COD_RETI":null}},
{"type":"Feature","geometry":{"type":"Point","coordinates":[13.8345205521219,42.057967990620035]},"properties":{"TIPO":"FONTANA","DEMOPERA":"","FOTO":"","QUOTA":0,"VIA":"VIA VITORIO EMANUELE","COPERTURA":"ASFALTO","CHIUSINO":"GHISA","DIM_CHIUS":"","NOTE_":"FONTANA","DIAMETRO":"","OBJECTID":0,"CODICE":"","Z_OBJECTI":null,"Z_CHGCODE":1,"PREV":"0","NEXT":"0","TRACE":0,"MATERIALE":"","STATTUAL":"","TIPOLOGICO":3,"DIAMETRO1":0,"DIAMETRO2":0,"ANGOLO":0,"DATAMODIF":20081031,"ID":"0032256057333000","PATH":"","MODELLO":"http://integragis/ato3peligno/modellazione.asp?cod_tr=0032256057333000","STATON":null,"COMUNE":"","CAPACITA":"","COD_ISTAT":null,"ANNO_POSA":null,"PRODUZIONE":null,"COD_RETI":null}},
{"type":"Feature","geometry":{"type":"Point","coordinates":[13.842779225991467,42.06309401971107]},"properties":{"TIPO":"FONTANA","DEMOPERA":"","FOTO":"","QUOTA":0,"VIA":"","COPERTURA":"ASFALTO","CHIUSINO":"GHISA","DIM_CHIUS":"","NOTE_":"FONTANA","DIAMETRO":"","OBJECTID":0,"CODICE":"","Z_OBJECTI":null,"Z_CHGCODE":1,"PREV":"0","NEXT":"0","TRACE":0,"MATERIALE":"","STATTUAL":"","TIPOLOGICO":3,"DIAMETRO1":0,"DIAMETRO2":0,"ANGOLO":0,"DATAMODIF":20081031,"ID":"0032256057406000","PATH":"","MODELLO":"http://integragis/ato3peligno/modellazione.asp?cod_tr=0032256057406000","STATON":null,"COMUNE":"","CAPACITA":"","COD_ISTAT":null,"ANNO_POSA":null,"PRODUZIONE":null,"COD_RETI":null}},
{"type":"Feature","geometry":{"type":"Point","coordinates":[13.67786147497883,42.15225078733253]},"properties":{"TIPO":"FONTANA","DEMOPERA":"","FOTO":"","QUOTA":0,"VIA":"","COPERTURA":"ASFALTO","CHIUSINO":"GHISA","DIM_CHIUS":"","NOTE_":"FONTANA","DIAMETRO":"","OBJECTID":0,"CODICE":"","Z_OBJECTI":null,"Z_CHGCODE":null,"PREV":"0","NEXT":"0","TRACE":0,"MATERIALE":"","STATTUAL":"","TIPOLOGICO":3,"DIAMETRO1":0,"DIAMETRO2":0,"ANGOLO":0,"DATAMODIF":20081015,"ID":"0032104263600000","PATH":"","MODELLO":"http://integragis/ato3peligno/modellazione.asp?cod_tr=0032104263600000","STATON":null,"COMUNE":"","CAPACITA":"","COD_ISTAT":null,"ANNO_POSA":null,"PRODUZIONE":null,"COD_RETI":null}},
{"type":"Feature","geometry":{"type":"Point","coordinates":[13.68069754314687,42.15334497005232]},"properties":{"TIPO":"FONTANA","DEMOPERA":"","FOTO":"","QUOTA":0,"VIA":"","COPERTURA":"ASFALTO","CHIUSINO":"GHISA","DIM_CHIUS":"","NOTE_":"FONTANA","DIAMETRO":"","OBJECTID":0,"CODICE":"","Z_OBJECTI":null,"Z_CHGCODE":null,"PREV":"0","NEXT":"0","TRACE":0,"MATERIALE":"","STATTUAL":"","TIPOLOGICO":3,"DIAMETRO1":0,"DIAMETRO2":0,"ANGOLO":0,"DATAMODIF":20081015,"ID":"0032104263612000","PATH":"","MODELLO":"http://integragis/ato3peligno/modellazione.asp?cod_tr=0032104263612000","STATON":null,"COMUNE":"","CAPACITA":"","COD_ISTAT":null,"ANNO_POSA":null,"PRODUZIONE":null,"COD_RETI":null}},
{"type":"Feature","geometry":{"type":"Point","coordinates":[13.679041730956323,42.15530481930135]},"properties":{"TIPO":"FONTANA","DEMOPERA":"","FOTO":"","QUOTA":0,"VIA":"","COPERTURA":"ASFALTO","CHIUSINO":"GHISA","DIM_CHIUS":"","NOTE_":"FONTANA","DIAMETRO":"","OBJECTID":0,"CODICE":"","Z_OBJECTI":null,"Z_CHGCODE":null,"PREV":"0","NEXT":"0","TRACE":0,"MATERIALE":"","STATTUAL":"","TIPOLOGICO":3,"DIAMETRO1":0,"DIAMETRO2":0,"ANGOLO":0,"DATAMODIF":20081015,"ID":"0032104263669000","PATH":"","MODELLO":"http://integragis/ato3peligno/modellazione.asp?cod_tr=0032104263669000","STATON":null,"COMUNE":"","CAPACITA":"","COD_ISTAT":null,"ANNO_POSA":null,"PRODUZIONE":null,"COD_RETI":null}},
{"type":"Feature","geometry":{"type":"Point","coordinates":[13.675170086039131,42.15394900386016]},"properties":{"TIPO":"FONTANA","DEMOPERA":"","FOTO":"","QUOTA":0,"VIA":"","COPERTURA":"ASFALTO","CHIUSINO":"GHISA","DIM_CHIUS":"","NOTE_":"FONTANA","DIAMETRO":"","OBJECTID":0,"CODICE":"","Z_OBJECTI":null,"Z_CHGCODE":null,"PREV":"0","NEXT":"0","TRACE":0,"MATERIALE":"","STATTUAL":"","TIPOLOGICO":3,"DIAMETRO1":0,"DIAMETRO2":0,"ANGOLO":0,"DATAMODIF":20081015,"ID":"0032104263678000","PATH":"","MODELLO":"http://integragis/ato3peligno/modellazione.asp?cod_tr=0032104263678000","STATON":null,"COMUNE":"","CAPACITA":"","COD_ISTAT":null,"ANNO_POSA":null,"PRODUZIONE":null,"COD_RETI":null}},
{"type":"Feature","geometry":{"type":"Point","coordinates":[13.677638344442617,42.1539959220975]},"properties":{"TIPO":"FONTANA","DEMOPERA":"","FOTO":"","QUOTA":0,"VIA":"","COPERTURA":"ASFALTO","CHIUSINO":"GHISA","DIM_CHIUS":"","NOTE_":"FONTANA","DIAMETRO":"","OBJECTID":0,"CODICE":"","Z_OBJECTI":null,"Z_CHGCODE":null,"PREV":"0","NEXT":"0","TRACE":0,"MATERIALE":"","STATTUAL":"","TIPOLOGICO":3,"DIAMETRO1":0,"DIAMETRO2":0,"ANGOLO":0,"DATAMODIF":20081015,"ID":"0032104263707000","PATH":"","MODELLO":"http://integragis/ato3peligno/modellazione.asp?cod_tr=0032104263707000","STATON":null,"COMUNE":"","CAPACITA":"","COD_ISTAT":null,"ANNO_POSA":null,"PRODUZIONE":null,"COD_RETI":null}},
{"type":"Feature","geometry":{"type":"Point","coordinates":[13.835629042711462,41.93640490825303]},"properties":{"TIPO":"FONTANA","DEMOPERA":"","FOTO":"","QUOTA":0,"VIA":"","COPERTURA":"ASFALTO","CHIUSINO":"GHISA","DIM_CHIUS":"","NOTE_":"fontana","DIAMETRO":"","OBJECTID":0,"CODICE":"","Z_OBJECTI":null,"Z_CHGCODE":null,"PREV":"0","NEXT":"0","TRACE":0,"MATERIALE":"","STATTUAL":"","TIPOLOGICO":3,"DIAMETRO1":0,"DIAMETRO2":0,"ANGOLO":0,"DATAMODIF":20081021,"ID":"0032395051909000","PATH":"","MODELLO":"http://integragis/ato3peligno/modellazione.asp?cod_tr=0032395051909000","STATON":null,"COMUNE":"","CAPACITA":"","COD_ISTAT":null,"ANNO_POSA":null,"PRODUZIONE":null,"COD_RETI":null}},
{"type":"Feature","geometry":{"type":"Point","coordinates":[13.837165326005547,41.936194469445894]},"properties":{"TIPO":"FONTANA","DEMOPERA":"","FOTO":"","QUOTA":0,"VIA":"","COPERTURA":"ASFALTO","CHIUSINO":"GHISA","DIM_CHIUS":"","NOTE_":"fontana","DIAMETRO":"","OBJECTID":0,"CODICE":"","Z_OBJECTI":null,"Z_CHGCODE":null,"PREV":"0","NEXT":"0","TRACE":0,"MATERIALE":"","STATTUAL":"","TIPOLOGICO":3,"DIAMETRO1":0,"DIAMETRO2":0,"ANGOLO":0,"DATAMODIF":20081021,"ID":"0032395051916000","PATH":"","MODELLO":"http://integragis/ato3peligno/modellazione.asp?cod_tr=0032395051916000","STATON":null,"COMUNE":"","CAPACITA":"","COD_ISTAT":null,"ANNO_POSA":null,"PRODUZIONE":null,"COD_RETI":null}},
{"type":"Feature","geometry":{"type":"Point","coordinates":[13.836658347046367,41.935933809926]},"properties":{"TIPO":"FONTANA","DEMOPERA":"","FOTO":"","QUOTA":0,"VIA":"","COPERTURA":"ASFALTO","CHIUSINO":"GHISA","DIM_CHIUS":"","NOTE_":"FONTANA","DIAMETRO":"","OBJECTID":0,"CODICE":"","Z_OBJECTI":null,"Z_CHGCODE":null,"PREV":"0","NEXT":"0","TRACE":0,"MATERIALE":"","STATTUAL":"","TIPOLOGICO":3,"DIAMETRO1":0,"DIAMETRO2":0,"ANGOLO":0,"DATAMODIF":20081021,"ID":"0032395051926000","PATH":"","MODELLO":"http://integragis/ato3peligno/modellazione.asp?cod_tr=0032395051926000","STATON":null,"COMUNE":"","CAPACITA":"","COD_ISTAT":null,"ANNO_POSA":null,"PRODUZIONE":null,"COD_RETI":null}},
{"type":"Feature","geometry":{"type":"Point","coordinates":[13.836516991768375,41.936397720786715]},"properties":{"TIPO":"FONTANA","DEMOPERA":"","FOTO":"","QUOTA":0,"VIA":"","COPERTURA":"ASFALTO","CHIUSINO":"GHISA","DIM_CHIUS":"","NOTE_":"FONTANA","DIAMETRO":"","OBJECTID":0,"CODICE":"","Z_OBJECTI":null,"Z_CHGCODE":null,"PREV":"0","NEXT":"0","TRACE":0,"MATERIALE":"","STATTUAL":"","TIPOLOGICO":3,"DIAMETRO1":0,"DIAMETRO2":0,"ANGOLO":0,"DATAMODIF":20081021,"ID":"0032395051938000","PATH":"","MODELLO":"http://integragis/ato3peligno/modellazione.asp?cod_tr=0032395051938000","STATON":null,"COMUNE":"","CAPACITA":"","COD_ISTAT":null,"ANNO_POSA":null,"PRODUZIONE":null,"COD_RETI":null}},
{"type":"Feature","geometry":{"type":"Point","coordinates":[13.838075685593939,41.9352273016695]},"properties":{"TIPO":"FONTANA","DEMOPERA":"","FOTO":"","QUOTA":0,"VIA":"","COPERTURA":"ASFALTO","CHIUSINO":"GHISA","DIM_CHIUS":"","NOTE_":"FONTANA","DIAMETRO":"","OBJECTID":0,"CODICE":"","Z_OBJECTI":null,"Z_CHGCODE":null,"PREV":"0","NEXT":"0","TRACE":0,"MATERIALE":"","STATTUAL":"","TIPOLOGICO":3,"DIAMETRO1":0,"DIAMETRO2":0,"ANGOLO":0,"DATAMODIF":20081021,"ID":"0032395051949000","PATH":"","MODELLO":"http://integragis/ato3peligno/modellazione.asp?cod_tr=0032395051949000","STATON":null,"COMUNE":"","CAPACITA":"","COD_ISTAT":null,"ANNO_POSA":null,"PRODUZIONE":null,"COD_RETI":null}},
{"type":"Feature","geometry":{"type":"Point","coordinates":[13.840451316040719,41.935057183542106]},"properties":{"TIPO":"FONTANA","DEMOPERA":"","FOTO":"","QUOTA":0,"VIA":"","COPERTURA":"ASFALTO","CHIUSINO":"GHISA","DIM_CHIUS":"","NOTE_":"","DIAMETRO":"","OBJECTID":null,"CODICE":"FONTANA","Z_OBJECTI":null,"Z_CHGCODE":null,"PREV":"0","NEXT":"0","TRACE":0,"MATERIALE":"","STATTUAL":"","TIPOLOGICO":3,"DIAMETRO1":0,"DIAMETRO2":0,"ANGOLO":0,"DATAMODIF":20081021,"ID":"0032395051956000","PATH":"","MODELLO":"http://integragis/ato3peligno/modellazione.asp?cod_tr=0032395051956000","STATON":null,"COMUNE":"","CAPACITA":"","COD_ISTAT":null,"ANNO_POSA":null,"PRODUZIONE":null,"COD_RETI":null}},
{"type":"Feature","geometry":{"type":"Point","coordinates":[13.838963353898865,41.93407085174192]},"properties":{"TIPO":"FONTANA","DEMOPERA":"","FOTO":"","QUOTA":0,"VIA":"","COPERTURA":"ASFALTO","CHIUSINO":"GHISA","DIM_CHIUS":"","NOTE_":"FONTANA","DIAMETRO":"","OBJECTID":0,"CODICE":"","Z_OBJECTI":null,"Z_CHGCODE":null,"PREV":"0","NEXT":"0","TRACE":0,"MATERIALE":"","STATTUAL":"","TIPOLOGICO":3,"DIAMETRO1":0,"DIAMETRO2":0,"ANGOLO":0,"DATAMODIF":20081021,"ID":"0032395051963000","PATH":"","MODELLO":"http://integragis/ato3peligno/modellazione.asp?cod_tr=0032395051963000","STATON":null,"COMUNE":"","CAPACITA":"","COD_ISTAT":null,"ANNO_POSA":null,"PRODUZIONE":null,"COD_RETI":null}},
{"type":"Feature","geometry":{"type":"Point","coordinates":[13.839113184438856,41.934680595519126]},"properties":{"TIPO":"FONTANA","DEMOPERA":"","FOTO":"","QUOTA":0,"VIA":"VIA PASQUALE GATTA","COPERTURA":"ASFALTO","CHIUSINO":"GHISA","DIM_CHIUS":"","NOTE_":"FONTANA","DIAMETRO":"","OBJECTID":0,"CODICE":"","Z_OBJECTI":null,"Z_CHGCODE":null,"PREV":"0","NEXT":"0","TRACE":0,"MATERIALE":"","STATTUAL":"","TIPOLOGICO":3,"DIAMETRO1":0,"DIAMETRO2":0,"ANGOLO":0,"DATAMODIF":20081021,"ID":"0032395051974000","PATH":"","MODELLO":"http://integragis/ato3peligno/modellazione.asp?cod_tr=0032395051974000","STATON":null,"COMUNE":"","CAPACITA":"","COD_ISTAT":null,"ANNO_POSA":null,"PRODUZIONE":null,"COD_RETI":null}},
{"type":"Feature","geometry":{"type":"Point","coordinates":[13.84339809615907,41.93400283383945]},"properties":{"TIPO":"FONTANA","DEMOPERA":"","FOTO":"","QUOTA":0,"VIA":"PARCO DEGLI ALPINI","COPERTURA":"ASFALTO","CHIUSINO":"GHISA","DIM_CHIUS":"","NOTE_":"FONTANA","DIAMETRO":"","OBJECTID":0,"CODICE":"","Z_OBJECTI":null,"Z_CHGCODE":null,"PREV":"0","NEXT":"0","TRACE":0,"MATERIALE":"","STATTUAL":"","TIPOLOGICO":3,"DIAMETRO1":0,"DIAMETRO2":0,"ANGOLO":0,"DATAMODIF":20081021,"ID":"0032395051982000","PATH":"","MODELLO":"http://integragis/ato3peligno/modellazione.asp?cod_tr=0032395051982000","STATON":null,"COMUNE":"","CAPACITA":"","COD_ISTAT":null,"ANNO_POSA":null,"PRODUZIONE":null,"COD_RETI":null}},
{"type":"Feature","geometry":{"type":"Point","coordinates":[13.856667606601318,41.92993996082128]},"properties":{"TIPO":"FONTANA","DEMOPERA":"","FOTO":"","QUOTA":0,"VIA":"STRADA SENZA NOME","COPERTURA":"ASFALTO","CHIUSINO":"GHISA","DIM_CHIUS":"","NOTE_":"FONTANA","DIAMETRO":"","OBJECTID":0,"CODICE":"","Z_OBJECTI":null,"Z_CHGCODE":null,"PREV":"0","NEXT":"0","TRACE":0,"MATERIALE":"","STATTUAL":"","TIPOLOGICO":3,"DIAMETRO1":0,"DIAMETRO2":0,"ANGOLO":0,"DATAMODIF":20081021,"ID":"0032395052099000","PATH":"","MODELLO":"http://integragis/ato3peligno/modellazione.asp?cod_tr=0032395052099000","STATON":null,"COMUNE":"","CAPACITA":"","COD_ISTAT":null,"ANNO_POSA":null,"PRODUZIONE":null,"COD_RETI":null}},
{"type":"Feature","geometry":{"type":"Point","coordinates":[13.85840095550445,41.927340222865745]},"properties":{"TIPO":"FONTANA","DEMOPERA":"","FOTO":"","QUOTA":0,"VIA":"STRADA SENZA NOME","COPERTURA":"ASFALTO","CHIUSINO":"GHISA","DIM_CHIUS":"","NOTE_":"FONTANA","DIAMETRO":"","OBJECTID":0,"CODICE":"","Z_OBJECTI":null,"Z_CHGCODE":null,"PREV":"0","NEXT":"0","TRACE":0,"MATERIALE":"","STATTUAL":"","TIPOLOGICO":3,"DIAMETRO1":0,"DIAMETRO2":0,"ANGOLO":0,"DATAMODIF":20081021,"ID":"0032395052101000","PATH":"","MODELLO":"http://integragis/ato3peligno/modellazione.asp?cod_tr=0032395052101000","STATON":null,"COMUNE":"","CAPACITA":"","COD_ISTAT":null,"ANNO_POSA":null,"PRODUZIONE":null,"COD_RETI":null}},
{"type":"Feature","geometry":{"type":"Point","coordinates":[14.04363360137052,42.01189634300464]},"properties":{"TIPO":"FONTANA","DEMOPERA":"","FOTO":"","QUOTA":0,"VIA":"VIA DEL CASTELLO","COPERTURA":"ASFALTO","CHIUSINO":"GHISA","DIM_CHIUS":"","NOTE_":"FONTANA","DIAMETRO":"","OBJECTID":0,"CODICE":"","Z_OBJECTI":null,"Z_CHGCODE":1,"PREV":"0","NEXT":"0","TRACE":0,"MATERIALE":"","STATTUAL":"","TIPOLOGICO":0,"DIAMETRO1":0,"DIAMETRO2":0,"ANGOLO":0,"DATAMODIF":20081126,"ID":"0032525616112000","PATH":"","MODELLO":"http://integragis/ato3peligno/modellazione.asp?cod_tr=0032525616112000","STATON":null,"COMUNE":"","CAPACITA":"","COD_ISTAT":null,"ANNO_POSA":null,"PRODUZIONE":null,"COD_RETI":null}},
{"type":"Feature","geometry":{"type":"Point","coordinates":[14.044576302471162,42.011010598522695]},"properties":{"TIPO":"FONTANA","DEMOPERA":"","FOTO":"","QUOTA":0,"VIA":"PIAZZA DUVAL","COPERTURA":"ASFALTO","CHIUSINO":"GHISA","DIM_CHIUS":"","NOTE_":"FONTANA","DIAMETRO":"","OBJECTID":0,"CODICE":"","Z_OBJECTI":null,"Z_CHGCODE":1,"PREV":"0","NEXT":"0","TRACE":0,"MATERIALE":"","STATTUAL":"","TIPOLOGICO":0,"DIAMETRO1":0,"DIAMETRO2":0,"ANGOLO":0,"DATAMODIF":20081126,"ID":"0032525616216000","PATH":"","MODELLO":"http://integragis/ato3peligno/modellazione.asp?cod_tr=0032525616216000","STATON":null,"COMUNE":"","CAPACITA":"","COD_ISTAT":null,"ANNO_POSA":null,"PRODUZIONE":null,"COD_RETI":null}},
{"type":"Feature","geometry":{"type":"Point","coordinates":[14.042880442251256,42.01156839061132]},"properties":{"TIPO":"FONTANA","DEMOPERA":"","FOTO":"","QUOTA":0,"VIA":"VIA LARGO COLLE","COPERTURA":"ASFALTO","CHIUSINO":"GHISA","DIM_CHIUS":"","NOTE_":"FONTANA","DIAMETRO":"","OBJECTID":0,"CODICE":"","Z_OBJECTI":null,"Z_CHGCODE":1,"PREV":"0","NEXT":"0","TRACE":0,"MATERIALE":"","STATTUAL":"","TIPOLOGICO":0,"DIAMETRO1":0,"DIAMETRO2":0,"ANGOLO":0,"DATAMODIF":20081126,"ID":"0032525616344000","PATH":"","MODELLO":"http://integragis/ato3peligno/modellazione.asp?cod_tr=0032525616344000","STATON":null,"COMUNE":"","CAPACITA":"","COD_ISTAT":null,"ANNO_POSA":null,"PRODUZIONE":null,"COD_RETI":null}},
{"type":"Feature","geometry":{"type":"Point","coordinates":[14.040634041068191,42.01110313631345]},"properties":{"TIPO":"FONTANA","DEMOPERA":"","FOTO":"","QUOTA":0,"VIA":"","COPERTURA":"ASFALTO","CHIUSINO":"GHISA","DIM_CHIUS":"","NOTE_":"fontana","DIAMETRO":"","OBJECTID":0,"CODICE":"","Z_OBJECTI":null,"Z_CHGCODE":null,"PREV":"0","NEXT":"0","TRACE":0,"MATERIALE":"","STATTUAL":"","TIPOLOGICO":null,"DIAMETRO1":null,"DIAMETRO2":null,"ANGOLO":null,"DATAMODIF":20081126,"ID":"0032525616367000","PATH":"","MODELLO":"http://integragis/ato3peligno/modellazione.asp?cod_tr=0032525616367000","STATON":null,"COMUNE":"","CAPACITA":"","COD_ISTAT":null,"ANNO_POSA":null,"PRODUZIONE":null,"COD_RETI":null}},
{"type":"Feature","geometry":{"type":"Point","coordinates":[14.012509498114877,42.00241810020358]},"properties":{"TIPO":"FONTANA","DEMOPERA":"","FOTO":"","QUOTA":840,"VIA":"SP 55","COPERTURA":"ASFALTO","CHIUSINO":"","DIM_CHIUS":"","NOTE_":"FONTANA","DIAMETRO":"","OBJECTID":0,"CODICE":"","Z_OBJECTI":0,"Z_CHGCODE":0,"PREV":"0","NEXT":"0","TRACE":0,"MATERIALE":"","STATTUAL":"","TIPOLOGICO":3,"DIAMETRO1":0,"DIAMETRO2":0,"ANGOLO":0,"DATAMODIF":20080901,"ID":"0031664262612000","PATH":"","MODELLO":"http://integragis/ato3peligno/modellazione.asp?cod_tr=0031664262612000","STATON":null,"COMUNE":"","CAPACITA":"","COD_ISTAT":null,"ANNO_POSA":null,"PRODUZIONE":null,"COD_RETI":null}},
{"type":"Feature","geometry":{"type":"Point","coordinates":[14.015757635145086,42.003375918256445]},"properties":{"TIPO":"FONTANA","DEMOPERA":"","FOTO":"","QUOTA":860,"VIA":"VIA ROMA","COPERTURA":"ASFALTO","CHIUSINO":"","DIM_CHIUS":"","NOTE_":"FONTANA","DIAMETRO":"","OBJECTID":0,"CODICE":"","Z_OBJECTI":0,"Z_CHGCODE":0,"PREV":"0","NEXT":"0","TRACE":0,"MATERIALE":"","STATTUAL":"","TIPOLOGICO":3,"DIAMETRO1":0,"DIAMETRO2":0,"ANGOLO":0,"DATAMODIF":20080901,"ID":"0031664262621000","PATH":"","MODELLO":"http://integragis/ato3peligno/modellazione.asp?cod_tr=0031664262621000","STATON":null,"COMUNE":"","CAPACITA":"","COD_ISTAT":null,"ANNO_POSA":null,"PRODUZIONE":null,"COD_RETI":null}},
{"type":"Feature","geometry":{"type":"Point","coordinates":[14.012802166053751,42.00467910962592]},"properties":{"TIPO":"FONTANA","DEMOPERA":"","FOTO":"","QUOTA":835,"VIA":"VIA SUPERIORE","COPERTURA":"ASFALTO","CHIUSINO":"","DIM_CHIUS":"","NOTE_":"FONTANA","DIAMETRO":"","OBJECTID":0,"CODICE":"","Z_OBJECTI":0,"Z_CHGCODE":0,"PREV":"0","NEXT":"0","TRACE":0,"MATERIALE":"","STATTUAL":"","TIPOLOGICO":3,"DIAMETRO1":0,"DIAMETRO2":0,"ANGOLO":0,"DATAMODIF":20080901,"ID":"0031664262666000","PATH":"","MODELLO":"http://integragis/ato3peligno/modellazione.asp?cod_tr=0031664262666000","STATON":null,"COMUNE":"","CAPACITA":"","COD_ISTAT":null,"ANNO_POSA":null,"PRODUZIONE":null,"COD_RETI":null}},
{"type":"Feature","geometry":{"type":"Point","coordinates":[14.012119513280439,42.004712315724746]},"properties":{"TIPO":"FONTANA","DEMOPERA":"","FOTO":"","QUOTA":825,"VIA":"VIA INTERA","COPERTURA":"ASFALTO","CHIUSINO":"","DIM_CHIUS":"","NOTE_":"FONTANA","DIAMETRO":"","OBJECTID":0,"CODICE":"","Z_OBJECTI":0,"Z_CHGCODE":0,"PREV":"0","NEXT":"0","TRACE":0,"MATERIALE":"","STATTUAL":"","TIPOLOGICO":3,"DIAMETRO1":0,"DIAMETRO2":0,"ANGOLO":0,"DATAMODIF":20080901,"ID":"0031664262670000","PATH":"","MODELLO":"http://integragis/ato3peligno/modellazione.asp?cod_tr=0031664262670000","STATON":null,"COMUNE":"","CAPACITA":"","COD_ISTAT":null,"ANNO_POSA":null,"PRODUZIONE":null,"COD_RETI":null}},
{"type":"Feature","geometry":{"type":"Point","coordinates":[14.01133574276447,42.00402940567481]},"properties":{"TIPO":"FONTANA","DEMOPERA":"","FOTO":"","QUOTA":840,"VIA":"VIA CIVITELLA","COPERTURA":"ASFALTO","CHIUSINO":"","DIM_CHIUS":"","NOTE_":"FONTANA","DIAMETRO":"","OBJECTID":0,"CODICE":"","Z_OBJECTI":0,"Z_CHGCODE":0,"PREV":"0","NEXT":"0","TRACE":0,"MATERIALE":"","STATTUAL":"","TIPOLOGICO":3,"DIAMETRO1":0,"DIAMETRO2":0,"ANGOLO":0,"DATAMODIF":20080901,"ID":"0031664262676000","PATH":"","MODELLO":"http://integragis/ato3peligno/modellazione.asp?cod_tr=0031664262676000","STATON":null,"COMUNE":"","CAPACITA":"","COD_ISTAT":null,"ANNO_POSA":null,"PRODUZIONE":null,"COD_RETI":null}},
{"type":"Feature","geometry":{"type":"Point","coordinates":[14.012232908125878,42.006112395020445]},"properties":{"TIPO":"FONTANA","DEMOPERA":"","FOTO":"","QUOTA":805,"VIA":"VIA SOTTO LE MURA","COPERTURA":"ASFALTO","CHIUSINO":"","DIM_CHIUS":"","NOTE_":"FONTANA","DIAMETRO":"","OBJECTID":0,"CODICE":"","Z_OBJECTI":0,"Z_CHGCODE":0,"PREV":"0","NEXT":"0","TRACE":0,"MATERIALE":"","STATTUAL":"","TIPOLOGICO":3,"DIAMETRO1":0,"DIAMETRO2":0,"ANGOLO":0,"DATAMODIF":20080901,"ID":"0031664262700000","PATH":"","MODELLO":"http://integragis/ato3peligno/modellazione.asp?cod_tr=0031664262700000","STATON":null,"COMUNE":"","CAPACITA":"","COD_ISTAT":null,"ANNO_POSA":null,"PRODUZIONE":null,"COD_RETI":null}},
{"type":"Feature","geometry":{"type":"Point","coordinates":[14.014070305966428,42.00237053880148]},"properties":{"TIPO":"FONTANA","DEMOPERA":"","FOTO":"","QUOTA":845,"VIA":"VIA DELL EMIGRANTE","COPERTURA":"ASFALTO","CHIUSINO":"","DIM_CHIUS":"","NOTE_":"FONTANA","DIAMETRO":"","OBJECTID":0,"CODICE":"","Z_OBJECTI":0,"Z_CHGCODE":0,"PREV":"0","NEXT":"0","TRACE":0,"MATERIALE":"","STATTUAL":"","TIPOLOGICO":3,"DIAMETRO1":0,"DIAMETRO2":0,"ANGOLO":0,"DATAMODIF":20080901,"ID":"0031664262705000","PATH":"","MODELLO":"http://integragis/ato3peligno/modellazione.asp?cod_tr=0031664262705000","STATON":null,"COMUNE":"","CAPACITA":"","COD_ISTAT":null,"ANNO_POSA":null,"PRODUZIONE":null,"COD_RETI":null}},
{"type":"Feature","geometry":{"type":"Point","coordinates":[14.109689737102489,41.786239152958515]},"properties":{"TIPO":"FONTANA","DEMOPERA":"","FOTO":"","QUOTA":0,"VIA":"","COPERTURA":"ASFALTO","CHIUSINO":"GHISA","DIM_CHIUS":"","NOTE_":"fontana","DIAMETRO":"","OBJECTID":0,"CODICE":"","Z_OBJECTI":null,"Z_CHGCODE":1,"PREV":"0","NEXT":"0","TRACE":0,"MATERIALE":"","STATTUAL":"","TIPOLOGICO":3,"DIAMETRO1":0,"DIAMETRO2":0,"ANGOLO":0,"DATAMODIF":20081124,"ID":"0032505868710000","PATH":"","MODELLO":"http://integragis/ato3peligno/modellazione.asp?cod_tr=0032505868710000","STATON":null,"COMUNE":"","CAPACITA":"","COD_ISTAT":null,"ANNO_POSA":null,"PRODUZIONE":null,"COD_RETI":null}},
{"type":"Feature","geometry":{"type":"Point","coordinates":[14.108884460682965,41.78758800249679]},"properties":{"TIPO":"FONTANA","DEMOPERA":"","FOTO":"","QUOTA":0,"VIA":"","COPERTURA":"ASFALTO","CHIUSINO":"GHISA","DIM_CHIUS":"","NOTE_":"fontana","DIAMETRO":"","OBJECTID":0,"CODICE":"","Z_OBJECTI":null,"Z_CHGCODE":1,"PREV":"0","NEXT":"0","TRACE":0,"MATERIALE":"","STATTUAL":"","TIPOLOGICO":3,"DIAMETRO1":0,"DIAMETRO2":0,"ANGOLO":0,"DATAMODIF":20081124,"ID":"0032505868876000","PATH":"","MODELLO":"http://integragis/ato3peligno/modellazione.asp?cod_tr=0032505868876000","STATON":null,"COMUNE":"","CAPACITA":"","COD_ISTAT":null,"ANNO_POSA":null,"PRODUZIONE":null,"COD_RETI":null}},
{"type":"Feature","geometry":{"type":"Point","coordinates":[14.108576927667563,41.787086628352654]},"properties":{"TIPO":"FONTANA","DEMOPERA":"","FOTO":"","QUOTA":0,"VIA":"","COPERTURA":"ASFALTO","CHIUSINO":"GHISA","DIM_CHIUS":"","NOTE_":"fontana","DIAMETRO":"","OBJECTID":0,"CODICE":"","Z_OBJECTI":null,"Z_CHGCODE":1,"PREV":"0","NEXT":"0","TRACE":0,"MATERIALE":"","STATTUAL":"","TIPOLOGICO":3,"DIAMETRO1":0,"DIAMETRO2":0,"ANGOLO":0,"DATAMODIF":20081124,"ID":"0032505868879000","PATH":"","MODELLO":"http://integragis/ato3peligno/modellazione.asp?cod_tr=0032505868879000","STATON":null,"COMUNE":"","CAPACITA":"","COD_ISTAT":null,"ANNO_POSA":null,"PRODUZIONE":null,"COD_RETI":null}},
{"type":"Feature","geometry":{"type":"Point","coordinates":[14.108511585944667,41.78661360156066]},"properties":{"TIPO":"FONTANA","DEMOPERA":"","FOTO":"","QUOTA":0,"VIA":"","COPERTURA":"ASFALTO","CHIUSINO":"GHISA","DIM_CHIUS":"","NOTE_":"fontana","DIAMETRO":"","OBJECTID":0,"CODICE":"","Z_OBJECTI":null,"Z_CHGCODE":1,"PREV":"0","NEXT":"0","TRACE":0,"MATERIALE":"","STATTUAL":"","TIPOLOGICO":3,"DIAMETRO1":0,"DIAMETRO2":0,"ANGOLO":0,"DATAMODIF":20081124,"ID":"0032505868883000","PATH":"","MODELLO":"http://integragis/ato3peligno/modellazione.asp?cod_tr=0032505868883000","STATON":null,"COMUNE":"","CAPACITA":"","COD_ISTAT":null,"ANNO_POSA":null,"PRODUZIONE":null,"COD_RETI":null}},
{"type":"Feature","geometry":{"type":"Point","coordinates":[14.108022900262679,41.786990280664085]},"properties":{"TIPO":"FONTANA","DEMOPERA":"","FOTO":"","QUOTA":0,"VIA":"","COPERTURA":"ASFALTO","CHIUSINO":"GHISA","DIM_CHIUS":"","NOTE_":"fontana","DIAMETRO":"","OBJECTID":0,"CODICE":"","Z_OBJECTI":null,"Z_CHGCODE":1,"PREV":"0","NEXT":"0","TRACE":0,"MATERIALE":"","STATTUAL":"","TIPOLOGICO":3,"DIAMETRO1":0,"DIAMETRO2":0,"ANGOLO":0,"DATAMODIF":20081124,"ID":"0032505868884000","PATH":"","MODELLO":"http://integragis/ato3peligno/modellazione.asp?cod_tr=0032505868884000","STATON":null,"COMUNE":"","CAPACITA":"","COD_ISTAT":null,"ANNO_POSA":null,"PRODUZIONE":null,"COD_RETI":null}},
{"type":"Feature","geometry":{"type":"Point","coordinates":[14.10862500424255,41.78577378313962]},"properties":{"TIPO":"FONTANA","DEMOPERA":"","FOTO":"","QUOTA":0,"VIA":"","COPERTURA":"ASFALTO","CHIUSINO":"GHISA","DIM_CHIUS":"","NOTE_":"fontana","DIAMETRO":"","OBJECTID":0,"CODICE":"","Z_OBJECTI":null,"Z_CHGCODE":1,"PREV":"0","NEXT":"0","TRACE":0,"MATERIALE":"","STATTUAL":"","TIPOLOGICO":3,"DIAMETRO1":0,"DIAMETRO2":0,"ANGOLO":0,"DATAMODIF":20081124,"ID":"0032505868895000","PATH":"","MODELLO":"http://integragis/ato3peligno/modellazione.asp?cod_tr=0032505868895000","STATON":null,"COMUNE":"","CAPACITA":"","COD_ISTAT":null,"ANNO_POSA":null,"PRODUZIONE":null,"COD_RETI":null}},
{"type":"Feature","geometry":{"type":"Point","coordinates":[14.107763267501674,41.78601278372277]},"properties":{"TIPO":"FONTANA","DEMOPERA":"","FOTO":"","QUOTA":0,"VIA":"","COPERTURA":"ASFALTO","CHIUSINO":"GHISA","DIM_CHIUS":"","NOTE_":"fontana","DIAMETRO":"","OBJECTID":0,"CODICE":"","Z_OBJECTI":null,"Z_CHGCODE":1,"PREV":"0","NEXT":"0","TRACE":0,"MATERIALE":"","STATTUAL":"","TIPOLOGICO":3,"DIAMETRO1":0,"DIAMETRO2":0,"ANGOLO":0,"DATAMODIF":20081124,"ID":"0032505868898000","PATH":"","MODELLO":"http://integragis/ato3peligno/modellazione.asp?cod_tr=0032505868898000","STATON":null,"COMUNE":"","CAPACITA":"","COD_ISTAT":null,"ANNO_POSA":null,"PRODUZIONE":null,"COD_RETI":null}},
{"type":"Feature","geometry":{"type":"Point","coordinates":[14.109547774521703,41.78411241609133]},"properties":{"TIPO":"FONTANA","DEMOPERA":"","FOTO":"","QUOTA":0,"VIA":"","COPERTURA":"ASFALTO","CHIUSINO":"GHISA","DIM_CHIUS":"","NOTE_":"fontana","DIAMETRO":"","OBJECTID":0,"CODICE":"","Z_OBJECTI":null,"Z_CHGCODE":1,"PREV":"0","NEXT":"0","TRACE":0,"MATERIALE":"","STATTUAL":"","TIPOLOGICO":3,"DIAMETRO1":0,"DIAMETRO2":0,"ANGOLO":0,"DATAMODIF":20081124,"ID":"0032505868960000","PATH":"","MODELLO":"http://integragis/ato3peligno/modellazione.asp?cod_tr=0032505868960000","STATON":null,"COMUNE":"","CAPACITA":"","COD_ISTAT":null,"ANNO_POSA":null,"PRODUZIONE":null,"COD_RETI":null}},
{"type":"Feature","geometry":{"type":"Point","coordinates":[14.110220271305295,41.781238680205476]},"properties":{"TIPO":"FONTANA","DEMOPERA":"","FOTO":"","QUOTA":0,"VIA":"","COPERTURA":"ASFALTO","CHIUSINO":"GHISA","DIM_CHIUS":"","NOTE_":"fontana","DIAMETRO":"","OBJECTID":0,"CODICE":"","Z_OBJECTI":null,"Z_CHGCODE":1,"PREV":"0","NEXT":"0","TRACE":0,"MATERIALE":"","STATTUAL":"","TIPOLOGICO":3,"DIAMETRO1":0,"DIAMETRO2":0,"ANGOLO":0,"DATAMODIF":20081124,"ID":"0032505868999000","PATH":"","MODELLO":"http://integragis/ato3peligno/modellazione.asp?cod_tr=0032505868999000","STATON":null,"COMUNE":"","CAPACITA":"","COD_ISTAT":null,"ANNO_POSA":null,"PRODUZIONE":null,"COD_RETI":null}},
{"type":"Feature","geometry":{"type":"Point","coordinates":[14.107051325972636,41.78226380793986]},"properties":{"TIPO":"FONTANA","DEMOPERA":"","FOTO":"","QUOTA":0,"VIA":"","COPERTURA":"ASFALTO","CHIUSINO":"GHISA","DIM_CHIUS":"","NOTE_":"fontana","DIAMETRO":"","OBJECTID":0,"CODICE":"","Z_OBJECTI":null,"Z_CHGCODE":1,"PREV":"0","NEXT":"0","TRACE":0,"MATERIALE":"","STATTUAL":"","TIPOLOGICO":3,"DIAMETRO1":0,"DIAMETRO2":0,"ANGOLO":0,"DATAMODIF":20081124,"ID":"0032505869009000","PATH":"","MODELLO":"http://integragis/ato3peligno/modellazione.asp?cod_tr=0032505869009000","STATON":null,"COMUNE":"","CAPACITA":"","COD_ISTAT":null,"ANNO_POSA":null,"PRODUZIONE":null,"COD_RETI":null}},
{"type":"Feature","geometry":{"type":"Point","coordinates":[14.104796519912897,41.77971154961741]},"properties":{"TIPO":"FONTANA","DEMOPERA":"","FOTO":"","QUOTA":0,"VIA":"","COPERTURA":"ASFALTO","CHIUSINO":"GHISA","DIM_CHIUS":"","NOTE_":"fontana","DIAMETRO":"","OBJECTID":0,"CODICE":"","Z_OBJECTI":null,"Z_CHGCODE":1,"PREV":"0","NEXT":"0","TRACE":0,"MATERIALE":"","STATTUAL":"","TIPOLOGICO":3,"DIAMETRO1":0,"DIAMETRO2":0,"ANGOLO":0,"DATAMODIF":20081124,"ID":"0032505869072000","PATH":"","MODELLO":"http://integragis/ato3peligno/modellazione.asp?cod_tr=0032505869072000","STATON":null,"COMUNE":"","CAPACITA":"","COD_ISTAT":null,"ANNO_POSA":null,"PRODUZIONE":null,"COD_RETI":null}},
{"type":"Feature","geometry":{"type":"Point","coordinates":[14.107330479778946,41.783532739672594]},"properties":{"TIPO":"FONTANA","DEMOPERA":"","FOTO":"","QUOTA":0,"VIA":"","COPERTURA":"ASFALTO","CHIUSINO":"GHISA","DIM_CHIUS":"","NOTE_":"fontana","DIAMETRO":"","OBJECTID":0,"CODICE":"","Z_OBJECTI":null,"Z_CHGCODE":1,"PREV":"0","NEXT":"0","TRACE":0,"MATERIALE":"","STATTUAL":"","TIPOLOGICO":3,"DIAMETRO1":0,"DIAMETRO2":0,"ANGOLO":0,"DATAMODIF":20081124,"ID":"0032505869121000","PATH":"","MODELLO":"http://integragis/ato3peligno/modellazione.asp?cod_tr=0032505869121000","STATON":null,"COMUNE":"","CAPACITA":"","COD_ISTAT":null,"ANNO_POSA":null,"PRODUZIONE":null,"COD_RETI":null}},
{"type":"Feature","geometry":{"type":"Point","coordinates":[14.107335934569228,41.78561710556744]},"properties":{"TIPO":"FONTANA","DEMOPERA":"","FOTO":"","QUOTA":0,"VIA":"","COPERTURA":"ASFALTO","CHIUSINO":"GHISA","DIM_CHIUS":"","NOTE_":"fontana","DIAMETRO":"","OBJECTID":0,"CODICE":"","Z_OBJECTI":null,"Z_CHGCODE":1,"PREV":"0","NEXT":"0","TRACE":0,"MATERIALE":"","STATTUAL":"","TIPOLOGICO":3,"DIAMETRO1":0,"DIAMETRO2":0,"ANGOLO":0,"DATAMODIF":20081124,"ID":"0032505869135000","PATH":"","MODELLO":"http://integragis/ato3peligno/modellazione.asp?cod_tr=0032505869135000","STATON":null,"COMUNE":"","CAPACITA":"","COD_ISTAT":null,"ANNO_POSA":null,"PRODUZIONE":null,"COD_RETI":null}},
{"type":"Feature","geometry":{"type":"Point","coordinates":[14.105428387890251,41.78788963241629]},"properties":{"TIPO":"FONTANA","DEMOPERA":"","FOTO":"","QUOTA":0,"VIA":"","COPERTURA":"ASFALTO","CHIUSINO":"GHISA","DIM_CHIUS":"","NOTE_":"fontana","DIAMETRO":"","OBJECTID":0,"CODICE":"","Z_OBJECTI":null,"Z_CHGCODE":1,"PREV":"0","NEXT":"0","TRACE":0,"MATERIALE":"","STATTUAL":"","TIPOLOGICO":3,"DIAMETRO1":0,"DIAMETRO2":0,"ANGOLO":0,"DATAMODIF":20081124,"ID":"0032505869141000","PATH":"","MODELLO":"http://integragis/ato3peligno/modellazione.asp?cod_tr=0032505869141000","STATON":null,"COMUNE":"","CAPACITA":"","COD_ISTAT":null,"ANNO_POSA":null,"PRODUZIONE":null,"COD_RETI":null}},
{"type":"Feature","geometry":{"type":"Point","coordinates":[14.108018024561026,41.78534413115834]},"properties":{"TIPO":"FONTANA","DEMOPERA":"","FOTO":"","QUOTA":0,"VIA":"","COPERTURA":"ASFALTO","CHIUSINO":"GHISA","DIM_CHIUS":"","NOTE_":"fontana","DIAMETRO":"","OBJECTID":0,"CODICE":"","Z_OBJECTI":null,"Z_CHGCODE":null,"PREV":"0","NEXT":"0","TRACE":0,"MATERIALE":"","STATTUAL":"","TIPOLOGICO":3,"DIAMETRO1":0,"DIAMETRO2":0,"ANGOLO":0,"DATAMODIF":20081124,"ID":"0032505869189000","PATH":"","MODELLO":"http://integragis/ato3peligno/modellazione.asp?cod_tr=0032505869189000","STATON":null,"COMUNE":"","CAPACITA":"","COD_ISTAT":null,"ANNO_POSA":null,"PRODUZIONE":null,"COD_RETI":null}},
{"type":"Feature","geometry":{"type":"Point","coordinates":[14.10608638259816,41.78560707484478]},"properties":{"TIPO":"FONTANA","DEMOPERA":"","FOTO":"","QUOTA":0,"VIA":"","COPERTURA":"ASFALTO","CHIUSINO":"GHISA","DIM_CHIUS":"","NOTE_":"fontana","DIAMETRO":"","OBJECTID":0,"CODICE":"","Z_OBJECTI":null,"Z_CHGCODE":1,"PREV":"0","NEXT":"0","TRACE":0,"MATERIALE":"","STATTUAL":"","TIPOLOGICO":3,"DIAMETRO1":0,"DIAMETRO2":0,"ANGOLO":0,"DATAMODIF":20081124,"ID":"0032505869192000","PATH":"","MODELLO":"http://integragis/ato3peligno/modellazione.asp?cod_tr=0032505869192000","STATON":null,"COMUNE":"","CAPACITA":"","COD_ISTAT":null,"ANNO_POSA":null,"PRODUZIONE":null,"COD_RETI":null}},
{"type":"Feature","geometry":{"type":"Point","coordinates":[14.106621811968678,41.766238997191024]},"properties":{"TIPO":"FONTANA","DEMOPERA":"","FOTO":"","QUOTA":0,"VIA":"","COPERTURA":"ASFALTO","CHIUSINO":"GHISA","DIM_CHIUS":"","NOTE_":"fontana","DIAMETRO":"","OBJECTID":0,"CODICE":"","Z_OBJECTI":null,"Z_CHGCODE":1,"PREV":"0","NEXT":"0","TRACE":0,"MATERIALE":"","STATTUAL":"","TIPOLOGICO":3,"DIAMETRO1":0,"DIAMETRO2":0,"ANGOLO":0,"DATAMODIF":20081124,"ID":"0032505869205000","PATH":"","MODELLO":"http://integragis/ato3peligno/modellazione.asp?cod_tr=0032505869205000","STATON":null,"COMUNE":"","CAPACITA":"","COD_ISTAT":null,"ANNO_POSA":null,"PRODUZIONE":null,"COD_RETI":null}},
{"type":"Feature","geometry":{"type":"Point","coordinates":[13.836329380892261,42.11815451019703]},"properties":{"TIPO":"FONTANA","DEMOPERA":"","FOTO":"","QUOTA":355,"VIA":"CORSO ITALICA","COPERTURA":"ASFALTO","CHIUSINO":"GHISA","DIM_CHIUS":"","NOTE_":"FONTANA","DIAMETRO":"","OBJECTID":0,"CODICE":"","Z_OBJECTI":0,"Z_CHGCODE":0,"PREV":"0","NEXT":"0","TRACE":0,"MATERIALE":"","STATTUAL":"","TIPOLOGICO":3,"DIAMETRO1":0,"DIAMETRO2":0,"ANGOLO":0,"DATAMODIF":20081008,"ID":"0032033824003000","PATH":"","MODELLO":"http://integragis/ato3peligno/modellazione.asp?cod_tr=0032033824003000","STATON":null,"COMUNE":"","CAPACITA":"","COD_ISTAT":null,"ANNO_POSA":null,"PRODUZIONE":null,"COD_RETI":null}},
{"type":"Feature","geometry":{"type":"Point","coordinates":[13.842704086332823,42.12415709148953]},"properties":{"TIPO":"FONTANA","DEMOPERA":"","FOTO":"","QUOTA":340,"VIA":"PIAZZA UMBERTO I","COPERTURA":"ASFALTO","CHIUSINO":"GHISA","DIM_CHIUS":"","NOTE_":"FONTANA","DIAMETRO":"","OBJECTID":0,"CODICE":"","Z_OBJECTI":0,"Z_CHGCODE":0,"PREV":"0","NEXT":"0","TRACE":0,"MATERIALE":"","STATTUAL":"","TIPOLOGICO":3,"DIAMETRO1":0,"DIAMETRO2":0,"ANGOLO":0,"DATAMODIF":20081008,"ID":"0032033824072000","PATH":"","MODELLO":"http://integragis/ato3peligno/modellazione.asp?cod_tr=0032033824072000","STATON":null,"COMUNE":"","CAPACITA":"","COD_ISTAT":null,"ANNO_POSA":null,"PRODUZIONE":null,"COD_RETI":null}},
{"type":"Feature","geometry":{"type":"Point","coordinates":[13.841327956556459,42.12279310765636]},"properties":{"TIPO":"FONTANA","DEMOPERA":"","FOTO":"","QUOTA":350,"VIA":"VIA DEI FRENTANI","COPERTURA":"ASFALTO","CHIUSINO":"GHISA","DIM_CHIUS":"","NOTE_":"FONTANA","DIAMETRO":"","OBJECTID":0,"CODICE":"","Z_OBJECTI":0,"Z_CHGCODE":0,"PREV":"0","NEXT":"0","TRACE":0,"MATERIALE":"","STATTUAL":"","TIPOLOGICO":3,"DIAMETRO1":0,"DIAMETRO2":0,"ANGOLO":0,"DATAMODIF":20081008,"ID":"0032033824077000","PATH":"","MODELLO":"http://integragis/ato3peligno/modellazione.asp?cod_tr=0032033824077000","STATON":null,"COMUNE":"","CAPACITA":"","COD_ISTAT":null,"ANNO_POSA":null,"PRODUZIONE":null,"COD_RETI":null}},
{"type":"Feature","geometry":{"type":"Point","coordinates":[13.843916288916088,42.124242274527106]},"properties":{"TIPO":"FONTANA","DEMOPERA":"","FOTO":"","QUOTA":335,"VIA":"VIA DEI RINFORZI","COPERTURA":"ASFALTO","CHIUSINO":"GHISA","DIM_CHIUS":"","NOTE_":"FONTANA","DIAMETRO":"","OBJECTID":0,"CODICE":"","Z_OBJECTI":0,"Z_CHGCODE":0,"PREV":"0","NEXT":"0","TRACE":0,"MATERIALE":"","STATTUAL":"","TIPOLOGICO":3,"DIAMETRO1":0,"DIAMETRO2":0,"ANGOLO":0,"DATAMODIF":20081008,"ID":"0032033824162000","PATH":"","MODELLO":"http://integragis/ato3peligno/modellazione.asp?cod_tr=0032033824162000","STATON":null,"COMUNE":"","CAPACITA":"","COD_ISTAT":null,"ANNO_POSA":null,"PRODUZIONE":null,"COD_RETI":null}},
{"type":"Feature","geometry":{"type":"Point","coordinates":[13.84465643352106,42.124611995933066]},"properties":{"TIPO":"FONTANA","DEMOPERA":"","FOTO":"","QUOTA":335,"VIA":"VIA ZAMBECCARIO","COPERTURA":"ASFALTO","CHIUSINO":"GHISA","DIM_CHIUS":"","NOTE_":"FONTANA","DIAMETRO":"","OBJECTID":0,"CODICE":"","Z_OBJECTI":0,"Z_CHGCODE":0,"PREV":"0","NEXT":"0","TRACE":0,"MATERIALE":"","STATTUAL":"","TIPOLOGICO":3,"DIAMETRO1":0,"DIAMETRO2":0,"ANGOLO":0,"DATAMODIF":20081008,"ID":"0032033824173000","PATH":"","MODELLO":"http://integragis/ato3peligno/modellazione.asp?cod_tr=0032033824173000","STATON":null,"COMUNE":"","CAPACITA":"","COD_ISTAT":null,"ANNO_POSA":null,"PRODUZIONE":null,"COD_RETI":null}},
{"type":"Feature","geometry":{"type":"Point","coordinates":[13.842688215913592,42.12422763294117]},"properties":{"TIPO":"FONTANA","DEMOPERA":"","FOTO":"","QUOTA":340,"VIA":"VIA DEI RINFORZI","COPERTURA":"ASFALTO","CHIUSINO":"GHISA","DIM_CHIUS":"","NOTE_":"FONTANA","DIAMETRO":"","OBJECTID":0,"CODICE":"","Z_OBJECTI":0,"Z_CHGCODE":0,"PREV":"0","NEXT":"0","TRACE":0,"MATERIALE":"","STATTUAL":"","TIPOLOGICO":3,"DIAMETRO1":0,"DIAMETRO2":0,"ANGOLO":0,"DATAMODIF":20081008,"ID":"0032033824175000","PATH":"","MODELLO":"http://integragis/ato3peligno/modellazione.asp?cod_tr=0032033824175000","STATON":null,"COMUNE":"","CAPACITA":"","COD_ISTAT":null,"ANNO_POSA":null,"PRODUZIONE":null,"COD_RETI":null}},
{"type":"Feature","geometry":{"type":"Point","coordinates":[13.841122184852733,42.123923681573814]},"properties":{"TIPO":"FONTANA","DEMOPERA":"","FOTO":"","QUOTA":350,"VIA":"VIA POPEDIO","COPERTURA":"ASFALTO","CHIUSINO":"GHISA","DIM_CHIUS":"","NOTE_":"FONTANA","DIAMETRO":"","OBJECTID":0,"CODICE":"","Z_OBJECTI":0,"Z_CHGCODE":0,"PREV":"0","NEXT":"0","TRACE":0,"MATERIALE":"","STATTUAL":"","TIPOLOGICO":3,"DIAMETRO1":0,"DIAMETRO2":0,"ANGOLO":0,"DATAMODIF":20081008,"ID":"0032033824181000","PATH":"","MODELLO":"http://integragis/ato3peligno/modellazione.asp?cod_tr=0032033824181000","STATON":null,"COMUNE":"","CAPACITA":"","COD_ISTAT":null,"ANNO_POSA":null,"PRODUZIONE":null,"COD_RETI":null}},
{"type":"Feature","geometry":{"type":"Point","coordinates":[13.841798406884656,42.12395803220961]},"properties":{"TIPO":"FONTANA","DEMOPERA":"","FOTO":"","QUOTA":345,"VIA":"VIA CLAUDIO VALERIO","COPERTURA":"ASFALTO","CHIUSINO":"GHISA","DIM_CHIUS":"","NOTE_":"FONTANA","DIAMETRO":"","OBJECTID":0,"CODICE":"","Z_OBJECTI":0,"Z_CHGCODE":0,"PREV":"0","NEXT":"0","TRACE":0,"MATERIALE":"","STATTUAL":"","TIPOLOGICO":3,"DIAMETRO1":0,"DIAMETRO2":0,"ANGOLO":0,"DATAMODIF":20081008,"ID":"0032033824187000","PATH":"","MODELLO":"http://integragis/ato3peligno/modellazione.asp?cod_tr=0032033824187000","STATON":null,"COMUNE":"","CAPACITA":"","COD_ISTAT":null,"ANNO_POSA":null,"PRODUZIONE":null,"COD_RETI":null}},
{"type":"Feature","geometry":{"type":"Point","coordinates":[13.84182650357171,42.12454736124132]},"properties":{"TIPO":"FONTANA","DEMOPERA":"","FOTO":"","QUOTA":345,"VIA":"VIA VALVA","COPERTURA":"ASFALTO","CHIUSINO":"GHISA","DIM_CHIUS":"","NOTE_":"FONTANA","DIAMETRO":"","OBJECTID":0,"CODICE":"","Z_OBJECTI":0,"Z_CHGCODE":0,"PREV":"0","NEXT":"0","TRACE":0,"MATERIALE":"","STATTUAL":"","TIPOLOGICO":3,"DIAMETRO1":0,"DIAMETRO2":0,"ANGOLO":0,"DATAMODIF":20081008,"ID":"0032033824229000","PATH":"","MODELLO":"http://integragis/ato3peligno/modellazione.asp?cod_tr=0032033824229000","STATON":null,"COMUNE":"","CAPACITA":"","COD_ISTAT":null,"ANNO_POSA":null,"PRODUZIONE":null,"COD_RETI":null}},
{"type":"Feature","geometry":{"type":"Point","coordinates":[13.841417179871945,42.12530808612808]},"properties":{"TIPO":"FONTANA","DEMOPERA":"","FOTO":"","QUOTA":345,"VIA":"VIA PENTINA","COPERTURA":"ASFALTO","CHIUSINO":"GHISA","DIM_CHIUS":"","NOTE_":"FONTANA","DIAMETRO":"","OBJECTID":0,"CODICE":"","Z_OBJECTI":0,"Z_CHGCODE":0,"PREV":"0","NEXT":"0","TRACE":0,"MATERIALE":"","STATTUAL":"","TIPOLOGICO":3,"DIAMETRO1":0,"DIAMETRO2":0,"ANGOLO":0,"DATAMODIF":20081008,"ID":"0032033824231000","PATH":"","MODELLO":"http://integragis/ato3peligno/modellazione.asp?cod_tr=0032033824231000","STATON":null,"COMUNE":"","CAPACITA":"","COD_ISTAT":null,"ANNO_POSA":null,"PRODUZIONE":null,"COD_RETI":null}},
{"type":"Feature","geometry":{"type":"Point","coordinates":[14.063947950010904,41.88892977224784]},"properties":{"TIPO":"FONTANA","DEMOPERA":"","FOTO":"","QUOTA":1379.99999966,"VIA":"VIA FONTANA MAGGIORE","COPERTURA":"ASFALTO","CHIUSINO":"GHISA","DIM_CHIUS":"","NOTE_":"fontana","DIAMETRO":"","OBJECTID":0,"CODICE":"","Z_OBJECTI":null,"Z_CHGCODE":null,"PREV":"0032323476623000","NEXT":"0","TRACE":0,"MATERIALE":"","STATTUAL":"","TIPOLOGICO":3,"DIAMETRO1":0,"DIAMETRO2":0,"ANGOLO":0,"DATAMODIF":20081106,"ID":"0032323084866000","PATH":"","MODELLO":"http://integragis/ato3peligno/modellazione.asp?cod_tr=0032323084866000","STATON":null,"COMUNE":"","CAPACITA":"","COD_ISTAT":null,"ANNO_POSA":null,"PRODUZIONE":null,"COD_RETI":null}},
{"type":"Feature","geometry":{"type":"Point","coordinates":[13.874055840522592,42.101794984407896]},"properties":{"TIPO":"FONTANA","DEMOPERA":"","FOTO":"","QUOTA":289,"VIA":"VIA CESARE BATTISTI","COPERTURA":"ASFALTO","CHIUSINO":"GHISA","DIM_CHIUS":"","NOTE_":"fontana","DIAMETRO":"","OBJECTID":0,"CODICE":"","Z_OBJECTI":0,"Z_CHGCODE":0,"PREV":"0","NEXT":"0","TRACE":0,"MATERIALE":"","STATTUAL":"","TIPOLOGICO":3,"DIAMETRO1":0,"DIAMETRO2":0,"ANGOLO":0,"DATAMODIF":20080613,"ID":"0030865804369000","PATH":"","MODELLO":"http://integragis/ato3peligno/modellazione.asp?cod_tr=0030865804369000","STATON":null,"COMUNE":"","CAPACITA":"","COD_ISTAT":null,"ANNO_POSA":null,"PRODUZIONE":null,"COD_RETI":null}},
{"type":"Feature","geometry":{"type":"Point","coordinates":[13.873204450798688,42.100701934580016]},"properties":{"TIPO":"FONTANA","DEMOPERA":"","FOTO":"","QUOTA":306,"VIA":"VIA ADDA","COPERTURA":"ASFALTO","CHIUSINO":"GHISA","DIM_CHIUS":"","NOTE_":"fontana","DIAMETRO":"","OBJECTID":0,"CODICE":"","Z_OBJECTI":0,"Z_CHGCODE":0,"PREV":"0","NEXT":"0","TRACE":0,"MATERIALE":"","STATTUAL":"","TIPOLOGICO":3,"DIAMETRO1":0,"DIAMETRO2":0,"ANGOLO":0,"DATAMODIF":20080613,"ID":"0030865804370000","PATH":"","MODELLO":"http://integragis/ato3peligno/modellazione.asp?cod_tr=0030865804370000","STATON":null,"COMUNE":"","CAPACITA":"","COD_ISTAT":null,"ANNO_POSA":null,"PRODUZIONE":null,"COD_RETI":null}},
{"type":"Feature","geometry":{"type":"Point","coordinates":[13.894321679781946,42.09240295171331]},"properties":{"TIPO":"FONTANA","DEMOPERA":"","FOTO":"","QUOTA":348,"VIA":"SS 17","COPERTURA":"ASFALTO","CHIUSINO":"GHISA","DIM_CHIUS":"","NOTE_":"fontana","DIAMETRO":"","OBJECTID":0,"CODICE":"","Z_OBJECTI":0,"Z_CHGCODE":0,"PREV":"0","NEXT":"0","TRACE":0,"MATERIALE":"","STATTUAL":"","TIPOLOGICO":3,"DIAMETRO1":0,"DIAMETRO2":0,"ANGOLO":0,"DATAMODIF":20080613,"ID":"0030865804395000","PATH":"","MODELLO":"http://integragis/ato3peligno/modellazione.asp?cod_tr=0030865804395000","STATON":null,"COMUNE":"","CAPACITA":"","COD_ISTAT":null,"ANNO_POSA":null,"PRODUZIONE":null,"COD_RETI":null}},
{"type":"Feature","geometry":{"type":"Point","coordinates":[13.874262778432609,42.09738642340188]},"properties":{"TIPO":"FONTANA","DEMOPERA":"","FOTO":"","QUOTA":319,"VIA":"PIAZZA MADONNA DELLA LIBERA","COPERTURA":"ASFALTO","CHIUSINO":"GHISA","DIM_CHIUS":"","NOTE_":"fontana","DIAMETRO":"","OBJECTID":0,"CODICE":"","Z_OBJECTI":0,"Z_CHGCODE":0,"PREV":"0","NEXT":"0","TRACE":0,"MATERIALE":"","STATTUAL":"","TIPOLOGICO":3,"DIAMETRO1":0,"DIAMETRO2":0,"ANGOLO":0,"DATAMODIF":20080613,"ID":"0030865804406000","PATH":"","MODELLO":"http://integragis/ato3peligno/modellazione.asp?cod_tr=0030865804406000","STATON":null,"COMUNE":"","CAPACITA":"","COD_ISTAT":null,"ANNO_POSA":null,"PRODUZIONE":null,"COD_RETI":null}},
{"type":"Feature","geometry":{"type":"Point","coordinates":[13.8754515417196,42.09727936825068]},"properties":{"TIPO":"FONTANA","DEMOPERA":"","FOTO":"","QUOTA":312,"VIA":"VICO IV MADONNA DELLA LIBERA","COPERTURA":"ASFALTO","CHIUSINO":"GHISA","DIM_CHIUS":"","NOTE_":"fontana","DIAMETRO":"","OBJECTID":0,"CODICE":"","Z_OBJECTI":0,"Z_CHGCODE":0,"PREV":"0","NEXT":"0","TRACE":0,"MATERIALE":"","STATTUAL":"","TIPOLOGICO":3,"DIAMETRO1":0,"DIAMETRO2":0,"ANGOLO":0,"DATAMODIF":20080613,"ID":"0030865804407000","PATH":"","MODELLO":"http://integragis/ato3peligno/modellazione.asp?cod_tr=0030865804407000","STATON":null,"COMUNE":"","CAPACITA":"","COD_ISTAT":null,"ANNO_POSA":null,"PRODUZIONE":null,"COD_RETI":null}},
{"type":"Feature","geometry":{"type":"Point","coordinates":[13.870963826473075,42.096184468868195]},"properties":{"TIPO":"FONTANA","DEMOPERA":"","FOTO":"","QUOTA":305,"VIA":"VIA FRANCESCO COLELLA","COPERTURA":"ASFALTO","CHIUSINO":"GHISA","DIM_CHIUS":"","NOTE_":"fontana","DIAMETRO":"","OBJECTID":0,"CODICE":"","Z_OBJECTI":0,"Z_CHGCODE":0,"PREV":"0","NEXT":"0","TRACE":0,"MATERIALE":"","STATTUAL":"","TIPOLOGICO":3,"DIAMETRO1":0,"DIAMETRO2":0,"ANGOLO":0,"DATAMODIF":20080613,"ID":"0030865804497000","PATH":"","MODELLO":"http://integragis/ato3peligno/modellazione.asp?cod_tr=0030865804497000","STATON":null,"COMUNE":"","CAPACITA":"","COD_ISTAT":null,"ANNO_POSA":null,"PRODUZIONE":null,"COD_RETI":null}},
{"type":"Feature","geometry":{"type":"Point","coordinates":[13.873286116955459,42.09810242457898]},"properties":{"TIPO":"FONTANA","DEMOPERA":"","FOTO":"","QUOTA":320,"VIA":"VICO I PIAZZA CASTELLO","COPERTURA":"ASFALTO","CHIUSINO":"GHISA","DIM_CHIUS":"","NOTE_":"fontana","DIAMETRO":"","OBJECTID":0,"CODICE":"","Z_OBJECTI":0,"Z_CHGCODE":0,"PREV":"0","NEXT":"0","TRACE":0,"MATERIALE":"","STATTUAL":"","TIPOLOGICO":3,"DIAMETRO1":0,"DIAMETRO2":0,"ANGOLO":0,"DATAMODIF":20080613,"ID":"0030865804498000","PATH":"","MODELLO":"http://integragis/ato3peligno/modellazione.asp?cod_tr=0030865804498000","STATON":null,"COMUNE":"","CAPACITA":"","COD_ISTAT":null,"ANNO_POSA":null,"PRODUZIONE":null,"COD_RETI":null}},
{"type":"Feature","geometry":{"type":"Point","coordinates":[13.876398061186318,42.10038973843128]},"properties":{"TIPO":"FONTANA","DEMOPERA":"","FOTO":"","QUOTA":292,"VIA":"PIAZZA INDIPENDENZA","COPERTURA":"ASFALTO","CHIUSINO":"GHISA","DIM_CHIUS":"","NOTE_":"fontana","DIAMETRO":"","OBJECTID":0,"CODICE":"","Z_OBJECTI":0,"Z_CHGCODE":0,"PREV":"0","NEXT":"0","TRACE":0,"MATERIALE":"","STATTUAL":"","TIPOLOGICO":3,"DIAMETRO1":0,"DIAMETRO2":0,"ANGOLO":0,"DATAMODIF":20080613,"ID":"0030865804642000","PATH":"","MODELLO":"http://integragis/ato3peligno/modellazione.asp?cod_tr=0030865804642000","STATON":null,"COMUNE":"","CAPACITA":"","COD_ISTAT":null,"ANNO_POSA":null,"PRODUZIONE":null,"COD_RETI":null}},
{"type":"Feature","geometry":{"type":"Point","coordinates":[13.876856207378358,42.099547813800385]},"properties":{"TIPO":"FONTANA","DEMOPERA":"","FOTO":"","QUOTA":292,"VIA":"VIA BAINSIZZA","COPERTURA":"ASFALTO","CHIUSINO":"GHISA","DIM_CHIUS":"","NOTE_":"fontana","DIAMETRO":"","OBJECTID":0,"CODICE":"","Z_OBJECTI":0,"Z_CHGCODE":0,"PREV":"0","NEXT":"0","TRACE":0,"MATERIALE":"","STATTUAL":"","TIPOLOGICO":3,"DIAMETRO1":0,"DIAMETRO2":0,"ANGOLO":0,"DATAMODIF":20080613,"ID":"0030865804657000","PATH":"","MODELLO":"http://integragis/ato3peligno/modellazione.asp?cod_tr=0030865804657000","STATON":null,"COMUNE":"","CAPACITA":"","COD_ISTAT":null,"ANNO_POSA":null,"PRODUZIONE":null,"COD_RETI":null}},
{"type":"Feature","geometry":{"type":"Point","coordinates":[13.87731769042155,42.10061189273315]},"properties":{"TIPO":"FONTANA","DEMOPERA":"","FOTO":"","QUOTA":292,"VIA":"VIA ANTONIO DE NINNO","COPERTURA":"ASFALTO","CHIUSINO":"GHISA","DIM_CHIUS":"","NOTE_":"fontana","DIAMETRO":"","OBJECTID":0,"CODICE":"","Z_OBJECTI":0,"Z_CHGCODE":0,"PREV":"0","NEXT":"0","TRACE":0,"MATERIALE":"","STATTUAL":"","TIPOLOGICO":3,"DIAMETRO1":0,"DIAMETRO2":0,"ANGOLO":0,"DATAMODIF":20080613,"ID":"0030865804683000","PATH":"","MODELLO":"http://integragis/ato3peligno/modellazione.asp?cod_tr=0030865804683000","STATON":null,"COMUNE":"","CAPACITA":"","COD_ISTAT":null,"ANNO_POSA":null,"PRODUZIONE":null,"COD_RETI":null}},
{"type":"Feature","geometry":{"type":"Point","coordinates":[13.876668369404127,42.09864165098521]},"properties":{"TIPO":"FONTANA","DEMOPERA":"","FOTO":"","QUOTA":290,"VIA":"VICO II PELIGNA","COPERTURA":"ASFALTO","CHIUSINO":"GHISA","DIM_CHIUS":"","NOTE_":"fontana chiusa","DIAMETRO":"","OBJECTID":0,"CODICE":"","Z_OBJECTI":0,"Z_CHGCODE":0,"PREV":"0","NEXT":"0","TRACE":0,"MATERIALE":"","STATTUAL":"","TIPOLOGICO":3,"DIAMETRO1":0,"DIAMETRO2":0,"ANGOLO":0,"DATAMODIF":20080613,"ID":"0030865804693000","PATH":"","MODELLO":"http://integragis/ato3peligno/modellazione.asp?cod_tr=0030865804693000","STATON":null,"COMUNE":"","CAPACITA":"","COD_ISTAT":null,"ANNO_POSA":null,"PRODUZIONE":null,"COD_RETI":null}},
{"type":"Feature","geometry":{"type":"Point","coordinates":[13.873508738869585,42.099537498969795]},"properties":{"TIPO":"FONTANA","DEMOPERA":"","FOTO":"","QUOTA":306,"VIA":"VICO II RAMPA","COPERTURA":"ASFALTO","CHIUSINO":"GHISA","DIM_CHIUS":"","NOTE_":"fontana","DIAMETRO":"","OBJECTID":0,"CODICE":"","Z_OBJECTI":0,"Z_CHGCODE":0,"PREV":"0","NEXT":"0","TRACE":0,"MATERIALE":"","STATTUAL":"","TIPOLOGICO":3,"DIAMETRO1":0,"DIAMETRO2":0,"ANGOLO":0,"DATAMODIF":20080613,"ID":"0030865804735000","PATH":"","MODELLO":"http://integragis/ato3peligno/modellazione.asp?cod_tr=0030865804735000","STATON":null,"COMUNE":"","CAPACITA":"","COD_ISTAT":null,"ANNO_POSA":null,"PRODUZIONE":null,"COD_RETI":null}},
{"type":"Feature","geometry":{"type":"Point","coordinates":[13.874018966068705,42.0995050929203]},"properties":{"TIPO":"FONTANA","DEMOPERA":"","FOTO":"","QUOTA":306,"VIA":"VIA DENTRO LA TERRA","COPERTURA":"ASFALTO","CHIUSINO":"GHISA","DIM_CHIUS":"","NOTE_":"fontana","DIAMETRO":"","OBJECTID":0,"CODICE":"","Z_OBJECTI":0,"Z_CHGCODE":0,"PREV":"0","NEXT":"0","TRACE":0,"MATERIALE":"","STATTUAL":"","TIPOLOGICO":3,"DIAMETRO1":0,"DIAMETRO2":0,"ANGOLO":0,"DATAMODIF":20080613,"ID":"0030865804742000","PATH":"","MODELLO":"http://integragis/ato3peligno/modellazione.asp?cod_tr=0030865804742000","STATON":null,"COMUNE":"","CAPACITA":"","COD_ISTAT":null,"ANNO_POSA":null,"PRODUZIONE":null,"COD_RETI":null}},
{"type":"Feature","geometry":{"type":"Point","coordinates":[13.874000820035219,42.09907012382235]},"properties":{"TIPO":"FONTANA","DEMOPERA":"","FOTO":"","QUOTA":306,"VIA":"VIA DENTRO LA TERRA","COPERTURA":"ASFALTO","CHIUSINO":"GHISA","DIM_CHIUS":"","NOTE_":"fontana","DIAMETRO":"","OBJECTID":0,"CODICE":"","Z_OBJECTI":0,"Z_CHGCODE":0,"PREV":"0","NEXT":"0","TRACE":0,"MATERIALE":"","STATTUAL":"","TIPOLOGICO":3,"DIAMETRO1":0,"DIAMETRO2":0,"ANGOLO":0,"DATAMODIF":20080613,"ID":"0030865804750000","PATH":"","MODELLO":"http://integragis/ato3peligno/modellazione.asp?cod_tr=0030865804750000","STATON":null,"COMUNE":"","CAPACITA":"","COD_ISTAT":null,"ANNO_POSA":null,"PRODUZIONE":null,"COD_RETI":null}},
{"type":"Feature","geometry":{"type":"Point","coordinates":[13.87262175753237,42.0989420812208]},"properties":{"TIPO":"FONTANA","DEMOPERA":"","FOTO":"","QUOTA":296,"VIA":"VIA TAGLIAMENTO","COPERTURA":"ASFALTO","CHIUSINO":"GHISA","DIM_CHIUS":"","NOTE_":"fontana","DIAMETRO":"","OBJECTID":0,"CODICE":"","Z_OBJECTI":0,"Z_CHGCODE":0,"PREV":"0","NEXT":"0","TRACE":0,"MATERIALE":"","STATTUAL":"","TIPOLOGICO":3,"DIAMETRO1":0,"DIAMETRO2":0,"ANGOLO":0,"DATAMODIF":20080613,"ID":"0030865804757000","PATH":"","MODELLO":"http://integragis/ato3peligno/modellazione.asp?cod_tr=0030865804757000","STATON":null,"COMUNE":"","CAPACITA":"","COD_ISTAT":null,"ANNO_POSA":null,"PRODUZIONE":null,"COD_RETI":null}},
{"type":"Feature","geometry":{"type":"Point","coordinates":[13.87466067565823,42.09572581494176]},"properties":{"TIPO":"FONTANA","DEMOPERA":"","FOTO":"","QUOTA":320,"VIA":"VIA CARSO","COPERTURA":"ASFALTO","CHIUSINO":"GHISA","DIM_CHIUS":"","NOTE_":"fontana","DIAMETRO":"","OBJECTID":0,"CODICE":"","Z_OBJECTI":0,"Z_CHGCODE":0,"PREV":"0","NEXT":"0","TRACE":0,"MATERIALE":"","STATTUAL":"","TIPOLOGICO":3,"DIAMETRO1":0,"DIAMETRO2":0,"ANGOLO":0,"DATAMODIF":20080613,"ID":"0030865804829000","PATH":"","MODELLO":"http://integragis/ato3peligno/modellazione.asp?cod_tr=0030865804829000","STATON":null,"COMUNE":"","CAPACITA":"","COD_ISTAT":null,"ANNO_POSA":null,"PRODUZIONE":null,"COD_RETI":null}},
{"type":"Feature","geometry":{"type":"Point","coordinates":[13.875500294091617,42.094800647379294]},"properties":{"TIPO":"FONTANA","DEMOPERA":"","FOTO":"","QUOTA":328,"VIA":"VIA CIRCONVALLAZIONE ORIENTALE","COPERTURA":"ASFALTO","CHIUSINO":"GHISA","DIM_CHIUS":"","NOTE_":"fontana","DIAMETRO":"","OBJECTID":0,"CODICE":"","Z_OBJECTI":0,"Z_CHGCODE":0,"PREV":"0","NEXT":"0","TRACE":0,"MATERIALE":"","STATTUAL":"","TIPOLOGICO":3,"DIAMETRO1":0,"DIAMETRO2":0,"ANGOLO":0,"DATAMODIF":20080613,"ID":"0030865804837000","PATH":"","MODELLO":"http://integragis/ato3peligno/modellazione.asp?cod_tr=0030865804837000","STATON":null,"COMUNE":"","CAPACITA":"","COD_ISTAT":null,"ANNO_POSA":null,"PRODUZIONE":null,"COD_RETI":null}},
{"type":"Feature","geometry":{"type":"Point","coordinates":[13.877562685267717,42.0969809143469]},"properties":{"TIPO":"FONTANA","DEMOPERA":"","FOTO":"","QUOTA":290,"VIA":"SP 51","COPERTURA":"ASFALTO","CHIUSINO":"GHISA","DIM_CHIUS":"","NOTE_":"fontana","DIAMETRO":"","OBJECTID":0,"CODICE":"","Z_OBJECTI":0,"Z_CHGCODE":0,"PREV":"0","NEXT":"0","TRACE":0,"MATERIALE":"","STATTUAL":"","TIPOLOGICO":3,"DIAMETRO1":0,"DIAMETRO2":0,"ANGOLO":0,"DATAMODIF":20080613,"ID":"0030865804839000","PATH":"","MODELLO":"http://integragis/ato3peligno/modellazione.asp?cod_tr=0030865804839000","STATON":null,"COMUNE":"","CAPACITA":"","COD_ISTAT":null,"ANNO_POSA":null,"PRODUZIONE":null,"COD_RETI":null}},
{"type":"Feature","geometry":{"type":"Point","coordinates":[13.875295439787953,42.092301532986106]},"properties":{"TIPO":"FONTANA","DEMOPERA":"","FOTO":"","QUOTA":344,"VIA":"VIA MONTELLO","COPERTURA":"ASFALTO","CHIUSINO":"GHISA","DIM_CHIUS":"","NOTE_":"fontana","DIAMETRO":"","OBJECTID":0,"CODICE":"","Z_OBJECTI":0,"Z_CHGCODE":0,"PREV":"0","NEXT":"0","TRACE":0,"MATERIALE":"","STATTUAL":"","TIPOLOGICO":3,"DIAMETRO1":0,"DIAMETRO2":0,"ANGOLO":0,"DATAMODIF":20080613,"ID":"0030865804858000","PATH":"","MODELLO":"http://integragis/ato3peligno/modellazione.asp?cod_tr=0030865804858000","STATON":null,"COMUNE":"","CAPACITA":"","COD_ISTAT":null,"ANNO_POSA":null,"PRODUZIONE":null,"COD_RETI":null}},
{"type":"Feature","geometry":{"type":"Point","coordinates":[13.87471654687422,42.09362015040053]},"properties":{"TIPO":"FONTANA","DEMOPERA":"","FOTO":"","QUOTA":346,"VIA":"VIA CARSO","COPERTURA":"ASFALTO","CHIUSINO":"GHISA","DIM_CHIUS":"","NOTE_":"fontana","DIAMETRO":"","OBJECTID":0,"CODICE":"","Z_OBJECTI":0,"Z_CHGCODE":0,"PREV":"0","NEXT":"0","TRACE":0,"MATERIALE":"","STATTUAL":"","TIPOLOGICO":3,"DIAMETRO1":0,"DIAMETRO2":0,"ANGOLO":0,"DATAMODIF":20080613,"ID":"0030865804877000","PATH":"","MODELLO":"http://integragis/ato3peligno/modellazione.asp?cod_tr=0030865804877000","STATON":null,"COMUNE":"","CAPACITA":"","COD_ISTAT":null,"ANNO_POSA":null,"PRODUZIONE":null,"COD_RETI":null}},
{"type":"Feature","geometry":{"type":"Point","coordinates":[13.874758055082571,42.090700571901536]},"properties":{"TIPO":"FONTANA","DEMOPERA":"","FOTO":"","QUOTA":345,"VIA":"VIA DEGLI APPENNINI","COPERTURA":"ASFALTO","CHIUSINO":"GHISA","DIM_CHIUS":"","NOTE_":"fontana","DIAMETRO":"","OBJECTID":0,"CODICE":"","Z_OBJECTI":0,"Z_CHGCODE":0,"PREV":"0","NEXT":"0","TRACE":0,"MATERIALE":"","STATTUAL":"","TIPOLOGICO":3,"DIAMETRO1":0,"DIAMETRO2":0,"ANGOLO":0,"DATAMODIF":20080613,"ID":"0030865804967000","PATH":"","MODELLO":"http://integragis/ato3peligno/modellazione.asp?cod_tr=0030865804967000","STATON":null,"COMUNE":"","CAPACITA":"","COD_ISTAT":null,"ANNO_POSA":null,"PRODUZIONE":null,"COD_RETI":null}},
{"type":"Feature","geometry":{"type":"Point","coordinates":[13.87497000868548,42.099274078210016]},"properties":{"TIPO":"FONTANA","DEMOPERA":"","FOTO":"","QUOTA":306,"VIA":"VIA VENETO","COPERTURA":"ASFALTO","CHIUSINO":"GHISA","DIM_CHIUS":"","NOTE_":"fontana","DIAMETRO":"","OBJECTID":0,"CODICE":"","Z_OBJECTI":0,"Z_CHGCODE":0,"PREV":"0","NEXT":"0","TRACE":0,"MATERIALE":"","STATTUAL":"","TIPOLOGICO":3,"DIAMETRO1":0,"DIAMETRO2":0,"ANGOLO":0,"DATAMODIF":20080613,"ID":"0030865804976000","PATH":"","MODELLO":"http://integragis/ato3peligno/modellazione.asp?cod_tr=0030865804976000","STATON":null,"COMUNE":"","CAPACITA":"","COD_ISTAT":null,"ANNO_POSA":null,"PRODUZIONE":null,"COD_RETI":null}},
{"type":"Feature","geometry":{"type":"Point","coordinates":[13.886388097659038,42.124094516122106]},"properties":{"TIPO":"FONTANA","DEMOPERA":"","FOTO":"","QUOTA":0,"VIA":"","COPERTURA":"ASFALTO","CHIUSINO":"GHISA","DIM_CHIUS":"","NOTE_":"fontana","DIAMETRO":"","OBJECTID":0,"CODICE":"","Z_OBJECTI":0,"Z_CHGCODE":0,"PREV":"0","NEXT":"0","TRACE":0,"MATERIALE":"","STATTUAL":"","TIPOLOGICO":3,"DIAMETRO1":0,"DIAMETRO2":0,"ANGOLO":0,"DATAMODIF":20080825,"ID":"0031594351740000","PATH":"","MODELLO":"http://integragis/ato3peligno/modellazione.asp?cod_tr=0031594351740000","STATON":null,"COMUNE":"","CAPACITA":"","COD_ISTAT":null,"ANNO_POSA":null,"PRODUZIONE":null,"COD_RETI":null}},
{"type":"Feature","geometry":{"type":"Point","coordinates":[13.88821251711703,42.1237192186852]},"properties":{"TIPO":"FONTANA","DEMOPERA":"","FOTO":"","QUOTA":0,"VIA":"","COPERTURA":"ASFALTO","CHIUSINO":"GHISA","DIM_CHIUS":"","NOTE_":"fontana","DIAMETRO":"","OBJECTID":0,"CODICE":"","Z_OBJECTI":0,"Z_CHGCODE":0,"PREV":"0","NEXT":"0","TRACE":0,"MATERIALE":"","STATTUAL":"","TIPOLOGICO":3,"DIAMETRO1":0,"DIAMETRO2":0,"ANGOLO":0,"DATAMODIF":20080825,"ID":"0031594351741000","PATH":"","MODELLO":"http://integragis/ato3peligno/modellazione.asp?cod_tr=0031594351741000","STATON":null,"COMUNE":"","CAPACITA":"","COD_ISTAT":null,"ANNO_POSA":null,"PRODUZIONE":null,"COD_RETI":null}},
{"type":"Feature","geometry":{"type":"Point","coordinates":[13.884691228908245,42.12449806496134]},"properties":{"TIPO":"FONTANA","DEMOPERA":"","FOTO":"","QUOTA":0,"VIA":"","COPERTURA":"ASFALTO","CHIUSINO":"GHISA","DIM_CHIUS":"","NOTE_":"fontana","DIAMETRO":"","OBJECTID":0,"CODICE":"","Z_OBJECTI":0,"Z_CHGCODE":0,"PREV":"0","NEXT":"0","TRACE":0,"MATERIALE":"","STATTUAL":"","TIPOLOGICO":3,"DIAMETRO1":0,"DIAMETRO2":0,"ANGOLO":0,"DATAMODIF":20080825,"ID":"0031594351743000","PATH":"","MODELLO":"http://integragis/ato3peligno/modellazione.asp?cod_tr=0031594351743000","STATON":null,"COMUNE":"","CAPACITA":"","COD_ISTAT":null,"ANNO_POSA":null,"PRODUZIONE":null,"COD_RETI":null}},
{"type":"Feature","geometry":{"type":"Point","coordinates":[13.885864232028846,42.12504026959134]},"properties":{"TIPO":"FONTANA","DEMOPERA":"","FOTO":"","QUOTA":0,"VIA":"","COPERTURA":"ASFALTO","CHIUSINO":"GHISA","DIM_CHIUS":"","NOTE_":"fontana chiusa","DIAMETRO":"","OBJECTID":0,"CODICE":"","Z_OBJECTI":0,"Z_CHGCODE":0,"PREV":"0","NEXT":"0","TRACE":0,"MATERIALE":"","STATTUAL":"","TIPOLOGICO":3,"DIAMETRO1":0,"DIAMETRO2":0,"ANGOLO":0,"DATAMODIF":20080825,"ID":"0031594351764000","PATH":"","MODELLO":"http://integragis/ato3peligno/modellazione.asp?cod_tr=0031594351764000","STATON":null,"COMUNE":"","CAPACITA":"","COD_ISTAT":null,"ANNO_POSA":null,"PRODUZIONE":null,"COD_RETI":null}},
{"type":"Feature","geometry":{"type":"Point","coordinates":[13.886472297555452,42.12489292600792]},"properties":{"TIPO":"FONTANA","DEMOPERA":"","FOTO":"","QUOTA":0,"VIA":"","COPERTURA":"ASFALTO","CHIUSINO":"GHISA","DIM_CHIUS":"","NOTE_":"fontana","DIAMETRO":"","OBJECTID":0,"CODICE":"","Z_OBJECTI":0,"Z_CHGCODE":0,"PREV":"0","NEXT":"0","TRACE":0,"MATERIALE":"","STATTUAL":"","TIPOLOGICO":3,"DIAMETRO1":0,"DIAMETRO2":0,"ANGOLO":0,"DATAMODIF":20080825,"ID":"0031594351770000","PATH":"","MODELLO":"http://integragis/ato3peligno/modellazione.asp?cod_tr=0031594351770000","STATON":null,"COMUNE":"","CAPACITA":"","COD_ISTAT":null,"ANNO_POSA":null,"PRODUZIONE":null,"COD_RETI":null}},
{"type":"Feature","geometry":{"type":"Point","coordinates":[13.886360460106754,42.12147791757225]},"properties":{"TIPO":"FONTANA","DEMOPERA":"","FOTO":"","QUOTA":0,"VIA":"","COPERTURA":"ASFALTO","CHIUSINO":"GHISA","DIM_CHIUS":"","NOTE_":"fontana","DIAMETRO":"","OBJECTID":0,"CODICE":"","Z_OBJECTI":0,"Z_CHGCODE":0,"PREV":"0","NEXT":"0","TRACE":0,"MATERIALE":"","STATTUAL":"","TIPOLOGICO":3,"DIAMETRO1":0,"DIAMETRO2":0,"ANGOLO":0,"DATAMODIF":20080825,"ID":"0031594351811000","PATH":"","MODELLO":"http://integragis/ato3peligno/modellazione.asp?cod_tr=0031594351811000","STATON":null,"COMUNE":"","CAPACITA":"","COD_ISTAT":null,"ANNO_POSA":null,"PRODUZIONE":null,"COD_RETI":null}},
{"type":"Feature","geometry":{"type":"Point","coordinates":[13.887833794612114,42.118232006152766]},"properties":{"TIPO":"FONTANA","DEMOPERA":"","FOTO":"","QUOTA":0,"VIA":"","COPERTURA":"ASFALTO","CHIUSINO":"GHISA","DIM_CHIUS":"","NOTE_":"fontana","DIAMETRO":"","OBJECTID":0,"CODICE":"","Z_OBJECTI":0,"Z_CHGCODE":0,"PREV":"0","NEXT":"0","TRACE":0,"MATERIALE":"","STATTUAL":"","TIPOLOGICO":3,"DIAMETRO1":0,"DIAMETRO2":0,"ANGOLO":0,"DATAMODIF":20080825,"ID":"0031594351856000","PATH":"","MODELLO":"http://integragis/ato3peligno/modellazione.asp?cod_tr=0031594351856000","STATON":null,"COMUNE":"","CAPACITA":"","COD_ISTAT":null,"ANNO_POSA":null,"PRODUZIONE":null,"COD_RETI":null}},
{"type":"Feature","geometry":{"type":"Point","coordinates":[13.88631797535578,42.122994970668294]},"properties":{"TIPO":"FONTANA","DEMOPERA":"","FOTO":"","QUOTA":0,"VIA":"","COPERTURA":"ASFALTO","CHIUSINO":"GHISA","DIM_CHIUS":"","NOTE_":"fontana","DIAMETRO":"","OBJECTID":0,"CODICE":"","Z_OBJECTI":0,"Z_CHGCODE":0,"PREV":"0","NEXT":"0","TRACE":0,"MATERIALE":"","STATTUAL":"","TIPOLOGICO":3,"DIAMETRO1":0,"DIAMETRO2":0,"ANGOLO":0,"DATAMODIF":20080825,"ID":"0031594351874000","PATH":"","MODELLO":"http://integragis/ato3peligno/modellazione.asp?cod_tr=0031594351874000","STATON":null,"COMUNE":"","CAPACITA":"","COD_ISTAT":null,"ANNO_POSA":null,"PRODUZIONE":null,"COD_RETI":null}},
{"type":"Feature","geometry":{"type":"Point","coordinates":[13.9367637183876,42.05199425868038]},"properties":{"TIPO":"FONTANA","DEMOPERA":"","FOTO":"","QUOTA":0,"VIA":"","COPERTURA":"ASFALTO","CHIUSINO":"GHISA","DIM_CHIUS":"","NOTE_":"fontana dismessa","DIAMETRO":"","OBJECTID":0,"CODICE":"","Z_OBJECTI":null,"Z_CHGCODE":null,"PREV":"0","NEXT":"0","TRACE":0,"MATERIALE":"","STATTUAL":"","TIPOLOGICO":3,"DIAMETRO1":0,"DIAMETRO2":0,"ANGOLO":0,"DATAMODIF":20081124,"ID":"0032503841607000","PATH":"","MODELLO":"http://integragis/ato3peligno/modellazione.asp?cod_tr=0032503841607000","STATON":null,"COMUNE":"","CAPACITA":"","COD_ISTAT":null,"ANNO_POSA":null,"PRODUZIONE":null,"COD_RETI":null}},
{"type":"Feature","geometry":{"type":"Point","coordinates":[13.927706615281513,42.05748917402669]},"properties":{"TIPO":"FONTANA","DEMOPERA":"","FOTO":"","QUOTA":0,"VIA":"","COPERTURA":"ASFALTO","CHIUSINO":"GHISA","DIM_CHIUS":"","NOTE_":"fontana","DIAMETRO":"","OBJECTID":0,"CODICE":"","Z_OBJECTI":null,"Z_CHGCODE":null,"PREV":"0","NEXT":"0","TRACE":0,"MATERIALE":"","STATTUAL":"","TIPOLOGICO":3,"DIAMETRO1":0,"DIAMETRO2":0,"ANGOLO":0,"DATAMODIF":20081124,"ID":"0032503841623000","PATH":"","MODELLO":"http://integragis/ato3peligno/modellazione.asp?cod_tr=0032503841623000","STATON":null,"COMUNE":"","CAPACITA":"","COD_ISTAT":null,"ANNO_POSA":null,"PRODUZIONE":null,"COD_RETI":null}},
{"type":"Feature","geometry":{"type":"Point","coordinates":[13.93630765416414,42.04753628133296]},"properties":{"TIPO":"FONTANA","DEMOPERA":"","FOTO":"","QUOTA":0,"VIA":"","COPERTURA":"ASFALTO","CHIUSINO":"GHISA","DIM_CHIUS":"","NOTE_":"fontana","DIAMETRO":"","OBJECTID":0,"CODICE":"","Z_OBJECTI":null,"Z_CHGCODE":null,"PREV":"0","NEXT":"0","TRACE":0,"MATERIALE":"","STATTUAL":"","TIPOLOGICO":3,"DIAMETRO1":0,"DIAMETRO2":0,"ANGOLO":0,"DATAMODIF":20081124,"ID":"0032503841692000","PATH":"","MODELLO":"http://integragis/ato3peligno/modellazione.asp?cod_tr=0032503841692000","STATON":null,"COMUNE":"","CAPACITA":"","COD_ISTAT":null,"ANNO_POSA":null,"PRODUZIONE":null,"COD_RETI":null}},
{"type":"Feature","geometry":{"type":"Point","coordinates":[13.923948143010229,42.05524776495059]},"properties":{"TIPO":"FONTANA","DEMOPERA":"","FOTO":"","QUOTA":0,"VIA":"","COPERTURA":"ASFALTO","CHIUSINO":"GHISA","DIM_CHIUS":"","NOTE_":"fontana","DIAMETRO":"","OBJECTID":0,"CODICE":"","Z_OBJECTI":null,"Z_CHGCODE":null,"PREV":"0","NEXT":"0","TRACE":0,"MATERIALE":"","STATTUAL":"","TIPOLOGICO":3,"DIAMETRO1":0,"DIAMETRO2":0,"ANGOLO":0,"DATAMODIF":20081124,"ID":"0032503841747000","PATH":"","MODELLO":"http://integragis/ato3peligno/modellazione.asp?cod_tr=0032503841747000","STATON":null,"COMUNE":"","CAPACITA":"","COD_ISTAT":null,"ANNO_POSA":null,"PRODUZIONE":null,"COD_RETI":null}},
{"type":"Feature","geometry":{"type":"Point","coordinates":[13.921173865361478,42.05896931655486]},"properties":{"TIPO":"FONTANA","DEMOPERA":"","FOTO":"","QUOTA":0,"VIA":"","COPERTURA":"ASFALTO","CHIUSINO":"GHISA","DIM_CHIUS":"","NOTE_":"fontana","DIAMETRO":"","OBJECTID":0,"CODICE":"","Z_OBJECTI":null,"Z_CHGCODE":null,"PREV":"0","NEXT":"0","TRACE":0,"MATERIALE":"","STATTUAL":"","TIPOLOGICO":3,"DIAMETRO1":0,"DIAMETRO2":0,"ANGOLO":0,"DATAMODIF":20081124,"ID":"0032503841767000","PATH":"","MODELLO":"http://integragis/ato3peligno/modellazione.asp?cod_tr=0032503841767000","STATON":null,"COMUNE":"","CAPACITA":"","COD_ISTAT":null,"ANNO_POSA":null,"PRODUZIONE":null,"COD_RETI":null}},
{"type":"Feature","geometry":{"type":"Point","coordinates":[13.93105613583837,42.053974415938924]},"properties":{"TIPO":"FONTANA","DEMOPERA":"","FOTO":"","QUOTA":0,"VIA":"","COPERTURA":"ASFALTO","CHIUSINO":"GHISA","DIM_CHIUS":"","NOTE_":"fontana","DIAMETRO":"","OBJECTID":0,"CODICE":"","Z_OBJECTI":null,"Z_CHGCODE":null,"PREV":"0","NEXT":"0","TRACE":0,"MATERIALE":"","STATTUAL":"","TIPOLOGICO":3,"DIAMETRO1":0,"DIAMETRO2":0,"ANGOLO":0,"DATAMODIF":20081124,"ID":"0032503841913000","PATH":"","MODELLO":"http://integragis/ato3peligno/modellazione.asp?cod_tr=0032503841913000","STATON":null,"COMUNE":"","CAPACITA":"","COD_ISTAT":null,"ANNO_POSA":null,"PRODUZIONE":null,"COD_RETI":null}},
{"type":"Feature","geometry":{"type":"Point","coordinates":[13.929886334643012,42.05252533003063]},"properties":{"TIPO":"FONTANA","DEMOPERA":"","FOTO":"","QUOTA":0,"VIA":"","COPERTURA":"ASFALTO","CHIUSINO":"GHISA","DIM_CHIUS":"","NOTE_":"fontana","DIAMETRO":"","OBJECTID":0,"CODICE":"","Z_OBJECTI":null,"Z_CHGCODE":null,"PREV":"0","NEXT":"0","TRACE":0,"MATERIALE":"","STATTUAL":"","TIPOLOGICO":3,"DIAMETRO1":0,"DIAMETRO2":0,"ANGOLO":0,"DATAMODIF":20081124,"ID":"0032503841914000","PATH":"","MODELLO":"http://integragis/ato3peligno/modellazione.asp?cod_tr=0032503841914000","STATON":null,"COMUNE":"","CAPACITA":"","COD_ISTAT":null,"ANNO_POSA":null,"PRODUZIONE":null,"COD_RETI":null}},
{"type":"Feature","geometry":{"type":"Point","coordinates":[13.92999151496554,42.0503077487981]},"properties":{"TIPO":"FONTANA","DEMOPERA":"","FOTO":"","QUOTA":0,"VIA":"","COPERTURA":"ASFALTO","CHIUSINO":"GHISA","DIM_CHIUS":"","NOTE_":"fontana","DIAMETRO":"","OBJECTID":0,"CODICE":"","Z_OBJECTI":null,"Z_CHGCODE":null,"PREV":"0","NEXT":"0","TRACE":0,"MATERIALE":"","STATTUAL":"","TIPOLOGICO":3,"DIAMETRO1":0,"DIAMETRO2":0,"ANGOLO":0,"DATAMODIF":20081124,"ID":"0032503841918000","PATH":"","MODELLO":"http://integragis/ato3peligno/modellazione.asp?cod_tr=0032503841918000","STATON":null,"COMUNE":"","CAPACITA":"","COD_ISTAT":null,"ANNO_POSA":null,"PRODUZIONE":null,"COD_RETI":null}},
{"type":"Feature","geometry":{"type":"Point","coordinates":[13.93180969864477,42.05062339147095]},"properties":{"TIPO":"FONTANA","DEMOPERA":"","FOTO":"","QUOTA":0,"VIA":"","COPERTURA":"ASFALTO","CHIUSINO":"GHISA","DIM_CHIUS":"","NOTE_":"fontana","DIAMETRO":"","OBJECTID":0,"CODICE":"","Z_OBJECTI":null,"Z_CHGCODE":null,"PREV":"0","NEXT":"0","TRACE":0,"MATERIALE":"","STATTUAL":"","TIPOLOGICO":3,"DIAMETRO1":0,"DIAMETRO2":0,"ANGOLO":0,"DATAMODIF":20081124,"ID":"0032503841923000","PATH":"","MODELLO":"http://integragis/ato3peligno/modellazione.asp?cod_tr=0032503841923000","STATON":null,"COMUNE":"","CAPACITA":"","COD_ISTAT":null,"ANNO_POSA":null,"PRODUZIONE":null,"COD_RETI":null}},
{"type":"Feature","geometry":{"type":"Point","coordinates":[13.932963138632699,42.04988085752236]},"properties":{"TIPO":"FONTANA","DEMOPERA":"","FOTO":"","QUOTA":0,"VIA":"","COPERTURA":"ASFALTO","CHIUSINO":"GHISA","DIM_CHIUS":"","NOTE_":"fontana","DIAMETRO":"","OBJECTID":0,"CODICE":"","Z_OBJECTI":null,"Z_CHGCODE":null,"PREV":"0","NEXT":"0","TRACE":0,"MATERIALE":"","STATTUAL":"","TIPOLOGICO":3,"DIAMETRO1":0,"DIAMETRO2":0,"ANGOLO":0,"DATAMODIF":20081124,"ID":"0032503841955000","PATH":"","MODELLO":"http://integragis/ato3peligno/modellazione.asp?cod_tr=0032503841955000","STATON":null,"COMUNE":"","CAPACITA":"","COD_ISTAT":null,"ANNO_POSA":null,"PRODUZIONE":null,"COD_RETI":null}},
{"type":"Feature","geometry":{"type":"Point","coordinates":[13.928067528028382,42.04323028653707]},"properties":{"TIPO":"FONTANA","DEMOPERA":"","FOTO":"","QUOTA":0,"VIA":"","COPERTURA":"ASFALTO","CHIUSINO":"GHISA","DIM_CHIUS":"","NOTE_":"fontana","DIAMETRO":"","OBJECTID":0,"CODICE":"","Z_OBJECTI":null,"Z_CHGCODE":null,"PREV":"0","NEXT":"0","TRACE":0,"MATERIALE":"","STATTUAL":"","TIPOLOGICO":3,"DIAMETRO1":0,"DIAMETRO2":0,"ANGOLO":0,"DATAMODIF":20081124,"ID":"0032503842094000","PATH":"","MODELLO":"http://integragis/ato3peligno/modellazione.asp?cod_tr=0032503842094000","STATON":null,"COMUNE":"","CAPACITA":"","COD_ISTAT":null,"ANNO_POSA":null,"PRODUZIONE":null,"COD_RETI":null}},
{"type":"Feature","geometry":{"type":"Point","coordinates":[13.925211417225796,42.04619980444237]},"properties":{"TIPO":"FONTANA","DEMOPERA":"","FOTO":"","QUOTA":0,"VIA":"","COPERTURA":"ASFALTO","CHIUSINO":"GHISA","DIM_CHIUS":"","NOTE_":"fontana","DIAMETRO":"","OBJECTID":0,"CODICE":"","Z_OBJECTI":null,"Z_CHGCODE":null,"PREV":"0","NEXT":"0","TRACE":0,"MATERIALE":"","STATTUAL":"","TIPOLOGICO":3,"DIAMETRO1":0,"DIAMETRO2":0,"ANGOLO":0,"DATAMODIF":20081124,"ID":"0032503842258000","PATH":"","MODELLO":"http://integragis/ato3peligno/modellazione.asp?cod_tr=0032503842258000","STATON":null,"COMUNE":"","CAPACITA":"","COD_ISTAT":null,"ANNO_POSA":null,"PRODUZIONE":null,"COD_RETI":null}},
{"type":"Feature","geometry":{"type":"Point","coordinates":[13.924628360816445,42.05025669386793]},"properties":{"TIPO":"FONTANA","DEMOPERA":"","FOTO":"","QUOTA":0,"VIA":"","COPERTURA":"ASFALTO","CHIUSINO":"GHISA","DIM_CHIUS":"","NOTE_":"fontana","DIAMETRO":"","OBJECTID":0,"CODICE":"","Z_OBJECTI":null,"Z_CHGCODE":null,"PREV":"0","NEXT":"0","TRACE":0,"MATERIALE":"","STATTUAL":"","TIPOLOGICO":3,"DIAMETRO1":0,"DIAMETRO2":0,"ANGOLO":0,"DATAMODIF":20081124,"ID":"0032503842393000","PATH":"","MODELLO":"http://integragis/ato3peligno/modellazione.asp?cod_tr=0032503842393000","STATON":null,"COMUNE":"","CAPACITA":"","COD_ISTAT":null,"ANNO_POSA":null,"PRODUZIONE":null,"COD_RETI":null}},
{"type":"Feature","geometry":{"type":"Point","coordinates":[13.923689174137264,42.04947771152822]},"properties":{"TIPO":"FONTANA","DEMOPERA":"","FOTO":"","QUOTA":0,"VIA":"","COPERTURA":"ASFALTO","CHIUSINO":"GHISA","DIM_CHIUS":"","NOTE_":"fontana","DIAMETRO":"","OBJECTID":0,"CODICE":"","Z_OBJECTI":null,"Z_CHGCODE":null,"PREV":"0","NEXT":"0","TRACE":0,"MATERIALE":"","STATTUAL":"","TIPOLOGICO":3,"DIAMETRO1":0,"DIAMETRO2":0,"ANGOLO":0,"DATAMODIF":20081124,"ID":"0032503842401000","PATH":"","MODELLO":"http://integragis/ato3peligno/modellazione.asp?cod_tr=0032503842401000","STATON":null,"COMUNE":"","CAPACITA":"","COD_ISTAT":null,"ANNO_POSA":null,"PRODUZIONE":null,"COD_RETI":null}},
{"type":"Feature","geometry":{"type":"Point","coordinates":[13.92455989992531,42.050953298890185]},"properties":{"TIPO":"FONTANA","DEMOPERA":"","FOTO":"","QUOTA":0,"VIA":"","COPERTURA":"ASFALTO","CHIUSINO":"GHISA","DIM_CHIUS":"","NOTE_":"fontana","DIAMETRO":"","OBJECTID":0,"CODICE":"","Z_OBJECTI":null,"Z_CHGCODE":null,"PREV":"0","NEXT":"0","TRACE":0,"MATERIALE":"","STATTUAL":"","TIPOLOGICO":3,"DIAMETRO1":0,"DIAMETRO2":0,"ANGOLO":0,"DATAMODIF":20081124,"ID":"0032503842441000","PATH":"","MODELLO":"http://integragis/ato3peligno/modellazione.asp?cod_tr=0032503842441000","STATON":null,"COMUNE":"","CAPACITA":"","COD_ISTAT":null,"ANNO_POSA":null,"PRODUZIONE":null,"COD_RETI":null}},
{"type":"Feature","geometry":{"type":"Point","coordinates":[13.920852041157701,42.05314399253282]},"properties":{"TIPO":"FONTANA","DEMOPERA":"","FOTO":"","QUOTA":0,"VIA":"","COPERTURA":"ASFALTO","CHIUSINO":"GHISA","DIM_CHIUS":"","NOTE_":"fontana","DIAMETRO":"","OBJECTID":0,"CODICE":"","Z_OBJECTI":null,"Z_CHGCODE":null,"PREV":"0","NEXT":"0","TRACE":0,"MATERIALE":"","STATTUAL":"","TIPOLOGICO":3,"DIAMETRO1":0,"DIAMETRO2":0,"ANGOLO":0,"DATAMODIF":20081124,"ID":"0032503842447000","PATH":"","MODELLO":"http://integragis/ato3peligno/modellazione.asp?cod_tr=0032503842447000","STATON":null,"COMUNE":"","CAPACITA":"","COD_ISTAT":null,"ANNO_POSA":null,"PRODUZIONE":null,"COD_RETI":null}},
{"type":"Feature","geometry":{"type":"Point","coordinates":[13.922016687530004,42.05165817867276]},"properties":{"TIPO":"FONTANA","DEMOPERA":"","FOTO":"","QUOTA":0,"VIA":"","COPERTURA":"ASFALTO","CHIUSINO":"GHISA","DIM_CHIUS":"","NOTE_":"fontana","DIAMETRO":"","OBJECTID":0,"CODICE":"","Z_OBJECTI":null,"Z_CHGCODE":null,"PREV":"0","NEXT":"0","TRACE":0,"MATERIALE":"","STATTUAL":"","TIPOLOGICO":3,"DIAMETRO1":0,"DIAMETRO2":0,"ANGOLO":0,"DATAMODIF":20081124,"ID":"0032503842449000","PATH":"","MODELLO":"http://integragis/ato3peligno/modellazione.asp?cod_tr=0032503842449000","STATON":null,"COMUNE":"","CAPACITA":"","COD_ISTAT":null,"ANNO_POSA":null,"PRODUZIONE":null,"COD_RETI":null}},
{"type":"Feature","geometry":{"type":"Point","coordinates":[13.922457354116817,42.051286954474634]},"properties":{"TIPO":"FONTANA","DEMOPERA":"","FOTO":"","QUOTA":0,"VIA":"","COPERTURA":"ASFALTO","CHIUSINO":"GHISA","DIM_CHIUS":"","NOTE_":"fontana","DIAMETRO":"","OBJECTID":0,"CODICE":"","Z_OBJECTI":null,"Z_CHGCODE":null,"PREV":"0","NEXT":"0","TRACE":0,"MATERIALE":"","STATTUAL":"","TIPOLOGICO":3,"DIAMETRO1":0,"DIAMETRO2":0,"ANGOLO":0,"DATAMODIF":20081124,"ID":"0032503842450000","PATH":"","MODELLO":"http://integragis/ato3peligno/modellazione.asp?cod_tr=0032503842450000","STATON":null,"COMUNE":"","CAPACITA":"","COD_ISTAT":null,"ANNO_POSA":null,"PRODUZIONE":null,"COD_RETI":null}},
{"type":"Feature","geometry":{"type":"Point","coordinates":[13.923132491335224,42.04688502564664]},"properties":{"TIPO":"FONTANA","DEMOPERA":"","FOTO":"","QUOTA":0,"VIA":"","COPERTURA":"ASFALTO","CHIUSINO":"GHISA","DIM_CHIUS":"","NOTE_":"fontana","DIAMETRO":"","OBJECTID":0,"CODICE":"","Z_OBJECTI":null,"Z_CHGCODE":null,"PREV":"0","NEXT":"0","TRACE":0,"MATERIALE":"","STATTUAL":"","TIPOLOGICO":3,"DIAMETRO1":0,"DIAMETRO2":0,"ANGOLO":0,"DATAMODIF":20081124,"ID":"0032503842517000","PATH":"","MODELLO":"http://integragis/ato3peligno/modellazione.asp?cod_tr=0032503842517000","STATON":null,"COMUNE":"","CAPACITA":"","COD_ISTAT":null,"ANNO_POSA":null,"PRODUZIONE":null,"COD_RETI":null}},
{"type":"Feature","geometry":{"type":"Point","coordinates":[13.923317769414064,42.04667666446773]},"properties":{"TIPO":"FONTANA","DEMOPERA":"","FOTO":"","QUOTA":0,"VIA":"","COPERTURA":"ASFALTO","CHIUSINO":"GHISA","DIM_CHIUS":"","NOTE_":"fontana","DIAMETRO":"","OBJECTID":0,"CODICE":"","Z_OBJECTI":null,"Z_CHGCODE":null,"PREV":"0","NEXT":"0","TRACE":0,"MATERIALE":"","STATTUAL":"","TIPOLOGICO":3,"DIAMETRO1":0,"DIAMETRO2":0,"ANGOLO":0,"DATAMODIF":20081124,"ID":"0032503842539000","PATH":"","MODELLO":"http://integragis/ato3peligno/modellazione.asp?cod_tr=0032503842539000","STATON":null,"COMUNE":"","CAPACITA":"","COD_ISTAT":null,"ANNO_POSA":null,"PRODUZIONE":null,"COD_RETI":null}},
{"type":"Feature","geometry":{"type":"Point","coordinates":[13.922220060537649,42.04925466930355]},"properties":{"TIPO":"FONTANA","DEMOPERA":"","FOTO":"","QUOTA":0,"VIA":"","COPERTURA":"ASFALTO","CHIUSINO":"GHISA","DIM_CHIUS":"","NOTE_":"fontana","DIAMETRO":"","OBJECTID":0,"CODICE":"","Z_OBJECTI":null,"Z_CHGCODE":null,"PREV":"0","NEXT":"0","TRACE":0,"MATERIALE":"","STATTUAL":"","TIPOLOGICO":3,"DIAMETRO1":0,"DIAMETRO2":0,"ANGOLO":0,"DATAMODIF":20081124,"ID":"0032503842628000","PATH":"","MODELLO":"http://integragis/ato3peligno/modellazione.asp?cod_tr=0032503842628000","STATON":null,"COMUNE":"","CAPACITA":"","COD_ISTAT":null,"ANNO_POSA":null,"PRODUZIONE":null,"COD_RETI":null}},
{"type":"Feature","geometry":{"type":"Point","coordinates":[13.925216287835958,42.04800002400378]},"properties":{"TIPO":"FONTANA","DEMOPERA":"","FOTO":"","QUOTA":0,"VIA":"","COPERTURA":"ASFALTO","CHIUSINO":"GHISA","DIM_CHIUS":"","NOTE_":"fontana","DIAMETRO":"","OBJECTID":0,"CODICE":"","Z_OBJECTI":null,"Z_CHGCODE":null,"PREV":"0","NEXT":"0","TRACE":0,"MATERIALE":"","STATTUAL":"","TIPOLOGICO":3,"DIAMETRO1":0,"DIAMETRO2":0,"ANGOLO":0,"DATAMODIF":20081124,"ID":"0032503842794000","PATH":"","MODELLO":"http://integragis/ato3peligno/modellazione.asp?cod_tr=0032503842794000","STATON":null,"COMUNE":"","CAPACITA":"","COD_ISTAT":null,"ANNO_POSA":null,"PRODUZIONE":null,"COD_RETI":null}},
{"type":"Feature","geometry":{"type":"Point","coordinates":[13.925280236034432,42.04746655831753]},"properties":{"TIPO":"FONTANA","DEMOPERA":"","FOTO":"","QUOTA":0,"VIA":"","COPERTURA":"ASFALTO","CHIUSINO":"GHISA","DIM_CHIUS":"","NOTE_":"fontana","DIAMETRO":"","OBJECTID":0,"CODICE":"","Z_OBJECTI":null,"Z_CHGCODE":null,"PREV":"0","NEXT":"0","TRACE":0,"MATERIALE":"","STATTUAL":"","TIPOLOGICO":3,"DIAMETRO1":0,"DIAMETRO2":0,"ANGOLO":0,"DATAMODIF":20081124,"ID":"0032503842836000","PATH":"","MODELLO":"http://integragis/ato3peligno/modellazione.asp?cod_tr=0032503842836000","STATON":null,"COMUNE":"","CAPACITA":"","COD_ISTAT":null,"ANNO_POSA":null,"PRODUZIONE":null,"COD_RETI":null}},
{"type":"Feature","geometry":{"type":"Point","coordinates":[13.927784928906068,42.04782272136603]},"properties":{"TIPO":"FONTANA","DEMOPERA":"","FOTO":"","QUOTA":0,"VIA":"","COPERTURA":"ASFALTO","CHIUSINO":"GHISA","DIM_CHIUS":"","NOTE_":"fontana","DIAMETRO":"","OBJECTID":0,"CODICE":"","Z_OBJECTI":null,"Z_CHGCODE":null,"PREV":"0","NEXT":"0","TRACE":0,"MATERIALE":"","STATTUAL":"","TIPOLOGICO":3,"DIAMETRO1":0,"DIAMETRO2":0,"ANGOLO":0,"DATAMODIF":20081124,"ID":"0032503842840000","PATH":"","MODELLO":"http://integragis/ato3peligno/modellazione.asp?cod_tr=0032503842840000","STATON":null,"COMUNE":"","CAPACITA":"","COD_ISTAT":null,"ANNO_POSA":null,"PRODUZIONE":null,"COD_RETI":null}},
{"type":"Feature","geometry":{"type":"Point","coordinates":[13.920262424607188,42.05497191261244]},"properties":{"TIPO":"FONTANA","DEMOPERA":"","FOTO":"","QUOTA":0,"VIA":"","COPERTURA":"ASFALTO","CHIUSINO":"GHISA","DIM_CHIUS":"","NOTE_":"fontana","DIAMETRO":"","OBJECTID":0,"CODICE":"","Z_OBJECTI":null,"Z_CHGCODE":null,"PREV":"0","NEXT":"0","TRACE":0,"MATERIALE":"","STATTUAL":"","TIPOLOGICO":3,"DIAMETRO1":0,"DIAMETRO2":0,"ANGOLO":0,"DATAMODIF":20081124,"ID":"0032503842864000","PATH":"","MODELLO":"http://integragis/ato3peligno/modellazione.asp?cod_tr=0032503842864000","STATON":null,"COMUNE":"","CAPACITA":"","COD_ISTAT":null,"ANNO_POSA":null,"PRODUZIONE":null,"COD_RETI":null}},
{"type":"Feature","geometry":{"type":"Point","coordinates":[13.926636107263905,42.047826782273695]},"properties":{"TIPO":"FONTANA","DEMOPERA":"","FOTO":"","QUOTA":0,"VIA":"","COPERTURA":"ASFALTO","CHIUSINO":"GHISA","DIM_CHIUS":"","NOTE_":"fontana","DIAMETRO":"","OBJECTID":0,"CODICE":"","Z_OBJECTI":null,"Z_CHGCODE":null,"PREV":"0","NEXT":"0","TRACE":0,"MATERIALE":"","STATTUAL":"","TIPOLOGICO":3,"DIAMETRO1":0,"DIAMETRO2":0,"ANGOLO":0,"DATAMODIF":20081124,"ID":"0032503842872000","PATH":"","MODELLO":"http://integragis/ato3peligno/modellazione.asp?cod_tr=0032503842872000","STATON":null,"COMUNE":"","CAPACITA":"","COD_ISTAT":null,"ANNO_POSA":null,"PRODUZIONE":null,"COD_RETI":null}},
{"type":"Feature","geometry":{"type":"Point","coordinates":[13.928036561907842,42.04848973079374]},"properties":{"TIPO":"FONTANA","DEMOPERA":"","FOTO":"","QUOTA":0,"VIA":"","COPERTURA":"ASFALTO","CHIUSINO":"GHISA","DIM_CHIUS":"","NOTE_":"fontana","DIAMETRO":"","OBJECTID":0,"CODICE":"","Z_OBJECTI":null,"Z_CHGCODE":null,"PREV":"0","NEXT":"0","TRACE":0,"MATERIALE":"","STATTUAL":"","TIPOLOGICO":3,"DIAMETRO1":0,"DIAMETRO2":0,"ANGOLO":0,"DATAMODIF":20081124,"ID":"0032503842893000","PATH":"","MODELLO":"http://integragis/ato3peligno/modellazione.asp?cod_tr=0032503842893000","STATON":null,"COMUNE":"","CAPACITA":"","COD_ISTAT":null,"ANNO_POSA":null,"PRODUZIONE":null,"COD_RETI":null}},
{"type":"Feature","geometry":{"type":"Point","coordinates":[13.925891218603782,42.04829723881178]},"properties":{"TIPO":"FONTANA","DEMOPERA":"","FOTO":"","QUOTA":0,"VIA":"","COPERTURA":"ASFALTO","CHIUSINO":"GHISA","DIM_CHIUS":"","NOTE_":"fontana","DIAMETRO":"","OBJECTID":0,"CODICE":"","Z_OBJECTI":null,"Z_CHGCODE":null,"PREV":"0","NEXT":"0","TRACE":0,"MATERIALE":"","STATTUAL":"","TIPOLOGICO":3,"DIAMETRO1":0,"DIAMETRO2":0,"ANGOLO":0,"DATAMODIF":20081124,"ID":"0032503842903000","PATH":"","MODELLO":"http://integragis/ato3peligno/modellazione.asp?cod_tr=0032503842903000","STATON":null,"COMUNE":"","CAPACITA":"","COD_ISTAT":null,"ANNO_POSA":null,"PRODUZIONE":null,"COD_RETI":null}},
{"type":"Feature","geometry":{"type":"Point","coordinates":[13.930737591881124,42.02910158836111]},"properties":{"TIPO":"FONTANA","DEMOPERA":"","FOTO":"","QUOTA":0,"VIA":"","COPERTURA":"ASFALTO","CHIUSINO":"GHISA","DIM_CHIUS":"","NOTE_":"fontana","DIAMETRO":"","OBJECTID":0,"CODICE":"","Z_OBJECTI":null,"Z_CHGCODE":null,"PREV":"0","NEXT":"0","TRACE":0,"MATERIALE":"","STATTUAL":"","TIPOLOGICO":3,"DIAMETRO1":0,"DIAMETRO2":0,"ANGOLO":0,"DATAMODIF":20081124,"ID":"0032503842977000","PATH":"","MODELLO":"http://integragis/ato3peligno/modellazione.asp?cod_tr=0032503842977000","STATON":null,"COMUNE":"","CAPACITA":"","COD_ISTAT":null,"ANNO_POSA":null,"PRODUZIONE":null,"COD_RETI":null}},
{"type":"Feature","geometry":{"type":"Point","coordinates":[13.92855181517341,42.02457848778601]},"properties":{"TIPO":"FONTANA","DEMOPERA":"","FOTO":"","QUOTA":0,"VIA":"","COPERTURA":"ASFALTO","CHIUSINO":"GHISA","DIM_CHIUS":"","NOTE_":"fontana","DIAMETRO":"","OBJECTID":0,"CODICE":"","Z_OBJECTI":null,"Z_CHGCODE":null,"PREV":"0","NEXT":"0","TRACE":0,"MATERIALE":"","STATTUAL":"","TIPOLOGICO":3,"DIAMETRO1":0,"DIAMETRO2":0,"ANGOLO":0,"DATAMODIF":20081124,"ID":"0032503842980000","PATH":"","MODELLO":"http://integragis/ato3peligno/modellazione.asp?cod_tr=0032503842980000","STATON":null,"COMUNE":"","CAPACITA":"","COD_ISTAT":null,"ANNO_POSA":null,"PRODUZIONE":null,"COD_RETI":null}},
{"type":"Feature","geometry":{"type":"Point","coordinates":[13.93576389214733,42.02192925610534]},"properties":{"TIPO":"FONTANA","DEMOPERA":"","FOTO":"","QUOTA":0,"VIA":"","COPERTURA":"ASFALTO","CHIUSINO":"GHISA","DIM_CHIUS":"","NOTE_":"fontana","DIAMETRO":"","OBJECTID":0,"CODICE":"","Z_OBJECTI":null,"Z_CHGCODE":null,"PREV":"0","NEXT":"0","TRACE":0,"MATERIALE":"","STATTUAL":"","TIPOLOGICO":3,"DIAMETRO1":0,"DIAMETRO2":0,"ANGOLO":0,"DATAMODIF":20081124,"ID":"0032503842982000","PATH":"","MODELLO":"http://integragis/ato3peligno/modellazione.asp?cod_tr=0032503842982000","STATON":null,"COMUNE":"","CAPACITA":"","COD_ISTAT":null,"ANNO_POSA":null,"PRODUZIONE":null,"COD_RETI":null}},
{"type":"Feature","geometry":{"type":"Point","coordinates":[13.932472496077787,42.0187156921737]},"properties":{"TIPO":"FONTANA","DEMOPERA":"","FOTO":"","QUOTA":0,"VIA":"","COPERTURA":"ASFALTO","CHIUSINO":"GHISA","DIM_CHIUS":"","NOTE_":"fontana","DIAMETRO":"","OBJECTID":0,"CODICE":"","Z_OBJECTI":null,"Z_CHGCODE":null,"PREV":"0","NEXT":"0","TRACE":0,"MATERIALE":"","STATTUAL":"","TIPOLOGICO":3,"DIAMETRO1":0,"DIAMETRO2":0,"ANGOLO":0,"DATAMODIF":20081124,"ID":"0032503843005000","PATH":"","MODELLO":"http://integragis/ato3peligno/modellazione.asp?cod_tr=0032503843005000","STATON":null,"COMUNE":"","CAPACITA":"","COD_ISTAT":null,"ANNO_POSA":null,"PRODUZIONE":null,"COD_RETI":null}},
{"type":"Feature","geometry":{"type":"Point","coordinates":[13.931484861430999,42.018129441288046]},"properties":{"TIPO":"FONTANA","DEMOPERA":"","FOTO":"","QUOTA":0,"VIA":"","COPERTURA":"ASFALTO","CHIUSINO":"GHISA","DIM_CHIUS":"","NOTE_":"fontana","DIAMETRO":"","OBJECTID":0,"CODICE":"","Z_OBJECTI":null,"Z_CHGCODE":null,"PREV":"0","NEXT":"0","TRACE":0,"MATERIALE":"","STATTUAL":"","TIPOLOGICO":3,"DIAMETRO1":0,"DIAMETRO2":0,"ANGOLO":0,"DATAMODIF":20081124,"ID":"0032503843007000","PATH":"","MODELLO":"http://integragis/ato3peligno/modellazione.asp?cod_tr=0032503843007000","STATON":null,"COMUNE":"","CAPACITA":"","COD_ISTAT":null,"ANNO_POSA":null,"PRODUZIONE":null,"COD_RETI":null}},
{"type":"Feature","geometry":{"type":"Point","coordinates":[13.918651484948368,42.06134624074162]},"properties":{"TIPO":"FONTANA","DEMOPERA":"","FOTO":"","QUOTA":0,"VIA":"","COPERTURA":"ASFALTO","CHIUSINO":"GHISA","DIM_CHIUS":"","NOTE_":"fontana","DIAMETRO":"","OBJECTID":0,"CODICE":"","Z_OBJECTI":null,"Z_CHGCODE":null,"PREV":"0","NEXT":"0","TRACE":0,"MATERIALE":"","STATTUAL":"","TIPOLOGICO":3,"DIAMETRO1":0,"DIAMETRO2":0,"ANGOLO":0,"DATAMODIF":20081124,"ID":"0032503843017000","PATH":"","MODELLO":"http://integragis/ato3peligno/modellazione.asp?cod_tr=0032503843017000","STATON":null,"COMUNE":"","CAPACITA":"","COD_ISTAT":null,"ANNO_POSA":null,"PRODUZIONE":null,"COD_RETI":null}},
{"type":"Feature","geometry":{"type":"Point","coordinates":[13.816031216992412,42.12368096679672]},"properties":{"TIPO":"FONTANA","DEMOPERA":"","FOTO":"","QUOTA":0,"VIA":"VIA SOTTO LA PORTA","COPERTURA":"ASFALTO","CHIUSINO":"","DIM_CHIUS":"","NOTE_":"FONTANA","DIAMETRO":"","OBJECTID":0,"CODICE":"","Z_OBJECTI":0,"Z_CHGCODE":0,"PREV":"0","NEXT":"0","TRACE":0,"MATERIALE":"","STATTUAL":"","TIPOLOGICO":3,"DIAMETRO1":0,"DIAMETRO2":0,"ANGOLO":0,"DATAMODIF":20080827,"ID":"0031614794930000","PATH":"","MODELLO":"http://integragis/ato3peligno/modellazione.asp?cod_tr=0031614794930000","STATON":null,"COMUNE":"","CAPACITA":"","COD_ISTAT":null,"ANNO_POSA":null,"PRODUZIONE":null,"COD_RETI":null}},
{"type":"Feature","geometry":{"type":"Point","coordinates":[13.815267121176909,42.1240064544401]},"properties":{"TIPO":"FONTANA","DEMOPERA":"","FOTO":"","QUOTA":0,"VIA":"VIA PALAZZO","COPERTURA":"ASFALTO","CHIUSINO":"","DIM_CHIUS":"","NOTE_":"FONTANA","DIAMETRO":"","OBJECTID":0,"CODICE":"","Z_OBJECTI":0,"Z_CHGCODE":0,"PREV":"0","NEXT":"0","TRACE":0,"MATERIALE":"","STATTUAL":"","TIPOLOGICO":3,"DIAMETRO1":0,"DIAMETRO2":0,"ANGOLO":0,"DATAMODIF":20080827,"ID":"0031614794934000","PATH":"","MODELLO":"http://integragis/ato3peligno/modellazione.asp?cod_tr=0031614794934000","STATON":null,"COMUNE":"","CAPACITA":"","COD_ISTAT":null,"ANNO_POSA":null,"PRODUZIONE":null,"COD_RETI":null}}
]}