{"type":"FeatureCollection", "features": [
{"type":"Feature","geometry":{"type":"Point","coordinates":[14.199217991930254,41.85428522246593]},"properties":{"TIPO":"IDRANTE","DEMOPERA":"","FOTO":"","QUOTA":0,"VIA":"","COPERTURA":"ASFALTO","CHIUSINO":"GHISA","DIM_CHIUS":"","NOTE_":"idrante","DIAMETRO":"","OBJECTID":null,"CODICE":"","Z_OBJECTI":null,"Z_CHGCODE":1,"PREV":"0","NEXT":"0","TRACE":0,"MATERIALE":"","STATTUAL":"","TIPOLOGICO":3,"DIAMETRO1":0,"DIAMETRO2":0,"ANGOLO":0,"DATAMODIF":20081126,"ID":"0032525086604000","PATH":"","MODELLO":"http://integragis/ato3peligno/modellazione.asp?cod_tr=0032525086604000","STATON":null,"COMUNE":"","CAPACITA":"","COD_ISTAT":null,"ANNO_POSA":null,"PRODUZIONE":null,"COD_RETI":null}},
{"type":"Feature","geometry":{"type":"Point","coordinates":[14.199623257026412,41.85432266386795]},"properties":{"TIPO":"IDRANTE","DEMOPERA":"","FOTO":"","QUOTA":0,"VIA":"","COPERTURA":"ASFALTO","CHIUSINO":"GHISA","DIM_CHIUS":"","NOTE_":"idrante","DIAMETRO":"","OBJECTID":null,"CODICE":"","Z_OBJECTI":null,"Z_CHGCODE":1,"PREV":"0","NEXT":"0032525089413000","TRACE":0,"MATERIALE":"","STATTUAL":"","TIPOLOGICO":3,"DIAMETRO1":0,"DIAMETRO2":0,"ANGOLO":0,"DATAMODIF":20081126,"ID":"0032525086608000","PATH":"","MODELLO":"http://integragis/ato3peligno/modellazione.asp?cod_tr=0032525086608000","STATON":null,"COMUNE":"","CAPACITA":"","COD_ISTAT":null,"ANNO_POSA":null,"PRODUZIONE":null,"COD_RETI":null}},
{"type":"Feature","geometry":{"type":"Point","coordinates":[14.19790935246121,41.85517810272739]},"properties":{"TIPO":"IDRANTE","DEMOPERA":"","FOTO":"","QUOTA":0,"VIA":"","COPERTURA":"ASFALTO","CHIUSINO":"GHISA","DIM_CHIUS":"","NOTE_":"IDRANTE","DIAMETRO":"","OBJECTID":null,"CODICE":"","Z_OBJECTI":null,"Z_CHGCODE":1,"PREV":"0","NEXT":"0","TRACE":0,"MATERIALE":"","STATTUAL":"","TIPOLOGICO":3,"DIAMETRO1":0,"DIAMETRO2":0,"ANGOLO":0,"DATAMODIF":20081126,"ID":"0032525086624000","PATH":"","MODELLO":"http://integragis/ato3peligno/modellazione.asp?cod_tr=0032525086624000","STATON":null,"COMUNE":"","CAPACITA":"","COD_ISTAT":null,"ANNO_POSA":null,"PRODUZIONE":null,"COD_RETI":null}},
{"type":"Feature","geometry":{"type":"Point","coordinates":[14.195487715440382,41.85612670123921]},"properties":{"TIPO":"IDRANTE","DEMOPERA":"","FOTO":"","QUOTA":0,"VIA":"","COPERTURA":"ASFALTO","CHIUSINO":"GHISA","DIM_CHIUS":"","NOTE_":"idrante","DIAMETRO":"","OBJECTID":null,"CODICE":"","Z_OBJECTI":null,"Z_CHGCODE":1,"PREV":"0032525089018000","NEXT":"0","TRACE":0,"MATERIALE":"","STATTUAL":"","TIPOLOGICO":3,"DIAMETRO1":0,"DIAMETRO2":0,"ANGOLO":0,"DATAMODIF":20081126,"ID":"0032525086731000","PATH":"","MODELLO":"http://integragis/ato3peligno/modellazione.asp?cod_tr=0032525086731000","STATON":null,"COMUNE":"","CAPACITA":"","COD_ISTAT":null,"ANNO_POSA":null,"PRODUZIONE":null,"COD_RETI":null}},
{"type":"Feature","geometry":{"type":"Point","coordinates":[14.19394718482779,41.8562319669428]},"properties":{"TIPO":"IDRANTE","DEMOPERA":"","FOTO":"","QUOTA":0,"VIA":"","COPERTURA":"ASFALTO","CHIUSINO":"GHISA","DIM_CHIUS":"","NOTE_":"idrante","DIAMETRO":"","OBJECTID":null,"CODICE":"","Z_OBJECTI":null,"Z_CHGCODE":1,"PREV":"0032525089822000","NEXT":"0","TRACE":0,"MATERIALE":"","STATTUAL":"","TIPOLOGICO":3,"DIAMETRO1":0,"DIAMETRO2":0,"ANGOLO":0,"DATAMODIF":20081126,"ID":"0032525086790000","PATH":"","MODELLO":"http://integragis/ato3peligno/modellazione.asp?cod_tr=0032525086790000","STATON":null,"COMUNE":"","CAPACITA":"","COD_ISTAT":null,"ANNO_POSA":null,"PRODUZIONE":null,"COD_RETI":null}},
{"type":"Feature","geometry":{"type":"Point","coordinates":[13.942034075540347,41.765466429769035]},"properties":{"TIPO":"IDRANTE","DEMOPERA":"","FOTO":"","QUOTA":0,"VIA":"","COPERTURA":"ASFALTO","CHIUSINO":"GHISA","DIM_CHIUS":"","NOTE_":"","DIAMETRO":"","OBJECTID":null,"CODICE":"","Z_OBJECTI":null,"Z_CHGCODE":1,"PREV":"0","NEXT":"0","TRACE":0,"MATERIALE":"","STATTUAL":"","TIPOLOGICO":3,"DIAMETRO1":0,"DIAMETRO2":0,"ANGOLO":0,"DATAMODIF":20081202,"ID":"0032593255516000","PATH":"","MODELLO":"http://integragis/ato3peligno/modellazione.asp?cod_tr=0032593255516000","STATON":null,"COMUNE":"","CAPACITA":"","COD_ISTAT":null,"ANNO_POSA":null,"PRODUZIONE":null,"COD_RETI":null}},
{"type":"Feature","geometry":{"type":"Point","coordinates":[13.829718805242587,41.78087925766265]},"properties":{"TIPO":"IDRANTE","DEMOPERA":"","FOTO":"","QUOTA":0,"VIA":"","COPERTURA":"ASFALTO","CHIUSINO":"GHISA","DIM_CHIUS":"","NOTE_":"","DIAMETRO":"","OBJECTID":null,"CODICE":"","Z_OBJECTI":null,"Z_CHGCODE":null,"PREV":"0","NEXT":"0","TRACE":0,"MATERIALE":"","STATTUAL":"","TIPOLOGICO":3,"DIAMETRO1":0,"DIAMETRO2":0,"ANGOLO":0,"DATAMODIF":20081203,"ID":"0032593986104000","PATH":"","MODELLO":"http://integragis/ato3peligno/modellazione.asp?cod_tr=0032593986104000","STATON":null,"COMUNE":"","CAPACITA":"","COD_ISTAT":null,"ANNO_POSA":null,"PRODUZIONE":null,"COD_RETI":null}},
{"type":"Feature","geometry":{"type":"Point","coordinates":[13.830168834956297,41.77873373966404]},"properties":{"TIPO":"IDRANTE","DEMOPERA":"","FOTO":"","QUOTA":0,"VIA":"","COPERTURA":"ASFALTO","CHIUSINO":"GHISA","DIM_CHIUS":"","NOTE_":"","DIAMETRO":"","OBJECTID":null,"CODICE":"","Z_OBJECTI":null,"Z_CHGCODE":null,"PREV":"0","NEXT":"0","TRACE":0,"MATERIALE":"","STATTUAL":"","TIPOLOGICO":3,"DIAMETRO1":0,"DIAMETRO2":0,"ANGOLO":0,"DATAMODIF":20081203,"ID":"0032593986110000","PATH":"","MODELLO":"http://integragis/ato3peligno/modellazione.asp?cod_tr=0032593986110000","STATON":null,"COMUNE":"","CAPACITA":"","COD_ISTAT":null,"ANNO_POSA":null,"PRODUZIONE":null,"COD_RETI":null}},
{"type":"Feature","geometry":{"type":"Point","coordinates":[13.83016808996117,41.77867905854754]},"properties":{"TIPO":"IDRANTE","DEMOPERA":"","FOTO":"","QUOTA":0,"VIA":"","COPERTURA":"ASFALTO","CHIUSINO":"GHISA","DIM_CHIUS":"","NOTE_":"","DIAMETRO":"","OBJECTID":null,"CODICE":"","Z_OBJECTI":null,"Z_CHGCODE":null,"PREV":"0032593987008000","NEXT":"0","TRACE":0,"MATERIALE":"","STATTUAL":"","TIPOLOGICO":3,"DIAMETRO1":0,"DIAMETRO2":0,"ANGOLO":0,"DATAMODIF":20081203,"ID":"0032593986190000","PATH":"","MODELLO":"http://integragis/ato3peligno/modellazione.asp?cod_tr=0032593986190000","STATON":null,"COMUNE":"","CAPACITA":"","COD_ISTAT":null,"ANNO_POSA":null,"PRODUZIONE":null,"COD_RETI":null}},
{"type":"Feature","geometry":{"type":"Point","coordinates":[13.789023270388348,41.80931344796781]},"properties":{"TIPO":"IDRANTE","DEMOPERA":"","FOTO":"","QUOTA":0,"VIA":"","COPERTURA":"ASFALTO","CHIUSINO":"GHISA","DIM_CHIUS":"","NOTE_":"idrante","DIAMETRO":"","OBJECTID":null,"CODICE":"","Z_OBJECTI":null,"Z_CHGCODE":null,"PREV":"0","NEXT":"0","TRACE":0,"MATERIALE":"","STATTUAL":"","TIPOLOGICO":3,"DIAMETRO1":0,"DIAMETRO2":0,"ANGOLO":0,"DATAMODIF":20081204,"ID":"0032604294082000","PATH":"","MODELLO":"http://integragis/ato3peligno/modellazione.asp?cod_tr=0032604294082000","STATON":null,"COMUNE":"","CAPACITA":"","COD_ISTAT":null,"ANNO_POSA":null,"PRODUZIONE":null,"COD_RETI":null}},
{"type":"Feature","geometry":{"type":"Point","coordinates":[13.791142108402342,41.81089108970383]},"properties":{"TIPO":"IDRANTE","DEMOPERA":"","FOTO":"","QUOTA":0,"VIA":"","COPERTURA":"ASFALTO","CHIUSINO":"GHISA","DIM_CHIUS":"","NOTE_":"idrante","DIAMETRO":"","OBJECTID":null,"CODICE":"","Z_OBJECTI":null,"Z_CHGCODE":null,"PREV":"0","NEXT":"0","TRACE":0,"MATERIALE":"","STATTUAL":"","TIPOLOGICO":3,"DIAMETRO1":0,"DIAMETRO2":0,"ANGOLO":0,"DATAMODIF":20081204,"ID":"0032604294178000","PATH":"","MODELLO":"http://integragis/ato3peligno/modellazione.asp?cod_tr=0032604294178000","STATON":null,"COMUNE":"","CAPACITA":"","COD_ISTAT":null,"ANNO_POSA":null,"PRODUZIONE":null,"COD_RETI":null}},
{"type":"Feature","geometry":{"type":"Point","coordinates":[13.79107215320056,41.81064710560325]},"properties":{"TIPO":"IDRANTE","DEMOPERA":"","FOTO":"","QUOTA":0,"VIA":"","COPERTURA":"ASFALTO","CHIUSINO":"GHISA","DIM_CHIUS":"","NOTE_":"idrante","DIAMETRO":"","OBJECTID":null,"CODICE":"","Z_OBJECTI":null,"Z_CHGCODE":null,"PREV":"0","NEXT":"0","TRACE":0,"MATERIALE":"","STATTUAL":"","TIPOLOGICO":3,"DIAMETRO1":0,"DIAMETRO2":0,"ANGOLO":0,"DATAMODIF":20081204,"ID":"0032604294180000","PATH":"","MODELLO":"http://integragis/ato3peligno/modellazione.asp?cod_tr=0032604294180000","STATON":null,"COMUNE":"","CAPACITA":"","COD_ISTAT":null,"ANNO_POSA":null,"PRODUZIONE":null,"COD_RETI":null}},
{"type":"Feature","geometry":{"type":"Point","coordinates":[13.790959346303794,41.810281046453326]},"properties":{"TIPO":"IDRANTE","DEMOPERA":"","FOTO":"","QUOTA":0,"VIA":"","COPERTURA":"ASFALTO","CHIUSINO":"GHISA","DIM_CHIUS":"","NOTE_":"idrante","DIAMETRO":"","OBJECTID":null,"CODICE":"","Z_OBJECTI":null,"Z_CHGCODE":null,"PREV":"0","NEXT":"0","TRACE":0,"MATERIALE":"","STATTUAL":"","TIPOLOGICO":3,"DIAMETRO1":0,"DIAMETRO2":0,"ANGOLO":0,"DATAMODIF":20081204,"ID":"0032604294182000","PATH":"","MODELLO":"http://integragis/ato3peligno/modellazione.asp?cod_tr=0032604294182000","STATON":null,"COMUNE":"","CAPACITA":"","COD_ISTAT":null,"ANNO_POSA":null,"PRODUZIONE":null,"COD_RETI":null}},
{"type":"Feature","geometry":{"type":"Point","coordinates":[13.791717293910793,41.8122530246348]},"properties":{"TIPO":"IDRANTE","DEMOPERA":"","FOTO":"","QUOTA":0,"VIA":"","COPERTURA":"ASFALTO","CHIUSINO":"GHISA","DIM_CHIUS":"","NOTE_":"idrante","DIAMETRO":"","OBJECTID":null,"CODICE":"","Z_OBJECTI":null,"Z_CHGCODE":null,"PREV":"0","NEXT":"0","TRACE":0,"MATERIALE":"","STATTUAL":"","TIPOLOGICO":3,"DIAMETRO1":0,"DIAMETRO2":0,"ANGOLO":0,"DATAMODIF":20081204,"ID":"0032604294206000","PATH":"","MODELLO":"http://integragis/ato3peligno/modellazione.asp?cod_tr=0032604294206000","STATON":null,"COMUNE":"","CAPACITA":"","COD_ISTAT":null,"ANNO_POSA":null,"PRODUZIONE":null,"COD_RETI":null}},
{"type":"Feature","geometry":{"type":"Point","coordinates":[13.960414070905589,41.97268945668582]},"properties":{"TIPO":"IDRANTE","DEMOPERA":"","FOTO":"","QUOTA":0,"VIA":"","COPERTURA":"ASFALTO","CHIUSINO":"GHISA","DIM_CHIUS":"","NOTE_":"IDRANTE","DIAMETRO":"","OBJECTID":null,"CODICE":"","Z_OBJECTI":null,"Z_CHGCODE":null,"PREV":"0","NEXT":"0","TRACE":0,"MATERIALE":"","STATTUAL":"","TIPOLOGICO":3,"DIAMETRO1":0,"DIAMETRO2":0,"ANGOLO":0,"DATAMODIF":20081205,"ID":"0032614373116000","PATH":"","MODELLO":"http://integragis/ato3peligno/modellazione.asp?cod_tr=0032614373116000","STATON":null,"COMUNE":"","CAPACITA":"","COD_ISTAT":null,"ANNO_POSA":null,"PRODUZIONE":null,"COD_RETI":null}},
{"type":"Feature","geometry":{"type":"Point","coordinates":[13.960799172854072,41.971090334007286]},"properties":{"TIPO":"IDRANTE","DEMOPERA":"","FOTO":"","QUOTA":0,"VIA":"","COPERTURA":"ASFALTO","CHIUSINO":"GHISA","DIM_CHIUS":"","NOTE_":"idrante","DIAMETRO":"","OBJECTID":null,"CODICE":"","Z_OBJECTI":null,"Z_CHGCODE":null,"PREV":"0","NEXT":"0","TRACE":0,"MATERIALE":"","STATTUAL":"","TIPOLOGICO":3,"DIAMETRO1":0,"DIAMETRO2":0,"ANGOLO":0,"DATAMODIF":20081205,"ID":"0032614373209000","PATH":"","MODELLO":"http://integragis/ato3peligno/modellazione.asp?cod_tr=0032614373209000","STATON":null,"COMUNE":"","CAPACITA":"","COD_ISTAT":null,"ANNO_POSA":null,"PRODUZIONE":null,"COD_RETI":null}},
{"type":"Feature","geometry":{"type":"Point","coordinates":[13.960908238167761,41.97167847074459]},"properties":{"TIPO":"IDRANTE","DEMOPERA":"","FOTO":"","QUOTA":0,"VIA":"","COPERTURA":"ASFALTO","CHIUSINO":"GHISA","DIM_CHIUS":"","NOTE_":"idrante","DIAMETRO":"","OBJECTID":null,"CODICE":"","Z_OBJECTI":null,"Z_CHGCODE":null,"PREV":"0","NEXT":"0","TRACE":0,"MATERIALE":"","STATTUAL":"","TIPOLOGICO":3,"DIAMETRO1":0,"DIAMETRO2":0,"ANGOLO":0,"DATAMODIF":20081205,"ID":"0032614373217000","PATH":"","MODELLO":"http://integragis/ato3peligno/modellazione.asp?cod_tr=0032614373217000","STATON":null,"COMUNE":"","CAPACITA":"","COD_ISTAT":null,"ANNO_POSA":null,"PRODUZIONE":null,"COD_RETI":null}},
{"type":"Feature","geometry":{"type":"Point","coordinates":[13.960578473006613,41.97312981742871]},"properties":{"TIPO":"IDRANTE","DEMOPERA":"","FOTO":"","QUOTA":0,"VIA":"","COPERTURA":"ASFALTO","CHIUSINO":"GHISA","DIM_CHIUS":"","NOTE_":"idrante","DIAMETRO":"","OBJECTID":null,"CODICE":"","Z_OBJECTI":null,"Z_CHGCODE":null,"PREV":"0","NEXT":"0","TRACE":0,"MATERIALE":"","STATTUAL":"","TIPOLOGICO":3,"DIAMETRO1":0,"DIAMETRO2":0,"ANGOLO":0,"DATAMODIF":20081205,"ID":"0032614373223000","PATH":"","MODELLO":"http://integragis/ato3peligno/modellazione.asp?cod_tr=0032614373223000","STATON":null,"COMUNE":"","CAPACITA":"","COD_ISTAT":null,"ANNO_POSA":null,"PRODUZIONE":null,"COD_RETI":null}},
{"type":"Feature","geometry":{"type":"Point","coordinates":[14.065428687015338,41.869207998697]},"properties":{"TIPO":"IDRANTE","DEMOPERA":"","FOTO":"","QUOTA":0,"VIA":"","COPERTURA":"ASFALTO","CHIUSINO":"GHISA","DIM_CHIUS":"","NOTE_":"IDRANTE","DIAMETRO":"","OBJECTID":0,"CODICE":"","Z_OBJECTI":null,"Z_CHGCODE":1,"PREV":"0","NEXT":"0","TRACE":0,"MATERIALE":"","STATTUAL":"","TIPOLOGICO":3,"DIAMETRO1":0,"DIAMETRO2":0,"ANGOLO":0,"DATAMODIF":20081210,"ID":"0032665671528000","PATH":"","MODELLO":"http://integragis/ato3peligno/modellazione.asp?cod_tr=0032665671528000","STATON":null,"COMUNE":"","CAPACITA":"","COD_ISTAT":null,"ANNO_POSA":null,"PRODUZIONE":null,"COD_RETI":null}},
{"type":"Feature","geometry":{"type":"Point","coordinates":[14.066950341973005,41.86949683345112]},"properties":{"TIPO":"IDRANTE","DEMOPERA":"","FOTO":"","QUOTA":0,"VIA":"","COPERTURA":"ASFALTO","CHIUSINO":"GHISA","DIM_CHIUS":"","NOTE_":"IDRANTE","DIAMETRO":"","OBJECTID":null,"CODICE":"","Z_OBJECTI":null,"Z_CHGCODE":1,"PREV":"0","NEXT":"0","TRACE":0,"MATERIALE":"","STATTUAL":"","TIPOLOGICO":3,"DIAMETRO1":0,"DIAMETRO2":0,"ANGOLO":0,"DATAMODIF":20081210,"ID":"0032665671572000","PATH":"","MODELLO":"http://integragis/ato3peligno/modellazione.asp?cod_tr=0032665671572000","STATON":null,"COMUNE":"","CAPACITA":"","COD_ISTAT":null,"ANNO_POSA":null,"PRODUZIONE":null,"COD_RETI":null}},
{"type":"Feature","geometry":{"type":"Point","coordinates":[14.066059687766614,41.8691525047506]},"properties":{"TIPO":"IDRANTE","DEMOPERA":"","FOTO":"","QUOTA":0,"VIA":"","COPERTURA":"ASFALTO","CHIUSINO":"GHISA","DIM_CHIUS":"","NOTE_":"IDRANTE","DIAMETRO":"","OBJECTID":null,"CODICE":"","Z_OBJECTI":null,"Z_CHGCODE":1,"PREV":"0","NEXT":"0","TRACE":0,"MATERIALE":"","STATTUAL":"","TIPOLOGICO":3,"DIAMETRO1":0,"DIAMETRO2":0,"ANGOLO":0,"DATAMODIF":20081210,"ID":"0032665671573000","PATH":"","MODELLO":"http://integragis/ato3peligno/modellazione.asp?cod_tr=0032665671573000","STATON":null,"COMUNE":"","CAPACITA":"","COD_ISTAT":null,"ANNO_POSA":null,"PRODUZIONE":null,"COD_RETI":null}},
{"type":"Feature","geometry":{"type":"Point","coordinates":[14.066368468589712,41.86991873638003]},"properties":{"TIPO":"IDRANTE","DEMOPERA":"","FOTO":"","QUOTA":0,"VIA":"P.S.N.DI BARI","COPERTURA":"PREGIATA","CHIUSINO":"GHISA","DIM_CHIUS":"","NOTE_":"IDRANTE","DIAMETRO":"","OBJECTID":0,"CODICE":"","Z_OBJECTI":null,"Z_CHGCODE":1,"PREV":"0","NEXT":"0","TRACE":0,"MATERIALE":"","STATTUAL":"","TIPOLOGICO":3,"DIAMETRO1":0,"DIAMETRO2":0,"ANGOLO":0,"DATAMODIF":20081210,"ID":"0032665671614000","PATH":"","MODELLO":"http://integragis/ato3peligno/modellazione.asp?cod_tr=0032665671614000","STATON":null,"COMUNE":"","CAPACITA":"","COD_ISTAT":null,"ANNO_POSA":null,"PRODUZIONE":null,"COD_RETI":null}},
{"type":"Feature","geometry":{"type":"Point","coordinates":[14.065691981180283,41.86952191691833]},"properties":{"TIPO":"IDRANTE","DEMOPERA":"","FOTO":"","QUOTA":0,"VIA":"S.ANTONIO","COPERTURA":"ASFALTO","CHIUSINO":"GHISA","DIM_CHIUS":"40X40","NOTE_":"IDRANTE","DIAMETRO":"","OBJECTID":0,"CODICE":"","Z_OBJECTI":null,"Z_CHGCODE":1,"PREV":"0","NEXT":"0","TRACE":0,"MATERIALE":"","STATTUAL":"","TIPOLOGICO":3,"DIAMETRO1":0,"DIAMETRO2":0,"ANGOLO":0,"DATAMODIF":20081210,"ID":"0032665671618000","PATH":"","MODELLO":"http://integragis/ato3peligno/modellazione.asp?cod_tr=0032665671618000","STATON":null,"COMUNE":"","CAPACITA":"","COD_ISTAT":null,"ANNO_POSA":null,"PRODUZIONE":null,"COD_RETI":null}},
{"type":"Feature","geometry":{"type":"Point","coordinates":[14.06532814520621,41.8701613254693]},"properties":{"TIPO":"IDRANTE","DEMOPERA":"","FOTO":"","QUOTA":0,"VIA":"VIA COLLE","COPERTURA":"ASFALTO","CHIUSINO":"GHISA","DIM_CHIUS":"","NOTE_":"IDRANTE","DIAMETRO":"","OBJECTID":0,"CODICE":"","Z_OBJECTI":null,"Z_CHGCODE":1,"PREV":"0","NEXT":"0","TRACE":0,"MATERIALE":"","STATTUAL":"","TIPOLOGICO":3,"DIAMETRO1":0,"DIAMETRO2":0,"ANGOLO":0,"DATAMODIF":20081210,"ID":"0032665671628000","PATH":"","MODELLO":"http://integragis/ato3peligno/modellazione.asp?cod_tr=0032665671628000","STATON":null,"COMUNE":"","CAPACITA":"","COD_ISTAT":null,"ANNO_POSA":null,"PRODUZIONE":null,"COD_RETI":null}},
{"type":"Feature","geometry":{"type":"Point","coordinates":[14.06635861748546,41.86965309506408]},"properties":{"TIPO":"IDRANTE","DEMOPERA":"","FOTO":"","QUOTA":0,"VIA":"","COPERTURA":"PREGIATA","CHIUSINO":"GHISA","DIM_CHIUS":"","NOTE_":"IDRANTE","DIAMETRO":"","OBJECTID":0,"CODICE":"","Z_OBJECTI":null,"Z_CHGCODE":3,"PREV":"0","NEXT":"0","TRACE":0,"MATERIALE":"","STATTUAL":"","TIPOLOGICO":3,"DIAMETRO1":0,"DIAMETRO2":0,"ANGOLO":0,"DATAMODIF":20081210,"ID":"0032665671632000","PATH":"","MODELLO":"http://integragis/ato3peligno/modellazione.asp?cod_tr=0032665671632000","STATON":null,"COMUNE":"","CAPACITA":"","COD_ISTAT":null,"ANNO_POSA":null,"PRODUZIONE":null,"COD_RETI":null}},
{"type":"Feature","geometry":{"type":"Point","coordinates":[14.066763828312043,41.87024783252012]},"properties":{"TIPO":"IDRANTE","DEMOPERA":"","FOTO":"","QUOTA":0,"VIA":"VIA DE GASPERI","COPERTURA":"PREGIATA","CHIUSINO":"GHISA","DIM_CHIUS":"","NOTE_":"IDRANTE","DIAMETRO":"","OBJECTID":0,"CODICE":"","Z_OBJECTI":null,"Z_CHGCODE":1,"PREV":"0","NEXT":"0","TRACE":0,"MATERIALE":"","STATTUAL":"","TIPOLOGICO":3,"DIAMETRO1":0,"DIAMETRO2":0,"ANGOLO":0,"DATAMODIF":20081210,"ID":"0032665671656000","PATH":"","MODELLO":"http://integragis/ato3peligno/modellazione.asp?cod_tr=0032665671656000","STATON":null,"COMUNE":"","CAPACITA":"","COD_ISTAT":null,"ANNO_POSA":null,"PRODUZIONE":null,"COD_RETI":null}},
{"type":"Feature","geometry":{"type":"Point","coordinates":[14.066785599077706,41.86976912925512]},"properties":{"TIPO":"IDRANTE","DEMOPERA":"","FOTO":"","QUOTA":0,"VIA":"","COPERTURA":"ASFALTO","CHIUSINO":"GHISA","DIM_CHIUS":"","NOTE_":"IDRANTE","DIAMETRO":"","OBJECTID":null,"CODICE":"","Z_OBJECTI":null,"Z_CHGCODE":1,"PREV":"0","NEXT":"0","TRACE":0,"MATERIALE":"","STATTUAL":"","TIPOLOGICO":3,"DIAMETRO1":0,"DIAMETRO2":0,"ANGOLO":0,"DATAMODIF":20081210,"ID":"0032665671660000","PATH":"","MODELLO":"http://integragis/ato3peligno/modellazione.asp?cod_tr=0032665671660000","STATON":null,"COMUNE":"","CAPACITA":"","COD_ISTAT":null,"ANNO_POSA":null,"PRODUZIONE":null,"COD_RETI":null}},
{"type":"Feature","geometry":{"type":"Point","coordinates":[14.065389788798829,41.86842641453569]},"properties":{"TIPO":"IDRANTE","DEMOPERA":"","FOTO":"","QUOTA":0,"VIA":"PIE LA COSTA","COPERTURA":"PREGIATA","CHIUSINO":"GHISA","DIM_CHIUS":"","NOTE_":"IDRANTE","DIAMETRO":"","OBJECTID":0,"CODICE":"","Z_OBJECTI":null,"Z_CHGCODE":1,"PREV":"0","NEXT":"0","TRACE":0,"MATERIALE":"","STATTUAL":"","TIPOLOGICO":3,"DIAMETRO1":0,"DIAMETRO2":0,"ANGOLO":0,"DATAMODIF":20081210,"ID":"0032665671690000","PATH":"","MODELLO":"http://integragis/ato3peligno/modellazione.asp?cod_tr=0032665671690000","STATON":null,"COMUNE":"","CAPACITA":"","COD_ISTAT":null,"ANNO_POSA":null,"PRODUZIONE":null,"COD_RETI":null}},
{"type":"Feature","geometry":{"type":"Point","coordinates":[14.07031613731779,41.874037328394216]},"properties":{"TIPO":"IDRANTE","DEMOPERA":"","FOTO":"","QUOTA":0,"VIA":"","COPERTURA":"ASFALTO","CHIUSINO":"GHISA","DIM_CHIUS":"","NOTE_":"idrante","DIAMETRO":"","OBJECTID":null,"CODICE":"","Z_OBJECTI":null,"Z_CHGCODE":1,"PREV":"0","NEXT":"0","TRACE":0,"MATERIALE":"","STATTUAL":"","TIPOLOGICO":3,"DIAMETRO1":0,"DIAMETRO2":0,"ANGOLO":0,"DATAMODIF":20081210,"ID":"0032665671767000","PATH":"","MODELLO":"http://integragis/ato3peligno/modellazione.asp?cod_tr=0032665671767000","STATON":null,"COMUNE":"","CAPACITA":"","COD_ISTAT":null,"ANNO_POSA":null,"PRODUZIONE":null,"COD_RETI":null}},
{"type":"Feature","geometry":{"type":"Point","coordinates":[14.071265827221414,41.874178981839925]},"properties":{"TIPO":"IDRANTE","DEMOPERA":"","FOTO":"","QUOTA":0,"VIA":"","COPERTURA":"ASFALTO","CHIUSINO":"GHISA","DIM_CHIUS":"","NOTE_":"idrante","DIAMETRO":"","OBJECTID":null,"CODICE":"","Z_OBJECTI":null,"Z_CHGCODE":1,"PREV":"0","NEXT":"0","TRACE":0,"MATERIALE":"","STATTUAL":"","TIPOLOGICO":3,"DIAMETRO1":0,"DIAMETRO2":0,"ANGOLO":0,"DATAMODIF":20081210,"ID":"0032665671779000","PATH":"","MODELLO":"http://integragis/ato3peligno/modellazione.asp?cod_tr=0032665671779000","STATON":null,"COMUNE":"","CAPACITA":"","COD_ISTAT":null,"ANNO_POSA":null,"PRODUZIONE":null,"COD_RETI":null}},
{"type":"Feature","geometry":{"type":"Point","coordinates":[14.071343923346873,41.874040036205145]},"properties":{"TIPO":"IDRANTE","DEMOPERA":"","FOTO":"","QUOTA":0,"VIA":"","COPERTURA":"ASFALTO","CHIUSINO":"GHISA","DIM_CHIUS":"","NOTE_":"idrante","DIAMETRO":"","OBJECTID":null,"CODICE":"","Z_OBJECTI":null,"Z_CHGCODE":1,"PREV":"0","NEXT":"0","TRACE":0,"MATERIALE":"","STATTUAL":"","TIPOLOGICO":3,"DIAMETRO1":0,"DIAMETRO2":0,"ANGOLO":0,"DATAMODIF":20081210,"ID":"0032665671780000","PATH":"","MODELLO":"http://integragis/ato3peligno/modellazione.asp?cod_tr=0032665671780000","STATON":null,"COMUNE":"","CAPACITA":"","COD_ISTAT":null,"ANNO_POSA":null,"PRODUZIONE":null,"COD_RETI":null}},
{"type":"Feature","geometry":{"type":"Point","coordinates":[14.072033075739101,41.875648163520246]},"properties":{"TIPO":"IDRANTE","DEMOPERA":"","FOTO":"","QUOTA":0,"VIA":"","COPERTURA":"ASFALTO","CHIUSINO":"GHISA","DIM_CHIUS":"","NOTE_":"idrante","DIAMETRO":"","OBJECTID":null,"CODICE":"","Z_OBJECTI":null,"Z_CHGCODE":1,"PREV":"0","NEXT":"0","TRACE":0,"MATERIALE":"","STATTUAL":"","TIPOLOGICO":3,"DIAMETRO1":0,"DIAMETRO2":0,"ANGOLO":0,"DATAMODIF":20081210,"ID":"0032665671781000","PATH":"","MODELLO":"http://integragis/ato3peligno/modellazione.asp?cod_tr=0032665671781000","STATON":null,"COMUNE":"","CAPACITA":"","COD_ISTAT":null,"ANNO_POSA":null,"PRODUZIONE":null,"COD_RETI":null}},
{"type":"Feature","geometry":{"type":"Point","coordinates":[14.070931646911967,41.87155150623976]},"properties":{"TIPO":"IDRANTE","DEMOPERA":"","FOTO":"","QUOTA":0,"VIA":"","COPERTURA":"ASFALTO","CHIUSINO":"GHISA","DIM_CHIUS":"","NOTE_":"idrante","DIAMETRO":"","OBJECTID":null,"CODICE":"","Z_OBJECTI":null,"Z_CHGCODE":1,"PREV":"0","NEXT":"0","TRACE":0,"MATERIALE":"","STATTUAL":"","TIPOLOGICO":3,"DIAMETRO1":0,"DIAMETRO2":0,"ANGOLO":0,"DATAMODIF":20081210,"ID":"0032665671783000","PATH":"","MODELLO":"http://integragis/ato3peligno/modellazione.asp?cod_tr=0032665671783000","STATON":null,"COMUNE":"","CAPACITA":"","COD_ISTAT":null,"ANNO_POSA":null,"PRODUZIONE":null,"COD_RETI":null}},
{"type":"Feature","geometry":{"type":"Point","coordinates":[14.072544689833913,41.87012486953547]},"properties":{"TIPO":"IDRANTE","DEMOPERA":"","FOTO":"","QUOTA":0,"VIA":"","COPERTURA":"ASFALTO","CHIUSINO":"GHISA","DIM_CHIUS":"","NOTE_":"idrante","DIAMETRO":"","OBJECTID":null,"CODICE":"","Z_OBJECTI":null,"Z_CHGCODE":1,"PREV":"0","NEXT":"0032665655906000","TRACE":0,"MATERIALE":"","STATTUAL":"","TIPOLOGICO":3,"DIAMETRO1":0,"DIAMETRO2":0,"ANGOLO":0,"DATAMODIF":20081210,"ID":"0032665671846000","PATH":"","MODELLO":"http://integragis/ato3peligno/modellazione.asp?cod_tr=0032665671846000","STATON":null,"COMUNE":"","CAPACITA":"","COD_ISTAT":null,"ANNO_POSA":null,"PRODUZIONE":null,"COD_RETI":null}},
{"type":"Feature","geometry":{"type":"Point","coordinates":[14.071100430195182,41.8698775377982]},"properties":{"TIPO":"IDRANTE","DEMOPERA":"","FOTO":"","QUOTA":0,"VIA":"","COPERTURA":"ASFALTO","CHIUSINO":"GHISA","DIM_CHIUS":"","NOTE_":"idrante","DIAMETRO":"","OBJECTID":null,"CODICE":"","Z_OBJECTI":null,"Z_CHGCODE":1,"PREV":"0","NEXT":"0","TRACE":0,"MATERIALE":"","STATTUAL":"","TIPOLOGICO":3,"DIAMETRO1":0,"DIAMETRO2":0,"ANGOLO":0,"DATAMODIF":20081210,"ID":"0032665671854000","PATH":"","MODELLO":"http://integragis/ato3peligno/modellazione.asp?cod_tr=0032665671854000","STATON":null,"COMUNE":"","CAPACITA":"","COD_ISTAT":null,"ANNO_POSA":null,"PRODUZIONE":null,"COD_RETI":null}},
{"type":"Feature","geometry":{"type":"Point","coordinates":[14.071806936829162,41.869780222728686]},"properties":{"TIPO":"IDRANTE","DEMOPERA":"","FOTO":"","QUOTA":0,"VIA":"","COPERTURA":"ASFALTO","CHIUSINO":"GHISA","DIM_CHIUS":"","NOTE_":"idrante","DIAMETRO":"","OBJECTID":null,"CODICE":"","Z_OBJECTI":null,"Z_CHGCODE":1,"PREV":"0","NEXT":"0","TRACE":0,"MATERIALE":"","STATTUAL":"","TIPOLOGICO":3,"DIAMETRO1":0,"DIAMETRO2":0,"ANGOLO":0,"DATAMODIF":20081210,"ID":"0032665671861000","PATH":"","MODELLO":"http://integragis/ato3peligno/modellazione.asp?cod_tr=0032665671861000","STATON":null,"COMUNE":"","CAPACITA":"","COD_ISTAT":null,"ANNO_POSA":null,"PRODUZIONE":null,"COD_RETI":null}},
{"type":"Feature","geometry":{"type":"Point","coordinates":[14.079768258906611,41.84752194691966]},"properties":{"TIPO":"IDRANTE","DEMOPERA":"","FOTO":"","QUOTA":0,"VIA":"","COPERTURA":"ASFALTO","CHIUSINO":"GHISA","DIM_CHIUS":"","NOTE_":"idrante","DIAMETRO":"","OBJECTID":null,"CODICE":"","Z_OBJECTI":null,"Z_CHGCODE":1,"PREV":"0","NEXT":"0","TRACE":0,"MATERIALE":"","STATTUAL":"","TIPOLOGICO":3,"DIAMETRO1":0,"DIAMETRO2":0,"ANGOLO":0,"DATAMODIF":20081211,"ID":"0032674138718000","PATH":"","MODELLO":"http://integragis/ato3peligno/modellazione.asp?cod_tr=0032674138718000","STATON":null,"COMUNE":"","CAPACITA":"","COD_ISTAT":null,"ANNO_POSA":null,"PRODUZIONE":null,"COD_RETI":null}},
{"type":"Feature","geometry":{"type":"Point","coordinates":[14.079661609112604,41.848104136673776]},"properties":{"TIPO":"IDRANTE","DEMOPERA":"","FOTO":"","QUOTA":0,"VIA":"","COPERTURA":"ASFALTO","CHIUSINO":"GHISA","DIM_CHIUS":"","NOTE_":"IDRANTE","DIAMETRO":"","OBJECTID":null,"CODICE":"","Z_OBJECTI":null,"Z_CHGCODE":1,"PREV":"0032674372624000","NEXT":"0","TRACE":0,"MATERIALE":"","STATTUAL":"","TIPOLOGICO":3,"DIAMETRO1":0,"DIAMETRO2":0,"ANGOLO":0,"DATAMODIF":20081211,"ID":"0032674138723000","PATH":"","MODELLO":"http://integragis/ato3peligno/modellazione.asp?cod_tr=0032674138723000","STATON":null,"COMUNE":"","CAPACITA":"","COD_ISTAT":null,"ANNO_POSA":null,"PRODUZIONE":null,"COD_RETI":null}},
{"type":"Feature","geometry":{"type":"Point","coordinates":[14.079578163529137,41.848502353067]},"properties":{"TIPO":"IDRANTE","DEMOPERA":"","FOTO":"","QUOTA":0,"VIA":"","COPERTURA":"ASFALTO","CHIUSINO":"GHISA","DIM_CHIUS":"","NOTE_":"IDRANTE","DIAMETRO":"","OBJECTID":null,"CODICE":"","Z_OBJECTI":null,"Z_CHGCODE":1,"PREV":"0","NEXT":"0","TRACE":0,"MATERIALE":"","STATTUAL":"","TIPOLOGICO":3,"DIAMETRO1":0,"DIAMETRO2":0,"ANGOLO":0,"DATAMODIF":20081211,"ID":"0032674138726000","PATH":"","MODELLO":"http://integragis/ato3peligno/modellazione.asp?cod_tr=0032674138726000","STATON":null,"COMUNE":"","CAPACITA":"","COD_ISTAT":null,"ANNO_POSA":null,"PRODUZIONE":null,"COD_RETI":null}},
{"type":"Feature","geometry":{"type":"Point","coordinates":[14.079428359524547,41.8486093666162]},"properties":{"TIPO":"IDRANTE","DEMOPERA":"","FOTO":"","QUOTA":0,"VIA":"","COPERTURA":"ASFALTO","CHIUSINO":"GHISA","DIM_CHIUS":"","NOTE_":"IDRANTE","DIAMETRO":"","OBJECTID":null,"CODICE":"","Z_OBJECTI":null,"Z_CHGCODE":1,"PREV":"0","NEXT":"0","TRACE":0,"MATERIALE":"","STATTUAL":"","TIPOLOGICO":3,"DIAMETRO1":0,"DIAMETRO2":0,"ANGOLO":0,"DATAMODIF":20081211,"ID":"0032674138729000","PATH":"","MODELLO":"http://integragis/ato3peligno/modellazione.asp?cod_tr=0032674138729000","STATON":null,"COMUNE":"","CAPACITA":"","COD_ISTAT":null,"ANNO_POSA":null,"PRODUZIONE":null,"COD_RETI":null}},
{"type":"Feature","geometry":{"type":"Point","coordinates":[14.0791584220878,41.84901227825528]},"properties":{"TIPO":"IDRANTE","DEMOPERA":"","FOTO":"","QUOTA":0,"VIA":"","COPERTURA":"ASFALTO","CHIUSINO":"GHISA","DIM_CHIUS":"","NOTE_":"IDRANTE","DIAMETRO":"","OBJECTID":null,"CODICE":"","Z_OBJECTI":null,"Z_CHGCODE":1,"PREV":"0032674372717000","NEXT":"0","TRACE":0,"MATERIALE":"","STATTUAL":"","TIPOLOGICO":3,"DIAMETRO1":0,"DIAMETRO2":0,"ANGOLO":0,"DATAMODIF":20081211,"ID":"0032674138731000","PATH":"","MODELLO":"http://integragis/ato3peligno/modellazione.asp?cod_tr=0032674138731000","STATON":null,"COMUNE":"","CAPACITA":"","COD_ISTAT":null,"ANNO_POSA":null,"PRODUZIONE":null,"COD_RETI":null}},
{"type":"Feature","geometry":{"type":"Point","coordinates":[14.07911194073039,41.849177879120575]},"properties":{"TIPO":"IDRANTE","DEMOPERA":"","FOTO":"","QUOTA":0,"VIA":"","COPERTURA":"ASFALTO","CHIUSINO":"GHISA","DIM_CHIUS":"","NOTE_":"IDRANTE","DIAMETRO":"","OBJECTID":null,"CODICE":"","Z_OBJECTI":null,"Z_CHGCODE":1,"PREV":"0","NEXT":"0","TRACE":0,"MATERIALE":"","STATTUAL":"","TIPOLOGICO":3,"DIAMETRO1":0,"DIAMETRO2":0,"ANGOLO":0,"DATAMODIF":20081211,"ID":"0032674138733000","PATH":"","MODELLO":"http://integragis/ato3peligno/modellazione.asp?cod_tr=0032674138733000","STATON":null,"COMUNE":"","CAPACITA":"","COD_ISTAT":null,"ANNO_POSA":null,"PRODUZIONE":null,"COD_RETI":null}},
{"type":"Feature","geometry":{"type":"Point","coordinates":[14.081200018401235,41.84787934338384]},"properties":{"TIPO":"IDRANTE","DEMOPERA":"","FOTO":"","QUOTA":0,"VIA":"","COPERTURA":"ASFALTO","CHIUSINO":"GHISA","DIM_CHIUS":"","NOTE_":"IDRANTE","DIAMETRO":"","OBJECTID":null,"CODICE":"","Z_OBJECTI":null,"Z_CHGCODE":3,"PREV":"0032674372905000","NEXT":"0032674372906000","TRACE":0,"MATERIALE":"","STATTUAL":"","TIPOLOGICO":3,"DIAMETRO1":0,"DIAMETRO2":0,"ANGOLO":0,"DATAMODIF":20081211,"ID":"0032674138753000","PATH":"","MODELLO":"http://integragis/ato3peligno/modellazione.asp?cod_tr=0032674138753000","STATON":null,"COMUNE":"","CAPACITA":"","COD_ISTAT":null,"ANNO_POSA":null,"PRODUZIONE":null,"COD_RETI":null}},
{"type":"Feature","geometry":{"type":"Point","coordinates":[14.080299548382689,41.848764394945846]},"properties":{"TIPO":"IDRANTE","DEMOPERA":"","FOTO":"","QUOTA":0,"VIA":"","COPERTURA":"ASFALTO","CHIUSINO":"GHISA","DIM_CHIUS":"","NOTE_":"IDRANTE","DIAMETRO":"","OBJECTID":null,"CODICE":"","Z_OBJECTI":null,"Z_CHGCODE":1,"PREV":"0032674372922000","NEXT":"0032674372919000","TRACE":0,"MATERIALE":"","STATTUAL":"","TIPOLOGICO":3,"DIAMETRO1":0,"DIAMETRO2":0,"ANGOLO":0,"DATAMODIF":20081211,"ID":"0032674138759000","PATH":"","MODELLO":"http://integragis/ato3peligno/modellazione.asp?cod_tr=0032674138759000","STATON":null,"COMUNE":"","CAPACITA":"","COD_ISTAT":null,"ANNO_POSA":null,"PRODUZIONE":null,"COD_RETI":null}},
{"type":"Feature","geometry":{"type":"Point","coordinates":[14.079685719901601,41.84931970950603]},"properties":{"TIPO":"IDRANTE","DEMOPERA":"","FOTO":"","QUOTA":0,"VIA":"","COPERTURA":"ASFALTO","CHIUSINO":"GHISA","DIM_CHIUS":"","NOTE_":"IDRANTE","DIAMETRO":"","OBJECTID":null,"CODICE":"","Z_OBJECTI":null,"Z_CHGCODE":1,"PREV":"0","NEXT":"0","TRACE":0,"MATERIALE":"","STATTUAL":"","TIPOLOGICO":3,"DIAMETRO1":0,"DIAMETRO2":0,"ANGOLO":0,"DATAMODIF":20081211,"ID":"0032674138765000","PATH":"","MODELLO":"http://integragis/ato3peligno/modellazione.asp?cod_tr=0032674138765000","STATON":null,"COMUNE":"","CAPACITA":"","COD_ISTAT":null,"ANNO_POSA":null,"PRODUZIONE":null,"COD_RETI":null}},
{"type":"Feature","geometry":{"type":"Point","coordinates":[14.079330128072133,41.84967881495736]},"properties":{"TIPO":"IDRANTE","DEMOPERA":"","FOTO":"","QUOTA":0,"VIA":"","COPERTURA":"ASFALTO","CHIUSINO":"GHISA","DIM_CHIUS":"","NOTE_":"EMERGENYA","DIAMETRO":"","OBJECTID":0,"CODICE":"","Z_OBJECTI":0,"Z_CHGCODE":1,"PREV":"0","NEXT":"0","TRACE":0,"MATERIALE":"","STATTUAL":"","TIPOLOGICO":3,"DIAMETRO1":0,"DIAMETRO2":0,"ANGOLO":0,"DATAMODIF":20081211,"ID":"0032674138767000","PATH":"","MODELLO":"http://integragis/ato3peligno/modellazione.asp?cod_tr=0032674138767000","STATON":0,"COMUNE":"","CAPACITA":"","COD_ISTAT":0,"ANNO_POSA":0,"PRODUZIONE":0,"COD_RETI":0}},
{"type":"Feature","geometry":{"type":"Point","coordinates":[14.082499515555414,41.844034962415044]},"properties":{"TIPO":"IDRANTE","DEMOPERA":"","FOTO":"","QUOTA":0,"VIA":"","COPERTURA":"ASFALTO","CHIUSINO":"GHISA","DIM_CHIUS":"","NOTE_":"idrante","DIAMETRO":"","OBJECTID":null,"CODICE":"","Z_OBJECTI":null,"Z_CHGCODE":1,"PREV":"0","NEXT":"0","TRACE":0,"MATERIALE":"","STATTUAL":"","TIPOLOGICO":3,"DIAMETRO1":0,"DIAMETRO2":0,"ANGOLO":0,"DATAMODIF":20081211,"ID":"0032674138807000","PATH":"","MODELLO":"http://integragis/ato3peligno/modellazione.asp?cod_tr=0032674138807000","STATON":null,"COMUNE":"","CAPACITA":"","COD_ISTAT":null,"ANNO_POSA":null,"PRODUZIONE":null,"COD_RETI":null}},
{"type":"Feature","geometry":{"type":"Point","coordinates":[14.082261007039627,41.8454092203155]},"properties":{"TIPO":"IDRANTE","DEMOPERA":"","FOTO":"","QUOTA":0,"VIA":"","COPERTURA":"ASFALTO","CHIUSINO":"GHISA","DIM_CHIUS":"","NOTE_":"idrante","DIAMETRO":"","OBJECTID":null,"CODICE":"","Z_OBJECTI":null,"Z_CHGCODE":1,"PREV":"0","NEXT":"0","TRACE":0,"MATERIALE":"","STATTUAL":"","TIPOLOGICO":3,"DIAMETRO1":0,"DIAMETRO2":0,"ANGOLO":0,"DATAMODIF":20081211,"ID":"0032674138814000","PATH":"","MODELLO":"http://integragis/ato3peligno/modellazione.asp?cod_tr=0032674138814000","STATON":null,"COMUNE":"","CAPACITA":"","COD_ISTAT":null,"ANNO_POSA":null,"PRODUZIONE":null,"COD_RETI":null}},
{"type":"Feature","geometry":{"type":"Point","coordinates":[14.081749228705757,41.84551509445211]},"properties":{"TIPO":"IDRANTE","DEMOPERA":"","FOTO":"","QUOTA":0,"VIA":"","COPERTURA":"ASFALTO","CHIUSINO":"GHISA","DIM_CHIUS":"","NOTE_":"idrante","DIAMETRO":"","OBJECTID":null,"CODICE":"","Z_OBJECTI":null,"Z_CHGCODE":1,"PREV":"0","NEXT":"0","TRACE":0,"MATERIALE":"","STATTUAL":"","TIPOLOGICO":3,"DIAMETRO1":0,"DIAMETRO2":0,"ANGOLO":0,"DATAMODIF":20081211,"ID":"0032674138819000","PATH":"","MODELLO":"http://integragis/ato3peligno/modellazione.asp?cod_tr=0032674138819000","STATON":null,"COMUNE":"","CAPACITA":"","COD_ISTAT":null,"ANNO_POSA":null,"PRODUZIONE":null,"COD_RETI":null}},
{"type":"Feature","geometry":{"type":"Point","coordinates":[14.078670109287177,41.851906513007776]},"properties":{"TIPO":"IDRANTE","DEMOPERA":"","FOTO":"","QUOTA":0,"VIA":"","COPERTURA":"ASFALTO","CHIUSINO":"GHISA","DIM_CHIUS":"","NOTE_":"idrante","DIAMETRO":"","OBJECTID":null,"CODICE":"","Z_OBJECTI":null,"Z_CHGCODE":1,"PREV":"0032674371721000","NEXT":"0","TRACE":0,"MATERIALE":"","STATTUAL":"","TIPOLOGICO":3,"DIAMETRO1":0,"DIAMETRO2":0,"ANGOLO":0,"DATAMODIF":20081211,"ID":"0032674138939000","PATH":"","MODELLO":"http://integragis/ato3peligno/modellazione.asp?cod_tr=0032674138939000","STATON":null,"COMUNE":"","CAPACITA":"","COD_ISTAT":null,"ANNO_POSA":null,"PRODUZIONE":null,"COD_RETI":null}},
{"type":"Feature","geometry":{"type":"Point","coordinates":[14.07815362011329,41.85240154830446]},"properties":{"TIPO":"IDRANTE","DEMOPERA":"","FOTO":"","QUOTA":0,"VIA":"","COPERTURA":"ASFALTO","CHIUSINO":"GHISA","DIM_CHIUS":"","NOTE_":"idrante","DIAMETRO":"","OBJECTID":null,"CODICE":"","Z_OBJECTI":null,"Z_CHGCODE":1,"PREV":"0032674374301000","NEXT":"0","TRACE":0,"MATERIALE":"","STATTUAL":"","TIPOLOGICO":3,"DIAMETRO1":0,"DIAMETRO2":0,"ANGOLO":0,"DATAMODIF":20081211,"ID":"0032674138943000","PATH":"","MODELLO":"http://integragis/ato3peligno/modellazione.asp?cod_tr=0032674138943000","STATON":null,"COMUNE":"","CAPACITA":"","COD_ISTAT":null,"ANNO_POSA":null,"PRODUZIONE":null,"COD_RETI":null}},
{"type":"Feature","geometry":{"type":"Point","coordinates":[14.078551586844256,41.852762760979886]},"properties":{"TIPO":"IDRANTE","DEMOPERA":"","FOTO":"","QUOTA":0,"VIA":"","COPERTURA":"ASFALTO","CHIUSINO":"GHISA","DIM_CHIUS":"","NOTE_":"idrante","DIAMETRO":"","OBJECTID":null,"CODICE":"","Z_OBJECTI":null,"Z_CHGCODE":1,"PREV":"0032674371808000","NEXT":"0","TRACE":0,"MATERIALE":"","STATTUAL":"","TIPOLOGICO":3,"DIAMETRO1":0,"DIAMETRO2":0,"ANGOLO":0,"DATAMODIF":20081211,"ID":"0032674138946000","PATH":"","MODELLO":"http://integragis/ato3peligno/modellazione.asp?cod_tr=0032674138946000","STATON":null,"COMUNE":"","CAPACITA":"","COD_ISTAT":null,"ANNO_POSA":null,"PRODUZIONE":null,"COD_RETI":null}},
{"type":"Feature","geometry":{"type":"Point","coordinates":[14.07702437925162,41.85221410966419]},"properties":{"TIPO":"IDRANTE","DEMOPERA":"","FOTO":"","QUOTA":0,"VIA":"","COPERTURA":"ASFALTO","CHIUSINO":"GHISA","DIM_CHIUS":"","NOTE_":"idrante","DIAMETRO":"","OBJECTID":null,"CODICE":"","Z_OBJECTI":null,"Z_CHGCODE":1,"PREV":"0032674374307000","NEXT":"0","TRACE":0,"MATERIALE":"","STATTUAL":"","TIPOLOGICO":3,"DIAMETRO1":0,"DIAMETRO2":0,"ANGOLO":0,"DATAMODIF":20081211,"ID":"0032674138951000","PATH":"","MODELLO":"http://integragis/ato3peligno/modellazione.asp?cod_tr=0032674138951000","STATON":null,"COMUNE":"","CAPACITA":"","COD_ISTAT":null,"ANNO_POSA":null,"PRODUZIONE":null,"COD_RETI":null}},
{"type":"Feature","geometry":{"type":"Point","coordinates":[14.07749856454768,41.850291660445855]},"properties":{"TIPO":"IDRANTE","DEMOPERA":"","FOTO":"","QUOTA":0,"VIA":"","COPERTURA":"ASFALTO","CHIUSINO":"GHISA","DIM_CHIUS":"","NOTE_":"idrante","DIAMETRO":"","OBJECTID":null,"CODICE":"","Z_OBJECTI":null,"Z_CHGCODE":1,"PREV":"0032674374401000","NEXT":"0","TRACE":0,"MATERIALE":"","STATTUAL":"","TIPOLOGICO":3,"DIAMETRO1":0,"DIAMETRO2":0,"ANGOLO":0,"DATAMODIF":20081211,"ID":"0032674138957000","PATH":"","MODELLO":"http://integragis/ato3peligno/modellazione.asp?cod_tr=0032674138957000","STATON":null,"COMUNE":"","CAPACITA":"","COD_ISTAT":null,"ANNO_POSA":null,"PRODUZIONE":null,"COD_RETI":null}},
{"type":"Feature","geometry":{"type":"Point","coordinates":[14.077969508767568,41.850781035545744]},"properties":{"TIPO":"IDRANTE","DEMOPERA":"","FOTO":"","QUOTA":0,"VIA":"","COPERTURA":"ASFALTO","CHIUSINO":"GHISA","DIM_CHIUS":"","NOTE_":"idrante","DIAMETRO":"","OBJECTID":null,"CODICE":"","Z_OBJECTI":null,"Z_CHGCODE":1,"PREV":"0","NEXT":"0","TRACE":0,"MATERIALE":"","STATTUAL":"","TIPOLOGICO":3,"DIAMETRO1":0,"DIAMETRO2":0,"ANGOLO":0,"DATAMODIF":20081211,"ID":"0032674138959000","PATH":"","MODELLO":"http://integragis/ato3peligno/modellazione.asp?cod_tr=0032674138959000","STATON":null,"COMUNE":"","CAPACITA":"","COD_ISTAT":null,"ANNO_POSA":null,"PRODUZIONE":null,"COD_RETI":null}},
{"type":"Feature","geometry":{"type":"Point","coordinates":[14.076074904789973,41.851755411568384]},"properties":{"TIPO":"IDRANTE","DEMOPERA":"","FOTO":"","QUOTA":0,"VIA":"","COPERTURA":"ASFALTO","CHIUSINO":"GHISA","DIM_CHIUS":"","NOTE_":"idrante","DIAMETRO":"","OBJECTID":null,"CODICE":"","Z_OBJECTI":null,"Z_CHGCODE":1,"PREV":"0","NEXT":"0","TRACE":0,"MATERIALE":"","STATTUAL":"","TIPOLOGICO":3,"DIAMETRO1":0,"DIAMETRO2":0,"ANGOLO":0,"DATAMODIF":20081211,"ID":"0032674138983000","PATH":"","MODELLO":"http://integragis/ato3peligno/modellazione.asp?cod_tr=0032674138983000","STATON":null,"COMUNE":"","CAPACITA":"","COD_ISTAT":null,"ANNO_POSA":null,"PRODUZIONE":null,"COD_RETI":null}},
{"type":"Feature","geometry":{"type":"Point","coordinates":[13.88131583326303,41.90337240223415]},"properties":{"TIPO":"IDRANTE","DEMOPERA":"","FOTO":"","QUOTA":0,"VIA":"","COPERTURA":"ASFALTO","CHIUSINO":"GHISA","DIM_CHIUS":"","NOTE_":"","DIAMETRO":"","OBJECTID":null,"CODICE":"idrante","Z_OBJECTI":null,"Z_CHGCODE":null,"PREV":"0","NEXT":"0","TRACE":0,"MATERIALE":"","STATTUAL":"","TIPOLOGICO":3,"DIAMETRO1":0,"DIAMETRO2":0,"ANGOLO":0,"DATAMODIF":20081127,"ID":"0032533594927000","PATH":"","MODELLO":"http://integragis/ato3peligno/modellazione.asp?cod_tr=0032533594927000","STATON":null,"COMUNE":"","CAPACITA":"","COD_ISTAT":null,"ANNO_POSA":null,"PRODUZIONE":null,"COD_RETI":null}},
{"type":"Feature","geometry":{"type":"Point","coordinates":[13.861535654227298,42.022406560983946]},"properties":{"TIPO":"IDRANTE","DEMOPERA":"","FOTO":"","QUOTA":545.00000059056,"VIA":"","COPERTURA":"ASFALTO","CHIUSINO":"GHISA","DIM_CHIUS":"","NOTE_":"IDRANTE","DIAMETRO":"","OBJECTID":0,"CODICE":"","Z_OBJECTI":null,"Z_CHGCODE":1,"PREV":"0","NEXT":"0","TRACE":0,"MATERIALE":"","STATTUAL":"","TIPOLOGICO":0,"DIAMETRO1":0,"DIAMETRO2":0,"ANGOLO":0,"DATAMODIF":20081027,"ID":"0032394379155000","PATH":"","MODELLO":"http://integragis/ato3peligno/modellazione.asp?cod_tr=0032394379155000","STATON":null,"COMUNE":"","CAPACITA":"","COD_ISTAT":null,"ANNO_POSA":null,"PRODUZIONE":null,"COD_RETI":null}},
{"type":"Feature","geometry":{"type":"Point","coordinates":[13.856780111364232,42.02367048648869]},"properties":{"TIPO":"IDRANTE","DEMOPERA":"","FOTO":"","QUOTA":520.00000049724,"VIA":"","COPERTURA":"ASFALTO","CHIUSINO":"GHISA","DIM_CHIUS":"","NOTE_":"idrante","DIAMETRO":"","OBJECTID":0,"CODICE":"","Z_OBJECTI":null,"Z_CHGCODE":1,"PREV":"0","NEXT":"0","TRACE":0,"MATERIALE":"","STATTUAL":"","TIPOLOGICO":0,"DIAMETRO1":0,"DIAMETRO2":0,"ANGOLO":0,"DATAMODIF":20081027,"ID":"0032394379180000","PATH":"","MODELLO":"http://integragis/ato3peligno/modellazione.asp?cod_tr=0032394379180000","STATON":null,"COMUNE":"","CAPACITA":"","COD_ISTAT":null,"ANNO_POSA":null,"PRODUZIONE":null,"COD_RETI":null}},
{"type":"Feature","geometry":{"type":"Point","coordinates":[13.861404492260471,42.022366830022094]},"properties":{"TIPO":"IDRANTE","DEMOPERA":"","FOTO":"","QUOTA":545.00000059056,"VIA":"VICOLO DEL ROSARIO","COPERTURA":"ASFALTO","CHIUSINO":"GHISA","DIM_CHIUS":"","NOTE_":"IDRANTE","DIAMETRO":"","OBJECTID":0,"CODICE":"5471","Z_OBJECTI":null,"Z_CHGCODE":1,"PREV":"0","NEXT":"0","TRACE":0,"MATERIALE":"","STATTUAL":"","TIPOLOGICO":0,"DIAMETRO1":0,"DIAMETRO2":0,"ANGOLO":0,"DATAMODIF":20081027,"ID":"0032394379228000","PATH":"http://integragis/ato3peligno/foto.asp?ID_STR=5471","MODELLO":"http://integragis/ato3peligno/modellazione.asp?cod_tr=0032394379228000","STATON":null,"COMUNE":"","CAPACITA":"","COD_ISTAT":null,"ANNO_POSA":null,"PRODUZIONE":null,"COD_RETI":null}},
{"type":"Feature","geometry":{"type":"Point","coordinates":[13.787547536522528,42.0136616555518]},"properties":{"TIPO":"IDRANTE","DEMOPERA":"","FOTO":"","QUOTA":0,"VIA":"","COPERTURA":"ASFALTO","CHIUSINO":"GHISA","DIM_CHIUS":"","NOTE_":"idrante","DIAMETRO":"","OBJECTID":0,"CODICE":"","Z_OBJECTI":null,"Z_CHGCODE":1,"PREV":"0","NEXT":"0","TRACE":0,"MATERIALE":"","STATTUAL":"","TIPOLOGICO":3,"DIAMETRO1":0,"DIAMETRO2":0,"ANGOLO":0,"DATAMODIF":20081024,"ID":"0032394479816000","PATH":"","MODELLO":"http://integragis/ato3peligno/modellazione.asp?cod_tr=0032394479816000","STATON":null,"COMUNE":"","CAPACITA":"","COD_ISTAT":null,"ANNO_POSA":null,"PRODUZIONE":null,"COD_RETI":null}},
{"type":"Feature","geometry":{"type":"Point","coordinates":[13.698011068026103,42.12606806061045]},"properties":{"TIPO":"IDRANTE","DEMOPERA":"","FOTO":"","QUOTA":0,"VIA":"","COPERTURA":"ASFALTO","CHIUSINO":"GHISA","DIM_CHIUS":"","NOTE_":"IDRANTE","DIAMETRO":"","OBJECTID":0,"CODICE":"","Z_OBJECTI":null,"Z_CHGCODE":1,"PREV":"0","NEXT":"0","TRACE":0,"MATERIALE":"","STATTUAL":"","TIPOLOGICO":3,"DIAMETRO1":0,"DIAMETRO2":0,"ANGOLO":0,"DATAMODIF":20081023,"ID":"0032185339605000","PATH":"","MODELLO":"http://integragis/ato3peligno/modellazione.asp?cod_tr=0032185339605000","STATON":null,"COMUNE":"","CAPACITA":"","COD_ISTAT":null,"ANNO_POSA":null,"PRODUZIONE":null,"COD_RETI":null}},
{"type":"Feature","geometry":{"type":"Point","coordinates":[13.70072387934533,42.126269683284264]},"properties":{"TIPO":"IDRANTE","DEMOPERA":"","FOTO":"","QUOTA":0,"VIA":"","COPERTURA":"ASFALTO","CHIUSINO":"GHISA","DIM_CHIUS":"","NOTE_":"IDRANTE","DIAMETRO":"","OBJECTID":0,"CODICE":"","Z_OBJECTI":null,"Z_CHGCODE":1,"PREV":"0032185497805000","NEXT":"0032185498213000","TRACE":0,"MATERIALE":"","STATTUAL":"","TIPOLOGICO":3,"DIAMETRO1":0,"DIAMETRO2":0,"ANGOLO":0,"DATAMODIF":20081023,"ID":"0032185339656000","PATH":"","MODELLO":"http://integragis/ato3peligno/modellazione.asp?cod_tr=0032185339656000","STATON":null,"COMUNE":"","CAPACITA":"","COD_ISTAT":null,"ANNO_POSA":null,"PRODUZIONE":null,"COD_RETI":null}},
{"type":"Feature","geometry":{"type":"Point","coordinates":[13.700105996557342,42.12508030923337]},"properties":{"TIPO":"IDRANTE","DEMOPERA":"","FOTO":"","QUOTA":0,"VIA":"","COPERTURA":"ASFALTO","CHIUSINO":"GHISA","DIM_CHIUS":"","NOTE_":"IDRANTE","DIAMETRO":"","OBJECTID":0,"CODICE":"","Z_OBJECTI":null,"Z_CHGCODE":1,"PREV":"0","NEXT":"0","TRACE":0,"MATERIALE":"","STATTUAL":"","TIPOLOGICO":3,"DIAMETRO1":0,"DIAMETRO2":0,"ANGOLO":0,"DATAMODIF":20081023,"ID":"0032185339662000","PATH":"","MODELLO":"http://integragis/ato3peligno/modellazione.asp?cod_tr=0032185339662000","STATON":null,"COMUNE":"","CAPACITA":"","COD_ISTAT":null,"ANNO_POSA":null,"PRODUZIONE":null,"COD_RETI":null}},
{"type":"Feature","geometry":{"type":"Point","coordinates":[13.70088159115374,42.126456740916396]},"properties":{"TIPO":"IDRANTE","DEMOPERA":"","FOTO":"","QUOTA":0,"VIA":"PIAZZA SAN MARTINO","COPERTURA":"ASFALTO","CHIUSINO":"GHISA","DIM_CHIUS":"","NOTE_":"IDRANTE","DIAMETRO":"","OBJECTID":0,"CODICE":"","Z_OBJECTI":null,"Z_CHGCODE":1,"PREV":"0032185498220000","NEXT":"0032185498221000","TRACE":0,"MATERIALE":"","STATTUAL":"","TIPOLOGICO":3,"DIAMETRO1":0,"DIAMETRO2":0,"ANGOLO":0,"DATAMODIF":20081023,"ID":"0032185339670000","PATH":"","MODELLO":"http://integragis/ato3peligno/modellazione.asp?cod_tr=0032185339670000","STATON":null,"COMUNE":"","CAPACITA":"","COD_ISTAT":null,"ANNO_POSA":null,"PRODUZIONE":null,"COD_RETI":null}},
{"type":"Feature","geometry":{"type":"Point","coordinates":[13.701765060789727,42.12678029273113]},"properties":{"TIPO":"IDRANTE","DEMOPERA":"","FOTO":"","QUOTA":0,"VIA":"","COPERTURA":"ASFALTO","CHIUSINO":"GHISA","DIM_CHIUS":"","NOTE_":"IDRANTE","DIAMETRO":"","OBJECTID":0,"CODICE":"","Z_OBJECTI":null,"Z_CHGCODE":1,"PREV":"0","NEXT":"0","TRACE":0,"MATERIALE":"","STATTUAL":"","TIPOLOGICO":3,"DIAMETRO1":0,"DIAMETRO2":0,"ANGOLO":0,"DATAMODIF":20081023,"ID":"0032185339684000","PATH":"","MODELLO":"http://integragis/ato3peligno/modellazione.asp?cod_tr=0032185339684000","STATON":null,"COMUNE":"","CAPACITA":"","COD_ISTAT":null,"ANNO_POSA":null,"PRODUZIONE":null,"COD_RETI":null}},
{"type":"Feature","geometry":{"type":"Point","coordinates":[13.699450895060002,42.126290094601444]},"properties":{"TIPO":"IDRANTE","DEMOPERA":"","FOTO":"","QUOTA":0,"VIA":"PIAZZA DEL POPOLO","COPERTURA":"ASFALTO","CHIUSINO":"GHISA","DIM_CHIUS":"","NOTE_":"IDRANTE","DIAMETRO":"","OBJECTID":0,"CODICE":"5726","Z_OBJECTI":null,"Z_CHGCODE":1,"PREV":"0032185497202000","NEXT":"0032185498021000","TRACE":0,"MATERIALE":"","STATTUAL":"","TIPOLOGICO":3,"DIAMETRO1":0,"DIAMETRO2":0,"ANGOLO":0,"DATAMODIF":20081023,"ID":"0032185339712000","PATH":"http://integragis/ato3peligno/foto.asp?ID_STR=5726","MODELLO":"http://integragis/ato3peligno/modellazione.asp?cod_tr=0032185339712000","STATON":null,"COMUNE":"","CAPACITA":"","COD_ISTAT":null,"ANNO_POSA":null,"PRODUZIONE":null,"COD_RETI":null}},
{"type":"Feature","geometry":{"type":"Point","coordinates":[13.771808597969585,42.079775080695214]},"properties":{"TIPO":"IDRANTE","DEMOPERA":"","FOTO":"","QUOTA":0,"VIA":"VIA PAPA CELESTINO V","COPERTURA":"ASFALTO","CHIUSINO":"GHISA","DIM_CHIUS":"","NOTE_":"IDRANTE","DIAMETRO":"75","OBJECTID":0,"CODICE":"5988","Z_OBJECTI":null,"Z_CHGCODE":1,"PREV":"0032403393515000","NEXT":"0","TRACE":0,"MATERIALE":"","STATTUAL":"","TIPOLOGICO":3,"DIAMETRO1":0,"DIAMETRO2":0,"ANGOLO":0,"DATAMODIF":20081114,"ID":"0032403529473000","PATH":"http://integragis/ato3peligno/foto.asp?ID_STR=5988","MODELLO":"http://integragis/ato3peligno/modellazione.asp?cod_tr=0032403529473000","STATON":null,"COMUNE":"","CAPACITA":"","COD_ISTAT":null,"ANNO_POSA":null,"PRODUZIONE":null,"COD_RETI":null}},
{"type":"Feature","geometry":{"type":"Point","coordinates":[13.897262655637585,42.01041267626379]},"properties":{"TIPO":"IDRANTE","DEMOPERA":"","FOTO":"","QUOTA":0,"VIA":"","COPERTURA":"ASFALTO","CHIUSINO":"GHISA","DIM_CHIUS":"","NOTE_":"IDRANTE","DIAMETRO":"","OBJECTID":0,"CODICE":"","Z_OBJECTI":null,"Z_CHGCODE":null,"PREV":"0032183599801000","NEXT":"0032183599802000","TRACE":0,"MATERIALE":"","STATTUAL":"","TIPOLOGICO":3,"DIAMETRO1":0,"DIAMETRO2":0,"ANGOLO":0,"DATAMODIF":20081023,"ID":"0032175831204000","PATH":"","MODELLO":"http://integragis/ato3peligno/modellazione.asp?cod_tr=0032175831204000","STATON":null,"COMUNE":"","CAPACITA":"","COD_ISTAT":null,"ANNO_POSA":null,"PRODUZIONE":null,"COD_RETI":null}},
{"type":"Feature","geometry":{"type":"Point","coordinates":[13.897408360997597,42.01171345261958]},"properties":{"TIPO":"IDRANTE","DEMOPERA":"","FOTO":"","QUOTA":0,"VIA":"","COPERTURA":"ASFALTO","CHIUSINO":"GHISA","DIM_CHIUS":"","NOTE_":"IDRANTE","DIAMETRO":"","OBJECTID":0,"CODICE":"","Z_OBJECTI":null,"Z_CHGCODE":null,"PREV":"0032183599803000","NEXT":"0032183599804000","TRACE":0,"MATERIALE":"","STATTUAL":"","TIPOLOGICO":3,"DIAMETRO1":0,"DIAMETRO2":0,"ANGOLO":0,"DATAMODIF":20081023,"ID":"0032175831206000","PATH":"","MODELLO":"http://integragis/ato3peligno/modellazione.asp?cod_tr=0032175831206000","STATON":null,"COMUNE":"","CAPACITA":"","COD_ISTAT":null,"ANNO_POSA":null,"PRODUZIONE":null,"COD_RETI":null}},
{"type":"Feature","geometry":{"type":"Point","coordinates":[13.897697029386203,42.00803029423435]},"properties":{"TIPO":"IDRANTE","DEMOPERA":"","FOTO":"","QUOTA":0,"VIA":"","COPERTURA":"ASFALTO","CHIUSINO":"GHISA","DIM_CHIUS":"","NOTE_":"IDRANTE","DIAMETRO":"","OBJECTID":0,"CODICE":"","Z_OBJECTI":null,"Z_CHGCODE":null,"PREV":"0","NEXT":"0","TRACE":0,"MATERIALE":"","STATTUAL":"","TIPOLOGICO":3,"DIAMETRO1":0,"DIAMETRO2":0,"ANGOLO":0,"DATAMODIF":20081023,"ID":"0032175831219000","PATH":"","MODELLO":"http://integragis/ato3peligno/modellazione.asp?cod_tr=0032175831219000","STATON":null,"COMUNE":"","CAPACITA":"","COD_ISTAT":null,"ANNO_POSA":null,"PRODUZIONE":null,"COD_RETI":null}},
{"type":"Feature","geometry":{"type":"Point","coordinates":[13.8979918650862,42.007440748133966]},"properties":{"TIPO":"IDRANTE","DEMOPERA":"","FOTO":"","QUOTA":0,"VIA":"VIA PIANA","COPERTURA":"ASFALTO","CHIUSINO":"GHISA","DIM_CHIUS":"","NOTE_":"IDRANTE","DIAMETRO":"","OBJECTID":0,"CODICE":"","Z_OBJECTI":null,"Z_CHGCODE":null,"PREV":"0","NEXT":"0","TRACE":0,"MATERIALE":"","STATTUAL":"","TIPOLOGICO":3,"DIAMETRO1":0,"DIAMETRO2":0,"ANGOLO":0,"DATAMODIF":20081023,"ID":"0032175831223000","PATH":"","MODELLO":"http://integragis/ato3peligno/modellazione.asp?cod_tr=0032175831223000","STATON":null,"COMUNE":"","CAPACITA":"","COD_ISTAT":null,"ANNO_POSA":null,"PRODUZIONE":null,"COD_RETI":null}},
{"type":"Feature","geometry":{"type":"Point","coordinates":[13.898225984282034,42.00699274533958]},"properties":{"TIPO":"IDRANTE","DEMOPERA":"","FOTO":"","QUOTA":0,"VIA":"","COPERTURA":"ASFALTO","CHIUSINO":"GHISA","DIM_CHIUS":"","NOTE_":"IDRANTE","DIAMETRO":"","OBJECTID":0,"CODICE":"","Z_OBJECTI":null,"Z_CHGCODE":null,"PREV":"0032183600612000","NEXT":"0032183600613000","TRACE":0,"MATERIALE":"","STATTUAL":"","TIPOLOGICO":3,"DIAMETRO1":0,"DIAMETRO2":0,"ANGOLO":0,"DATAMODIF":20081023,"ID":"0032175831224000","PATH":"","MODELLO":"http://integragis/ato3peligno/modellazione.asp?cod_tr=0032175831224000","STATON":null,"COMUNE":"","CAPACITA":"","COD_ISTAT":null,"ANNO_POSA":null,"PRODUZIONE":null,"COD_RETI":null}},
{"type":"Feature","geometry":{"type":"Point","coordinates":[13.89899146606477,42.00846586548772]},"properties":{"TIPO":"IDRANTE","DEMOPERA":"","FOTO":"","QUOTA":0,"VIA":"STRADA SENZA NOME","COPERTURA":"ASFALTO","CHIUSINO":"GHISA","DIM_CHIUS":"","NOTE_":"IDRANTE","DIAMETRO":"","OBJECTID":0,"CODICE":"","Z_OBJECTI":null,"Z_CHGCODE":null,"PREV":"0","NEXT":"0","TRACE":0,"MATERIALE":"","STATTUAL":"","TIPOLOGICO":3,"DIAMETRO1":0,"DIAMETRO2":0,"ANGOLO":0,"DATAMODIF":20081023,"ID":"0032175831257000","PATH":"","MODELLO":"http://integragis/ato3peligno/modellazione.asp?cod_tr=0032175831257000","STATON":null,"COMUNE":"","CAPACITA":"","COD_ISTAT":null,"ANNO_POSA":null,"PRODUZIONE":null,"COD_RETI":null}},
{"type":"Feature","geometry":{"type":"Point","coordinates":[13.900290460254967,42.00564955652906]},"properties":{"TIPO":"IDRANTE","DEMOPERA":"","FOTO":"","QUOTA":0,"VIA":"","COPERTURA":"ASFALTO","CHIUSINO":"GHISA","DIM_CHIUS":"","NOTE_":"IDRANTE","DIAMETRO":"","OBJECTID":0,"CODICE":"","Z_OBJECTI":null,"Z_CHGCODE":null,"PREV":"0","NEXT":"0","TRACE":0,"MATERIALE":"","STATTUAL":"","TIPOLOGICO":3,"DIAMETRO1":0,"DIAMETRO2":0,"ANGOLO":0,"DATAMODIF":20081023,"ID":"0032175831272000","PATH":"","MODELLO":"http://integragis/ato3peligno/modellazione.asp?cod_tr=0032175831272000","STATON":null,"COMUNE":"","CAPACITA":"","COD_ISTAT":null,"ANNO_POSA":null,"PRODUZIONE":null,"COD_RETI":null}},
{"type":"Feature","geometry":{"type":"Point","coordinates":[13.83455410727692,42.05794145425205]},"properties":{"TIPO":"IDRANTE","DEMOPERA":"","FOTO":"","QUOTA":0,"VIA":"VIA VITORIO EMANUELE","COPERTURA":"ASFALTO","CHIUSINO":"GHISA","DIM_CHIUS":"","NOTE_":"idrante","DIAMETRO":"","OBJECTID":0,"CODICE":"","Z_OBJECTI":null,"Z_CHGCODE":1,"PREV":"0","NEXT":"0","TRACE":0,"MATERIALE":"","STATTUAL":"","TIPOLOGICO":3,"DIAMETRO1":0,"DIAMETRO2":0,"ANGOLO":0,"DATAMODIF":20081031,"ID":"0032256057332000","PATH":"","MODELLO":"http://integragis/ato3peligno/modellazione.asp?cod_tr=0032256057332000","STATON":null,"COMUNE":"","CAPACITA":"","COD_ISTAT":null,"ANNO_POSA":null,"PRODUZIONE":null,"COD_RETI":null}},
{"type":"Feature","geometry":{"type":"Point","coordinates":[13.844406449978194,42.06237226764822]},"properties":{"TIPO":"IDRANTE","DEMOPERA":"","FOTO":"","QUOTA":0,"VIA":"","COPERTURA":"ASFALTO","CHIUSINO":"GHISA","DIM_CHIUS":"","NOTE_":"idrante","DIAMETRO":"","OBJECTID":0,"CODICE":"","Z_OBJECTI":null,"Z_CHGCODE":1,"PREV":"0","NEXT":"0","TRACE":0,"MATERIALE":"","STATTUAL":"","TIPOLOGICO":3,"DIAMETRO1":0,"DIAMETRO2":0,"ANGOLO":0,"DATAMODIF":20081031,"ID":"0032256057408000","PATH":"","MODELLO":"http://integragis/ato3peligno/modellazione.asp?cod_tr=0032256057408000","STATON":null,"COMUNE":"","CAPACITA":"","COD_ISTAT":null,"ANNO_POSA":null,"PRODUZIONE":null,"COD_RETI":null}},
{"type":"Feature","geometry":{"type":"Point","coordinates":[13.836673107274766,42.0567401261277]},"properties":{"TIPO":"IDRANTE","DEMOPERA":"","FOTO":"","QUOTA":0,"VIA":"","COPERTURA":"ASFALTO","CHIUSINO":"GHISA","DIM_CHIUS":"","NOTE_":"idrante","DIAMETRO":"","OBJECTID":0,"CODICE":"","Z_OBJECTI":null,"Z_CHGCODE":1,"PREV":"0","NEXT":"0","TRACE":0,"MATERIALE":"","STATTUAL":"","TIPOLOGICO":3,"DIAMETRO1":0,"DIAMETRO2":0,"ANGOLO":0,"DATAMODIF":20081031,"ID":"0032256057419000","PATH":"","MODELLO":"http://integragis/ato3peligno/modellazione.asp?cod_tr=0032256057419000","STATON":null,"COMUNE":"","CAPACITA":"","COD_ISTAT":null,"ANNO_POSA":null,"PRODUZIONE":null,"COD_RETI":null}},
{"type":"Feature","geometry":{"type":"Point","coordinates":[13.81349527971768,42.102325485582305]},"properties":{"TIPO":"IDRANTE","DEMOPERA":"","FOTO":"","QUOTA":0,"VIA":"","COPERTURA":"ASFALTO","CHIUSINO":"GHISA","DIM_CHIUS":"","NOTE_":"idrante","DIAMETRO":"","OBJECTID":0,"CODICE":"","Z_OBJECTI":null,"Z_CHGCODE":1,"PREV":"0","NEXT":"0","TRACE":0,"MATERIALE":"","STATTUAL":"","TIPOLOGICO":3,"DIAMETRO1":0,"DIAMETRO2":0,"ANGOLO":0,"DATAMODIF":20081201,"ID":"0032575799389000","PATH":"","MODELLO":"http://integragis/ato3peligno/modellazione.asp?cod_tr=0032575799389000","STATON":null,"COMUNE":"","CAPACITA":"","COD_ISTAT":null,"ANNO_POSA":null,"PRODUZIONE":null,"COD_RETI":null}},
{"type":"Feature","geometry":{"type":"Point","coordinates":[13.679918288695392,42.153345527971794]},"properties":{"TIPO":"IDRANTE","DEMOPERA":"","FOTO":"","QUOTA":0,"VIA":"VIA SOTTO LE MURA","COPERTURA":"ASFALTO","CHIUSINO":"GHISA","DIM_CHIUS":"","NOTE_":"IDRANTE","DIAMETRO":"","OBJECTID":0,"CODICE":"","Z_OBJECTI":null,"Z_CHGCODE":null,"PREV":"0","NEXT":"0","TRACE":0,"MATERIALE":"","STATTUAL":"","TIPOLOGICO":3,"DIAMETRO1":0,"DIAMETRO2":0,"ANGOLO":0,"DATAMODIF":20081015,"ID":"0032104263645000","PATH":"","MODELLO":"http://integragis/ato3peligno/modellazione.asp?cod_tr=0032104263645000","STATON":null,"COMUNE":"","CAPACITA":"","COD_ISTAT":null,"ANNO_POSA":null,"PRODUZIONE":null,"COD_RETI":null}},
{"type":"Feature","geometry":{"type":"Point","coordinates":[13.680708738896842,42.15476397186953]},"properties":{"TIPO":"IDRANTE","DEMOPERA":"","FOTO":"","QUOTA":0,"VIA":"VIA SOTTO LE MURA","COPERTURA":"ASFALTO","CHIUSINO":"GHISA","DIM_CHIUS":"","NOTE_":"IDRANTE","DIAMETRO":"","OBJECTID":0,"CODICE":"","Z_OBJECTI":null,"Z_CHGCODE":null,"PREV":"0","NEXT":"0","TRACE":0,"MATERIALE":"","STATTUAL":"","TIPOLOGICO":3,"DIAMETRO1":0,"DIAMETRO2":0,"ANGOLO":0,"DATAMODIF":20081015,"ID":"0032104263652000","PATH":"","MODELLO":"http://integragis/ato3peligno/modellazione.asp?cod_tr=0032104263652000","STATON":null,"COMUNE":"","CAPACITA":"","COD_ISTAT":null,"ANNO_POSA":null,"PRODUZIONE":null,"COD_RETI":null}},
{"type":"Feature","geometry":{"type":"Point","coordinates":[13.678946187299307,42.1552064648356]},"properties":{"TIPO":"IDRANTE","DEMOPERA":"","FOTO":"","QUOTA":0,"VIA":"VIA DELLA MADONNA","COPERTURA":"ASFALTO","CHIUSINO":"GHISA","DIM_CHIUS":"","NOTE_":"IDRANTE","DIAMETRO":"","OBJECTID":0,"CODICE":"","Z_OBJECTI":null,"Z_CHGCODE":null,"PREV":"0","NEXT":"0","TRACE":0,"MATERIALE":"","STATTUAL":"","TIPOLOGICO":3,"DIAMETRO1":0,"DIAMETRO2":0,"ANGOLO":0,"DATAMODIF":20081015,"ID":"0032104263685000","PATH":"","MODELLO":"http://integragis/ato3peligno/modellazione.asp?cod_tr=0032104263685000","STATON":null,"COMUNE":"","CAPACITA":"","COD_ISTAT":null,"ANNO_POSA":null,"PRODUZIONE":null,"COD_RETI":null}},
{"type":"Feature","geometry":{"type":"Point","coordinates":[13.678349393858698,42.15468461521273]},"properties":{"TIPO":"IDRANTE","DEMOPERA":"","FOTO":"","QUOTA":0,"VIA":"VIA DELLA MADONNA","COPERTURA":"ASFALTO","CHIUSINO":"GHISA","DIM_CHIUS":"","NOTE_":"IDRANTE","DIAMETRO":"","OBJECTID":0,"CODICE":"","Z_OBJECTI":null,"Z_CHGCODE":null,"PREV":"0","NEXT":"0","TRACE":0,"MATERIALE":"","STATTUAL":"","TIPOLOGICO":3,"DIAMETRO1":0,"DIAMETRO2":0,"ANGOLO":0,"DATAMODIF":20081015,"ID":"0032104263693000","PATH":"","MODELLO":"http://integragis/ato3peligno/modellazione.asp?cod_tr=0032104263693000","STATON":null,"COMUNE":"","CAPACITA":"","COD_ISTAT":null,"ANNO_POSA":null,"PRODUZIONE":null,"COD_RETI":null}},
{"type":"Feature","geometry":{"type":"Point","coordinates":[13.679369298403339,42.15459613088792]},"properties":{"TIPO":"IDRANTE","DEMOPERA":"","FOTO":"","QUOTA":0,"VIA":"VIA ROMA","COPERTURA":"ASFALTO","CHIUSINO":"GHISA","DIM_CHIUS":"","NOTE_":"IDRANTE","DIAMETRO":"","OBJECTID":0,"CODICE":"","Z_OBJECTI":null,"Z_CHGCODE":null,"PREV":"0","NEXT":"0","TRACE":0,"MATERIALE":"","STATTUAL":"","TIPOLOGICO":3,"DIAMETRO1":0,"DIAMETRO2":0,"ANGOLO":0,"DATAMODIF":20081015,"ID":"0032104263695000","PATH":"","MODELLO":"http://integragis/ato3peligno/modellazione.asp?cod_tr=0032104263695000","STATON":null,"COMUNE":"","CAPACITA":"","COD_ISTAT":null,"ANNO_POSA":null,"PRODUZIONE":null,"COD_RETI":null}},
{"type":"Feature","geometry":{"type":"Point","coordinates":[13.679191094621554,42.15403016620014]},"properties":{"TIPO":"IDRANTE","DEMOPERA":"","FOTO":"","QUOTA":0,"VIA":"VIA ROMA","COPERTURA":"ASFALTO","CHIUSINO":"GHISA","DIM_CHIUS":"","NOTE_":"IDRANTE","DIAMETRO":"","OBJECTID":0,"CODICE":"","Z_OBJECTI":null,"Z_CHGCODE":null,"PREV":"0","NEXT":"0","TRACE":0,"MATERIALE":"","STATTUAL":"","TIPOLOGICO":3,"DIAMETRO1":0,"DIAMETRO2":0,"ANGOLO":0,"DATAMODIF":20081015,"ID":"0032104263699000","PATH":"","MODELLO":"http://integragis/ato3peligno/modellazione.asp?cod_tr=0032104263699000","STATON":null,"COMUNE":"","CAPACITA":"","COD_ISTAT":null,"ANNO_POSA":null,"PRODUZIONE":null,"COD_RETI":null}},
{"type":"Feature","geometry":{"type":"Point","coordinates":[13.679053439288065,42.15321214908782]},"properties":{"TIPO":"IDRANTE","DEMOPERA":"","FOTO":"","QUOTA":0,"VIA":"VIA ROMA","COPERTURA":"ASFALTO","CHIUSINO":"GHISA","DIM_CHIUS":"","NOTE_":"IDRANTE","DIAMETRO":"","OBJECTID":0,"CODICE":"","Z_OBJECTI":null,"Z_CHGCODE":null,"PREV":"0","NEXT":"0","TRACE":0,"MATERIALE":"","STATTUAL":"","TIPOLOGICO":3,"DIAMETRO1":0,"DIAMETRO2":0,"ANGOLO":0,"DATAMODIF":20081015,"ID":"0032104263703000","PATH":"","MODELLO":"http://integragis/ato3peligno/modellazione.asp?cod_tr=0032104263703000","STATON":null,"COMUNE":"","CAPACITA":"","COD_ISTAT":null,"ANNO_POSA":null,"PRODUZIONE":null,"COD_RETI":null}},
{"type":"Feature","geometry":{"type":"Point","coordinates":[13.680394349045333,42.15012915921704]},"properties":{"TIPO":"IDRANTE","DEMOPERA":"","FOTO":"","QUOTA":0,"VIA":"","COPERTURA":"ASFALTO","CHIUSINO":"GHISA","DIM_CHIUS":"","NOTE_":"IDRANTE","DIAMETRO":"","OBJECTID":0,"CODICE":"5650","Z_OBJECTI":null,"Z_CHGCODE":null,"PREV":"0","NEXT":"0","TRACE":0,"MATERIALE":"","STATTUAL":"","TIPOLOGICO":3,"DIAMETRO1":0,"DIAMETRO2":0,"ANGOLO":0,"DATAMODIF":20081015,"ID":"0032104263754000","PATH":"http://integragis/ato3peligno/foto.asp?ID_STR=5650","MODELLO":"http://integragis/ato3peligno/modellazione.asp?cod_tr=0032104263754000","STATON":null,"COMUNE":"","CAPACITA":"","COD_ISTAT":null,"ANNO_POSA":null,"PRODUZIONE":null,"COD_RETI":null}},
{"type":"Feature","geometry":{"type":"Point","coordinates":[13.68015914861075,42.15324073040907]},"properties":{"TIPO":"IDRANTE","DEMOPERA":"","FOTO":"","QUOTA":0,"VIA":"","COPERTURA":"ASFALTO","CHIUSINO":"GHISA","DIM_CHIUS":"","NOTE_":"IDRANTE","DIAMETRO":"","OBJECTID":0,"CODICE":"5663","Z_OBJECTI":null,"Z_CHGCODE":null,"PREV":"0","NEXT":"0","TRACE":0,"MATERIALE":"","STATTUAL":"","TIPOLOGICO":3,"DIAMETRO1":0,"DIAMETRO2":0,"ANGOLO":0,"DATAMODIF":20081015,"ID":"0032104263780000","PATH":"http://integragis/ato3peligno/foto.asp?ID_STR=5663","MODELLO":"http://integragis/ato3peligno/modellazione.asp?cod_tr=0032104263780000","STATON":null,"COMUNE":"","CAPACITA":"","COD_ISTAT":null,"ANNO_POSA":null,"PRODUZIONE":null,"COD_RETI":null}},
{"type":"Feature","geometry":{"type":"Point","coordinates":[13.679815579550471,42.15318203100111]},"properties":{"TIPO":"IDRANTE","DEMOPERA":"","FOTO":"","QUOTA":0,"VIA":"VIA ROMA","COPERTURA":"ASFALTO","CHIUSINO":"GHISA","DIM_CHIUS":"","NOTE_":"IDRANTE","DIAMETRO":"","OBJECTID":0,"CODICE":"5662","Z_OBJECTI":null,"Z_CHGCODE":null,"PREV":"0","NEXT":"0","TRACE":0,"MATERIALE":"","STATTUAL":"","TIPOLOGICO":3,"DIAMETRO1":0,"DIAMETRO2":0,"ANGOLO":0,"DATAMODIF":20081015,"ID":"0032104263781000","PATH":"http://integragis/ato3peligno/foto.asp?ID_STR=5662","MODELLO":"http://integragis/ato3peligno/modellazione.asp?cod_tr=0032104263781000","STATON":null,"COMUNE":"","CAPACITA":"","COD_ISTAT":null,"ANNO_POSA":null,"PRODUZIONE":null,"COD_RETI":null}},
{"type":"Feature","geometry":{"type":"Point","coordinates":[13.680784272786887,42.15304846835375]},"properties":{"TIPO":"IDRANTE","DEMOPERA":"","FOTO":"","QUOTA":0,"VIA":"VIA BORGO PLAIOLA","COPERTURA":"ASFALTO","CHIUSINO":"GHISA","DIM_CHIUS":"","NOTE_":"IDRANTE","DIAMETRO":"","OBJECTID":0,"CODICE":"5664","Z_OBJECTI":null,"Z_CHGCODE":null,"PREV":"0","NEXT":"0","TRACE":0,"MATERIALE":"","STATTUAL":"","TIPOLOGICO":3,"DIAMETRO1":0,"DIAMETRO2":0,"ANGOLO":0,"DATAMODIF":20081015,"ID":"0032104263784000","PATH":"http://integragis/ato3peligno/foto.asp?ID_STR=5664","MODELLO":"http://integragis/ato3peligno/modellazione.asp?cod_tr=0032104263784000","STATON":null,"COMUNE":"","CAPACITA":"","COD_ISTAT":null,"ANNO_POSA":null,"PRODUZIONE":null,"COD_RETI":null}},
{"type":"Feature","geometry":{"type":"Point","coordinates":[13.681890823652118,42.15188423840187]},"properties":{"TIPO":"IDRANTE","DEMOPERA":"","FOTO":"","QUOTA":0,"VIA":"VIA DELLA CONA","COPERTURA":"ASFALTO","CHIUSINO":"GHISA","DIM_CHIUS":"","NOTE_":"IDRANTE","DIAMETRO":"50","OBJECTID":0,"CODICE":"5671","Z_OBJECTI":null,"Z_CHGCODE":null,"PREV":"0","NEXT":"0","TRACE":0,"MATERIALE":"","STATTUAL":"","TIPOLOGICO":3,"DIAMETRO1":0,"DIAMETRO2":0,"ANGOLO":0,"DATAMODIF":20081015,"ID":"0032104263796000","PATH":"http://integragis/ato3peligno/foto.asp?ID_STR=5671","MODELLO":"http://integragis/ato3peligno/modellazione.asp?cod_tr=0032104263796000","STATON":null,"COMUNE":"","CAPACITA":"","COD_ISTAT":null,"ANNO_POSA":null,"PRODUZIONE":null,"COD_RETI":null}},
{"type":"Feature","geometry":{"type":"Point","coordinates":[13.679478668919264,42.15473745752324]},"properties":{"TIPO":"IDRANTE","DEMOPERA":"","FOTO":"","QUOTA":0,"VIA":"VIA ROMA","COPERTURA":"ASFALTO","CHIUSINO":"GHISA","DIM_CHIUS":"","NOTE_":"IDRANTE","DIAMETRO":"","OBJECTID":0,"CODICE":"","Z_OBJECTI":null,"Z_CHGCODE":null,"PREV":"0","NEXT":"0","TRACE":0,"MATERIALE":"","STATTUAL":"","TIPOLOGICO":3,"DIAMETRO1":0,"DIAMETRO2":0,"ANGOLO":0,"DATAMODIF":20081015,"ID":"0032104263873000","PATH":"","MODELLO":"http://integragis/ato3peligno/modellazione.asp?cod_tr=0032104263873000","STATON":null,"COMUNE":"","CAPACITA":"","COD_ISTAT":null,"ANNO_POSA":null,"PRODUZIONE":null,"COD_RETI":null}},
{"type":"Feature","geometry":{"type":"Point","coordinates":[13.83690501037923,41.93619326112257]},"properties":{"TIPO":"IDRANTE","DEMOPERA":"","FOTO":"","QUOTA":0,"VIA":"","COPERTURA":"ASFALTO","CHIUSINO":"GHISA","DIM_CHIUS":"","NOTE_":"IDRANTE","DIAMETRO":"","OBJECTID":0,"CODICE":"","Z_OBJECTI":null,"Z_CHGCODE":null,"PREV":"0","NEXT":"0","TRACE":0,"MATERIALE":"","STATTUAL":"","TIPOLOGICO":3,"DIAMETRO1":0,"DIAMETRO2":0,"ANGOLO":0,"DATAMODIF":20081021,"ID":"0032395051915000","PATH":"","MODELLO":"http://integragis/ato3peligno/modellazione.asp?cod_tr=0032395051915000","STATON":null,"COMUNE":"","CAPACITA":"","COD_ISTAT":null,"ANNO_POSA":null,"PRODUZIONE":null,"COD_RETI":null}},
{"type":"Feature","geometry":{"type":"Point","coordinates":[13.837175212755204,41.93606514104418]},"properties":{"TIPO":"IDRANTE","DEMOPERA":"","FOTO":"","QUOTA":0,"VIA":"","COPERTURA":"ASFALTO","CHIUSINO":"GHISA","DIM_CHIUS":"","NOTE_":"idrante","DIAMETRO":"","OBJECTID":0,"CODICE":"","Z_OBJECTI":null,"Z_CHGCODE":null,"PREV":"0","NEXT":"0","TRACE":0,"MATERIALE":"","STATTUAL":"","TIPOLOGICO":3,"DIAMETRO1":0,"DIAMETRO2":0,"ANGOLO":0,"DATAMODIF":20081021,"ID":"0032395051917000","PATH":"","MODELLO":"http://integragis/ato3peligno/modellazione.asp?cod_tr=0032395051917000","STATON":null,"COMUNE":"","CAPACITA":"","COD_ISTAT":null,"ANNO_POSA":null,"PRODUZIONE":null,"COD_RETI":null}},
{"type":"Feature","geometry":{"type":"Point","coordinates":[13.835555389946476,41.93619533169987]},"properties":{"TIPO":"IDRANTE","DEMOPERA":"","FOTO":"","QUOTA":0,"VIA":"VIA GALANTE","COPERTURA":"ASFALTO","CHIUSINO":"GHISA","DIM_CHIUS":"","NOTE_":"IDRANTE","DIAMETRO":"","OBJECTID":0,"CODICE":"","Z_OBJECTI":null,"Z_CHGCODE":null,"PREV":"0","NEXT":"0","TRACE":0,"MATERIALE":"","STATTUAL":"","TIPOLOGICO":3,"DIAMETRO1":0,"DIAMETRO2":0,"ANGOLO":0,"DATAMODIF":20081021,"ID":"0032395051931000","PATH":"","MODELLO":"http://integragis/ato3peligno/modellazione.asp?cod_tr=0032395051931000","STATON":null,"COMUNE":"","CAPACITA":"","COD_ISTAT":null,"ANNO_POSA":null,"PRODUZIONE":null,"COD_RETI":null}},
{"type":"Feature","geometry":{"type":"Point","coordinates":[13.83579824083624,41.936455554595305]},"properties":{"TIPO":"IDRANTE","DEMOPERA":"","FOTO":"","QUOTA":0,"VIA":"","COPERTURA":"ASFALTO","CHIUSINO":"GHISA","DIM_CHIUS":"","NOTE_":"idrante","DIAMETRO":"","OBJECTID":0,"CODICE":"","Z_OBJECTI":null,"Z_CHGCODE":null,"PREV":"0","NEXT":"0","TRACE":0,"MATERIALE":"","STATTUAL":"","TIPOLOGICO":3,"DIAMETRO1":0,"DIAMETRO2":0,"ANGOLO":0,"DATAMODIF":20081021,"ID":"0032395051936000","PATH":"","MODELLO":"http://integragis/ato3peligno/modellazione.asp?cod_tr=0032395051936000","STATON":null,"COMUNE":"","CAPACITA":"","COD_ISTAT":null,"ANNO_POSA":null,"PRODUZIONE":null,"COD_RETI":null}},
{"type":"Feature","geometry":{"type":"Point","coordinates":[13.83856894980408,41.934889406282096]},"properties":{"TIPO":"IDRANTE","DEMOPERA":"","FOTO":"","QUOTA":0,"VIA":"","COPERTURA":"ASFALTO","CHIUSINO":"GHISA","DIM_CHIUS":"","NOTE_":"IDRANTE","DIAMETRO":"","OBJECTID":0,"CODICE":"","Z_OBJECTI":null,"Z_CHGCODE":null,"PREV":"0","NEXT":"0","TRACE":0,"MATERIALE":"","STATTUAL":"","TIPOLOGICO":3,"DIAMETRO1":0,"DIAMETRO2":0,"ANGOLO":0,"DATAMODIF":20081021,"ID":"0032395051979000","PATH":"","MODELLO":"http://integragis/ato3peligno/modellazione.asp?cod_tr=0032395051979000","STATON":null,"COMUNE":"","CAPACITA":"","COD_ISTAT":null,"ANNO_POSA":null,"PRODUZIONE":null,"COD_RETI":null}},
{"type":"Feature","geometry":{"type":"Point","coordinates":[13.83767817550843,41.93553491803699]},"properties":{"TIPO":"IDRANTE","DEMOPERA":"","FOTO":"","QUOTA":0,"VIA":"VIA ERNESTO GROSSI","COPERTURA":"ASFALTO","CHIUSINO":"GHISA","DIM_CHIUS":"","NOTE_":"IDRANTE","DIAMETRO":"","OBJECTID":0,"CODICE":"","Z_OBJECTI":null,"Z_CHGCODE":null,"PREV":"0","NEXT":"0","TRACE":0,"MATERIALE":"","STATTUAL":"","TIPOLOGICO":3,"DIAMETRO1":0,"DIAMETRO2":0,"ANGOLO":0,"DATAMODIF":20081021,"ID":"0032395051980000","PATH":"","MODELLO":"http://integragis/ato3peligno/modellazione.asp?cod_tr=0032395051980000","STATON":null,"COMUNE":"","CAPACITA":"","COD_ISTAT":null,"ANNO_POSA":null,"PRODUZIONE":null,"COD_RETI":null}},
{"type":"Feature","geometry":{"type":"Point","coordinates":[13.84192175276736,41.934913480264576]},"properties":{"TIPO":"IDRANTE","DEMOPERA":"","FOTO":"","QUOTA":0,"VIA":"","COPERTURA":"ASFALTO","CHIUSINO":"GHISA","DIM_CHIUS":"","NOTE_":"IDRANTE","DIAMETRO":"","OBJECTID":0,"CODICE":"","Z_OBJECTI":null,"Z_CHGCODE":null,"PREV":"0","NEXT":"0","TRACE":0,"MATERIALE":"","STATTUAL":"","TIPOLOGICO":3,"DIAMETRO1":0,"DIAMETRO2":0,"ANGOLO":0,"DATAMODIF":20081021,"ID":"0032395052086000","PATH":"","MODELLO":"http://integragis/ato3peligno/modellazione.asp?cod_tr=0032395052086000","STATON":null,"COMUNE":"","CAPACITA":"","COD_ISTAT":null,"ANNO_POSA":null,"PRODUZIONE":null,"COD_RETI":null}},
{"type":"Feature","geometry":{"type":"Point","coordinates":[13.836780250085894,41.935870538155584]},"properties":{"TIPO":"IDRANTE","DEMOPERA":"","FOTO":"","QUOTA":0,"VIA":"","COPERTURA":"ASFALTO","CHIUSINO":"GHISA","DIM_CHIUS":"","NOTE_":"IDRANTE","DIAMETRO":"","OBJECTID":0,"CODICE":"","Z_OBJECTI":null,"Z_CHGCODE":null,"PREV":"0","NEXT":"0","TRACE":0,"MATERIALE":"","STATTUAL":"","TIPOLOGICO":3,"DIAMETRO1":0,"DIAMETRO2":0,"ANGOLO":0,"DATAMODIF":20081021,"ID":"0032395052105000","PATH":"","MODELLO":"http://integragis/ato3peligno/modellazione.asp?cod_tr=0032395052105000","STATON":null,"COMUNE":"","CAPACITA":"","COD_ISTAT":null,"ANNO_POSA":null,"PRODUZIONE":null,"COD_RETI":null}},
{"type":"Feature","geometry":{"type":"Point","coordinates":[13.835689731373403,41.935784811952175]},"properties":{"TIPO":"IDRANTE","DEMOPERA":"","FOTO":"","QUOTA":0,"VIA":"VIA GIUSEPPE CARANFA","COPERTURA":"ASFALTO","CHIUSINO":"GHISA","DIM_CHIUS":"","NOTE_":"IDRANTE","DIAMETRO":"","OBJECTID":0,"CODICE":"","Z_OBJECTI":null,"Z_CHGCODE":null,"PREV":"0","NEXT":"0","TRACE":0,"MATERIALE":"","STATTUAL":"","TIPOLOGICO":3,"DIAMETRO1":0,"DIAMETRO2":0,"ANGOLO":0,"DATAMODIF":20081021,"ID":"0032395052106000","PATH":"","MODELLO":"http://integragis/ato3peligno/modellazione.asp?cod_tr=0032395052106000","STATON":null,"COMUNE":"","CAPACITA":"","COD_ISTAT":null,"ANNO_POSA":null,"PRODUZIONE":null,"COD_RETI":null}},
{"type":"Feature","geometry":{"type":"Point","coordinates":[14.011661132327067,42.003708211900936]},"properties":{"TIPO":"IDRANTE","DEMOPERA":"","FOTO":"","QUOTA":835,"VIA":"VIA CIVITELLA","COPERTURA":"ASFALTO","CHIUSINO":"","DIM_CHIUS":"","NOTE_":"IDRANTE","DIAMETRO":"","OBJECTID":0,"CODICE":"","Z_OBJECTI":0,"Z_CHGCODE":0,"PREV":"0031664986618000","NEXT":"0031664986619000","TRACE":1,"MATERIALE":"","STATTUAL":"","TIPOLOGICO":3,"DIAMETRO1":0,"DIAMETRO2":0,"ANGOLO":0,"DATAMODIF":20080901,"ID":"0031664262678000","PATH":"","MODELLO":"http://integragis/ato3peligno/modellazione.asp?cod_tr=0031664262678000","STATON":null,"COMUNE":"","CAPACITA":"","COD_ISTAT":null,"ANNO_POSA":null,"PRODUZIONE":null,"COD_RETI":null}},
{"type":"Feature","geometry":{"type":"Point","coordinates":[14.016916531740177,42.00196025136454]},"properties":{"TIPO":"IDRANTE","DEMOPERA":"","FOTO":"","QUOTA":860,"VIA":"STRADA DA DENOMINARE","COPERTURA":"ASFALTO","CHIUSINO":"","DIM_CHIUS":"","NOTE_":"IDRANTE","DIAMETRO":"","OBJECTID":0,"CODICE":"","Z_OBJECTI":0,"Z_CHGCODE":0,"PREV":"0031664986211000","NEXT":"0031664986212000","TRACE":1,"MATERIALE":"","STATTUAL":"","TIPOLOGICO":3,"DIAMETRO1":0,"DIAMETRO2":0,"ANGOLO":0,"DATAMODIF":20080901,"ID":"0031664262696000","PATH":"","MODELLO":"http://integragis/ato3peligno/modellazione.asp?cod_tr=0031664262696000","STATON":null,"COMUNE":"","CAPACITA":"","COD_ISTAT":null,"ANNO_POSA":null,"PRODUZIONE":null,"COD_RETI":null}},
{"type":"Feature","geometry":{"type":"Point","coordinates":[14.01742064083859,42.00157627816088]},"properties":{"TIPO":"IDRANTE","DEMOPERA":"","FOTO":"","QUOTA":865,"VIA":"STRADA DA DENOMINARE","COPERTURA":"ASFALTO","CHIUSINO":"","DIM_CHIUS":"","NOTE_":"IDRANTE","DIAMETRO":"","OBJECTID":0,"CODICE":"","Z_OBJECTI":0,"Z_CHGCODE":0,"PREV":"0031664986819000","NEXT":"0031664986820000","TRACE":1,"MATERIALE":"","STATTUAL":"","TIPOLOGICO":3,"DIAMETRO1":0,"DIAMETRO2":0,"ANGOLO":0,"DATAMODIF":20080901,"ID":"0031664262697000","PATH":"","MODELLO":"http://integragis/ato3peligno/modellazione.asp?cod_tr=0031664262697000","STATON":null,"COMUNE":"","CAPACITA":"","COD_ISTAT":null,"ANNO_POSA":null,"PRODUZIONE":null,"COD_RETI":null}},
{"type":"Feature","geometry":{"type":"Point","coordinates":[14.015867696102315,42.00068777915845]},"properties":{"TIPO":"IDRANTE","DEMOPERA":"","FOTO":"","QUOTA":860,"VIA":"STRADA DA DENOMINARE","COPERTURA":"ASFALTO","CHIUSINO":"","DIM_CHIUS":"","NOTE_":"IDRANTE","DIAMETRO":"","OBJECTID":0,"CODICE":"","Z_OBJECTI":0,"Z_CHGCODE":0,"PREV":"0031664986302000","NEXT":"0031664986303000","TRACE":1,"MATERIALE":"","STATTUAL":"","TIPOLOGICO":3,"DIAMETRO1":0,"DIAMETRO2":0,"ANGOLO":0,"DATAMODIF":20080901,"ID":"0031664262698000","PATH":"","MODELLO":"http://integragis/ato3peligno/modellazione.asp?cod_tr=0031664262698000","STATON":null,"COMUNE":"","CAPACITA":"","COD_ISTAT":null,"ANNO_POSA":null,"PRODUZIONE":null,"COD_RETI":null}},
{"type":"Feature","geometry":{"type":"Point","coordinates":[14.015143347230362,42.00099066947772]},"properties":{"TIPO":"IDRANTE","DEMOPERA":"","FOTO":"","QUOTA":855,"VIA":"STRADA DA DENOMINARE","COPERTURA":"ASFALTO","CHIUSINO":"","DIM_CHIUS":"","NOTE_":"IDRANTE","DIAMETRO":"","OBJECTID":0,"CODICE":"","Z_OBJECTI":0,"Z_CHGCODE":0,"PREV":"0031664986217000","NEXT":"0031664986218000","TRACE":1,"MATERIALE":"","STATTUAL":"","TIPOLOGICO":3,"DIAMETRO1":0,"DIAMETRO2":0,"ANGOLO":0,"DATAMODIF":20080901,"ID":"0031664262699000","PATH":"","MODELLO":"http://integragis/ato3peligno/modellazione.asp?cod_tr=0031664262699000","STATON":null,"COMUNE":"","CAPACITA":"","COD_ISTAT":null,"ANNO_POSA":null,"PRODUZIONE":null,"COD_RETI":null}},
{"type":"Feature","geometry":{"type":"Point","coordinates":[14.01228367462514,42.00298791899281]},"properties":{"TIPO":"IDRANTE","DEMOPERA":"","FOTO":"","QUOTA":835,"VIA":"VIA DELL EMIGRANTE","COPERTURA":"ASFALTO","CHIUSINO":"","DIM_CHIUS":"","NOTE_":"IDRANTE","DIAMETRO":"","OBJECTID":0,"CODICE":"","Z_OBJECTI":0,"Z_CHGCODE":0,"PREV":"0031664986704000","NEXT":"0","TRACE":1,"MATERIALE":"","STATTUAL":"","TIPOLOGICO":3,"DIAMETRO1":0,"DIAMETRO2":0,"ANGOLO":0,"DATAMODIF":20080901,"ID":"0031664262702000","PATH":"","MODELLO":"http://integragis/ato3peligno/modellazione.asp?cod_tr=0031664262702000","STATON":null,"COMUNE":"","CAPACITA":"","COD_ISTAT":null,"ANNO_POSA":null,"PRODUZIONE":null,"COD_RETI":null}},
{"type":"Feature","geometry":{"type":"Point","coordinates":[14.114901183489533,41.77846113199948]},"properties":{"TIPO":"IDRANTE","DEMOPERA":"","FOTO":"","QUOTA":0,"VIA":"","COPERTURA":"ASFALTO","CHIUSINO":"GHISA","DIM_CHIUS":"","NOTE_":"idrante","DIAMETRO":"","OBJECTID":0,"CODICE":"","Z_OBJECTI":null,"Z_CHGCODE":1,"PREV":"0","NEXT":"0","TRACE":0,"MATERIALE":"","STATTUAL":"","TIPOLOGICO":3,"DIAMETRO1":0,"DIAMETRO2":0,"ANGOLO":0,"DATAMODIF":20081124,"ID":"0032505868715000","PATH":"","MODELLO":"http://integragis/ato3peligno/modellazione.asp?cod_tr=0032505868715000","STATON":null,"COMUNE":"","CAPACITA":"","COD_ISTAT":null,"ANNO_POSA":null,"PRODUZIONE":null,"COD_RETI":null}},
{"type":"Feature","geometry":{"type":"Point","coordinates":[14.10857042535569,41.785783062488534]},"properties":{"TIPO":"IDRANTE","DEMOPERA":"","FOTO":"","QUOTA":0,"VIA":"","COPERTURA":"ASFALTO","CHIUSINO":"GHISA","DIM_CHIUS":"","NOTE_":"idrante","DIAMETRO":"","OBJECTID":0,"CODICE":"","Z_OBJECTI":null,"Z_CHGCODE":1,"PREV":"0","NEXT":"0","TRACE":0,"MATERIALE":"","STATTUAL":"","TIPOLOGICO":3,"DIAMETRO1":0,"DIAMETRO2":0,"ANGOLO":0,"DATAMODIF":20081124,"ID":"0032505868894000","PATH":"","MODELLO":"http://integragis/ato3peligno/modellazione.asp?cod_tr=0032505868894000","STATON":null,"COMUNE":"","CAPACITA":"","COD_ISTAT":null,"ANNO_POSA":null,"PRODUZIONE":null,"COD_RETI":null}},
{"type":"Feature","geometry":{"type":"Point","coordinates":[14.109377127890644,41.78309762872034]},"properties":{"TIPO":"IDRANTE","DEMOPERA":"","FOTO":"","QUOTA":0,"VIA":"","COPERTURA":"ASFALTO","CHIUSINO":"GHISA","DIM_CHIUS":"","NOTE_":"idrante","DIAMETRO":"","OBJECTID":0,"CODICE":"","Z_OBJECTI":null,"Z_CHGCODE":1,"PREV":"0","NEXT":"0","TRACE":0,"MATERIALE":"","STATTUAL":"","TIPOLOGICO":3,"DIAMETRO1":0,"DIAMETRO2":0,"ANGOLO":0,"DATAMODIF":20081124,"ID":"0032505868997000","PATH":"","MODELLO":"http://integragis/ato3peligno/modellazione.asp?cod_tr=0032505868997000","STATON":null,"COMUNE":"","CAPACITA":"","COD_ISTAT":null,"ANNO_POSA":null,"PRODUZIONE":null,"COD_RETI":null}},
{"type":"Feature","geometry":{"type":"Point","coordinates":[14.11034743251944,41.78115527772723]},"properties":{"TIPO":"IDRANTE","DEMOPERA":"","FOTO":"","QUOTA":0,"VIA":"","COPERTURA":"ASFALTO","CHIUSINO":"GHISA","DIM_CHIUS":"","NOTE_":"idrante","DIAMETRO":"","OBJECTID":0,"CODICE":"","Z_OBJECTI":null,"Z_CHGCODE":1,"PREV":"0","NEXT":"0","TRACE":0,"MATERIALE":"","STATTUAL":"","TIPOLOGICO":3,"DIAMETRO1":0,"DIAMETRO2":0,"ANGOLO":0,"DATAMODIF":20081124,"ID":"0032505869000000","PATH":"","MODELLO":"http://integragis/ato3peligno/modellazione.asp?cod_tr=0032505869000000","STATON":null,"COMUNE":"","CAPACITA":"","COD_ISTAT":null,"ANNO_POSA":null,"PRODUZIONE":null,"COD_RETI":null}},
{"type":"Feature","geometry":{"type":"Point","coordinates":[14.112299160500273,41.7785290498711]},"properties":{"TIPO":"IDRANTE","DEMOPERA":"","FOTO":"","QUOTA":0,"VIA":"","COPERTURA":"ASFALTO","CHIUSINO":"GHISA","DIM_CHIUS":"","NOTE_":"idrante","DIAMETRO":"","OBJECTID":0,"CODICE":"","Z_OBJECTI":null,"Z_CHGCODE":1,"PREV":"0","NEXT":"0","TRACE":0,"MATERIALE":"","STATTUAL":"","TIPOLOGICO":3,"DIAMETRO1":0,"DIAMETRO2":0,"ANGOLO":0,"DATAMODIF":20081124,"ID":"0032505869005000","PATH":"","MODELLO":"http://integragis/ato3peligno/modellazione.asp?cod_tr=0032505869005000","STATON":null,"COMUNE":"","CAPACITA":"","COD_ISTAT":null,"ANNO_POSA":null,"PRODUZIONE":null,"COD_RETI":null}},
{"type":"Feature","geometry":{"type":"Point","coordinates":[14.109752242623925,41.78234224019694]},"properties":{"TIPO":"IDRANTE","DEMOPERA":"","FOTO":"","QUOTA":0,"VIA":"","COPERTURA":"ASFALTO","CHIUSINO":"GHISA","DIM_CHIUS":"","NOTE_":"idrante","DIAMETRO":"","OBJECTID":0,"CODICE":"","Z_OBJECTI":null,"Z_CHGCODE":1,"PREV":"0","NEXT":"0","TRACE":0,"MATERIALE":"","STATTUAL":"","TIPOLOGICO":3,"DIAMETRO1":0,"DIAMETRO2":0,"ANGOLO":0,"DATAMODIF":20081124,"ID":"0032505869042000","PATH":"","MODELLO":"http://integragis/ato3peligno/modellazione.asp?cod_tr=0032505869042000","STATON":null,"COMUNE":"","CAPACITA":"","COD_ISTAT":null,"ANNO_POSA":null,"PRODUZIONE":null,"COD_RETI":null}},
{"type":"Feature","geometry":{"type":"Point","coordinates":[14.108597445397663,41.783953236870076]},"properties":{"TIPO":"IDRANTE","DEMOPERA":"","FOTO":"","QUOTA":0,"VIA":"","COPERTURA":"ASFALTO","CHIUSINO":"GHISA","DIM_CHIUS":"","NOTE_":"idrante","DIAMETRO":"","OBJECTID":0,"CODICE":"","Z_OBJECTI":null,"Z_CHGCODE":1,"PREV":"0","NEXT":"0","TRACE":0,"MATERIALE":"","STATTUAL":"","TIPOLOGICO":3,"DIAMETRO1":0,"DIAMETRO2":0,"ANGOLO":0,"DATAMODIF":20081124,"ID":"0032505869128000","PATH":"","MODELLO":"http://integragis/ato3peligno/modellazione.asp?cod_tr=0032505869128000","STATON":null,"COMUNE":"","CAPACITA":"","COD_ISTAT":null,"ANNO_POSA":null,"PRODUZIONE":null,"COD_RETI":null}},
{"type":"Feature","geometry":{"type":"Point","coordinates":[14.108302488249441,41.78474584545233]},"properties":{"TIPO":"IDRANTE","DEMOPERA":"","FOTO":"","QUOTA":0,"VIA":"","COPERTURA":"ASFALTO","CHIUSINO":"GHISA","DIM_CHIUS":"","NOTE_":"idrante","DIAMETRO":"","OBJECTID":0,"CODICE":"","Z_OBJECTI":null,"Z_CHGCODE":1,"PREV":"0","NEXT":"0","TRACE":0,"MATERIALE":"","STATTUAL":"","TIPOLOGICO":3,"DIAMETRO1":0,"DIAMETRO2":0,"ANGOLO":0,"DATAMODIF":20081124,"ID":"0032505869129000","PATH":"","MODELLO":"http://integragis/ato3peligno/modellazione.asp?cod_tr=0032505869129000","STATON":null,"COMUNE":"","CAPACITA":"","COD_ISTAT":null,"ANNO_POSA":null,"PRODUZIONE":null,"COD_RETI":null}},
{"type":"Feature","geometry":{"type":"Point","coordinates":[14.107513389766428,41.7853459967593]},"properties":{"TIPO":"IDRANTE","DEMOPERA":"","FOTO":"","QUOTA":0,"VIA":"","COPERTURA":"ASFALTO","CHIUSINO":"GHISA","DIM_CHIUS":"","NOTE_":"idrante","DIAMETRO":"","OBJECTID":0,"CODICE":"","Z_OBJECTI":null,"Z_CHGCODE":1,"PREV":"0","NEXT":"0","TRACE":0,"MATERIALE":"","STATTUAL":"","TIPOLOGICO":3,"DIAMETRO1":0,"DIAMETRO2":0,"ANGOLO":0,"DATAMODIF":20081124,"ID":"0032505869133000","PATH":"","MODELLO":"http://integragis/ato3peligno/modellazione.asp?cod_tr=0032505869133000","STATON":null,"COMUNE":"","CAPACITA":"","COD_ISTAT":null,"ANNO_POSA":null,"PRODUZIONE":null,"COD_RETI":null}},
{"type":"Feature","geometry":{"type":"Point","coordinates":[14.10543644963789,41.78804939332672]},"properties":{"TIPO":"IDRANTE","DEMOPERA":"","FOTO":"","QUOTA":0,"VIA":"","COPERTURA":"ASFALTO","CHIUSINO":"GHISA","DIM_CHIUS":"","NOTE_":"idrante","DIAMETRO":"","OBJECTID":0,"CODICE":"","Z_OBJECTI":null,"Z_CHGCODE":1,"PREV":"0","NEXT":"0","TRACE":0,"MATERIALE":"","STATTUAL":"","TIPOLOGICO":3,"DIAMETRO1":0,"DIAMETRO2":0,"ANGOLO":0,"DATAMODIF":20081124,"ID":"0032505869140000","PATH":"","MODELLO":"http://integragis/ato3peligno/modellazione.asp?cod_tr=0032505869140000","STATON":null,"COMUNE":"","CAPACITA":"","COD_ISTAT":null,"ANNO_POSA":null,"PRODUZIONE":null,"COD_RETI":null}},
{"type":"Feature","geometry":{"type":"Point","coordinates":[14.06587237300063,41.88668509111551]},"properties":{"TIPO":"IDRANTE","DEMOPERA":"","FOTO":"","QUOTA":1369.99999934,"VIA":"PIAZZALE ARTISTI PESCOLANI","COPERTURA":"ASFALTO","CHIUSINO":"GHISA","DIM_CHIUS":"","NOTE_":"idrante","DIAMETRO":"","OBJECTID":0,"CODICE":"","Z_OBJECTI":null,"Z_CHGCODE":null,"PREV":"0","NEXT":"0","TRACE":0,"MATERIALE":"","STATTUAL":"","TIPOLOGICO":3,"DIAMETRO1":0,"DIAMETRO2":0,"ANGOLO":0,"DATAMODIF":20081106,"ID":"0032323084869000","PATH":"","MODELLO":"http://integragis/ato3peligno/modellazione.asp?cod_tr=0032323084869000","STATON":null,"COMUNE":"","CAPACITA":"","COD_ISTAT":null,"ANNO_POSA":null,"PRODUZIONE":null,"COD_RETI":null}},
{"type":"Feature","geometry":{"type":"Point","coordinates":[14.065376315392651,41.88924860412465]},"properties":{"TIPO":"IDRANTE","DEMOPERA":"","FOTO":"","QUOTA":1360.00000046,"VIA":"STRADA VULPES","COPERTURA":"ASFALTO","CHIUSINO":"GHISA","DIM_CHIUS":"","NOTE_":"idrante","DIAMETRO":"","OBJECTID":0,"CODICE":"","Z_OBJECTI":null,"Z_CHGCODE":null,"PREV":"0","NEXT":"0","TRACE":0,"MATERIALE":"","STATTUAL":"","TIPOLOGICO":3,"DIAMETRO1":0,"DIAMETRO2":0,"ANGOLO":0,"DATAMODIF":20081106,"ID":"0032323084952000","PATH":"","MODELLO":"http://integragis/ato3peligno/modellazione.asp?cod_tr=0032323084952000","STATON":null,"COMUNE":"","CAPACITA":"","COD_ISTAT":null,"ANNO_POSA":null,"PRODUZIONE":null,"COD_RETI":null}},
{"type":"Feature","geometry":{"type":"Point","coordinates":[14.063860393432254,41.889081549409966]},"properties":{"TIPO":"IDRANTE","DEMOPERA":"","FOTO":"","QUOTA":1379.99999966,"VIA":"VIA FONTANA MAGGIORE","COPERTURA":"ASFALTO","CHIUSINO":"GHISA","DIM_CHIUS":"","NOTE_":"idrante","DIAMETRO":"","OBJECTID":0,"CODICE":"","Z_OBJECTI":null,"Z_CHGCODE":null,"PREV":"0032323476419000","NEXT":"0","TRACE":0,"MATERIALE":"","STATTUAL":"","TIPOLOGICO":3,"DIAMETRO1":0,"DIAMETRO2":0,"ANGOLO":0,"DATAMODIF":20081106,"ID":"0032323084969000","PATH":"","MODELLO":"http://integragis/ato3peligno/modellazione.asp?cod_tr=0032323084969000","STATON":null,"COMUNE":"","CAPACITA":"","COD_ISTAT":null,"ANNO_POSA":null,"PRODUZIONE":null,"COD_RETI":null}},
{"type":"Feature","geometry":{"type":"Point","coordinates":[14.069604727669697,41.8854248541729]},"properties":{"TIPO":"IDRANTE","DEMOPERA":"","FOTO":"","QUOTA":1354.99999957,"VIA":"VIALE ALTOPIANI","COPERTURA":"ASFALTO","CHIUSINO":"GHISA","DIM_CHIUS":"","NOTE_":"idrante","DIAMETRO":"","OBJECTID":0,"CODICE":"","Z_OBJECTI":null,"Z_CHGCODE":null,"PREV":"0","NEXT":"0","TRACE":0,"MATERIALE":"","STATTUAL":"","TIPOLOGICO":3,"DIAMETRO1":0,"DIAMETRO2":0,"ANGOLO":0,"DATAMODIF":20081106,"ID":"0032323084989000","PATH":"","MODELLO":"http://integragis/ato3peligno/modellazione.asp?cod_tr=0032323084989000","STATON":null,"COMUNE":"","CAPACITA":"","COD_ISTAT":null,"ANNO_POSA":null,"PRODUZIONE":null,"COD_RETI":null}},
{"type":"Feature","geometry":{"type":"Point","coordinates":[13.874360509480189,42.09684132545522]},"properties":{"TIPO":"IDRANTE","DEMOPERA":"","FOTO":"","QUOTA":319,"VIA":"VIA CARSO","COPERTURA":"ASFALTO","CHIUSINO":"GHISA","DIM_CHIUS":"","NOTE_":"idrante","DIAMETRO":"","OBJECTID":0,"CODICE":"","Z_OBJECTI":0,"Z_CHGCODE":0,"PREV":"0","NEXT":"0","TRACE":0,"MATERIALE":"","STATTUAL":"","TIPOLOGICO":3,"DIAMETRO1":0,"DIAMETRO2":0,"ANGOLO":0,"DATAMODIF":20080613,"ID":"0030865804428000","PATH":"","MODELLO":"http://integragis/ato3peligno/modellazione.asp?cod_tr=0030865804428000","STATON":null,"COMUNE":"","CAPACITA":"","COD_ISTAT":null,"ANNO_POSA":null,"PRODUZIONE":null,"COD_RETI":null}},
{"type":"Feature","geometry":{"type":"Point","coordinates":[13.872612258999222,42.09618436662326]},"properties":{"TIPO":"IDRANTE","DEMOPERA":"","FOTO":"","QUOTA":317,"VIA":"NAZARIO SAURO","COPERTURA":"ASFALTO","CHIUSINO":"GHISA","DIM_CHIUS":"","NOTE_":"idrante","DIAMETRO":"","OBJECTID":0,"CODICE":"","Z_OBJECTI":0,"Z_CHGCODE":0,"PREV":"0030865847502000","NEXT":"0","TRACE":1,"MATERIALE":"","STATTUAL":"","TIPOLOGICO":3,"DIAMETRO1":0,"DIAMETRO2":0,"ANGOLO":0,"DATAMODIF":20080613,"ID":"0030865804430000","PATH":"","MODELLO":"http://integragis/ato3peligno/modellazione.asp?cod_tr=0030865804430000","STATON":null,"COMUNE":"","CAPACITA":"","COD_ISTAT":null,"ANNO_POSA":null,"PRODUZIONE":null,"COD_RETI":null}},
{"type":"Feature","geometry":{"type":"Point","coordinates":[13.872415811178634,42.09666603019146]},"properties":{"TIPO":"IDRANTE","DEMOPERA":"","FOTO":"","QUOTA":309,"VIA":"VIA DE GASPERI","COPERTURA":"ASFALTO","CHIUSINO":"GHISA","DIM_CHIUS":"","NOTE_":"idrante","DIAMETRO":"","OBJECTID":0,"CODICE":"","Z_OBJECTI":0,"Z_CHGCODE":0,"PREV":"0030865847603000","NEXT":"0030865851717000","TRACE":1,"MATERIALE":"","STATTUAL":"","TIPOLOGICO":3,"DIAMETRO1":0,"DIAMETRO2":0,"ANGOLO":0,"DATAMODIF":20080613,"ID":"0030865804434000","PATH":"","MODELLO":"http://integragis/ato3peligno/modellazione.asp?cod_tr=0030865804434000","STATON":null,"COMUNE":"","CAPACITA":"","COD_ISTAT":null,"ANNO_POSA":null,"PRODUZIONE":null,"COD_RETI":null}},
{"type":"Feature","geometry":{"type":"Point","coordinates":[13.873148680981267,42.09663096321748]},"properties":{"TIPO":"IDRANTE","DEMOPERA":"","FOTO":"","QUOTA":308,"VIA":"VIA NAZARIO SAURO","COPERTURA":"ASFALTO","CHIUSINO":"GHISA","DIM_CHIUS":"","NOTE_":"idrante","DIAMETRO":"","OBJECTID":0,"CODICE":"","Z_OBJECTI":0,"Z_CHGCODE":0,"PREV":"0","NEXT":"0","TRACE":0,"MATERIALE":"","STATTUAL":"","TIPOLOGICO":3,"DIAMETRO1":0,"DIAMETRO2":0,"ANGOLO":0,"DATAMODIF":20080613,"ID":"0030865804439000","PATH":"","MODELLO":"http://integragis/ato3peligno/modellazione.asp?cod_tr=0030865804439000","STATON":null,"COMUNE":"","CAPACITA":"","COD_ISTAT":null,"ANNO_POSA":null,"PRODUZIONE":null,"COD_RETI":null}},
{"type":"Feature","geometry":{"type":"Point","coordinates":[13.872362509972753,42.0975633080163]},"properties":{"TIPO":"IDRANTE","DEMOPERA":"","FOTO":"","QUOTA":302,"VIA":"VIA CIRCONVALLAZIONE OCCIDENTALE","COPERTURA":"ASFALTO","CHIUSINO":"GHISA","DIM_CHIUS":"","NOTE_":"idrante","DIAMETRO":"","OBJECTID":0,"CODICE":"","Z_OBJECTI":0,"Z_CHGCODE":0,"PREV":"0030865851706000","NEXT":"0030865847604000","TRACE":1,"MATERIALE":"","STATTUAL":"","TIPOLOGICO":3,"DIAMETRO1":0,"DIAMETRO2":0,"ANGOLO":0,"DATAMODIF":20080613,"ID":"0030865804491000","PATH":"","MODELLO":"http://integragis/ato3peligno/modellazione.asp?cod_tr=0030865804491000","STATON":null,"COMUNE":"","CAPACITA":"","COD_ISTAT":null,"ANNO_POSA":null,"PRODUZIONE":null,"COD_RETI":null}},
{"type":"Feature","geometry":{"type":"Point","coordinates":[13.873770687066244,42.09423087637811]},"properties":{"TIPO":"IDRANTE","DEMOPERA":"","FOTO":"","QUOTA":346,"VIA":"VIA MONTE CASSINO","COPERTURA":"ASFALTO","CHIUSINO":"GHISA","DIM_CHIUS":"","NOTE_":"idrante","DIAMETRO":"","OBJECTID":0,"CODICE":"","Z_OBJECTI":0,"Z_CHGCODE":0,"PREV":"0","NEXT":"0","TRACE":0,"MATERIALE":"","STATTUAL":"","TIPOLOGICO":3,"DIAMETRO1":0,"DIAMETRO2":0,"ANGOLO":0,"DATAMODIF":20080613,"ID":"0030865804854000","PATH":"","MODELLO":"http://integragis/ato3peligno/modellazione.asp?cod_tr=0030865804854000","STATON":null,"COMUNE":"","CAPACITA":"","COD_ISTAT":null,"ANNO_POSA":null,"PRODUZIONE":null,"COD_RETI":null}},
{"type":"Feature","geometry":{"type":"Point","coordinates":[13.874256047287812,42.093568885422364]},"properties":{"TIPO":"IDRANTE","DEMOPERA":"","FOTO":"","QUOTA":346,"VIA":"VIA MONTELLO","COPERTURA":"ASFALTO","CHIUSINO":"GHISA","DIM_CHIUS":"","NOTE_":"idrante","DIAMETRO":"","OBJECTID":0,"CODICE":"","Z_OBJECTI":0,"Z_CHGCODE":0,"PREV":"0","NEXT":"0","TRACE":0,"MATERIALE":"","STATTUAL":"","TIPOLOGICO":3,"DIAMETRO1":0,"DIAMETRO2":0,"ANGOLO":0,"DATAMODIF":20080613,"ID":"0030865804861000","PATH":"","MODELLO":"http://integragis/ato3peligno/modellazione.asp?cod_tr=0030865804861000","STATON":null,"COMUNE":"","CAPACITA":"","COD_ISTAT":null,"ANNO_POSA":null,"PRODUZIONE":null,"COD_RETI":null}},
{"type":"Feature","geometry":{"type":"Point","coordinates":[13.875082486926209,42.092420938842544]},"properties":{"TIPO":"IDRANTE","DEMOPERA":"","FOTO":"","QUOTA":344,"VIA":"VIA MONTELLO","COPERTURA":"ASFALTO","CHIUSINO":"GHISA","DIM_CHIUS":"","NOTE_":"idrante","DIAMETRO":"","OBJECTID":0,"CODICE":"","Z_OBJECTI":0,"Z_CHGCODE":0,"PREV":"0","NEXT":"0","TRACE":0,"MATERIALE":"","STATTUAL":"","TIPOLOGICO":3,"DIAMETRO1":0,"DIAMETRO2":0,"ANGOLO":0,"DATAMODIF":20080613,"ID":"0030865804862000","PATH":"","MODELLO":"http://integragis/ato3peligno/modellazione.asp?cod_tr=0030865804862000","STATON":null,"COMUNE":"","CAPACITA":"","COD_ISTAT":null,"ANNO_POSA":null,"PRODUZIONE":null,"COD_RETI":null}},
{"type":"Feature","geometry":{"type":"Point","coordinates":[13.933399509420298,42.05349255496556]},"properties":{"TIPO":"IDRANTE","DEMOPERA":"","FOTO":"","QUOTA":0,"VIA":"","COPERTURA":"ASFALTO","CHIUSINO":"GHISA","DIM_CHIUS":"","NOTE_":"idrante","DIAMETRO":"","OBJECTID":0,"CODICE":"","Z_OBJECTI":null,"Z_CHGCODE":null,"PREV":"0","NEXT":"0","TRACE":0,"MATERIALE":"","STATTUAL":"","TIPOLOGICO":3,"DIAMETRO1":0,"DIAMETRO2":0,"ANGOLO":0,"DATAMODIF":20081124,"ID":"0032503841605000","PATH":"","MODELLO":"http://integragis/ato3peligno/modellazione.asp?cod_tr=0032503841605000","STATON":null,"COMUNE":"","CAPACITA":"","COD_ISTAT":null,"ANNO_POSA":null,"PRODUZIONE":null,"COD_RETI":null}},
{"type":"Feature","geometry":{"type":"Point","coordinates":[13.936669051916445,42.05193874173357]},"properties":{"TIPO":"IDRANTE","DEMOPERA":"","FOTO":"","QUOTA":0,"VIA":"","COPERTURA":"ASFALTO","CHIUSINO":"GHISA","DIM_CHIUS":"","NOTE_":"idrante","DIAMETRO":"","OBJECTID":0,"CODICE":"","Z_OBJECTI":null,"Z_CHGCODE":null,"PREV":"0","NEXT":"0","TRACE":0,"MATERIALE":"","STATTUAL":"","TIPOLOGICO":3,"DIAMETRO1":0,"DIAMETRO2":0,"ANGOLO":0,"DATAMODIF":20081124,"ID":"0032503841606000","PATH":"","MODELLO":"http://integragis/ato3peligno/modellazione.asp?cod_tr=0032503841606000","STATON":null,"COMUNE":"","CAPACITA":"","COD_ISTAT":null,"ANNO_POSA":null,"PRODUZIONE":null,"COD_RETI":null}},
{"type":"Feature","geometry":{"type":"Point","coordinates":[13.931969794002823,42.05434198152683]},"properties":{"TIPO":"IDRANTE","DEMOPERA":"","FOTO":"","QUOTA":0,"VIA":"","COPERTURA":"ASFALTO","CHIUSINO":"GHISA","DIM_CHIUS":"","NOTE_":"idrante","DIAMETRO":"","OBJECTID":0,"CODICE":"","Z_OBJECTI":null,"Z_CHGCODE":null,"PREV":"0","NEXT":"0","TRACE":0,"MATERIALE":"","STATTUAL":"","TIPOLOGICO":3,"DIAMETRO1":0,"DIAMETRO2":0,"ANGOLO":0,"DATAMODIF":20081124,"ID":"0032503841619000","PATH":"","MODELLO":"http://integragis/ato3peligno/modellazione.asp?cod_tr=0032503841619000","STATON":null,"COMUNE":"","CAPACITA":"","COD_ISTAT":null,"ANNO_POSA":null,"PRODUZIONE":null,"COD_RETI":null}},
{"type":"Feature","geometry":{"type":"Point","coordinates":[13.931942662306254,42.05432124959122]},"properties":{"TIPO":"IDRANTE","DEMOPERA":"","FOTO":"","QUOTA":0,"VIA":"","COPERTURA":"ASFALTO","CHIUSINO":"GHISA","DIM_CHIUS":"","NOTE_":"idrante","DIAMETRO":"","OBJECTID":0,"CODICE":"","Z_OBJECTI":null,"Z_CHGCODE":null,"PREV":"0","NEXT":"0","TRACE":0,"MATERIALE":"","STATTUAL":"","TIPOLOGICO":3,"DIAMETRO1":0,"DIAMETRO2":0,"ANGOLO":0,"DATAMODIF":20081124,"ID":"0032503841620000","PATH":"","MODELLO":"http://integragis/ato3peligno/modellazione.asp?cod_tr=0032503841620000","STATON":null,"COMUNE":"","CAPACITA":"","COD_ISTAT":null,"ANNO_POSA":null,"PRODUZIONE":null,"COD_RETI":null}},
{"type":"Feature","geometry":{"type":"Point","coordinates":[13.928787368064103,42.05793182413281]},"properties":{"TIPO":"IDRANTE","DEMOPERA":"","FOTO":"","QUOTA":0,"VIA":"","COPERTURA":"ASFALTO","CHIUSINO":"GHISA","DIM_CHIUS":"","NOTE_":"idrante","DIAMETRO":"","OBJECTID":0,"CODICE":"","Z_OBJECTI":null,"Z_CHGCODE":null,"PREV":"0","NEXT":"0","TRACE":0,"MATERIALE":"","STATTUAL":"","TIPOLOGICO":3,"DIAMETRO1":0,"DIAMETRO2":0,"ANGOLO":0,"DATAMODIF":20081124,"ID":"0032503841625000","PATH":"","MODELLO":"http://integragis/ato3peligno/modellazione.asp?cod_tr=0032503841625000","STATON":null,"COMUNE":"","CAPACITA":"","COD_ISTAT":null,"ANNO_POSA":null,"PRODUZIONE":null,"COD_RETI":null}},
{"type":"Feature","geometry":{"type":"Point","coordinates":[13.927349339874008,42.06154142182935]},"properties":{"TIPO":"IDRANTE","DEMOPERA":"","FOTO":"","QUOTA":0,"VIA":"","COPERTURA":"ASFALTO","CHIUSINO":"GHISA","DIM_CHIUS":"","NOTE_":"idrante","DIAMETRO":"","OBJECTID":0,"CODICE":"","Z_OBJECTI":null,"Z_CHGCODE":null,"PREV":"0","NEXT":"0","TRACE":0,"MATERIALE":"","STATTUAL":"","TIPOLOGICO":3,"DIAMETRO1":0,"DIAMETRO2":0,"ANGOLO":0,"DATAMODIF":20081124,"ID":"0032503841636000","PATH":"","MODELLO":"http://integragis/ato3peligno/modellazione.asp?cod_tr=0032503841636000","STATON":null,"COMUNE":"","CAPACITA":"","COD_ISTAT":null,"ANNO_POSA":null,"PRODUZIONE":null,"COD_RETI":null}},
{"type":"Feature","geometry":{"type":"Point","coordinates":[13.935303517351946,42.04683649586647]},"properties":{"TIPO":"IDRANTE","DEMOPERA":"","FOTO":"","QUOTA":0,"VIA":"","COPERTURA":"ASFALTO","CHIUSINO":"GHISA","DIM_CHIUS":"","NOTE_":"idrante","DIAMETRO":"","OBJECTID":0,"CODICE":"","Z_OBJECTI":null,"Z_CHGCODE":null,"PREV":"0","NEXT":"0","TRACE":0,"MATERIALE":"","STATTUAL":"","TIPOLOGICO":3,"DIAMETRO1":0,"DIAMETRO2":0,"ANGOLO":0,"DATAMODIF":20081124,"ID":"0032503841691000","PATH":"","MODELLO":"http://integragis/ato3peligno/modellazione.asp?cod_tr=0032503841691000","STATON":null,"COMUNE":"","CAPACITA":"","COD_ISTAT":null,"ANNO_POSA":null,"PRODUZIONE":null,"COD_RETI":null}},
{"type":"Feature","geometry":{"type":"Point","coordinates":[13.933578151940031,42.04774255119115]},"properties":{"TIPO":"IDRANTE","DEMOPERA":"","FOTO":"","QUOTA":0,"VIA":"","COPERTURA":"ASFALTO","CHIUSINO":"GHISA","DIM_CHIUS":"","NOTE_":"idrante","DIAMETRO":"","OBJECTID":0,"CODICE":"","Z_OBJECTI":null,"Z_CHGCODE":null,"PREV":"0","NEXT":"0","TRACE":0,"MATERIALE":"","STATTUAL":"","TIPOLOGICO":3,"DIAMETRO1":0,"DIAMETRO2":0,"ANGOLO":0,"DATAMODIF":20081124,"ID":"0032503841696000","PATH":"","MODELLO":"http://integragis/ato3peligno/modellazione.asp?cod_tr=0032503841696000","STATON":null,"COMUNE":"","CAPACITA":"","COD_ISTAT":null,"ANNO_POSA":null,"PRODUZIONE":null,"COD_RETI":null}},
{"type":"Feature","geometry":{"type":"Point","coordinates":[13.923417144571555,42.05874399070182]},"properties":{"TIPO":"IDRANTE","DEMOPERA":"","FOTO":"","QUOTA":0,"VIA":"","COPERTURA":"ASFALTO","CHIUSINO":"GHISA","DIM_CHIUS":"","NOTE_":"idrante","DIAMETRO":"","OBJECTID":0,"CODICE":"","Z_OBJECTI":null,"Z_CHGCODE":null,"PREV":"0","NEXT":"0","TRACE":0,"MATERIALE":"","STATTUAL":"","TIPOLOGICO":3,"DIAMETRO1":0,"DIAMETRO2":0,"ANGOLO":0,"DATAMODIF":20081124,"ID":"0032503841708000","PATH":"","MODELLO":"http://integragis/ato3peligno/modellazione.asp?cod_tr=0032503841708000","STATON":null,"COMUNE":"","CAPACITA":"","COD_ISTAT":null,"ANNO_POSA":null,"PRODUZIONE":null,"COD_RETI":null}},
{"type":"Feature","geometry":{"type":"Point","coordinates":[13.926325419791784,42.056288610277406]},"properties":{"TIPO":"IDRANTE","DEMOPERA":"","FOTO":"","QUOTA":0,"VIA":"","COPERTURA":"ASFALTO","CHIUSINO":"GHISA","DIM_CHIUS":"","NOTE_":"idrante","DIAMETRO":"","OBJECTID":0,"CODICE":"","Z_OBJECTI":null,"Z_CHGCODE":null,"PREV":"0","NEXT":"0","TRACE":0,"MATERIALE":"","STATTUAL":"","TIPOLOGICO":3,"DIAMETRO1":0,"DIAMETRO2":0,"ANGOLO":0,"DATAMODIF":20081124,"ID":"0032503841743000","PATH":"","MODELLO":"http://integragis/ato3peligno/modellazione.asp?cod_tr=0032503841743000","STATON":null,"COMUNE":"","CAPACITA":"","COD_ISTAT":null,"ANNO_POSA":null,"PRODUZIONE":null,"COD_RETI":null}},
{"type":"Feature","geometry":{"type":"Point","coordinates":[13.921270983097564,42.058152898955285]},"properties":{"TIPO":"IDRANTE","DEMOPERA":"","FOTO":"","QUOTA":0,"VIA":"","COPERTURA":"ASFALTO","CHIUSINO":"GHISA","DIM_CHIUS":"","NOTE_":"idrante","DIAMETRO":"","OBJECTID":0,"CODICE":"","Z_OBJECTI":null,"Z_CHGCODE":null,"PREV":"0","NEXT":"0","TRACE":0,"MATERIALE":"","STATTUAL":"","TIPOLOGICO":3,"DIAMETRO1":0,"DIAMETRO2":0,"ANGOLO":0,"DATAMODIF":20081124,"ID":"0032503841752000","PATH":"","MODELLO":"http://integragis/ato3peligno/modellazione.asp?cod_tr=0032503841752000","STATON":null,"COMUNE":"","CAPACITA":"","COD_ISTAT":null,"ANNO_POSA":null,"PRODUZIONE":null,"COD_RETI":null}},
{"type":"Feature","geometry":{"type":"Point","coordinates":[13.925243314891686,42.05347429055474]},"properties":{"TIPO":"IDRANTE","DEMOPERA":"","FOTO":"","QUOTA":0,"VIA":"","COPERTURA":"ASFALTO","CHIUSINO":"GHISA","DIM_CHIUS":"","NOTE_":"idrante","DIAMETRO":"","OBJECTID":0,"CODICE":"","Z_OBJECTI":null,"Z_CHGCODE":null,"PREV":"0","NEXT":"0","TRACE":0,"MATERIALE":"","STATTUAL":"","TIPOLOGICO":3,"DIAMETRO1":0,"DIAMETRO2":0,"ANGOLO":0,"DATAMODIF":20081124,"ID":"0032503841766000","PATH":"","MODELLO":"http://integragis/ato3peligno/modellazione.asp?cod_tr=0032503841766000","STATON":null,"COMUNE":"","CAPACITA":"","COD_ISTAT":null,"ANNO_POSA":null,"PRODUZIONE":null,"COD_RETI":null}},
{"type":"Feature","geometry":{"type":"Point","coordinates":[13.921018627961079,42.05877590207153]},"properties":{"TIPO":"IDRANTE","DEMOPERA":"","FOTO":"","QUOTA":0,"VIA":"","COPERTURA":"ASFALTO","CHIUSINO":"GHISA","DIM_CHIUS":"","NOTE_":"idrante","DIAMETRO":"","OBJECTID":0,"CODICE":"","Z_OBJECTI":null,"Z_CHGCODE":null,"PREV":"0","NEXT":"0","TRACE":0,"MATERIALE":"","STATTUAL":"","TIPOLOGICO":3,"DIAMETRO1":0,"DIAMETRO2":0,"ANGOLO":0,"DATAMODIF":20081124,"ID":"0032503841768000","PATH":"","MODELLO":"http://integragis/ato3peligno/modellazione.asp?cod_tr=0032503841768000","STATON":null,"COMUNE":"","CAPACITA":"","COD_ISTAT":null,"ANNO_POSA":null,"PRODUZIONE":null,"COD_RETI":null}},
{"type":"Feature","geometry":{"type":"Point","coordinates":[13.92481401545686,42.053994551991835]},"properties":{"TIPO":"IDRANTE","DEMOPERA":"","FOTO":"","QUOTA":0,"VIA":"","COPERTURA":"ASFALTO","CHIUSINO":"GHISA","DIM_CHIUS":"","NOTE_":"idrante","DIAMETRO":"","OBJECTID":0,"CODICE":"","Z_OBJECTI":null,"Z_CHGCODE":null,"PREV":"0","NEXT":"0","TRACE":0,"MATERIALE":"","STATTUAL":"","TIPOLOGICO":3,"DIAMETRO1":0,"DIAMETRO2":0,"ANGOLO":0,"DATAMODIF":20081124,"ID":"0032503841770000","PATH":"","MODELLO":"http://integragis/ato3peligno/modellazione.asp?cod_tr=0032503841770000","STATON":null,"COMUNE":"","CAPACITA":"","COD_ISTAT":null,"ANNO_POSA":null,"PRODUZIONE":null,"COD_RETI":null}},
{"type":"Feature","geometry":{"type":"Point","coordinates":[13.92832636837347,42.05311417639972]},"properties":{"TIPO":"IDRANTE","DEMOPERA":"","FOTO":"","QUOTA":0,"VIA":"","COPERTURA":"ASFALTO","CHIUSINO":"GHISA","DIM_CHIUS":"","NOTE_":"idrante","DIAMETRO":"","OBJECTID":0,"CODICE":"","Z_OBJECTI":null,"Z_CHGCODE":null,"PREV":"0","NEXT":"0","TRACE":0,"MATERIALE":"","STATTUAL":"","TIPOLOGICO":3,"DIAMETRO1":0,"DIAMETRO2":0,"ANGOLO":0,"DATAMODIF":20081124,"ID":"0032503841773000","PATH":"","MODELLO":"http://integragis/ato3peligno/modellazione.asp?cod_tr=0032503841773000","STATON":null,"COMUNE":"","CAPACITA":"","COD_ISTAT":null,"ANNO_POSA":null,"PRODUZIONE":null,"COD_RETI":null}},
{"type":"Feature","geometry":{"type":"Point","coordinates":[13.925915715491774,42.06304618779374]},"properties":{"TIPO":"IDRANTE","DEMOPERA":"","FOTO":"","QUOTA":0,"VIA":"","COPERTURA":"ASFALTO","CHIUSINO":"GHISA","DIM_CHIUS":"","NOTE_":"idrante","DIAMETRO":"","OBJECTID":0,"CODICE":"","Z_OBJECTI":null,"Z_CHGCODE":null,"PREV":"0","NEXT":"0","TRACE":0,"MATERIALE":"","STATTUAL":"","TIPOLOGICO":3,"DIAMETRO1":0,"DIAMETRO2":0,"ANGOLO":0,"DATAMODIF":20081124,"ID":"0032503841818000","PATH":"","MODELLO":"http://integragis/ato3peligno/modellazione.asp?cod_tr=0032503841818000","STATON":null,"COMUNE":"","CAPACITA":"","COD_ISTAT":null,"ANNO_POSA":null,"PRODUZIONE":null,"COD_RETI":null}},
{"type":"Feature","geometry":{"type":"Point","coordinates":[13.928341307213962,42.05169399528022]},"properties":{"TIPO":"IDRANTE","DEMOPERA":"","FOTO":"","QUOTA":0,"VIA":"","COPERTURA":"ASFALTO","CHIUSINO":"GHISA","DIM_CHIUS":"","NOTE_":"idrante","DIAMETRO":"","OBJECTID":0,"CODICE":"","Z_OBJECTI":null,"Z_CHGCODE":null,"PREV":"0","NEXT":"0","TRACE":0,"MATERIALE":"","STATTUAL":"","TIPOLOGICO":3,"DIAMETRO1":0,"DIAMETRO2":0,"ANGOLO":0,"DATAMODIF":20081124,"ID":"0032503841860000","PATH":"","MODELLO":"http://integragis/ato3peligno/modellazione.asp?cod_tr=0032503841860000","STATON":null,"COMUNE":"","CAPACITA":"","COD_ISTAT":null,"ANNO_POSA":null,"PRODUZIONE":null,"COD_RETI":null}},
{"type":"Feature","geometry":{"type":"Point","coordinates":[13.927793228313814,42.05136175544535]},"properties":{"TIPO":"IDRANTE","DEMOPERA":"","FOTO":"","QUOTA":0,"VIA":"","COPERTURA":"ASFALTO","CHIUSINO":"GHISA","DIM_CHIUS":"","NOTE_":"idrante","DIAMETRO":"","OBJECTID":0,"CODICE":"","Z_OBJECTI":null,"Z_CHGCODE":null,"PREV":"0","NEXT":"0","TRACE":0,"MATERIALE":"","STATTUAL":"","TIPOLOGICO":3,"DIAMETRO1":0,"DIAMETRO2":0,"ANGOLO":0,"DATAMODIF":20081124,"ID":"0032503841862000","PATH":"","MODELLO":"http://integragis/ato3peligno/modellazione.asp?cod_tr=0032503841862000","STATON":null,"COMUNE":"","CAPACITA":"","COD_ISTAT":null,"ANNO_POSA":null,"PRODUZIONE":null,"COD_RETI":null}},
{"type":"Feature","geometry":{"type":"Point","coordinates":[13.92948887595533,42.05071531045194]},"properties":{"TIPO":"IDRANTE","DEMOPERA":"","FOTO":"","QUOTA":0,"VIA":"","COPERTURA":"ASFALTO","CHIUSINO":"GHISA","DIM_CHIUS":"","NOTE_":"idrante","DIAMETRO":"","OBJECTID":0,"CODICE":"","Z_OBJECTI":null,"Z_CHGCODE":null,"PREV":"0","NEXT":"0","TRACE":0,"MATERIALE":"","STATTUAL":"","TIPOLOGICO":3,"DIAMETRO1":0,"DIAMETRO2":0,"ANGOLO":0,"DATAMODIF":20081124,"ID":"0032503841864000","PATH":"","MODELLO":"http://integragis/ato3peligno/modellazione.asp?cod_tr=0032503841864000","STATON":null,"COMUNE":"","CAPACITA":"","COD_ISTAT":null,"ANNO_POSA":null,"PRODUZIONE":null,"COD_RETI":null}},
{"type":"Feature","geometry":{"type":"Point","coordinates":[13.930539160589639,42.051458261071566]},"properties":{"TIPO":"IDRANTE","DEMOPERA":"","FOTO":"","QUOTA":0,"VIA":"","COPERTURA":"ASFALTO","CHIUSINO":"GHISA","DIM_CHIUS":"","NOTE_":"idrante","DIAMETRO":"","OBJECTID":0,"CODICE":"","Z_OBJECTI":null,"Z_CHGCODE":null,"PREV":"0","NEXT":"0","TRACE":0,"MATERIALE":"","STATTUAL":"","TIPOLOGICO":3,"DIAMETRO1":0,"DIAMETRO2":0,"ANGOLO":0,"DATAMODIF":20081124,"ID":"0032503841868000","PATH":"","MODELLO":"http://integragis/ato3peligno/modellazione.asp?cod_tr=0032503841868000","STATON":null,"COMUNE":"","CAPACITA":"","COD_ISTAT":null,"ANNO_POSA":null,"PRODUZIONE":null,"COD_RETI":null}},
{"type":"Feature","geometry":{"type":"Point","coordinates":[13.931261503257343,42.05046322290967]},"properties":{"TIPO":"IDRANTE","DEMOPERA":"","FOTO":"","QUOTA":0,"VIA":"","COPERTURA":"ASFALTO","CHIUSINO":"GHISA","DIM_CHIUS":"","NOTE_":"idrante","DIAMETRO":"","OBJECTID":0,"CODICE":"","Z_OBJECTI":null,"Z_CHGCODE":null,"PREV":"0","NEXT":"0","TRACE":0,"MATERIALE":"","STATTUAL":"","TIPOLOGICO":3,"DIAMETRO1":0,"DIAMETRO2":0,"ANGOLO":0,"DATAMODIF":20081124,"ID":"0032503841870000","PATH":"","MODELLO":"http://integragis/ato3peligno/modellazione.asp?cod_tr=0032503841870000","STATON":null,"COMUNE":"","CAPACITA":"","COD_ISTAT":null,"ANNO_POSA":null,"PRODUZIONE":null,"COD_RETI":null}},
{"type":"Feature","geometry":{"type":"Point","coordinates":[13.930720806299306,42.0532354220772]},"properties":{"TIPO":"IDRANTE","DEMOPERA":"","FOTO":"","QUOTA":0,"VIA":"","COPERTURA":"ASFALTO","CHIUSINO":"GHISA","DIM_CHIUS":"","NOTE_":"idrante","DIAMETRO":"","OBJECTID":0,"CODICE":"","Z_OBJECTI":null,"Z_CHGCODE":null,"PREV":"0","NEXT":"0","TRACE":0,"MATERIALE":"","STATTUAL":"","TIPOLOGICO":3,"DIAMETRO1":0,"DIAMETRO2":0,"ANGOLO":0,"DATAMODIF":20081124,"ID":"0032503841872000","PATH":"","MODELLO":"http://integragis/ato3peligno/modellazione.asp?cod_tr=0032503841872000","STATON":null,"COMUNE":"","CAPACITA":"","COD_ISTAT":null,"ANNO_POSA":null,"PRODUZIONE":null,"COD_RETI":null}},
{"type":"Feature","geometry":{"type":"Point","coordinates":[13.93058644569805,42.053230937774394]},"properties":{"TIPO":"IDRANTE","DEMOPERA":"","FOTO":"","QUOTA":0,"VIA":"","COPERTURA":"ASFALTO","CHIUSINO":"GHISA","DIM_CHIUS":"","NOTE_":"idrante","DIAMETRO":"","OBJECTID":0,"CODICE":"","Z_OBJECTI":null,"Z_CHGCODE":null,"PREV":"0","NEXT":"0","TRACE":0,"MATERIALE":"","STATTUAL":"","TIPOLOGICO":3,"DIAMETRO1":0,"DIAMETRO2":0,"ANGOLO":0,"DATAMODIF":20081124,"ID":"0032503841873000","PATH":"","MODELLO":"http://integragis/ato3peligno/modellazione.asp?cod_tr=0032503841873000","STATON":null,"COMUNE":"","CAPACITA":"","COD_ISTAT":null,"ANNO_POSA":null,"PRODUZIONE":null,"COD_RETI":null}},
{"type":"Feature","geometry":{"type":"Point","coordinates":[13.932966687120622,42.049728498313186]},"properties":{"TIPO":"IDRANTE","DEMOPERA":"","FOTO":"","QUOTA":0,"VIA":"","COPERTURA":"ASFALTO","CHIUSINO":"GHISA","DIM_CHIUS":"","NOTE_":"idrante","DIAMETRO":"","OBJECTID":0,"CODICE":"","Z_OBJECTI":null,"Z_CHGCODE":null,"PREV":"0","NEXT":"0","TRACE":0,"MATERIALE":"","STATTUAL":"","TIPOLOGICO":3,"DIAMETRO1":0,"DIAMETRO2":0,"ANGOLO":0,"DATAMODIF":20081124,"ID":"0032503841926000","PATH":"","MODELLO":"http://integragis/ato3peligno/modellazione.asp?cod_tr=0032503841926000","STATON":null,"COMUNE":"","CAPACITA":"","COD_ISTAT":null,"ANNO_POSA":null,"PRODUZIONE":null,"COD_RETI":null}},
{"type":"Feature","geometry":{"type":"Point","coordinates":[13.934837266972433,42.05123853987611]},"properties":{"TIPO":"IDRANTE","DEMOPERA":"","FOTO":"","QUOTA":0,"VIA":"","COPERTURA":"ASFALTO","CHIUSINO":"GHISA","DIM_CHIUS":"","NOTE_":"idrante","DIAMETRO":"","OBJECTID":0,"CODICE":"","Z_OBJECTI":null,"Z_CHGCODE":null,"PREV":"0","NEXT":"0","TRACE":0,"MATERIALE":"","STATTUAL":"","TIPOLOGICO":3,"DIAMETRO1":0,"DIAMETRO2":0,"ANGOLO":0,"DATAMODIF":20081124,"ID":"0032503841968000","PATH":"","MODELLO":"http://integragis/ato3peligno/modellazione.asp?cod_tr=0032503841968000","STATON":null,"COMUNE":"","CAPACITA":"","COD_ISTAT":null,"ANNO_POSA":null,"PRODUZIONE":null,"COD_RETI":null}},
{"type":"Feature","geometry":{"type":"Point","coordinates":[13.93227518947839,42.052891871337394]},"properties":{"TIPO":"IDRANTE","DEMOPERA":"","FOTO":"","QUOTA":0,"VIA":"","COPERTURA":"ASFALTO","CHIUSINO":"GHISA","DIM_CHIUS":"","NOTE_":"idrante","DIAMETRO":"","OBJECTID":0,"CODICE":"","Z_OBJECTI":null,"Z_CHGCODE":null,"PREV":"0","NEXT":"0","TRACE":0,"MATERIALE":"","STATTUAL":"","TIPOLOGICO":3,"DIAMETRO1":0,"DIAMETRO2":0,"ANGOLO":0,"DATAMODIF":20081124,"ID":"0032503841971000","PATH":"","MODELLO":"http://integragis/ato3peligno/modellazione.asp?cod_tr=0032503841971000","STATON":null,"COMUNE":"","CAPACITA":"","COD_ISTAT":null,"ANNO_POSA":null,"PRODUZIONE":null,"COD_RETI":null}},
{"type":"Feature","geometry":{"type":"Point","coordinates":[13.935079318308377,42.05205599771811]},"properties":{"TIPO":"IDRANTE","DEMOPERA":"","FOTO":"","QUOTA":0,"VIA":"","COPERTURA":"ASFALTO","CHIUSINO":"GHISA","DIM_CHIUS":"","NOTE_":"idrante","DIAMETRO":"","OBJECTID":0,"CODICE":"","Z_OBJECTI":null,"Z_CHGCODE":null,"PREV":"0","NEXT":"0032503856617000","TRACE":0,"MATERIALE":"","STATTUAL":"","TIPOLOGICO":3,"DIAMETRO1":0,"DIAMETRO2":0,"ANGOLO":0,"DATAMODIF":20081124,"ID":"0032503841974000","PATH":"","MODELLO":"http://integragis/ato3peligno/modellazione.asp?cod_tr=0032503841974000","STATON":null,"COMUNE":"","CAPACITA":"","COD_ISTAT":null,"ANNO_POSA":null,"PRODUZIONE":null,"COD_RETI":null}},
{"type":"Feature","geometry":{"type":"Point","coordinates":[13.926351520391679,42.05627226422282]},"properties":{"TIPO":"IDRANTE","DEMOPERA":"","FOTO":"","QUOTA":0,"VIA":"","COPERTURA":"ASFALTO","CHIUSINO":"GHISA","DIM_CHIUS":"","NOTE_":"idrante","DIAMETRO":"","OBJECTID":0,"CODICE":"","Z_OBJECTI":null,"Z_CHGCODE":null,"PREV":"0","NEXT":"0","TRACE":0,"MATERIALE":"","STATTUAL":"","TIPOLOGICO":3,"DIAMETRO1":0,"DIAMETRO2":0,"ANGOLO":0,"DATAMODIF":20081124,"ID":"0032503842032000","PATH":"","MODELLO":"http://integragis/ato3peligno/modellazione.asp?cod_tr=0032503842032000","STATON":null,"COMUNE":"","CAPACITA":"","COD_ISTAT":null,"ANNO_POSA":null,"PRODUZIONE":null,"COD_RETI":null}},
{"type":"Feature","geometry":{"type":"Point","coordinates":[13.928054723054002,42.05502015288107]},"properties":{"TIPO":"IDRANTE","DEMOPERA":"","FOTO":"","QUOTA":0,"VIA":"","COPERTURA":"ASFALTO","CHIUSINO":"GHISA","DIM_CHIUS":"","NOTE_":"idrante","DIAMETRO":"","OBJECTID":0,"CODICE":"","Z_OBJECTI":null,"Z_CHGCODE":null,"PREV":"0","NEXT":"0","TRACE":0,"MATERIALE":"","STATTUAL":"","TIPOLOGICO":3,"DIAMETRO1":0,"DIAMETRO2":0,"ANGOLO":0,"DATAMODIF":20081124,"ID":"0032503842033000","PATH":"","MODELLO":"http://integragis/ato3peligno/modellazione.asp?cod_tr=0032503842033000","STATON":null,"COMUNE":"","CAPACITA":"","COD_ISTAT":null,"ANNO_POSA":null,"PRODUZIONE":null,"COD_RETI":null}},
{"type":"Feature","geometry":{"type":"Point","coordinates":[13.929697992536644,42.041496870221636]},"properties":{"TIPO":"IDRANTE","DEMOPERA":"","FOTO":"","QUOTA":0,"VIA":"","COPERTURA":"ASFALTO","CHIUSINO":"GHISA","DIM_CHIUS":"","NOTE_":"idrante","DIAMETRO":"","OBJECTID":0,"CODICE":"","Z_OBJECTI":null,"Z_CHGCODE":null,"PREV":"0","NEXT":"0","TRACE":0,"MATERIALE":"","STATTUAL":"","TIPOLOGICO":3,"DIAMETRO1":0,"DIAMETRO2":0,"ANGOLO":0,"DATAMODIF":20081124,"ID":"0032503842092000","PATH":"","MODELLO":"http://integragis/ato3peligno/modellazione.asp?cod_tr=0032503842092000","STATON":null,"COMUNE":"","CAPACITA":"","COD_ISTAT":null,"ANNO_POSA":null,"PRODUZIONE":null,"COD_RETI":null}},
{"type":"Feature","geometry":{"type":"Point","coordinates":[13.928988414749304,42.04137085532388]},"properties":{"TIPO":"IDRANTE","DEMOPERA":"","FOTO":"","QUOTA":0,"VIA":"","COPERTURA":"ASFALTO","CHIUSINO":"GHISA","DIM_CHIUS":"","NOTE_":"idrante","DIAMETRO":"","OBJECTID":0,"CODICE":"","Z_OBJECTI":null,"Z_CHGCODE":null,"PREV":"0","NEXT":"0","TRACE":0,"MATERIALE":"","STATTUAL":"","TIPOLOGICO":3,"DIAMETRO1":0,"DIAMETRO2":0,"ANGOLO":0,"DATAMODIF":20081124,"ID":"0032503842097000","PATH":"","MODELLO":"http://integragis/ato3peligno/modellazione.asp?cod_tr=0032503842097000","STATON":null,"COMUNE":"","CAPACITA":"","COD_ISTAT":null,"ANNO_POSA":null,"PRODUZIONE":null,"COD_RETI":null}},
{"type":"Feature","geometry":{"type":"Point","coordinates":[13.925318527995291,42.041595168158196]},"properties":{"TIPO":"IDRANTE","DEMOPERA":"","FOTO":"","QUOTA":0,"VIA":"","COPERTURA":"ASFALTO","CHIUSINO":"GHISA","DIM_CHIUS":"","NOTE_":"idrante","DIAMETRO":"","OBJECTID":0,"CODICE":"","Z_OBJECTI":null,"Z_CHGCODE":null,"PREV":"0","NEXT":"0","TRACE":0,"MATERIALE":"","STATTUAL":"","TIPOLOGICO":3,"DIAMETRO1":0,"DIAMETRO2":0,"ANGOLO":0,"DATAMODIF":20081124,"ID":"0032503842145000","PATH":"","MODELLO":"http://integragis/ato3peligno/modellazione.asp?cod_tr=0032503842145000","STATON":null,"COMUNE":"","CAPACITA":"","COD_ISTAT":null,"ANNO_POSA":null,"PRODUZIONE":null,"COD_RETI":null}},
{"type":"Feature","geometry":{"type":"Point","coordinates":[13.925530317679732,42.04493152280494]},"properties":{"TIPO":"IDRANTE","DEMOPERA":"","FOTO":"","QUOTA":0,"VIA":"","COPERTURA":"ASFALTO","CHIUSINO":"GHISA","DIM_CHIUS":"","NOTE_":"idrante","DIAMETRO":"","OBJECTID":0,"CODICE":"","Z_OBJECTI":null,"Z_CHGCODE":null,"PREV":"0","NEXT":"0","TRACE":0,"MATERIALE":"","STATTUAL":"","TIPOLOGICO":3,"DIAMETRO1":0,"DIAMETRO2":0,"ANGOLO":0,"DATAMODIF":20081124,"ID":"0032503842192000","PATH":"","MODELLO":"http://integragis/ato3peligno/modellazione.asp?cod_tr=0032503842192000","STATON":null,"COMUNE":"","CAPACITA":"","COD_ISTAT":null,"ANNO_POSA":null,"PRODUZIONE":null,"COD_RETI":null}},
{"type":"Feature","geometry":{"type":"Point","coordinates":[13.923975629537825,42.04485923501693]},"properties":{"TIPO":"IDRANTE","DEMOPERA":"","FOTO":"","QUOTA":0,"VIA":"","COPERTURA":"ASFALTO","CHIUSINO":"GHISA","DIM_CHIUS":"","NOTE_":"idrante","DIAMETRO":"","OBJECTID":0,"CODICE":"","Z_OBJECTI":null,"Z_CHGCODE":null,"PREV":"0","NEXT":"0","TRACE":0,"MATERIALE":"","STATTUAL":"","TIPOLOGICO":3,"DIAMETRO1":0,"DIAMETRO2":0,"ANGOLO":0,"DATAMODIF":20081124,"ID":"0032503842193000","PATH":"","MODELLO":"http://integragis/ato3peligno/modellazione.asp?cod_tr=0032503842193000","STATON":null,"COMUNE":"","CAPACITA":"","COD_ISTAT":null,"ANNO_POSA":null,"PRODUZIONE":null,"COD_RETI":null}},
{"type":"Feature","geometry":{"type":"Point","coordinates":[13.924359842672112,42.04571758415839]},"properties":{"TIPO":"IDRANTE","DEMOPERA":"","FOTO":"","QUOTA":0,"VIA":"","COPERTURA":"ASFALTO","CHIUSINO":"GHISA","DIM_CHIUS":"","NOTE_":"idrante","DIAMETRO":"","OBJECTID":0,"CODICE":"","Z_OBJECTI":null,"Z_CHGCODE":null,"PREV":"0","NEXT":"0","TRACE":0,"MATERIALE":"","STATTUAL":"","TIPOLOGICO":3,"DIAMETRO1":0,"DIAMETRO2":0,"ANGOLO":0,"DATAMODIF":20081124,"ID":"0032503842197000","PATH":"","MODELLO":"http://integragis/ato3peligno/modellazione.asp?cod_tr=0032503842197000","STATON":null,"COMUNE":"","CAPACITA":"","COD_ISTAT":null,"ANNO_POSA":null,"PRODUZIONE":null,"COD_RETI":null}},
{"type":"Feature","geometry":{"type":"Point","coordinates":[13.926367377983643,42.04516872399802]},"properties":{"TIPO":"IDRANTE","DEMOPERA":"","FOTO":"","QUOTA":0,"VIA":"","COPERTURA":"ASFALTO","CHIUSINO":"GHISA","DIM_CHIUS":"","NOTE_":"idrante","DIAMETRO":"","OBJECTID":0,"CODICE":"","Z_OBJECTI":null,"Z_CHGCODE":null,"PREV":"0","NEXT":"0","TRACE":0,"MATERIALE":"","STATTUAL":"","TIPOLOGICO":3,"DIAMETRO1":0,"DIAMETRO2":0,"ANGOLO":0,"DATAMODIF":20081124,"ID":"0032503842239000","PATH":"","MODELLO":"http://integragis/ato3peligno/modellazione.asp?cod_tr=0032503842239000","STATON":null,"COMUNE":"","CAPACITA":"","COD_ISTAT":null,"ANNO_POSA":null,"PRODUZIONE":null,"COD_RETI":null}},
{"type":"Feature","geometry":{"type":"Point","coordinates":[13.926266494608681,42.04560911187208]},"properties":{"TIPO":"IDRANTE","DEMOPERA":"","FOTO":"","QUOTA":0,"VIA":"","COPERTURA":"ASFALTO","CHIUSINO":"GHISA","DIM_CHIUS":"","NOTE_":"idrante","DIAMETRO":"","OBJECTID":0,"CODICE":"","Z_OBJECTI":null,"Z_CHGCODE":null,"PREV":"0","NEXT":"0","TRACE":0,"MATERIALE":"","STATTUAL":"","TIPOLOGICO":3,"DIAMETRO1":0,"DIAMETRO2":0,"ANGOLO":0,"DATAMODIF":20081124,"ID":"0032503842240000","PATH":"","MODELLO":"http://integragis/ato3peligno/modellazione.asp?cod_tr=0032503842240000","STATON":null,"COMUNE":"","CAPACITA":"","COD_ISTAT":null,"ANNO_POSA":null,"PRODUZIONE":null,"COD_RETI":null}},
{"type":"Feature","geometry":{"type":"Point","coordinates":[13.925729104454836,42.045742945848914]},"properties":{"TIPO":"IDRANTE","DEMOPERA":"","FOTO":"","QUOTA":0,"VIA":"","COPERTURA":"ASFALTO","CHIUSINO":"GHISA","DIM_CHIUS":"","NOTE_":"idrante","DIAMETRO":"","OBJECTID":0,"CODICE":"","Z_OBJECTI":null,"Z_CHGCODE":null,"PREV":"0","NEXT":"0","TRACE":0,"MATERIALE":"","STATTUAL":"","TIPOLOGICO":3,"DIAMETRO1":0,"DIAMETRO2":0,"ANGOLO":0,"DATAMODIF":20081124,"ID":"0032503842244000","PATH":"","MODELLO":"http://integragis/ato3peligno/modellazione.asp?cod_tr=0032503842244000","STATON":null,"COMUNE":"","CAPACITA":"","COD_ISTAT":null,"ANNO_POSA":null,"PRODUZIONE":null,"COD_RETI":null}},
{"type":"Feature","geometry":{"type":"Point","coordinates":[13.926129532491531,42.045171538371584]},"properties":{"TIPO":"IDRANTE","DEMOPERA":"","FOTO":"","QUOTA":0,"VIA":"","COPERTURA":"ASFALTO","CHIUSINO":"GHISA","DIM_CHIUS":"","NOTE_":"idrante","DIAMETRO":"","OBJECTID":0,"CODICE":"","Z_OBJECTI":null,"Z_CHGCODE":null,"PREV":"0","NEXT":"0","TRACE":0,"MATERIALE":"","STATTUAL":"","TIPOLOGICO":3,"DIAMETRO1":0,"DIAMETRO2":0,"ANGOLO":0,"DATAMODIF":20081124,"ID":"0032503842247000","PATH":"","MODELLO":"http://integragis/ato3peligno/modellazione.asp?cod_tr=0032503842247000","STATON":null,"COMUNE":"","CAPACITA":"","COD_ISTAT":null,"ANNO_POSA":null,"PRODUZIONE":null,"COD_RETI":null}},
{"type":"Feature","geometry":{"type":"Point","coordinates":[13.925825049672307,42.04503743902194]},"properties":{"TIPO":"IDRANTE","DEMOPERA":"","FOTO":"","QUOTA":0,"VIA":"","COPERTURA":"ASFALTO","CHIUSINO":"GHISA","DIM_CHIUS":"","NOTE_":"idrante","DIAMETRO":"","OBJECTID":0,"CODICE":"","Z_OBJECTI":null,"Z_CHGCODE":null,"PREV":"0","NEXT":"0","TRACE":0,"MATERIALE":"","STATTUAL":"","TIPOLOGICO":3,"DIAMETRO1":0,"DIAMETRO2":0,"ANGOLO":0,"DATAMODIF":20081124,"ID":"0032503842249000","PATH":"","MODELLO":"http://integragis/ato3peligno/modellazione.asp?cod_tr=0032503842249000","STATON":null,"COMUNE":"","CAPACITA":"","COD_ISTAT":null,"ANNO_POSA":null,"PRODUZIONE":null,"COD_RETI":null}},
{"type":"Feature","geometry":{"type":"Point","coordinates":[13.92535342789436,42.04558681751068]},"properties":{"TIPO":"IDRANTE","DEMOPERA":"","FOTO":"","QUOTA":0,"VIA":"","COPERTURA":"ASFALTO","CHIUSINO":"GHISA","DIM_CHIUS":"","NOTE_":"idrante","DIAMETRO":"","OBJECTID":0,"CODICE":"","Z_OBJECTI":null,"Z_CHGCODE":null,"PREV":"0","NEXT":"0","TRACE":0,"MATERIALE":"","STATTUAL":"","TIPOLOGICO":3,"DIAMETRO1":0,"DIAMETRO2":0,"ANGOLO":0,"DATAMODIF":20081124,"ID":"0032503842251000","PATH":"","MODELLO":"http://integragis/ato3peligno/modellazione.asp?cod_tr=0032503842251000","STATON":null,"COMUNE":"","CAPACITA":"","COD_ISTAT":null,"ANNO_POSA":null,"PRODUZIONE":null,"COD_RETI":null}},
{"type":"Feature","geometry":{"type":"Point","coordinates":[13.924770616891188,42.04589920930224]},"properties":{"TIPO":"IDRANTE","DEMOPERA":"","FOTO":"","QUOTA":0,"VIA":"","COPERTURA":"ASFALTO","CHIUSINO":"GHISA","DIM_CHIUS":"","NOTE_":"idrante","DIAMETRO":"","OBJECTID":0,"CODICE":"","Z_OBJECTI":null,"Z_CHGCODE":null,"PREV":"0","NEXT":"0","TRACE":0,"MATERIALE":"","STATTUAL":"","TIPOLOGICO":3,"DIAMETRO1":0,"DIAMETRO2":0,"ANGOLO":0,"DATAMODIF":20081124,"ID":"0032503842254000","PATH":"","MODELLO":"http://integragis/ato3peligno/modellazione.asp?cod_tr=0032503842254000","STATON":null,"COMUNE":"","CAPACITA":"","COD_ISTAT":null,"ANNO_POSA":null,"PRODUZIONE":null,"COD_RETI":null}},
{"type":"Feature","geometry":{"type":"Point","coordinates":[13.924557897996658,42.04639610338766]},"properties":{"TIPO":"IDRANTE","DEMOPERA":"","FOTO":"","QUOTA":0,"VIA":"","COPERTURA":"ASFALTO","CHIUSINO":"GHISA","DIM_CHIUS":"","NOTE_":"idrante","DIAMETRO":"","OBJECTID":0,"CODICE":"","Z_OBJECTI":null,"Z_CHGCODE":null,"PREV":"0","NEXT":"0","TRACE":0,"MATERIALE":"","STATTUAL":"","TIPOLOGICO":3,"DIAMETRO1":0,"DIAMETRO2":0,"ANGOLO":0,"DATAMODIF":20081124,"ID":"0032503842262000","PATH":"","MODELLO":"http://integragis/ato3peligno/modellazione.asp?cod_tr=0032503842262000","STATON":null,"COMUNE":"","CAPACITA":"","COD_ISTAT":null,"ANNO_POSA":null,"PRODUZIONE":null,"COD_RETI":null}},
{"type":"Feature","geometry":{"type":"Point","coordinates":[13.924272895354832,42.046411497286414]},"properties":{"TIPO":"IDRANTE","DEMOPERA":"","FOTO":"","QUOTA":0,"VIA":"","COPERTURA":"ASFALTO","CHIUSINO":"GHISA","DIM_CHIUS":"","NOTE_":"idrante","DIAMETRO":"","OBJECTID":0,"CODICE":"","Z_OBJECTI":null,"Z_CHGCODE":null,"PREV":"0","NEXT":"0","TRACE":0,"MATERIALE":"","STATTUAL":"","TIPOLOGICO":3,"DIAMETRO1":0,"DIAMETRO2":0,"ANGOLO":0,"DATAMODIF":20081124,"ID":"0032503842264000","PATH":"","MODELLO":"http://integragis/ato3peligno/modellazione.asp?cod_tr=0032503842264000","STATON":null,"COMUNE":"","CAPACITA":"","COD_ISTAT":null,"ANNO_POSA":null,"PRODUZIONE":null,"COD_RETI":null}},
{"type":"Feature","geometry":{"type":"Point","coordinates":[13.925444984491138,42.04675875796684]},"properties":{"TIPO":"IDRANTE","DEMOPERA":"","FOTO":"","QUOTA":0,"VIA":"","COPERTURA":"ASFALTO","CHIUSINO":"GHISA","DIM_CHIUS":"","NOTE_":"idrante","DIAMETRO":"","OBJECTID":0,"CODICE":"","Z_OBJECTI":null,"Z_CHGCODE":null,"PREV":"0","NEXT":"0","TRACE":0,"MATERIALE":"","STATTUAL":"","TIPOLOGICO":3,"DIAMETRO1":0,"DIAMETRO2":0,"ANGOLO":0,"DATAMODIF":20081124,"ID":"0032503842273000","PATH":"","MODELLO":"http://integragis/ato3peligno/modellazione.asp?cod_tr=0032503842273000","STATON":null,"COMUNE":"","CAPACITA":"","COD_ISTAT":null,"ANNO_POSA":null,"PRODUZIONE":null,"COD_RETI":null}},
{"type":"Feature","geometry":{"type":"Point","coordinates":[13.924762071714346,42.04728420733637]},"properties":{"TIPO":"IDRANTE","DEMOPERA":"","FOTO":"","QUOTA":0,"VIA":"","COPERTURA":"ASFALTO","CHIUSINO":"GHISA","DIM_CHIUS":"","NOTE_":"idrante","DIAMETRO":"","OBJECTID":0,"CODICE":"","Z_OBJECTI":null,"Z_CHGCODE":null,"PREV":"0","NEXT":"0","TRACE":0,"MATERIALE":"","STATTUAL":"","TIPOLOGICO":3,"DIAMETRO1":0,"DIAMETRO2":0,"ANGOLO":0,"DATAMODIF":20081124,"ID":"0032503842310000","PATH":"","MODELLO":"http://integragis/ato3peligno/modellazione.asp?cod_tr=0032503842310000","STATON":null,"COMUNE":"","CAPACITA":"","COD_ISTAT":null,"ANNO_POSA":null,"PRODUZIONE":null,"COD_RETI":null}},
{"type":"Feature","geometry":{"type":"Point","coordinates":[13.921485734100607,42.04718182515979]},"properties":{"TIPO":"IDRANTE","DEMOPERA":"","FOTO":"","QUOTA":0,"VIA":"","COPERTURA":"ASFALTO","CHIUSINO":"GHISA","DIM_CHIUS":"","NOTE_":"idrante","DIAMETRO":"","OBJECTID":0,"CODICE":"","Z_OBJECTI":null,"Z_CHGCODE":null,"PREV":"0","NEXT":"0","TRACE":0,"MATERIALE":"","STATTUAL":"","TIPOLOGICO":3,"DIAMETRO1":0,"DIAMETRO2":0,"ANGOLO":0,"DATAMODIF":20081124,"ID":"0032503842314000","PATH":"","MODELLO":"http://integragis/ato3peligno/modellazione.asp?cod_tr=0032503842314000","STATON":null,"COMUNE":"","CAPACITA":"","COD_ISTAT":null,"ANNO_POSA":null,"PRODUZIONE":null,"COD_RETI":null}},
{"type":"Feature","geometry":{"type":"Point","coordinates":[13.921046842620793,42.048908629935255]},"properties":{"TIPO":"IDRANTE","DEMOPERA":"","FOTO":"","QUOTA":0,"VIA":"","COPERTURA":"ASFALTO","CHIUSINO":"GHISA","DIM_CHIUS":"","NOTE_":"idrante","DIAMETRO":"","OBJECTID":0,"CODICE":"","Z_OBJECTI":null,"Z_CHGCODE":null,"PREV":"0","NEXT":"0","TRACE":0,"MATERIALE":"","STATTUAL":"","TIPOLOGICO":3,"DIAMETRO1":0,"DIAMETRO2":0,"ANGOLO":0,"DATAMODIF":20081124,"ID":"0032503842318000","PATH":"","MODELLO":"http://integragis/ato3peligno/modellazione.asp?cod_tr=0032503842318000","STATON":null,"COMUNE":"","CAPACITA":"","COD_ISTAT":null,"ANNO_POSA":null,"PRODUZIONE":null,"COD_RETI":null}},
{"type":"Feature","geometry":{"type":"Point","coordinates":[13.921305809734617,42.04859501328952]},"properties":{"TIPO":"IDRANTE","DEMOPERA":"","FOTO":"","QUOTA":0,"VIA":"","COPERTURA":"ASFALTO","CHIUSINO":"GHISA","DIM_CHIUS":"","NOTE_":"idrante","DIAMETRO":"","OBJECTID":0,"CODICE":"","Z_OBJECTI":null,"Z_CHGCODE":null,"PREV":"0","NEXT":"0","TRACE":0,"MATERIALE":"","STATTUAL":"","TIPOLOGICO":3,"DIAMETRO1":0,"DIAMETRO2":0,"ANGOLO":0,"DATAMODIF":20081124,"ID":"0032503842320000","PATH":"","MODELLO":"http://integragis/ato3peligno/modellazione.asp?cod_tr=0032503842320000","STATON":null,"COMUNE":"","CAPACITA":"","COD_ISTAT":null,"ANNO_POSA":null,"PRODUZIONE":null,"COD_RETI":null}},
{"type":"Feature","geometry":{"type":"Point","coordinates":[13.921612145560191,42.04822980167154]},"properties":{"TIPO":"IDRANTE","DEMOPERA":"","FOTO":"","QUOTA":0,"VIA":"","COPERTURA":"ASFALTO","CHIUSINO":"GHISA","DIM_CHIUS":"","NOTE_":"idrante","DIAMETRO":"","OBJECTID":0,"CODICE":"","Z_OBJECTI":null,"Z_CHGCODE":null,"PREV":"0","NEXT":"0","TRACE":0,"MATERIALE":"","STATTUAL":"","TIPOLOGICO":3,"DIAMETRO1":0,"DIAMETRO2":0,"ANGOLO":0,"DATAMODIF":20081124,"ID":"0032503842322000","PATH":"","MODELLO":"http://integragis/ato3peligno/modellazione.asp?cod_tr=0032503842322000","STATON":null,"COMUNE":"","CAPACITA":"","COD_ISTAT":null,"ANNO_POSA":null,"PRODUZIONE":null,"COD_RETI":null}},
{"type":"Feature","geometry":{"type":"Point","coordinates":[13.921904411578312,42.047948910278684]},"properties":{"TIPO":"IDRANTE","DEMOPERA":"","FOTO":"","QUOTA":0,"VIA":"","COPERTURA":"ASFALTO","CHIUSINO":"GHISA","DIM_CHIUS":"","NOTE_":"idrante","DIAMETRO":"","OBJECTID":0,"CODICE":"","Z_OBJECTI":null,"Z_CHGCODE":null,"PREV":"0","NEXT":"0","TRACE":0,"MATERIALE":"","STATTUAL":"","TIPOLOGICO":3,"DIAMETRO1":0,"DIAMETRO2":0,"ANGOLO":0,"DATAMODIF":20081124,"ID":"0032503842324000","PATH":"","MODELLO":"http://integragis/ato3peligno/modellazione.asp?cod_tr=0032503842324000","STATON":null,"COMUNE":"","CAPACITA":"","COD_ISTAT":null,"ANNO_POSA":null,"PRODUZIONE":null,"COD_RETI":null}},
{"type":"Feature","geometry":{"type":"Point","coordinates":[13.922555541861898,42.0505113181911]},"properties":{"TIPO":"IDRANTE","DEMOPERA":"","FOTO":"","QUOTA":0,"VIA":"","COPERTURA":"ASFALTO","CHIUSINO":"GHISA","DIM_CHIUS":"","NOTE_":"idrante","DIAMETRO":"","OBJECTID":0,"CODICE":"","Z_OBJECTI":null,"Z_CHGCODE":null,"PREV":"0","NEXT":"0","TRACE":0,"MATERIALE":"","STATTUAL":"","TIPOLOGICO":3,"DIAMETRO1":0,"DIAMETRO2":0,"ANGOLO":0,"DATAMODIF":20081124,"ID":"0032503842351000","PATH":"","MODELLO":"http://integragis/ato3peligno/modellazione.asp?cod_tr=0032503842351000","STATON":null,"COMUNE":"","CAPACITA":"","COD_ISTAT":null,"ANNO_POSA":null,"PRODUZIONE":null,"COD_RETI":null}},
{"type":"Feature","geometry":{"type":"Point","coordinates":[13.922886770567485,42.050999705050046]},"properties":{"TIPO":"IDRANTE","DEMOPERA":"","FOTO":"","QUOTA":0,"VIA":"","COPERTURA":"ASFALTO","CHIUSINO":"GHISA","DIM_CHIUS":"","NOTE_":"idrante","DIAMETRO":"","OBJECTID":0,"CODICE":"","Z_OBJECTI":null,"Z_CHGCODE":null,"PREV":"0","NEXT":"0","TRACE":0,"MATERIALE":"","STATTUAL":"","TIPOLOGICO":3,"DIAMETRO1":0,"DIAMETRO2":0,"ANGOLO":0,"DATAMODIF":20081124,"ID":"0032503842354000","PATH":"","MODELLO":"http://integragis/ato3peligno/modellazione.asp?cod_tr=0032503842354000","STATON":null,"COMUNE":"","CAPACITA":"","COD_ISTAT":null,"ANNO_POSA":null,"PRODUZIONE":null,"COD_RETI":null}},
{"type":"Feature","geometry":{"type":"Point","coordinates":[13.92317198084379,42.05128029590627]},"properties":{"TIPO":"IDRANTE","DEMOPERA":"","FOTO":"","QUOTA":0,"VIA":"","COPERTURA":"ASFALTO","CHIUSINO":"GHISA","DIM_CHIUS":"","NOTE_":"idrante","DIAMETRO":"","OBJECTID":0,"CODICE":"","Z_OBJECTI":null,"Z_CHGCODE":null,"PREV":"0","NEXT":"0","TRACE":0,"MATERIALE":"","STATTUAL":"","TIPOLOGICO":3,"DIAMETRO1":0,"DIAMETRO2":0,"ANGOLO":0,"DATAMODIF":20081124,"ID":"0032503842356000","PATH":"","MODELLO":"http://integragis/ato3peligno/modellazione.asp?cod_tr=0032503842356000","STATON":null,"COMUNE":"","CAPACITA":"","COD_ISTAT":null,"ANNO_POSA":null,"PRODUZIONE":null,"COD_RETI":null}},
{"type":"Feature","geometry":{"type":"Point","coordinates":[13.923423557678017,42.05149219861912]},"properties":{"TIPO":"IDRANTE","DEMOPERA":"","FOTO":"","QUOTA":0,"VIA":"","COPERTURA":"ASFALTO","CHIUSINO":"GHISA","DIM_CHIUS":"","NOTE_":"idrante","DIAMETRO":"","OBJECTID":0,"CODICE":"","Z_OBJECTI":null,"Z_CHGCODE":null,"PREV":"0","NEXT":"0","TRACE":0,"MATERIALE":"","STATTUAL":"","TIPOLOGICO":3,"DIAMETRO1":0,"DIAMETRO2":0,"ANGOLO":0,"DATAMODIF":20081124,"ID":"0032503842366000","PATH":"","MODELLO":"http://integragis/ato3peligno/modellazione.asp?cod_tr=0032503842366000","STATON":null,"COMUNE":"","CAPACITA":"","COD_ISTAT":null,"ANNO_POSA":null,"PRODUZIONE":null,"COD_RETI":null}},
{"type":"Feature","geometry":{"type":"Point","coordinates":[13.923601502975744,42.05160577824358]},"properties":{"TIPO":"IDRANTE","DEMOPERA":"","FOTO":"","QUOTA":0,"VIA":"","COPERTURA":"ASFALTO","CHIUSINO":"GHISA","DIM_CHIUS":"","NOTE_":"idrante","DIAMETRO":"","OBJECTID":0,"CODICE":"","Z_OBJECTI":null,"Z_CHGCODE":null,"PREV":"0","NEXT":"0","TRACE":0,"MATERIALE":"","STATTUAL":"","TIPOLOGICO":3,"DIAMETRO1":0,"DIAMETRO2":0,"ANGOLO":0,"DATAMODIF":20081124,"ID":"0032503842368000","PATH":"","MODELLO":"http://integragis/ato3peligno/modellazione.asp?cod_tr=0032503842368000","STATON":null,"COMUNE":"","CAPACITA":"","COD_ISTAT":null,"ANNO_POSA":null,"PRODUZIONE":null,"COD_RETI":null}},
{"type":"Feature","geometry":{"type":"Point","coordinates":[13.924036244841542,42.051812082570095]},"properties":{"TIPO":"IDRANTE","DEMOPERA":"","FOTO":"","QUOTA":0,"VIA":"","COPERTURA":"ASFALTO","CHIUSINO":"GHISA","DIM_CHIUS":"","NOTE_":"idrante","DIAMETRO":"","OBJECTID":0,"CODICE":"","Z_OBJECTI":null,"Z_CHGCODE":null,"PREV":"0","NEXT":"0","TRACE":0,"MATERIALE":"","STATTUAL":"","TIPOLOGICO":3,"DIAMETRO1":0,"DIAMETRO2":0,"ANGOLO":0,"DATAMODIF":20081124,"ID":"0032503842372000","PATH":"","MODELLO":"http://integragis/ato3peligno/modellazione.asp?cod_tr=0032503842372000","STATON":null,"COMUNE":"","CAPACITA":"","COD_ISTAT":null,"ANNO_POSA":null,"PRODUZIONE":null,"COD_RETI":null}},
{"type":"Feature","geometry":{"type":"Point","coordinates":[13.923814663989786,42.05147099924139]},"properties":{"TIPO":"IDRANTE","DEMOPERA":"","FOTO":"","QUOTA":0,"VIA":"","COPERTURA":"ASFALTO","CHIUSINO":"GHISA","DIM_CHIUS":"","NOTE_":"idrante","DIAMETRO":"","OBJECTID":0,"CODICE":"","Z_OBJECTI":null,"Z_CHGCODE":null,"PREV":"0","NEXT":"0","TRACE":0,"MATERIALE":"","STATTUAL":"","TIPOLOGICO":3,"DIAMETRO1":0,"DIAMETRO2":0,"ANGOLO":0,"DATAMODIF":20081124,"ID":"0032503842374000","PATH":"","MODELLO":"http://integragis/ato3peligno/modellazione.asp?cod_tr=0032503842374000","STATON":null,"COMUNE":"","CAPACITA":"","COD_ISTAT":null,"ANNO_POSA":null,"PRODUZIONE":null,"COD_RETI":null}},
{"type":"Feature","geometry":{"type":"Point","coordinates":[13.924383939615145,42.05152778096967]},"properties":{"TIPO":"IDRANTE","DEMOPERA":"","FOTO":"","QUOTA":0,"VIA":"","COPERTURA":"ASFALTO","CHIUSINO":"GHISA","DIM_CHIUS":"","NOTE_":"idrante","DIAMETRO":"","OBJECTID":0,"CODICE":"","Z_OBJECTI":null,"Z_CHGCODE":null,"PREV":"0","NEXT":"0","TRACE":0,"MATERIALE":"","STATTUAL":"","TIPOLOGICO":3,"DIAMETRO1":0,"DIAMETRO2":0,"ANGOLO":0,"DATAMODIF":20081124,"ID":"0032503842376000","PATH":"","MODELLO":"http://integragis/ato3peligno/modellazione.asp?cod_tr=0032503842376000","STATON":null,"COMUNE":"","CAPACITA":"","COD_ISTAT":null,"ANNO_POSA":null,"PRODUZIONE":null,"COD_RETI":null}},
{"type":"Feature","geometry":{"type":"Point","coordinates":[13.92448718524211,42.051376212944305]},"properties":{"TIPO":"IDRANTE","DEMOPERA":"","FOTO":"","QUOTA":0,"VIA":"","COPERTURA":"PREGIATA","CHIUSINO":"GHISA","DIM_CHIUS":"","NOTE_":"idrante","DIAMETRO":"","OBJECTID":0,"CODICE":"","Z_OBJECTI":null,"Z_CHGCODE":null,"PREV":"0","NEXT":"0","TRACE":0,"MATERIALE":"","STATTUAL":"","TIPOLOGICO":3,"DIAMETRO1":0,"DIAMETRO2":0,"ANGOLO":0,"DATAMODIF":20081124,"ID":"0032503842379000","PATH":"","MODELLO":"http://integragis/ato3peligno/modellazione.asp?cod_tr=0032503842379000","STATON":null,"COMUNE":"","CAPACITA":"","COD_ISTAT":null,"ANNO_POSA":null,"PRODUZIONE":null,"COD_RETI":null}},
{"type":"Feature","geometry":{"type":"Point","coordinates":[13.924071777636321,42.05113702251804]},"properties":{"TIPO":"IDRANTE","DEMOPERA":"","FOTO":"","QUOTA":0,"VIA":"","COPERTURA":"ASFALTO","CHIUSINO":"GHISA","DIM_CHIUS":"","NOTE_":"idrante","DIAMETRO":"","OBJECTID":0,"CODICE":"","Z_OBJECTI":null,"Z_CHGCODE":null,"PREV":"0","NEXT":"0","TRACE":0,"MATERIALE":"","STATTUAL":"","TIPOLOGICO":3,"DIAMETRO1":0,"DIAMETRO2":0,"ANGOLO":0,"DATAMODIF":20081124,"ID":"0032503842381000","PATH":"","MODELLO":"http://integragis/ato3peligno/modellazione.asp?cod_tr=0032503842381000","STATON":null,"COMUNE":"","CAPACITA":"","COD_ISTAT":null,"ANNO_POSA":null,"PRODUZIONE":null,"COD_RETI":null}},
{"type":"Feature","geometry":{"type":"Point","coordinates":[13.923536824513361,42.051130798784854]},"properties":{"TIPO":"IDRANTE","DEMOPERA":"","FOTO":"","QUOTA":0,"VIA":"","COPERTURA":"ASFALTO","CHIUSINO":"GHISA","DIM_CHIUS":"","NOTE_":"idrante","DIAMETRO":"","OBJECTID":0,"CODICE":"","Z_OBJECTI":null,"Z_CHGCODE":null,"PREV":"0","NEXT":"0","TRACE":0,"MATERIALE":"","STATTUAL":"","TIPOLOGICO":3,"DIAMETRO1":0,"DIAMETRO2":0,"ANGOLO":0,"DATAMODIF":20081124,"ID":"0032503842385000","PATH":"","MODELLO":"http://integragis/ato3peligno/modellazione.asp?cod_tr=0032503842385000","STATON":null,"COMUNE":"","CAPACITA":"","COD_ISTAT":null,"ANNO_POSA":null,"PRODUZIONE":null,"COD_RETI":null}},
{"type":"Feature","geometry":{"type":"Point","coordinates":[13.923460359458891,42.0511068748198]},"properties":{"TIPO":"IDRANTE","DEMOPERA":"","FOTO":"","QUOTA":0,"VIA":"","COPERTURA":"ASFALTO","CHIUSINO":"GHISA","DIM_CHIUS":"","NOTE_":"idrante","DIAMETRO":"","OBJECTID":0,"CODICE":"","Z_OBJECTI":null,"Z_CHGCODE":null,"PREV":"0","NEXT":"0","TRACE":0,"MATERIALE":"","STATTUAL":"","TIPOLOGICO":3,"DIAMETRO1":0,"DIAMETRO2":0,"ANGOLO":0,"DATAMODIF":20081124,"ID":"0032503842386000","PATH":"","MODELLO":"http://integragis/ato3peligno/modellazione.asp?cod_tr=0032503842386000","STATON":null,"COMUNE":"","CAPACITA":"","COD_ISTAT":null,"ANNO_POSA":null,"PRODUZIONE":null,"COD_RETI":null}},
{"type":"Feature","geometry":{"type":"Point","coordinates":[13.923612205579655,42.05093833942825]},"properties":{"TIPO":"IDRANTE","DEMOPERA":"","FOTO":"","QUOTA":0,"VIA":"","COPERTURA":"ASFALTO","CHIUSINO":"GHISA","DIM_CHIUS":"","NOTE_":"idrante","DIAMETRO":"","OBJECTID":0,"CODICE":"","Z_OBJECTI":null,"Z_CHGCODE":null,"PREV":"0","NEXT":"0","TRACE":0,"MATERIALE":"","STATTUAL":"","TIPOLOGICO":3,"DIAMETRO1":0,"DIAMETRO2":0,"ANGOLO":0,"DATAMODIF":20081124,"ID":"0032503842387000","PATH":"","MODELLO":"http://integragis/ato3peligno/modellazione.asp?cod_tr=0032503842387000","STATON":null,"COMUNE":"","CAPACITA":"","COD_ISTAT":null,"ANNO_POSA":null,"PRODUZIONE":null,"COD_RETI":null}},
{"type":"Feature","geometry":{"type":"Point","coordinates":[13.923763667755244,42.05086895966927]},"properties":{"TIPO":"IDRANTE","DEMOPERA":"","FOTO":"","QUOTA":0,"VIA":"","COPERTURA":"ASFALTO","CHIUSINO":"GHISA","DIM_CHIUS":"","NOTE_":"idrante","DIAMETRO":"","OBJECTID":0,"CODICE":"","Z_OBJECTI":null,"Z_CHGCODE":null,"PREV":"0","NEXT":"0","TRACE":0,"MATERIALE":"","STATTUAL":"","TIPOLOGICO":3,"DIAMETRO1":0,"DIAMETRO2":0,"ANGOLO":0,"DATAMODIF":20081124,"ID":"0032503842388000","PATH":"","MODELLO":"http://integragis/ato3peligno/modellazione.asp?cod_tr=0032503842388000","STATON":null,"COMUNE":"","CAPACITA":"","COD_ISTAT":null,"ANNO_POSA":null,"PRODUZIONE":null,"COD_RETI":null}},
{"type":"Feature","geometry":{"type":"Point","coordinates":[13.924086902305302,42.050514946601766]},"properties":{"TIPO":"IDRANTE","DEMOPERA":"","FOTO":"","QUOTA":0,"VIA":"","COPERTURA":"ASFALTO","CHIUSINO":"GHISA","DIM_CHIUS":"","NOTE_":"idrante","DIAMETRO":"","OBJECTID":0,"CODICE":"","Z_OBJECTI":null,"Z_CHGCODE":null,"PREV":"0","NEXT":"0","TRACE":0,"MATERIALE":"","STATTUAL":"","TIPOLOGICO":3,"DIAMETRO1":0,"DIAMETRO2":0,"ANGOLO":0,"DATAMODIF":20081124,"ID":"0032503842391000","PATH":"","MODELLO":"http://integragis/ato3peligno/modellazione.asp?cod_tr=0032503842391000","STATON":null,"COMUNE":"","CAPACITA":"","COD_ISTAT":null,"ANNO_POSA":null,"PRODUZIONE":null,"COD_RETI":null}},
{"type":"Feature","geometry":{"type":"Point","coordinates":[13.92502329857401,42.04962154420352]},"properties":{"TIPO":"IDRANTE","DEMOPERA":"","FOTO":"","QUOTA":0,"VIA":"","COPERTURA":"ASFALTO","CHIUSINO":"GHISA","DIM_CHIUS":"","NOTE_":"idrante","DIAMETRO":"","OBJECTID":0,"CODICE":"","Z_OBJECTI":null,"Z_CHGCODE":null,"PREV":"0","NEXT":"0","TRACE":0,"MATERIALE":"","STATTUAL":"","TIPOLOGICO":3,"DIAMETRO1":0,"DIAMETRO2":0,"ANGOLO":0,"DATAMODIF":20081124,"ID":"0032503842397000","PATH":"","MODELLO":"http://integragis/ato3peligno/modellazione.asp?cod_tr=0032503842397000","STATON":null,"COMUNE":"","CAPACITA":"","COD_ISTAT":null,"ANNO_POSA":null,"PRODUZIONE":null,"COD_RETI":null}},
{"type":"Feature","geometry":{"type":"Point","coordinates":[13.9236117245461,42.04947698495543]},"properties":{"TIPO":"IDRANTE","DEMOPERA":"","FOTO":"","QUOTA":0,"VIA":"","COPERTURA":"ASFALTO","CHIUSINO":"GHISA","DIM_CHIUS":"","NOTE_":"idrante","DIAMETRO":"","OBJECTID":0,"CODICE":"","Z_OBJECTI":null,"Z_CHGCODE":null,"PREV":"0","NEXT":"0","TRACE":0,"MATERIALE":"","STATTUAL":"","TIPOLOGICO":3,"DIAMETRO1":0,"DIAMETRO2":0,"ANGOLO":0,"DATAMODIF":20081124,"ID":"0032503842402000","PATH":"","MODELLO":"http://integragis/ato3peligno/modellazione.asp?cod_tr=0032503842402000","STATON":null,"COMUNE":"","CAPACITA":"","COD_ISTAT":null,"ANNO_POSA":null,"PRODUZIONE":null,"COD_RETI":null}},
{"type":"Feature","geometry":{"type":"Point","coordinates":[13.923676622858018,42.049842725598374]},"properties":{"TIPO":"IDRANTE","DEMOPERA":"","FOTO":"","QUOTA":0,"VIA":"","COPERTURA":"ASFALTO","CHIUSINO":"GHISA","DIM_CHIUS":"","NOTE_":"idrante","DIAMETRO":"","OBJECTID":0,"CODICE":"","Z_OBJECTI":null,"Z_CHGCODE":null,"PREV":"0","NEXT":"0","TRACE":0,"MATERIALE":"","STATTUAL":"","TIPOLOGICO":3,"DIAMETRO1":0,"DIAMETRO2":0,"ANGOLO":0,"DATAMODIF":20081124,"ID":"0032503842429000","PATH":"","MODELLO":"http://integragis/ato3peligno/modellazione.asp?cod_tr=0032503842429000","STATON":null,"COMUNE":"","CAPACITA":"","COD_ISTAT":null,"ANNO_POSA":null,"PRODUZIONE":null,"COD_RETI":null}},
{"type":"Feature","geometry":{"type":"Point","coordinates":[13.923979697621911,42.050259594946944]},"properties":{"TIPO":"IDRANTE","DEMOPERA":"","FOTO":"","QUOTA":0,"VIA":"","COPERTURA":"ASFALTO","CHIUSINO":"GHISA","DIM_CHIUS":"","NOTE_":"idrante","DIAMETRO":"","OBJECTID":0,"CODICE":"","Z_OBJECTI":null,"Z_CHGCODE":null,"PREV":"0","NEXT":"0","TRACE":0,"MATERIALE":"","STATTUAL":"","TIPOLOGICO":3,"DIAMETRO1":0,"DIAMETRO2":0,"ANGOLO":0,"DATAMODIF":20081124,"ID":"0032503842431000","PATH":"","MODELLO":"http://integragis/ato3peligno/modellazione.asp?cod_tr=0032503842431000","STATON":null,"COMUNE":"","CAPACITA":"","COD_ISTAT":null,"ANNO_POSA":null,"PRODUZIONE":null,"COD_RETI":null}},
{"type":"Feature","geometry":{"type":"Point","coordinates":[13.923047128414098,42.04997763252529]},"properties":{"TIPO":"IDRANTE","DEMOPERA":"","FOTO":"","QUOTA":0,"VIA":"","COPERTURA":"ASFALTO","CHIUSINO":"GHISA","DIM_CHIUS":"","NOTE_":"idrante","DIAMETRO":"","OBJECTID":0,"CODICE":"","Z_OBJECTI":null,"Z_CHGCODE":null,"PREV":"0","NEXT":"0","TRACE":0,"MATERIALE":"","STATTUAL":"","TIPOLOGICO":3,"DIAMETRO1":0,"DIAMETRO2":0,"ANGOLO":0,"DATAMODIF":20081124,"ID":"0032503842435000","PATH":"","MODELLO":"http://integragis/ato3peligno/modellazione.asp?cod_tr=0032503842435000","STATON":null,"COMUNE":"","CAPACITA":"","COD_ISTAT":null,"ANNO_POSA":null,"PRODUZIONE":null,"COD_RETI":null}},
{"type":"Feature","geometry":{"type":"Point","coordinates":[13.922443641819603,42.04731115502123]},"properties":{"TIPO":"IDRANTE","DEMOPERA":"","FOTO":"","QUOTA":0,"VIA":"","COPERTURA":"ASFALTO","CHIUSINO":"GHISA","DIM_CHIUS":"","NOTE_":"idrante","DIAMETRO":"","OBJECTID":0,"CODICE":"","Z_OBJECTI":null,"Z_CHGCODE":null,"PREV":"0","NEXT":"0","TRACE":0,"MATERIALE":"","STATTUAL":"","TIPOLOGICO":3,"DIAMETRO1":0,"DIAMETRO2":0,"ANGOLO":0,"DATAMODIF":20081124,"ID":"0032503842514000","PATH":"","MODELLO":"http://integragis/ato3peligno/modellazione.asp?cod_tr=0032503842514000","STATON":null,"COMUNE":"","CAPACITA":"","COD_ISTAT":null,"ANNO_POSA":null,"PRODUZIONE":null,"COD_RETI":null}},
{"type":"Feature","geometry":{"type":"Point","coordinates":[13.92270562866981,42.047133463586]},"properties":{"TIPO":"IDRANTE","DEMOPERA":"","FOTO":"","QUOTA":0,"VIA":"","COPERTURA":"ASFALTO","CHIUSINO":"GHISA","DIM_CHIUS":"","NOTE_":"idrante","DIAMETRO":"","OBJECTID":0,"CODICE":"","Z_OBJECTI":null,"Z_CHGCODE":null,"PREV":"0","NEXT":"0","TRACE":0,"MATERIALE":"","STATTUAL":"","TIPOLOGICO":3,"DIAMETRO1":0,"DIAMETRO2":0,"ANGOLO":0,"DATAMODIF":20081124,"ID":"0032503842516000","PATH":"","MODELLO":"http://integragis/ato3peligno/modellazione.asp?cod_tr=0032503842516000","STATON":null,"COMUNE":"","CAPACITA":"","COD_ISTAT":null,"ANNO_POSA":null,"PRODUZIONE":null,"COD_RETI":null}},
{"type":"Feature","geometry":{"type":"Point","coordinates":[13.922959865251304,42.047575231689734]},"properties":{"TIPO":"IDRANTE","DEMOPERA":"","FOTO":"","QUOTA":0,"VIA":"","COPERTURA":"ASFALTO","CHIUSINO":"GHISA","DIM_CHIUS":"","NOTE_":"idrante","DIAMETRO":"","OBJECTID":0,"CODICE":"","Z_OBJECTI":null,"Z_CHGCODE":null,"PREV":"0","NEXT":"0","TRACE":0,"MATERIALE":"","STATTUAL":"","TIPOLOGICO":3,"DIAMETRO1":0,"DIAMETRO2":0,"ANGOLO":0,"DATAMODIF":20081124,"ID":"0032503842523000","PATH":"","MODELLO":"http://integragis/ato3peligno/modellazione.asp?cod_tr=0032503842523000","STATON":null,"COMUNE":"","CAPACITA":"","COD_ISTAT":null,"ANNO_POSA":null,"PRODUZIONE":null,"COD_RETI":null}},
{"type":"Feature","geometry":{"type":"Point","coordinates":[13.921577207895417,42.0484997129888]},"properties":{"TIPO":"IDRANTE","DEMOPERA":"","FOTO":"","QUOTA":0,"VIA":"","COPERTURA":"ASFALTO","CHIUSINO":"GHISA","DIM_CHIUS":"","NOTE_":"idrante","DIAMETRO":"","OBJECTID":0,"CODICE":"","Z_OBJECTI":null,"Z_CHGCODE":null,"PREV":"0","NEXT":"0","TRACE":0,"MATERIALE":"","STATTUAL":"","TIPOLOGICO":3,"DIAMETRO1":0,"DIAMETRO2":0,"ANGOLO":0,"DATAMODIF":20081124,"ID":"0032503842530000","PATH":"","MODELLO":"http://integragis/ato3peligno/modellazione.asp?cod_tr=0032503842530000","STATON":null,"COMUNE":"","CAPACITA":"","COD_ISTAT":null,"ANNO_POSA":null,"PRODUZIONE":null,"COD_RETI":null}},
{"type":"Feature","geometry":{"type":"Point","coordinates":[13.922082159510248,42.04850207652794]},"properties":{"TIPO":"IDRANTE","DEMOPERA":"","FOTO":"","QUOTA":0,"VIA":"","COPERTURA":"ASFALTO","CHIUSINO":"GHISA","DIM_CHIUS":"","NOTE_":"idrante","DIAMETRO":"","OBJECTID":0,"CODICE":"","Z_OBJECTI":null,"Z_CHGCODE":null,"PREV":"0","NEXT":"0","TRACE":0,"MATERIALE":"","STATTUAL":"","TIPOLOGICO":3,"DIAMETRO1":0,"DIAMETRO2":0,"ANGOLO":0,"DATAMODIF":20081124,"ID":"0032503842532000","PATH":"","MODELLO":"http://integragis/ato3peligno/modellazione.asp?cod_tr=0032503842532000","STATON":null,"COMUNE":"","CAPACITA":"","COD_ISTAT":null,"ANNO_POSA":null,"PRODUZIONE":null,"COD_RETI":null}},
{"type":"Feature","geometry":{"type":"Point","coordinates":[13.921680403730816,42.04956574540021]},"properties":{"TIPO":"IDRANTE","DEMOPERA":"","FOTO":"","QUOTA":0,"VIA":"","COPERTURA":"ASFALTO","CHIUSINO":"GHISA","DIM_CHIUS":"","NOTE_":"idrante","DIAMETRO":"","OBJECTID":0,"CODICE":"","Z_OBJECTI":null,"Z_CHGCODE":null,"PREV":"0","NEXT":"0","TRACE":0,"MATERIALE":"","STATTUAL":"","TIPOLOGICO":3,"DIAMETRO1":0,"DIAMETRO2":0,"ANGOLO":0,"DATAMODIF":20081124,"ID":"0032503842536000","PATH":"","MODELLO":"http://integragis/ato3peligno/modellazione.asp?cod_tr=0032503842536000","STATON":null,"COMUNE":"","CAPACITA":"","COD_ISTAT":null,"ANNO_POSA":null,"PRODUZIONE":null,"COD_RETI":null}},
{"type":"Feature","geometry":{"type":"Point","coordinates":[13.920931431416433,42.049057041072004]},"properties":{"TIPO":"IDRANTE","DEMOPERA":"","FOTO":"","QUOTA":0,"VIA":"","COPERTURA":"ASFALTO","CHIUSINO":"GHISA","DIM_CHIUS":"","NOTE_":"idrante","DIAMETRO":"","OBJECTID":0,"CODICE":"","Z_OBJECTI":null,"Z_CHGCODE":null,"PREV":"0","NEXT":"0","TRACE":0,"MATERIALE":"","STATTUAL":"","TIPOLOGICO":3,"DIAMETRO1":0,"DIAMETRO2":0,"ANGOLO":0,"DATAMODIF":20081124,"ID":"0032503842606000","PATH":"","MODELLO":"http://integragis/ato3peligno/modellazione.asp?cod_tr=0032503842606000","STATON":null,"COMUNE":"","CAPACITA":"","COD_ISTAT":null,"ANNO_POSA":null,"PRODUZIONE":null,"COD_RETI":null}},
{"type":"Feature","geometry":{"type":"Point","coordinates":[13.92110785601553,42.049676790987334]},"properties":{"TIPO":"IDRANTE","DEMOPERA":"","FOTO":"","QUOTA":0,"VIA":"","COPERTURA":"ASFALTO","CHIUSINO":"GHISA","DIM_CHIUS":"","NOTE_":"idrante","DIAMETRO":"","OBJECTID":0,"CODICE":"","Z_OBJECTI":null,"Z_CHGCODE":null,"PREV":"0","NEXT":"0","TRACE":0,"MATERIALE":"","STATTUAL":"","TIPOLOGICO":3,"DIAMETRO1":0,"DIAMETRO2":0,"ANGOLO":0,"DATAMODIF":20081124,"ID":"0032503842608000","PATH":"","MODELLO":"http://integragis/ato3peligno/modellazione.asp?cod_tr=0032503842608000","STATON":null,"COMUNE":"","CAPACITA":"","COD_ISTAT":null,"ANNO_POSA":null,"PRODUZIONE":null,"COD_RETI":null}},
{"type":"Feature","geometry":{"type":"Point","coordinates":[13.921296590065786,42.04979269377506]},"properties":{"TIPO":"IDRANTE","DEMOPERA":"","FOTO":"","QUOTA":0,"VIA":"","COPERTURA":"ASFALTO","CHIUSINO":"GHISA","DIM_CHIUS":"","NOTE_":"idrante","DIAMETRO":"","OBJECTID":0,"CODICE":"","Z_OBJECTI":null,"Z_CHGCODE":null,"PREV":"0","NEXT":"0","TRACE":0,"MATERIALE":"","STATTUAL":"","TIPOLOGICO":3,"DIAMETRO1":0,"DIAMETRO2":0,"ANGOLO":0,"DATAMODIF":20081124,"ID":"0032503842610000","PATH":"","MODELLO":"http://integragis/ato3peligno/modellazione.asp?cod_tr=0032503842610000","STATON":null,"COMUNE":"","CAPACITA":"","COD_ISTAT":null,"ANNO_POSA":null,"PRODUZIONE":null,"COD_RETI":null}},
{"type":"Feature","geometry":{"type":"Point","coordinates":[13.922425173409035,42.050064079137485]},"properties":{"TIPO":"IDRANTE","DEMOPERA":"","FOTO":"","QUOTA":0,"VIA":"","COPERTURA":"ASFALTO","CHIUSINO":"GHISA","DIM_CHIUS":"","NOTE_":"idrante","DIAMETRO":"","OBJECTID":0,"CODICE":"","Z_OBJECTI":null,"Z_CHGCODE":null,"PREV":"0","NEXT":"0","TRACE":0,"MATERIALE":"","STATTUAL":"","TIPOLOGICO":3,"DIAMETRO1":0,"DIAMETRO2":0,"ANGOLO":0,"DATAMODIF":20081124,"ID":"0032503842616000","PATH":"","MODELLO":"http://integragis/ato3peligno/modellazione.asp?cod_tr=0032503842616000","STATON":null,"COMUNE":"","CAPACITA":"","COD_ISTAT":null,"ANNO_POSA":null,"PRODUZIONE":null,"COD_RETI":null}},
{"type":"Feature","geometry":{"type":"Point","coordinates":[13.922712961370916,42.049913990155886]},"properties":{"TIPO":"IDRANTE","DEMOPERA":"","FOTO":"","QUOTA":0,"VIA":"","COPERTURA":"ASFALTO","CHIUSINO":"GHISA","DIM_CHIUS":"","NOTE_":"idrante","DIAMETRO":"","OBJECTID":0,"CODICE":"","Z_OBJECTI":null,"Z_CHGCODE":null,"PREV":"0","NEXT":"0","TRACE":0,"MATERIALE":"","STATTUAL":"","TIPOLOGICO":3,"DIAMETRO1":0,"DIAMETRO2":0,"ANGOLO":0,"DATAMODIF":20081124,"ID":"0032503842617000","PATH":"","MODELLO":"http://integragis/ato3peligno/modellazione.asp?cod_tr=0032503842617000","STATON":null,"COMUNE":"","CAPACITA":"","COD_ISTAT":null,"ANNO_POSA":null,"PRODUZIONE":null,"COD_RETI":null}},
{"type":"Feature","geometry":{"type":"Point","coordinates":[13.922501021225768,42.04976812050929]},"properties":{"TIPO":"IDRANTE","DEMOPERA":"","FOTO":"","QUOTA":0,"VIA":"","COPERTURA":"ASFALTO","CHIUSINO":"GHISA","DIM_CHIUS":"","NOTE_":"idrante","DIAMETRO":"","OBJECTID":0,"CODICE":"","Z_OBJECTI":null,"Z_CHGCODE":null,"PREV":"0","NEXT":"0","TRACE":0,"MATERIALE":"","STATTUAL":"","TIPOLOGICO":3,"DIAMETRO1":0,"DIAMETRO2":0,"ANGOLO":0,"DATAMODIF":20081124,"ID":"0032503842619000","PATH":"","MODELLO":"http://integragis/ato3peligno/modellazione.asp?cod_tr=0032503842619000","STATON":null,"COMUNE":"","CAPACITA":"","COD_ISTAT":null,"ANNO_POSA":null,"PRODUZIONE":null,"COD_RETI":null}},
{"type":"Feature","geometry":{"type":"Point","coordinates":[13.922063226796624,42.0494609806346]},"properties":{"TIPO":"IDRANTE","DEMOPERA":"","FOTO":"","QUOTA":0,"VIA":"","COPERTURA":"ASFALTO","CHIUSINO":"GHISA","DIM_CHIUS":"","NOTE_":"idrante","DIAMETRO":"","OBJECTID":0,"CODICE":"","Z_OBJECTI":null,"Z_CHGCODE":null,"PREV":"0","NEXT":"0","TRACE":0,"MATERIALE":"","STATTUAL":"","TIPOLOGICO":3,"DIAMETRO1":0,"DIAMETRO2":0,"ANGOLO":0,"DATAMODIF":20081124,"ID":"0032503842623000","PATH":"","MODELLO":"http://integragis/ato3peligno/modellazione.asp?cod_tr=0032503842623000","STATON":null,"COMUNE":"","CAPACITA":"","COD_ISTAT":null,"ANNO_POSA":null,"PRODUZIONE":null,"COD_RETI":null}},
{"type":"Feature","geometry":{"type":"Point","coordinates":[13.922000150740008,42.049806338375504]},"properties":{"TIPO":"IDRANTE","DEMOPERA":"","FOTO":"","QUOTA":0,"VIA":"","COPERTURA":"ASFALTO","CHIUSINO":"GHISA","DIM_CHIUS":"","NOTE_":"idrante","DIAMETRO":"","OBJECTID":0,"CODICE":"","Z_OBJECTI":null,"Z_CHGCODE":null,"PREV":"0","NEXT":"0","TRACE":0,"MATERIALE":"","STATTUAL":"","TIPOLOGICO":3,"DIAMETRO1":0,"DIAMETRO2":0,"ANGOLO":0,"DATAMODIF":20081124,"ID":"0032503842625000","PATH":"","MODELLO":"http://integragis/ato3peligno/modellazione.asp?cod_tr=0032503842625000","STATON":null,"COMUNE":"","CAPACITA":"","COD_ISTAT":null,"ANNO_POSA":null,"PRODUZIONE":null,"COD_RETI":null}},
{"type":"Feature","geometry":{"type":"Point","coordinates":[13.92221149489108,42.04924482642235]},"properties":{"TIPO":"IDRANTE","DEMOPERA":"","FOTO":"","QUOTA":0,"VIA":"","COPERTURA":"ASFALTO","CHIUSINO":"GHISA","DIM_CHIUS":"","NOTE_":"idrante","DIAMETRO":"","OBJECTID":0,"CODICE":"","Z_OBJECTI":null,"Z_CHGCODE":null,"PREV":"0","NEXT":"0","TRACE":0,"MATERIALE":"","STATTUAL":"","TIPOLOGICO":3,"DIAMETRO1":0,"DIAMETRO2":0,"ANGOLO":0,"DATAMODIF":20081124,"ID":"0032503842627000","PATH":"","MODELLO":"http://integragis/ato3peligno/modellazione.asp?cod_tr=0032503842627000","STATON":null,"COMUNE":"","CAPACITA":"","COD_ISTAT":null,"ANNO_POSA":null,"PRODUZIONE":null,"COD_RETI":null}},
{"type":"Feature","geometry":{"type":"Point","coordinates":[13.922576856215583,42.049140050228544]},"properties":{"TIPO":"IDRANTE","DEMOPERA":"","FOTO":"","QUOTA":0,"VIA":"","COPERTURA":"ASFALTO","CHIUSINO":"GHISA","DIM_CHIUS":"","NOTE_":"idrante","DIAMETRO":"","OBJECTID":0,"CODICE":"","Z_OBJECTI":null,"Z_CHGCODE":null,"PREV":"0","NEXT":"0","TRACE":0,"MATERIALE":"","STATTUAL":"","TIPOLOGICO":3,"DIAMETRO1":0,"DIAMETRO2":0,"ANGOLO":0,"DATAMODIF":20081124,"ID":"0032503842630000","PATH":"","MODELLO":"http://integragis/ato3peligno/modellazione.asp?cod_tr=0032503842630000","STATON":null,"COMUNE":"","CAPACITA":"","COD_ISTAT":null,"ANNO_POSA":null,"PRODUZIONE":null,"COD_RETI":null}},
{"type":"Feature","geometry":{"type":"Point","coordinates":[13.922352253851493,42.04898181826239]},"properties":{"TIPO":"IDRANTE","DEMOPERA":"","FOTO":"","QUOTA":0,"VIA":"","COPERTURA":"ASFALTO","CHIUSINO":"GHISA","DIM_CHIUS":"","NOTE_":"idrante","DIAMETRO":"","OBJECTID":0,"CODICE":"","Z_OBJECTI":null,"Z_CHGCODE":null,"PREV":"0","NEXT":"0","TRACE":0,"MATERIALE":"","STATTUAL":"","TIPOLOGICO":3,"DIAMETRO1":0,"DIAMETRO2":0,"ANGOLO":0,"DATAMODIF":20081124,"ID":"0032503842631000","PATH":"","MODELLO":"http://integragis/ato3peligno/modellazione.asp?cod_tr=0032503842631000","STATON":null,"COMUNE":"","CAPACITA":"","COD_ISTAT":null,"ANNO_POSA":null,"PRODUZIONE":null,"COD_RETI":null}},
{"type":"Feature","geometry":{"type":"Point","coordinates":[13.92300850796142,42.04877097475545]},"properties":{"TIPO":"IDRANTE","DEMOPERA":"","FOTO":"","QUOTA":0,"VIA":"","COPERTURA":"ASFALTO","CHIUSINO":"GHISA","DIM_CHIUS":"","NOTE_":"idrante","DIAMETRO":"","OBJECTID":0,"CODICE":"","Z_OBJECTI":null,"Z_CHGCODE":null,"PREV":"0","NEXT":"0","TRACE":0,"MATERIALE":"","STATTUAL":"","TIPOLOGICO":3,"DIAMETRO1":0,"DIAMETRO2":0,"ANGOLO":0,"DATAMODIF":20081124,"ID":"0032503842634000","PATH":"","MODELLO":"http://integragis/ato3peligno/modellazione.asp?cod_tr=0032503842634000","STATON":null,"COMUNE":"","CAPACITA":"","COD_ISTAT":null,"ANNO_POSA":null,"PRODUZIONE":null,"COD_RETI":null}},
{"type":"Feature","geometry":{"type":"Point","coordinates":[13.92324539102259,42.04894817254044]},"properties":{"TIPO":"IDRANTE","DEMOPERA":"","FOTO":"","QUOTA":0,"VIA":"","COPERTURA":"ASFALTO","CHIUSINO":"GHISA","DIM_CHIUS":"","NOTE_":"idrante","DIAMETRO":"","OBJECTID":0,"CODICE":"","Z_OBJECTI":null,"Z_CHGCODE":null,"PREV":"0032503863316000","NEXT":"0","TRACE":0,"MATERIALE":"","STATTUAL":"","TIPOLOGICO":3,"DIAMETRO1":0,"DIAMETRO2":0,"ANGOLO":0,"DATAMODIF":20081124,"ID":"0032503842636000","PATH":"","MODELLO":"http://integragis/ato3peligno/modellazione.asp?cod_tr=0032503842636000","STATON":null,"COMUNE":"","CAPACITA":"","COD_ISTAT":null,"ANNO_POSA":null,"PRODUZIONE":null,"COD_RETI":null}},
{"type":"Feature","geometry":{"type":"Point","coordinates":[13.92355230898488,42.049111769484874]},"properties":{"TIPO":"IDRANTE","DEMOPERA":"","FOTO":"","QUOTA":0,"VIA":"","COPERTURA":"ASFALTO","CHIUSINO":"GHISA","DIM_CHIUS":"","NOTE_":"idrante","DIAMETRO":"","OBJECTID":0,"CODICE":"","Z_OBJECTI":null,"Z_CHGCODE":null,"PREV":"0","NEXT":"0","TRACE":0,"MATERIALE":"","STATTUAL":"","TIPOLOGICO":3,"DIAMETRO1":0,"DIAMETRO2":0,"ANGOLO":0,"DATAMODIF":20081124,"ID":"0032503842638000","PATH":"","MODELLO":"http://integragis/ato3peligno/modellazione.asp?cod_tr=0032503842638000","STATON":null,"COMUNE":"","CAPACITA":"","COD_ISTAT":null,"ANNO_POSA":null,"PRODUZIONE":null,"COD_RETI":null}},
{"type":"Feature","geometry":{"type":"Point","coordinates":[13.923463206130405,42.04883292725494]},"properties":{"TIPO":"IDRANTE","DEMOPERA":"","FOTO":"","QUOTA":0,"VIA":"","COPERTURA":"ASFALTO","CHIUSINO":"GHISA","DIM_CHIUS":"","NOTE_":"idrante","DIAMETRO":"","OBJECTID":0,"CODICE":"","Z_OBJECTI":null,"Z_CHGCODE":null,"PREV":"0","NEXT":"0","TRACE":0,"MATERIALE":"","STATTUAL":"","TIPOLOGICO":3,"DIAMETRO1":0,"DIAMETRO2":0,"ANGOLO":0,"DATAMODIF":20081124,"ID":"0032503842641000","PATH":"","MODELLO":"http://integragis/ato3peligno/modellazione.asp?cod_tr=0032503842641000","STATON":null,"COMUNE":"","CAPACITA":"","COD_ISTAT":null,"ANNO_POSA":null,"PRODUZIONE":null,"COD_RETI":null}},
{"type":"Feature","geometry":{"type":"Point","coordinates":[13.923139995290146,42.04857839107801]},"properties":{"TIPO":"IDRANTE","DEMOPERA":"","FOTO":"","QUOTA":0,"VIA":"","COPERTURA":"ASFALTO","CHIUSINO":"GHISA","DIM_CHIUS":"","NOTE_":"idrante","DIAMETRO":"","OBJECTID":0,"CODICE":"","Z_OBJECTI":null,"Z_CHGCODE":null,"PREV":"0","NEXT":"0","TRACE":0,"MATERIALE":"","STATTUAL":"","TIPOLOGICO":3,"DIAMETRO1":0,"DIAMETRO2":0,"ANGOLO":0,"DATAMODIF":20081124,"ID":"0032503842644000","PATH":"","MODELLO":"http://integragis/ato3peligno/modellazione.asp?cod_tr=0032503842644000","STATON":null,"COMUNE":"","CAPACITA":"","COD_ISTAT":null,"ANNO_POSA":null,"PRODUZIONE":null,"COD_RETI":null}},
{"type":"Feature","geometry":{"type":"Point","coordinates":[13.923402611583468,42.047199643909394]},"properties":{"TIPO":"IDRANTE","DEMOPERA":"","FOTO":"","QUOTA":0,"VIA":"","COPERTURA":"ASFALTO","CHIUSINO":"GHISA","DIM_CHIUS":"","NOTE_":"idrante","DIAMETRO":"","OBJECTID":0,"CODICE":"","Z_OBJECTI":null,"Z_CHGCODE":null,"PREV":"0","NEXT":"0","TRACE":0,"MATERIALE":"","STATTUAL":"","TIPOLOGICO":3,"DIAMETRO1":0,"DIAMETRO2":0,"ANGOLO":0,"DATAMODIF":20081124,"ID":"0032503842645000","PATH":"","MODELLO":"http://integragis/ato3peligno/modellazione.asp?cod_tr=0032503842645000","STATON":null,"COMUNE":"","CAPACITA":"","COD_ISTAT":null,"ANNO_POSA":null,"PRODUZIONE":null,"COD_RETI":null}},
{"type":"Feature","geometry":{"type":"Point","coordinates":[13.923776464911763,42.04751215301529]},"properties":{"TIPO":"IDRANTE","DEMOPERA":"","FOTO":"","QUOTA":0,"VIA":"","COPERTURA":"ASFALTO","CHIUSINO":"GHISA","DIM_CHIUS":"","NOTE_":"idrante","DIAMETRO":"","OBJECTID":0,"CODICE":"","Z_OBJECTI":null,"Z_CHGCODE":null,"PREV":"0","NEXT":"0","TRACE":0,"MATERIALE":"","STATTUAL":"","TIPOLOGICO":3,"DIAMETRO1":0,"DIAMETRO2":0,"ANGOLO":0,"DATAMODIF":20081124,"ID":"0032503842648000","PATH":"","MODELLO":"http://integragis/ato3peligno/modellazione.asp?cod_tr=0032503842648000","STATON":null,"COMUNE":"","CAPACITA":"","COD_ISTAT":null,"ANNO_POSA":null,"PRODUZIONE":null,"COD_RETI":null}},
{"type":"Feature","geometry":{"type":"Point","coordinates":[13.923903986501072,42.047608123422854]},"properties":{"TIPO":"IDRANTE","DEMOPERA":"","FOTO":"","QUOTA":0,"VIA":"","COPERTURA":"ASFALTO","CHIUSINO":"GHISA","DIM_CHIUS":"","NOTE_":"idrante","DIAMETRO":"","OBJECTID":0,"CODICE":"","Z_OBJECTI":null,"Z_CHGCODE":null,"PREV":"0","NEXT":"0","TRACE":0,"MATERIALE":"","STATTUAL":"","TIPOLOGICO":3,"DIAMETRO1":0,"DIAMETRO2":0,"ANGOLO":0,"DATAMODIF":20081124,"ID":"0032503842716000","PATH":"","MODELLO":"http://integragis/ato3peligno/modellazione.asp?cod_tr=0032503842716000","STATON":null,"COMUNE":"","CAPACITA":"","COD_ISTAT":null,"ANNO_POSA":null,"PRODUZIONE":null,"COD_RETI":null}},
{"type":"Feature","geometry":{"type":"Point","coordinates":[13.923514976407917,42.04824286102027]},"properties":{"TIPO":"IDRANTE","DEMOPERA":"","FOTO":"","QUOTA":0,"VIA":"","COPERTURA":"ASFALTO","CHIUSINO":"GHISA","DIM_CHIUS":"","NOTE_":"idrante","DIAMETRO":"","OBJECTID":0,"CODICE":"","Z_OBJECTI":null,"Z_CHGCODE":null,"PREV":"0","NEXT":"0","TRACE":0,"MATERIALE":"","STATTUAL":"","TIPOLOGICO":3,"DIAMETRO1":0,"DIAMETRO2":0,"ANGOLO":0,"DATAMODIF":20081124,"ID":"0032503842718000","PATH":"","MODELLO":"http://integragis/ato3peligno/modellazione.asp?cod_tr=0032503842718000","STATON":null,"COMUNE":"","CAPACITA":"","COD_ISTAT":null,"ANNO_POSA":null,"PRODUZIONE":null,"COD_RETI":null}},
{"type":"Feature","geometry":{"type":"Point","coordinates":[13.9238706168412,42.04809130512669]},"properties":{"TIPO":"IDRANTE","DEMOPERA":"","FOTO":"","QUOTA":0,"VIA":"","COPERTURA":"ASFALTO","CHIUSINO":"GHISA","DIM_CHIUS":"","NOTE_":"idrante","DIAMETRO":"","OBJECTID":0,"CODICE":"","Z_OBJECTI":null,"Z_CHGCODE":null,"PREV":"0","NEXT":"0","TRACE":0,"MATERIALE":"","STATTUAL":"","TIPOLOGICO":3,"DIAMETRO1":0,"DIAMETRO2":0,"ANGOLO":0,"DATAMODIF":20081124,"ID":"0032503842719000","PATH":"","MODELLO":"http://integragis/ato3peligno/modellazione.asp?cod_tr=0032503842719000","STATON":null,"COMUNE":"","CAPACITA":"","COD_ISTAT":null,"ANNO_POSA":null,"PRODUZIONE":null,"COD_RETI":null}},
{"type":"Feature","geometry":{"type":"Point","coordinates":[13.923967858208115,42.0480824927453]},"properties":{"TIPO":"IDRANTE","DEMOPERA":"","FOTO":"","QUOTA":0,"VIA":"","COPERTURA":"ASFALTO","CHIUSINO":"GHISA","DIM_CHIUS":"","NOTE_":"idrante","DIAMETRO":"","OBJECTID":0,"CODICE":"","Z_OBJECTI":null,"Z_CHGCODE":null,"PREV":"0","NEXT":"0","TRACE":0,"MATERIALE":"","STATTUAL":"","TIPOLOGICO":3,"DIAMETRO1":0,"DIAMETRO2":0,"ANGOLO":0,"DATAMODIF":20081124,"ID":"0032503842722000","PATH":"","MODELLO":"http://integragis/ato3peligno/modellazione.asp?cod_tr=0032503842722000","STATON":null,"COMUNE":"","CAPACITA":"","COD_ISTAT":null,"ANNO_POSA":null,"PRODUZIONE":null,"COD_RETI":null}},
{"type":"Feature","geometry":{"type":"Point","coordinates":[13.924066877388514,42.04831510342584]},"properties":{"TIPO":"IDRANTE","DEMOPERA":"","FOTO":"","QUOTA":0,"VIA":"","COPERTURA":"ASFALTO","CHIUSINO":"GHISA","DIM_CHIUS":"","NOTE_":"idrante","DIAMETRO":"","OBJECTID":0,"CODICE":"","Z_OBJECTI":null,"Z_CHGCODE":null,"PREV":"0","NEXT":"0","TRACE":0,"MATERIALE":"","STATTUAL":"","TIPOLOGICO":3,"DIAMETRO1":0,"DIAMETRO2":0,"ANGOLO":0,"DATAMODIF":20081124,"ID":"0032503842723000","PATH":"","MODELLO":"http://integragis/ato3peligno/modellazione.asp?cod_tr=0032503842723000","STATON":null,"COMUNE":"","CAPACITA":"","COD_ISTAT":null,"ANNO_POSA":null,"PRODUZIONE":null,"COD_RETI":null}},
{"type":"Feature","geometry":{"type":"Point","coordinates":[13.923685728824253,42.04885413194936]},"properties":{"TIPO":"IDRANTE","DEMOPERA":"","FOTO":"","QUOTA":0,"VIA":"","COPERTURA":"ASFALTO","CHIUSINO":"GHISA","DIM_CHIUS":"","NOTE_":"idrante","DIAMETRO":"","OBJECTID":0,"CODICE":"","Z_OBJECTI":null,"Z_CHGCODE":null,"PREV":"0","NEXT":"0","TRACE":0,"MATERIALE":"","STATTUAL":"","TIPOLOGICO":3,"DIAMETRO1":0,"DIAMETRO2":0,"ANGOLO":0,"DATAMODIF":20081124,"ID":"0032503842726000","PATH":"","MODELLO":"http://integragis/ato3peligno/modellazione.asp?cod_tr=0032503842726000","STATON":null,"COMUNE":"","CAPACITA":"","COD_ISTAT":null,"ANNO_POSA":null,"PRODUZIONE":null,"COD_RETI":null}},
{"type":"Feature","geometry":{"type":"Point","coordinates":[13.92404555400771,42.0486927432607]},"properties":{"TIPO":"IDRANTE","DEMOPERA":"","FOTO":"","QUOTA":0,"VIA":"","COPERTURA":"ASFALTO","CHIUSINO":"GHISA","DIM_CHIUS":"","NOTE_":"idrante","DIAMETRO":"","OBJECTID":0,"CODICE":"","Z_OBJECTI":null,"Z_CHGCODE":null,"PREV":"0","NEXT":"0","TRACE":0,"MATERIALE":"","STATTUAL":"","TIPOLOGICO":3,"DIAMETRO1":0,"DIAMETRO2":0,"ANGOLO":0,"DATAMODIF":20081124,"ID":"0032503842727000","PATH":"","MODELLO":"http://integragis/ato3peligno/modellazione.asp?cod_tr=0032503842727000","STATON":null,"COMUNE":"","CAPACITA":"","COD_ISTAT":null,"ANNO_POSA":null,"PRODUZIONE":null,"COD_RETI":null}},
{"type":"Feature","geometry":{"type":"Point","coordinates":[13.92473991379852,42.04830238205365]},"properties":{"TIPO":"IDRANTE","DEMOPERA":"","FOTO":"","QUOTA":0,"VIA":"","COPERTURA":"ASFALTO","CHIUSINO":"GHISA","DIM_CHIUS":"","NOTE_":"idrante","DIAMETRO":"","OBJECTID":0,"CODICE":"","Z_OBJECTI":null,"Z_CHGCODE":null,"PREV":"0","NEXT":"0","TRACE":0,"MATERIALE":"","STATTUAL":"","TIPOLOGICO":3,"DIAMETRO1":0,"DIAMETRO2":0,"ANGOLO":0,"DATAMODIF":20081124,"ID":"0032503842729000","PATH":"","MODELLO":"http://integragis/ato3peligno/modellazione.asp?cod_tr=0032503842729000","STATON":null,"COMUNE":"","CAPACITA":"","COD_ISTAT":null,"ANNO_POSA":null,"PRODUZIONE":null,"COD_RETI":null}},
{"type":"Feature","geometry":{"type":"Point","coordinates":[13.924335910129312,42.04788263705158]},"properties":{"TIPO":"IDRANTE","DEMOPERA":"","FOTO":"","QUOTA":0,"VIA":"","COPERTURA":"ASFALTO","CHIUSINO":"GHISA","DIM_CHIUS":"","NOTE_":"idrante","DIAMETRO":"","OBJECTID":0,"CODICE":"","Z_OBJECTI":null,"Z_CHGCODE":null,"PREV":"0","NEXT":"0","TRACE":0,"MATERIALE":"","STATTUAL":"","TIPOLOGICO":3,"DIAMETRO1":0,"DIAMETRO2":0,"ANGOLO":0,"DATAMODIF":20081124,"ID":"0032503842731000","PATH":"","MODELLO":"http://integragis/ato3peligno/modellazione.asp?cod_tr=0032503842731000","STATON":null,"COMUNE":"","CAPACITA":"","COD_ISTAT":null,"ANNO_POSA":null,"PRODUZIONE":null,"COD_RETI":null}},
{"type":"Feature","geometry":{"type":"Point","coordinates":[13.924479366751973,42.0480743312697]},"properties":{"TIPO":"IDRANTE","DEMOPERA":"","FOTO":"","QUOTA":0,"VIA":"","COPERTURA":"ASFALTO","CHIUSINO":"GHISA","DIM_CHIUS":"","NOTE_":"idrante","DIAMETRO":"","OBJECTID":0,"CODICE":"","Z_OBJECTI":null,"Z_CHGCODE":null,"PREV":"0","NEXT":"0","TRACE":0,"MATERIALE":"","STATTUAL":"","TIPOLOGICO":3,"DIAMETRO1":0,"DIAMETRO2":0,"ANGOLO":0,"DATAMODIF":20081124,"ID":"0032503842733000","PATH":"","MODELLO":"http://integragis/ato3peligno/modellazione.asp?cod_tr=0032503842733000","STATON":null,"COMUNE":"","CAPACITA":"","COD_ISTAT":null,"ANNO_POSA":null,"PRODUZIONE":null,"COD_RETI":null}},
{"type":"Feature","geometry":{"type":"Point","coordinates":[13.925340605134883,42.04878533457742]},"properties":{"TIPO":"IDRANTE","DEMOPERA":"","FOTO":"","QUOTA":0,"VIA":"","COPERTURA":"ASFALTO","CHIUSINO":"GHISA","DIM_CHIUS":"","NOTE_":"idrante","DIAMETRO":"","OBJECTID":0,"CODICE":"","Z_OBJECTI":null,"Z_CHGCODE":null,"PREV":"0","NEXT":"0","TRACE":0,"MATERIALE":"","STATTUAL":"","TIPOLOGICO":3,"DIAMETRO1":0,"DIAMETRO2":0,"ANGOLO":0,"DATAMODIF":20081124,"ID":"0032503842736000","PATH":"","MODELLO":"http://integragis/ato3peligno/modellazione.asp?cod_tr=0032503842736000","STATON":null,"COMUNE":"","CAPACITA":"","COD_ISTAT":null,"ANNO_POSA":null,"PRODUZIONE":null,"COD_RETI":null}},
{"type":"Feature","geometry":{"type":"Point","coordinates":[13.924811543043207,42.04837802111313]},"properties":{"TIPO":"IDRANTE","DEMOPERA":"","FOTO":"","QUOTA":0,"VIA":"","COPERTURA":"ASFALTO","CHIUSINO":"GHISA","DIM_CHIUS":"","NOTE_":"idrante","DIAMETRO":"","OBJECTID":0,"CODICE":"","Z_OBJECTI":null,"Z_CHGCODE":null,"PREV":"0","NEXT":"0","TRACE":0,"MATERIALE":"","STATTUAL":"","TIPOLOGICO":3,"DIAMETRO1":0,"DIAMETRO2":0,"ANGOLO":0,"DATAMODIF":20081124,"ID":"0032503842739000","PATH":"","MODELLO":"http://integragis/ato3peligno/modellazione.asp?cod_tr=0032503842739000","STATON":null,"COMUNE":"","CAPACITA":"","COD_ISTAT":null,"ANNO_POSA":null,"PRODUZIONE":null,"COD_RETI":null}},
{"type":"Feature","geometry":{"type":"Point","coordinates":[13.925124234187154,42.04892643610569]},"properties":{"TIPO":"IDRANTE","DEMOPERA":"","FOTO":"","QUOTA":0,"VIA":"","COPERTURA":"ASFALTO","CHIUSINO":"GHISA","DIM_CHIUS":"","NOTE_":"idrante","DIAMETRO":"","OBJECTID":0,"CODICE":"","Z_OBJECTI":null,"Z_CHGCODE":null,"PREV":"0","NEXT":"0","TRACE":0,"MATERIALE":"","STATTUAL":"","TIPOLOGICO":3,"DIAMETRO1":0,"DIAMETRO2":0,"ANGOLO":0,"DATAMODIF":20081124,"ID":"0032503842743000","PATH":"","MODELLO":"http://integragis/ato3peligno/modellazione.asp?cod_tr=0032503842743000","STATON":null,"COMUNE":"","CAPACITA":"","COD_ISTAT":null,"ANNO_POSA":null,"PRODUZIONE":null,"COD_RETI":null}},
{"type":"Feature","geometry":{"type":"Point","coordinates":[13.925805019527662,42.04903527246652]},"properties":{"TIPO":"IDRANTE","DEMOPERA":"","FOTO":"","QUOTA":0,"VIA":"","COPERTURA":"ASFALTO","CHIUSINO":"GHISA","DIM_CHIUS":"","NOTE_":"idrante","DIAMETRO":"","OBJECTID":0,"CODICE":"","Z_OBJECTI":null,"Z_CHGCODE":null,"PREV":"0","NEXT":"0","TRACE":0,"MATERIALE":"","STATTUAL":"","TIPOLOGICO":3,"DIAMETRO1":0,"DIAMETRO2":0,"ANGOLO":0,"DATAMODIF":20081124,"ID":"0032503842763000","PATH":"","MODELLO":"http://integragis/ato3peligno/modellazione.asp?cod_tr=0032503842763000","STATON":null,"COMUNE":"","CAPACITA":"","COD_ISTAT":null,"ANNO_POSA":null,"PRODUZIONE":null,"COD_RETI":null}},
{"type":"Feature","geometry":{"type":"Point","coordinates":[13.926157056350421,42.04920853705407]},"properties":{"TIPO":"IDRANTE","DEMOPERA":"","FOTO":"","QUOTA":0,"VIA":"","COPERTURA":"ASFALTO","CHIUSINO":"GHISA","DIM_CHIUS":"","NOTE_":"idrante","DIAMETRO":"","OBJECTID":0,"CODICE":"","Z_OBJECTI":null,"Z_CHGCODE":null,"PREV":"0","NEXT":"0","TRACE":0,"MATERIALE":"","STATTUAL":"","TIPOLOGICO":3,"DIAMETRO1":0,"DIAMETRO2":0,"ANGOLO":0,"DATAMODIF":20081124,"ID":"0032503842774000","PATH":"","MODELLO":"http://integragis/ato3peligno/modellazione.asp?cod_tr=0032503842774000","STATON":null,"COMUNE":"","CAPACITA":"","COD_ISTAT":null,"ANNO_POSA":null,"PRODUZIONE":null,"COD_RETI":null}},
{"type":"Feature","geometry":{"type":"Point","coordinates":[13.927529784565793,42.04722271694867]},"properties":{"TIPO":"IDRANTE","DEMOPERA":"","FOTO":"","QUOTA":0,"VIA":"","COPERTURA":"ASFALTO","CHIUSINO":"GHISA","DIM_CHIUS":"","NOTE_":"idrante","DIAMETRO":"","OBJECTID":0,"CODICE":"","Z_OBJECTI":null,"Z_CHGCODE":null,"PREV":"0","NEXT":"0","TRACE":0,"MATERIALE":"","STATTUAL":"","TIPOLOGICO":3,"DIAMETRO1":0,"DIAMETRO2":0,"ANGOLO":0,"DATAMODIF":20081124,"ID":"0032503842780000","PATH":"","MODELLO":"http://integragis/ato3peligno/modellazione.asp?cod_tr=0032503842780000","STATON":null,"COMUNE":"","CAPACITA":"","COD_ISTAT":null,"ANNO_POSA":null,"PRODUZIONE":null,"COD_RETI":null}},
{"type":"Feature","geometry":{"type":"Point","coordinates":[13.927870303321537,42.04745006384744]},"properties":{"TIPO":"IDRANTE","DEMOPERA":"","FOTO":"","QUOTA":0,"VIA":"","COPERTURA":"ASFALTO","CHIUSINO":"GHISA","DIM_CHIUS":"","NOTE_":"idrante","DIAMETRO":"","OBJECTID":0,"CODICE":"","Z_OBJECTI":null,"Z_CHGCODE":null,"PREV":"0","NEXT":"0","TRACE":0,"MATERIALE":"","STATTUAL":"","TIPOLOGICO":3,"DIAMETRO1":0,"DIAMETRO2":0,"ANGOLO":0,"DATAMODIF":20081124,"ID":"0032503842781000","PATH":"","MODELLO":"http://integragis/ato3peligno/modellazione.asp?cod_tr=0032503842781000","STATON":null,"COMUNE":"","CAPACITA":"","COD_ISTAT":null,"ANNO_POSA":null,"PRODUZIONE":null,"COD_RETI":null}},
{"type":"Feature","geometry":{"type":"Point","coordinates":[13.926964761254851,42.04846115056808]},"properties":{"TIPO":"IDRANTE","DEMOPERA":"","FOTO":"","QUOTA":0,"VIA":"","COPERTURA":"ASFALTO","CHIUSINO":"GHISA","DIM_CHIUS":"","NOTE_":"idrante","DIAMETRO":"","OBJECTID":0,"CODICE":"","Z_OBJECTI":null,"Z_CHGCODE":null,"PREV":"0","NEXT":"0","TRACE":0,"MATERIALE":"","STATTUAL":"","TIPOLOGICO":3,"DIAMETRO1":0,"DIAMETRO2":0,"ANGOLO":0,"DATAMODIF":20081124,"ID":"0032503842790000","PATH":"","MODELLO":"http://integragis/ato3peligno/modellazione.asp?cod_tr=0032503842790000","STATON":null,"COMUNE":"","CAPACITA":"","COD_ISTAT":null,"ANNO_POSA":null,"PRODUZIONE":null,"COD_RETI":null}},
{"type":"Feature","geometry":{"type":"Point","coordinates":[13.92625481227688,42.04920717610264]},"properties":{"TIPO":"IDRANTE","DEMOPERA":"","FOTO":"","QUOTA":0,"VIA":"","COPERTURA":"ASFALTO","CHIUSINO":"GHISA","DIM_CHIUS":"","NOTE_":"idrante","DIAMETRO":"","OBJECTID":0,"CODICE":"","Z_OBJECTI":null,"Z_CHGCODE":null,"PREV":"0","NEXT":"0","TRACE":0,"MATERIALE":"","STATTUAL":"","TIPOLOGICO":3,"DIAMETRO1":0,"DIAMETRO2":0,"ANGOLO":0,"DATAMODIF":20081124,"ID":"0032503842844000","PATH":"","MODELLO":"http://integragis/ato3peligno/modellazione.asp?cod_tr=0032503842844000","STATON":null,"COMUNE":"","CAPACITA":"","COD_ISTAT":null,"ANNO_POSA":null,"PRODUZIONE":null,"COD_RETI":null}},
{"type":"Feature","geometry":{"type":"Point","coordinates":[13.926250715780586,42.04961171238078]},"properties":{"TIPO":"IDRANTE","DEMOPERA":"","FOTO":"","QUOTA":0,"VIA":"","COPERTURA":"ASFALTO","CHIUSINO":"GHISA","DIM_CHIUS":"","NOTE_":"idrante","DIAMETRO":"","OBJECTID":0,"CODICE":"","Z_OBJECTI":null,"Z_CHGCODE":null,"PREV":"0","NEXT":"0","TRACE":0,"MATERIALE":"","STATTUAL":"","TIPOLOGICO":3,"DIAMETRO1":0,"DIAMETRO2":0,"ANGOLO":0,"DATAMODIF":20081124,"ID":"0032503842845000","PATH":"","MODELLO":"http://integragis/ato3peligno/modellazione.asp?cod_tr=0032503842845000","STATON":null,"COMUNE":"","CAPACITA":"","COD_ISTAT":null,"ANNO_POSA":null,"PRODUZIONE":null,"COD_RETI":null}},
{"type":"Feature","geometry":{"type":"Point","coordinates":[13.920463687286228,42.05532490582071]},"properties":{"TIPO":"IDRANTE","DEMOPERA":"","FOTO":"","QUOTA":0,"VIA":"","COPERTURA":"ASFALTO","CHIUSINO":"GHISA","DIM_CHIUS":"","NOTE_":"idrante","DIAMETRO":"","OBJECTID":0,"CODICE":"","Z_OBJECTI":null,"Z_CHGCODE":null,"PREV":"0","NEXT":"0","TRACE":0,"MATERIALE":"","STATTUAL":"","TIPOLOGICO":3,"DIAMETRO1":0,"DIAMETRO2":0,"ANGOLO":0,"DATAMODIF":20081124,"ID":"0032503842862000","PATH":"","MODELLO":"http://integragis/ato3peligno/modellazione.asp?cod_tr=0032503842862000","STATON":null,"COMUNE":"","CAPACITA":"","COD_ISTAT":null,"ANNO_POSA":null,"PRODUZIONE":null,"COD_RETI":null}},
{"type":"Feature","geometry":{"type":"Point","coordinates":[13.919817521108715,42.054995770512775]},"properties":{"TIPO":"IDRANTE","DEMOPERA":"","FOTO":"","QUOTA":0,"VIA":"","COPERTURA":"ASFALTO","CHIUSINO":"GHISA","DIM_CHIUS":"","NOTE_":"idrante","DIAMETRO":"","OBJECTID":0,"CODICE":"","Z_OBJECTI":null,"Z_CHGCODE":null,"PREV":"0","NEXT":"0","TRACE":0,"MATERIALE":"","STATTUAL":"","TIPOLOGICO":3,"DIAMETRO1":0,"DIAMETRO2":0,"ANGOLO":0,"DATAMODIF":20081124,"ID":"0032503842867000","PATH":"","MODELLO":"http://integragis/ato3peligno/modellazione.asp?cod_tr=0032503842867000","STATON":null,"COMUNE":"","CAPACITA":"","COD_ISTAT":null,"ANNO_POSA":null,"PRODUZIONE":null,"COD_RETI":null}},
{"type":"Feature","geometry":{"type":"Point","coordinates":[13.933457244870024,42.0418931483383]},"properties":{"TIPO":"IDRANTE","DEMOPERA":"","FOTO":"","QUOTA":0,"VIA":"","COPERTURA":"ASFALTO","CHIUSINO":"GHISA","DIM_CHIUS":"","NOTE_":"idrante","DIAMETRO":"","OBJECTID":0,"CODICE":"","Z_OBJECTI":null,"Z_CHGCODE":null,"PREV":"0","NEXT":"0","TRACE":0,"MATERIALE":"","STATTUAL":"","TIPOLOGICO":3,"DIAMETRO1":0,"DIAMETRO2":0,"ANGOLO":0,"DATAMODIF":20081124,"ID":"0032503842875000","PATH":"","MODELLO":"http://integragis/ato3peligno/modellazione.asp?cod_tr=0032503842875000","STATON":null,"COMUNE":"","CAPACITA":"","COD_ISTAT":null,"ANNO_POSA":null,"PRODUZIONE":null,"COD_RETI":null}},
{"type":"Feature","geometry":{"type":"Point","coordinates":[13.920867564032857,42.04221825513703]},"properties":{"TIPO":"IDRANTE","DEMOPERA":"","FOTO":"","QUOTA":0,"VIA":"","COPERTURA":"ASFALTO","CHIUSINO":"GHISA","DIM_CHIUS":"","NOTE_":"idrante","DIAMETRO":"","OBJECTID":0,"CODICE":"","Z_OBJECTI":null,"Z_CHGCODE":null,"PREV":"0","NEXT":"0","TRACE":0,"MATERIALE":"","STATTUAL":"","TIPOLOGICO":3,"DIAMETRO1":0,"DIAMETRO2":0,"ANGOLO":0,"DATAMODIF":20081124,"ID":"0032503842940000","PATH":"","MODELLO":"http://integragis/ato3peligno/modellazione.asp?cod_tr=0032503842940000","STATON":null,"COMUNE":"","CAPACITA":"","COD_ISTAT":null,"ANNO_POSA":null,"PRODUZIONE":null,"COD_RETI":null}},
{"type":"Feature","geometry":{"type":"Point","coordinates":[13.912287509807383,42.069140838270314]},"properties":{"TIPO":"IDRANTE","DEMOPERA":"","FOTO":"","QUOTA":0,"VIA":"","COPERTURA":"ASFALTO","CHIUSINO":"GHISA","DIM_CHIUS":"","NOTE_":"idrante","DIAMETRO":"","OBJECTID":0,"CODICE":"","Z_OBJECTI":null,"Z_CHGCODE":null,"PREV":"0","NEXT":"0","TRACE":0,"MATERIALE":"","STATTUAL":"","TIPOLOGICO":3,"DIAMETRO1":0,"DIAMETRO2":0,"ANGOLO":0,"DATAMODIF":20081124,"ID":"0032503842967000","PATH":"","MODELLO":"http://integragis/ato3peligno/modellazione.asp?cod_tr=0032503842967000","STATON":null,"COMUNE":"","CAPACITA":"","COD_ISTAT":null,"ANNO_POSA":null,"PRODUZIONE":null,"COD_RETI":null}},
{"type":"Feature","geometry":{"type":"Point","coordinates":[13.81918486744455,42.1260381496419]},"properties":{"TIPO":"IDRANTE","DEMOPERA":"","FOTO":"","QUOTA":0,"VIA":"VIA COLLE DELLA FONTE","COPERTURA":"ASFALTO","CHIUSINO":"","DIM_CHIUS":"","NOTE_":"IDRANTE","DIAMETRO":"","OBJECTID":0,"CODICE":"","Z_OBJECTI":0,"Z_CHGCODE":0,"PREV":"0","NEXT":"0","TRACE":0,"MATERIALE":"","STATTUAL":"","TIPOLOGICO":3,"DIAMETRO1":0,"DIAMETRO2":0,"ANGOLO":0,"DATAMODIF":20080827,"ID":"0031614794999000","PATH":"","MODELLO":"http://integragis/ato3peligno/modellazione.asp?cod_tr=0031614794999000","STATON":null,"COMUNE":"","CAPACITA":"","COD_ISTAT":null,"ANNO_POSA":null,"PRODUZIONE":null,"COD_RETI":null}}
]}